# Made in Blockbench 4.12.4
mtllib RationBox.mtl

o Box
v 0.15625 0.1875 0.125
v 0.15625 0.1875 -0.125
v 0.15625 0 0.125
v 0.15625 0 -0.125
v -0.15625 0.1875 0.125
v -0.15625 0.1875 -0.125
v -0.15625 0 0.125
v -0.15625 0 -0.125
v 0.140625 0.1875 0.1125
v 0.140625 0.1875 -0.1125
v -0.140625 0.1875 0.1125
v -0.140625 0.1875 -0.1125
v 0.140625 0.025 0.1125
v 0.140625 0.025 -0.1125
v -0.140625 0.025 0.1125
v -0.140625 0.025 -0.1125
vt 0.5 0.875
vt 0.375 0.875
vt 0.375 0.78125
vt 0.5 0.78125
vt 0.5 0.65625
vt 0.5 0.75
vt 0.375 0.75
vt 0.375 0.65625
vt 0 0.6875
vt 0.15625 0.6875
vt 0.15625 0.8125
vt 0 0.8125
vt 0.34375 0.875
vt 0.34375 1
vt 0.1875 1
vt 0.1875 0.875
vt 0.34375 0.75
vt 0.34375 0.84375
vt 0.1875 0.84375
vt 0.1875 0.75
vt 0.34375 0.71875
vt 0.1875 0.71875
vt 0.1875 0.625
vt 0.34375 0.625
vt 0.1484375 0.88125
vt 0.0078125 0.88125
vt 0 0.875
vt 0.15625 0.875
vt 0.1484375 0.99375
vt 0.1484375 0.88125
vt 0.15625 0.875
vt 0.15625 1
vt 0.0078125 0.99375
vt 0.1484375 0.99375
vt 0.15625 1
vt 0 1
vt 0.0078125 0.88125
vt 0.0078125 0.99375
vt 0 1
vt 0 0.875
vt 0 0.5625
vt 0.15625 0.5625
vt 0.15625 0.65625
vt 0 0.65625
vt 0.375 0.53125
vt 0.5 0.53125
vt 0.5 0.625
vt 0.375 0.625
vt 0.375 0.90625
vt 0.53125 0.90625
vt 0.53125 1
vt 0.375 1
vt 0.1875 0.5
vt 0.3125 0.5
vt 0.3125 0.59375
vt 0.1875 0.59375
vn 1 0 0
vn -1 0 0
vn 0 1 0
vn 0 -1 0
vn 0 0 1
vn 0 0 -1
vn 0 1 0
vn 0 1 0
vn 0 1 0
vn 0 1 0
vn 0 0 -1
vn -1 0 0
vn 0 0 1
vn 1 0 0
usemtl m_4b3e5901-2d4b-6f76-0262-0752ef85d82a
f 2/1/1 1/2/1 3/3/1 4/4/1
f 7/5/2 5/6/2 6/7/2 8/8/2
f 15/9/3 13/10/3 14/11/3 16/12/3
f 4/13/4 3/14/4 7/15/4 8/16/4
f 3/17/5 1/18/5 5/19/5 7/20/5
f 6/21/6 2/22/6 4/23/6 8/24/6
f 9/25/7 11/26/7 5/27/7 1/28/7
f 10/29/8 9/30/8 1/31/8 2/32/8
f 12/33/9 10/34/9 2/35/9 6/36/9
f 11/37/10 12/38/10 6/39/10 5/40/10
f 13/41/11 15/42/11 11/43/11 9/44/11
f 14/45/12 13/46/12 9/47/12 10/48/12
f 16/49/13 14/50/13 10/51/13 12/52/13
f 15/53/14 16/54/14 12/55/14 11/56/14
o Cans
v 0.11365875 0.025 0.103125
v 0.11365875 0.11875 0.103125
v 0.13069 0.025 0.08182375
v 0.13069 0.11875 0.08182375
v 0.12461187500000001 0.025 0.05526125
v 0.12461187500000001 0.11875 0.05526125
v 0.1 0.025 0.04344
v 0.1 0.11875 0.04344
v 0.075388125 0.025 0.05526125
v 0.075388125 0.11875 0.05526125
v 0.06931000000000001 0.025 0.08182375
v 0.06931000000000001 0.11875 0.08182375
v 0.08634125000000001 0.025 0.103125
v 0.08634125000000001 0.11875 0.103125
v 0.1 0.03125 0.0418775
v 0.125865 0.03125 0.054318124999999995
v 0.1 0.11249999999999999 0.040315
v 0.1271175 0.11249999999999999 0.053374375
v 0.1322525 0.03125 0.082270625
v 0.13381500000000002 0.11249999999999999 0.082718125
v 0.11435375 0.03125 0.10468749999999999
v 0.11504937500000001 0.11249999999999999 0.10625
v 0.08564625000000001 0.03125 0.10468749999999999
v 0.084950625 0.11249999999999999 0.10625
v 0.0677475 0.03125 0.082270625
v 0.06618500000000001 0.11249999999999999 0.082718125
v 0.074135 0.03125 0.054318124999999995
v 0.0728825 0.11249999999999999 0.053374375
v 0.11365875 0.12187500000000001 0.103125
v 0.13069 0.12187500000000001 0.08182375
v 0.1 0.12187500000000001 0.0748375
v 0.12461187500000001 0.12187500000000001 0.05526125
v 0.1 0.12187500000000001 0.04344
v 0.075388125 0.12187500000000001 0.05526125
v 0.06931000000000001 0.12187500000000001 0.08182375
v 0.08634125000000001 0.12187500000000001 0.103125
v 0.1230075 0.025 0.05673875
v 0.12869 0.025 0.08169625
v 0.1 0.025 0.045631875
v 0.0769925 0.025 0.05673875
v 0.07131000000000001 0.025 0.08169625
v 0.087231875 0.025 0.101710625
v 0.11276812500000001 0.025 0.101710625
v 0.12159125000000001 0.029687500000000002 0.0578375
v 0.12692375 0.029687500000000002 0.08123562499999999
v 0.1 0.029687500000000002 0.07508125
v 0.1 0.029687500000000002 0.04742375
v 0.07840875 0.029687500000000002 0.0578375
v 0.07307625000000001 0.029687500000000002 0.08123562499999999
v 0.0880175 0.029687500000000002 0.1
v 0.11198250000000001 0.029687500000000002 0.1
v 0.12450187500000001 0.11875 0.05557812499999999
v 0.12450187500000001 0.2125 0.05557812499999999
v 0.10001937500000001 0.11875 0.043559999999999995
v 0.10001937500000001 0.2125 0.043559999999999995
v 0.07540250000000001 0.11875 0.055243749999999994
v 0.07540250000000001 0.2125 0.055243749999999994
v 0.069188125 0.11875 0.08183062499999999
v 0.069188125 0.2125 0.08183062499999999
v 0.08605625 0.11875 0.103300625
v 0.08605625 0.2125 0.103300625
v 0.11330437500000001 0.11875 0.103485625
v 0.11330437500000001 0.2125 0.103485625
v 0.130414375 0.11875 0.0822475
v 0.130414375 0.2125 0.0822475
v 0.06766250000000001 0.125 0.08216875
v 0.07421 0.125 0.054224999999999995
v 0.06613750000000002 0.20625 0.082506875
v 0.07301750000000001 0.20625 0.05320562499999999
v 0.10011750000000001 0.125 0.041938125
v 0.10021625 0.20625 0.040315624999999994
v 0.125876875 0.125 0.054560625
v 0.12725187500000001 0.20625 0.05354375
v 0.13209062500000002 0.125 0.082588125
v 0.13376625 0.20625 0.08292875
v 0.11407937500000001 0.125 0.104914375
v 0.11485437500000001 0.20625 0.106343125
v 0.08540625 0.125 0.104728125
v 0.08475625 0.20625 0.106155625
v 0.12450187500000001 0.21562499999999998 0.05557812499999999
v 0.10001937500000001 0.21562499999999998 0.043559999999999995
v 0.09984125 0.21562499999999998 0.07503499999999999
v 0.07540250000000001 0.21562499999999998 0.055243749999999994
v 0.069188125 0.21562499999999998 0.08183062499999999
v 0.08605625 0.21562499999999998 0.103300625
v 0.11330437500000001 0.21562499999999998 0.103485625
v 0.130414375 0.21562499999999998 0.0822475
v 0.07719187500000001 0.11875 0.05649
v 0.100328125 0.11875 0.045540625
v 0.071328125 0.11875 0.08135624999999999
v 0.08715125 0.11875 0.101415
v 0.1127475 0.11875 0.101560625
v 0.12884125000000002 0.11875 0.081684375
v 0.12331375 0.11875 0.056753125
v 0.078570625 0.1234375 0.057635
v 0.100260625 0.1234375 0.047364375
v 0.10007937500000001 0.1234375 0.0749825
v 0.0730775 0.1234375 0.08096874999999999
v 0.08791750000000001 0.1234375 0.09979437499999999
v 0.111915625 0.1234375 0.09993625
v 0.127000625 0.1234375 0.0812875
v 0.12181375 0.1234375 0.057890625
v 0.06166437500000001 0.11875 0.0677525
v 0.06166437500000001 0.2125 0.0677525
v 0.04455437500000001 0.11875 0.046514375
v 0.04455437500000001 0.2125 0.046514375
v 0.01730625000000001 0.11875 0.046699375
v 0.01730625000000001 0.2125 0.046699375
v 0.0004381250000000114 0.11875 0.068169375
v 0.0004381250000000114 0.2125 0.068169375
v 0.006652500000000006 0.11875 0.09475625
v 0.006652500000000006 0.2125 0.09475625
v 0.031269375 0.11875 0.10644
v 0.031269375 0.2125 0.10644
v 0.055751875000000006 0.11875 0.094421875
v 0.055751875000000006 0.2125 0.094421875
v -0.0010874999999999913 0.125 0.06783125
v 0.01665625000000001 0.125 0.045271874999999996
v -0.00261249999999999 0.20625 0.067493125
v 0.01600625 0.20625 0.043844375
v 0.045329375000000005 0.125 0.045085625
v 0.046104375 0.20625 0.043656875
v 0.06334062500000001 0.125 0.067411875
v 0.06501625 0.20625 0.06707125
v 0.05712687500000001 0.125 0.09543937499999999
v 0.05850187500000001 0.20625 0.09645625
v 0.031367500000000006 0.125 0.108061875
v 0.03146625 0.20625 0.109684375
v 0.0054600000000000065 0.125 0.095775
v 0.004267500000000007 0.20625 0.096794375
v 0.06166437500000001 0.21562499999999998 0.0677525
v 0.04455437500000001 0.21562499999999998 0.046514375
v 0.03109125 0.21562499999999998 0.074965
v 0.01730625000000001 0.21562499999999998 0.046699375
v 0.0004381250000000114 0.21562499999999998 0.068169375
v 0.006652500000000006 0.21562499999999998 0.09475625
v 0.031269375 0.21562499999999998 0.10644
v 0.055751875000000006 0.21562499999999998 0.094421875
v 0.018401250000000008 0.11875 0.048584999999999996
v 0.04399750000000001 0.11875 0.04843937499999999
v 0.0025781250000000006 0.11875 0.06864375
v 0.008441875000000001 0.11875 0.09351
v 0.03157812500000001 0.11875 0.104459375
v 0.05456375000000001 0.11875 0.09324687499999999
v 0.060091250000000006 0.11875 0.06831562499999999
v 0.019167500000000004 0.1234375 0.050205625
v 0.043165625000000006 0.1234375 0.05006375
v 0.031329375000000007 0.1234375 0.0750175
v 0.004327500000000012 0.1234375 0.06903125
v 0.009820625 0.1234375 0.092365
v 0.031510625 0.1234375 0.102635625
v 0.05306375000000001 0.1234375 0.092109375
v 0.05825062500000001 0.1234375 0.0687125
v 0.03174250000000001 0.025 0.1062625
v 0.03174250000000001 0.11875 0.1062625
v 0.05618125000000001 0.025 0.094154375
v 0.05618125000000001 0.11875 0.094154375
v 0.06189750000000001 0.025 0.067511875
v 0.06189750000000001 0.11875 0.067511875
v 0.0445875 0.025 0.046396875
v 0.0445875 0.11875 0.046396875
v 0.017286250000000003 0.025 0.046709375
v 0.017286250000000003 0.11875 0.046709375
v 0.0005512500000000031 0.025 0.068214375
v 0.0005512500000000031 0.11875 0.068214375
v 0.006985000000000005 0.025 0.0947175
v 0.006985000000000005 0.11875 0.0947175
v 0.04524812500000001 0.03125 0.044980624999999996
v 0.063431875 0.03125 0.06718625
v 0.045908750000000005 0.11249999999999999 0.043565
v 0.06496625 0.11249999999999999 0.06686062499999999
v 0.057408125000000004 0.03125 0.09522
v 0.05863500000000001 0.11249999999999999 0.096285625
v 0.031712500000000005 0.03125 0.1079725
v 0.0316825 0.11249999999999999 0.10968249999999999
v 0.0056943750000000015 0.03125 0.09584
v 0.004403750000000012 0.11249999999999999 0.096961875
v -0.0010537499999999922 0.03125 0.067959375
v -0.0026587499999999875 0.11249999999999999 0.06770375
v 0.016549375000000005 0.03125 0.045325
v 0.015812500000000007 0.11249999999999999 0.04393999999999999
v 0.03174250000000001 0.12187500000000001 0.1062625
v 0.05618125000000001 0.12187500000000001 0.094154375
v 0.031318750000000006 0.12187500000000001 0.0748525
v 0.06189750000000001 0.12187500000000001 0.067511875
v 0.0445875 0.12187500000000001 0.046396875
v 0.017286250000000003 0.12187500000000001 0.046709375
v 0.0005512500000000031 0.12187500000000001 0.068214375
v 0.006985000000000005 0.12187500000000001 0.0947175
v 0.05981937500000001 0.025 0.068173125
v 0.05442187500000001 0.025 0.09319374999999999
v 0.043661250000000006 0.025 0.048383125
v 0.01811562500000001 0.025 0.04872625
v 0.002418125000000007 0.025 0.06894375
v 0.008389375000000004 0.025 0.09381187499999999
v 0.03153375 0.025 0.104604375
v 0.05807187500000001 0.029687500000000002 0.06856999999999999
v 0.05301625000000001 0.029687500000000002 0.09203
v 0.03121562500000001 0.029687500000000002 0.07507375
v 0.04290437500000001 0.029687500000000002 0.050007499999999996
v 0.018935000000000007 0.029687500000000002 0.050320624999999994
v 0.004213125000000012 0.029687500000000002 0.06927312499999999
v 0.009825 0.029687500000000002 0.09259375
v 0.031544375 0.029687500000000002 0.10272187499999999
v -0.011435624999999991 0.11875 0.05557812499999999
v -0.011435624999999991 0.2125 0.05557812499999999
v -0.035918124999999995 0.11875 0.043559999999999995
v -0.035918124999999995 0.2125 0.043559999999999995
v -0.060535000000000005 0.11875 0.055243749999999994
v -0.060535000000000005 0.2125 0.055243749999999994
v -0.066749375 0.11875 0.08183062499999999
v -0.066749375 0.2125 0.08183062499999999
v -0.04988124999999999 0.11875 0.103300625
v -0.04988124999999999 0.2125 0.103300625
v -0.02263312499999999 0.11875 0.103485625
v -0.02263312499999999 0.2125 0.103485625
v -0.00552312499999999 0.11875 0.0822475
v -0.00552312499999999 0.2125 0.0822475
v -0.068275 0.125 0.08216875
v -0.06172749999999999 0.125 0.054224999999999995
v -0.0698 0.20625 0.082506875
v -0.06292 0.20625 0.05320562499999999
v -0.03581999999999999 0.125 0.041938125
v -0.03572124999999998 0.20625 0.040315624999999994
v -0.01006062499999999 0.125 0.054560625
v -0.008685624999999988 0.20625 0.05354375
v -0.0038468749999999996 0.125 0.082588125
v -0.0021712499999999996 0.20625 0.08292875
v -0.021858124999999992 0.125 0.104914375
v -0.021083124999999994 0.20625 0.106343125
v -0.05053125 0.125 0.104728125
v -0.051181249999999984 0.20625 0.106155625
v -0.011435624999999991 0.21562499999999998 0.05557812499999999
v -0.035918124999999995 0.21562499999999998 0.043559999999999995
v -0.036096249999999996 0.21562499999999998 0.07503499999999999
v -0.060535000000000005 0.21562499999999998 0.055243749999999994
v -0.066749375 0.21562499999999998 0.08183062499999999
v -0.04988124999999999 0.21562499999999998 0.103300625
v -0.02263312499999999 0.21562499999999998 0.103485625
v -0.00552312499999999 0.21562499999999998 0.0822475
v -0.058745624999999996 0.11875 0.05649
v -0.035609375 0.11875 0.045540625
v -0.064609375 0.11875 0.08135624999999999
v -0.04878625 0.11875 0.101415
v -0.02318999999999999 0.11875 0.101560625
v -0.007096249999999998 0.11875 0.081684375
v -0.01262374999999999 0.11875 0.056753125
v -0.057366874999999984 0.1234375 0.057635
v -0.035676875 0.1234375 0.047364375
v -0.03585812499999999 0.1234375 0.0749825
v -0.06286 0.1234375 0.08096874999999999
v -0.04802000000000001 0.1234375 0.09979437499999999
v -0.024021874999999998 0.1234375 0.09993625
v -0.008936874999999997 0.1234375 0.0812875
v -0.01412374999999999 0.1234375 0.057890625
v -0.02227875 0.025 0.103125
v -0.02227875 0.11875 0.103125
v -0.005247499999999988 0.025 0.08182375
v -0.005247499999999988 0.11875 0.08182375
v -0.011325624999999992 0.025 0.05526125
v -0.011325624999999992 0.11875 0.05526125
v -0.03593749999999998 0.025 0.04344
v -0.03593749999999998 0.11875 0.04344
v -0.06054937499999999 0.025 0.05526125
v -0.06054937499999999 0.11875 0.05526125
v -0.0666275 0.025 0.08182375
v -0.0666275 0.11875 0.08182375
v -0.04959624999999998 0.025 0.103125
v -0.04959624999999998 0.11875 0.103125
v -0.03593749999999998 0.03125 0.0418775
v -0.010072499999999998 0.03125 0.054318124999999995
v -0.03593749999999998 0.11249999999999999 0.040315
v -0.008819999999999995 0.11249999999999999 0.053374375
v -0.003684999999999994 0.03125 0.082270625
v -0.0021224999999999994 0.11249999999999999 0.082718125
v -0.02158375 0.03125 0.10468749999999999
v -0.020888124999999994 0.11249999999999999 0.10625
v -0.05029124999999998 0.03125 0.10468749999999999
v -0.05098687499999999 0.11249999999999999 0.10625
v -0.06819 0.03125 0.082270625
v -0.0697525 0.11249999999999999 0.082718125
v -0.06180249999999998 0.03125 0.054318124999999995
v -0.063055 0.11249999999999999 0.053374375
v -0.02227875 0.12187500000000001 0.103125
v -0.005247499999999988 0.12187500000000001 0.08182375
v -0.03593749999999998 0.12187500000000001 0.0748375
v -0.011325624999999992 0.12187500000000001 0.05526125
v -0.03593749999999998 0.12187500000000001 0.04344
v -0.06054937499999999 0.12187500000000001 0.05526125
v -0.0666275 0.12187500000000001 0.08182375
v -0.04959624999999998 0.12187500000000001 0.103125
v -0.012929999999999997 0.025 0.05673875
v -0.00724749999999999 0.025 0.08169625
v -0.03593749999999998 0.025 0.045631875
v -0.058945 0.025 0.05673875
v -0.0646275 0.025 0.08169625
v -0.048705625 0.025 0.101710625
v -0.023169374999999992 0.025 0.101710625
v -0.014346249999999991 0.029687500000000002 0.0578375
v -0.009013750000000001 0.029687500000000002 0.08123562499999999
v -0.03593749999999998 0.029687500000000002 0.07508125
v -0.03593749999999998 0.029687500000000002 0.04742375
v -0.05752874999999999 0.029687500000000002 0.0578375
v -0.06286125000000001 0.029687500000000002 0.08123562499999999
v -0.04791999999999999 0.029687500000000002 0.1
v -0.02395499999999999 0.029687500000000002 0.1
v -0.094458125 0.11875 0.045454375
v -0.094458125 0.2125 0.045454375
v -0.12156375 0.11875 0.048473749999999996
v -0.12156375 0.2125 0.048473749999999996
v -0.136048125 0.11875 0.071554375
v -0.136048125 0.2125 0.071554375
v -0.12700375 0.11875 0.09731624999999999
v -0.12700375 0.2125 0.09731624999999999
v -0.10124187499999998 0.11875 0.106360625
v -0.10124187499999998 0.2125 0.106360625
v -0.07816124999999999 0.11875 0.09187624999999999
v -0.07816124999999999 0.2125 0.09187624999999999
v -0.075141875 0.11875 0.064770625
v -0.075141875 0.2125 0.064770625
v -0.12810875 0.125 0.09842125
v -0.13760125 0.125 0.071335625
v -0.12921312499999998 0.20625 0.09952562499999999
v -0.139154375 0.20625 0.07111624999999999
v -0.1223525 0.125 0.0470525
v -0.12314125000000001 0.20625 0.04563125
v -0.09384499999999998 0.125 0.043858125
v -0.09323187499999999 0.20625 0.04226125
v -0.073545625 0.125 0.06415749999999999
v -0.07194875 0.20625 0.063544375
v -0.07674 0.125 0.092665
v -0.07531874999999999 0.20625 0.09345375
v -0.10102312499999999 0.125 0.10791375
v -0.10080375 0.20625 0.10946687499999999
v -0.094458125 0.21562499999999998 0.045454375
v -0.12156375 0.21562499999999998 0.048473749999999996
v -0.10480249999999999 0.21562499999999998 0.075115
v -0.136048125 0.21562499999999998 0.071554375
v -0.12700375 0.21562499999999998 0.09731624999999999
v -0.10124187499999998 0.21562499999999998 0.106360625
v -0.07816124999999999 0.21562499999999998 0.09187624999999999
v -0.075141875 0.21562499999999998 0.064770625
v -0.13386874999999998 0.11875 0.07164374999999999
v -0.12023937499999998 0.11875 0.049978125
v -0.12545375 0.11875 0.09576625
v -0.10133124999999998 0.11875 0.10418125
v -0.07966562499999999 0.11875 0.090551875
v -0.07677187499999999 0.11875 0.06514125
v -0.09482874999999999 0.11875 0.047084375
v -0.132090625 0.1234375 0.07186875
v -0.11931624999999998 0.1234375 0.0515525
v -0.10463 0.1234375 0.0749425
v -0.124186875 0.1234375 0.094499375
v -0.10155624999999999 0.1234375 0.102403125
v -0.08124 0.1234375 0.08962875
v -0.078536875 0.1234375 0.06579499999999999
v -0.0954825 0.1234375 0.048849375
v -0.07805625 0.025 0.091381875
v -0.07805625 0.11875 0.091381875
v -0.0751375 0.025 0.064265
v -0.0751375 0.11875 0.064265
v -0.09453562499999998 0.025 0.045128749999999995
v -0.09453562499999998 0.11875 0.045128749999999995
v -0.121644375 0.025 0.048382499999999995
v -0.121644375 0.11875 0.048382499999999995
v -0.13605 0.025 0.07157625
v -0.13605 0.11875 0.07157625
v -0.126905 0.025 0.097245
v -0.126905 0.11875 0.097245
v -0.101095625 0.025 0.106059375
v -0.101095625 0.11875 0.106059375
v -0.122484375 0.03125 0.047064999999999996
v -0.09398562499999999 0.03125 0.04366
v -0.12332374999999998 0.11249999999999999 0.04574687499999999
v -0.09343625 0.11249999999999999 0.042190624999999995
v -0.073579375 0.03125 0.063803125
v -0.07202124999999998 0.11249999999999999 0.063340625
v -0.07663062500000001 0.03125 0.092325625
v -0.07520437499999999 0.11249999999999999 0.09326999999999999
v -0.1008425 0.03125 0.10775062499999999
v -0.10058937499999998 0.11249999999999999 0.109441875
v -0.1279825 0.03125 0.098461875
v -0.12906 0.11249999999999999 0.09967812499999999
v -0.13761437499999998 0.03125 0.07145375
v -0.13917812499999999 0.11249999999999999 0.07133125
v -0.07805625 0.12187500000000001 0.091381875
v -0.0751375 0.12187500000000001 0.064265
v -0.10477500000000001 0.12187500000000001 0.0748625
v -0.09453562499999998 0.12187500000000001 0.045128749999999995
v -0.121644375 0.12187500000000001 0.048382499999999995
v -0.13605 0.12187500000000001 0.07157625
v -0.126905 0.12187500000000001 0.097245
v -0.101095625 0.12187500000000001 0.106059375
v -0.09509499999999999 0.025 0.047236875
v -0.0768925 0.025 0.0652325
v -0.120466875 0.025 0.05023125
v -0.13390375 0.025 0.071960625
v -0.12528625 0.025 0.0960625
v -0.101104375 0.025 0.104388125
v -0.07956749999999999 0.025 0.090666875
v -0.095699375 0.029687500000000002 0.04892375
v -0.078629375 0.029687500000000002 0.065793125
v -0.10464375000000001 0.029687500000000002 0.07506875
v -0.119504375 0.029687500000000002 0.0517425
v -0.13211875 0.029687500000000002 0.07212625
v -0.12404437499999998 0.029687500000000002 0.094725625
v -0.10136062499999998 0.029687500000000002 0.10252312499999999
v -0.081149375 0.029687500000000002 0.089646875
v -0.094458125 0.11875 -0.026420625000000003
v -0.094458125 0.2125 -0.026420625000000003
v -0.12156375 0.11875 -0.02340125
v -0.12156375 0.2125 -0.02340125
v -0.136048125 0.11875 -0.00032062500000000493
v -0.136048125 0.2125 -0.00032062500000000493
v -0.12700375 0.11875 0.02544125
v -0.12700375 0.2125 0.02544125
v -0.10124187499999998 0.11875 0.034485625
v -0.10124187499999998 0.2125 0.034485625
v -0.07816124999999999 0.11875 0.020001249999999998
v -0.07816124999999999 0.2125 0.020001249999999998
v -0.075141875 0.11875 -0.007104374999999996
v -0.075141875 0.2125 -0.007104374999999996
v -0.12810875 0.125 0.02654625
v -0.13760125 0.125 -0.0005393750000000086
v -0.12921312499999998 0.20625 0.027650624999999998
v -0.139154375 0.20625 -0.0007587500000000025
v -0.1223525 0.125 -0.024822499999999997
v -0.12314125000000001 0.20625 -0.026243749999999996
v -0.09384499999999998 0.125 -0.028016874999999997
v -0.09323187499999999 0.20625 -0.029613750000000008
v -0.073545625 0.125 -0.007717500000000002
v -0.07194875 0.20625 -0.008330625000000008
v -0.07674 0.125 0.020789999999999996
v -0.07531874999999999 0.20625 0.021578749999999994
v -0.10102312499999999 0.125 0.036038749999999994
v -0.10080375 0.20625 0.037591875
v -0.094458125 0.21562499999999998 -0.026420625000000003
v -0.12156375 0.21562499999999998 -0.02340125
v -0.10480249999999999 0.21562499999999998 0.003239999999999993
v -0.136048125 0.21562499999999998 -0.00032062500000000493
v -0.12700375 0.21562499999999998 0.02544125
v -0.10124187499999998 0.21562499999999998 0.034485625
v -0.07816124999999999 0.21562499999999998 0.020001249999999998
v -0.075141875 0.21562499999999998 -0.007104374999999996
v -0.13386874999999998 0.11875 -0.0002312500000000023
v -0.12023937499999998 0.11875 -0.021896874999999996
v -0.12545375 0.11875 0.023891249999999996
v -0.10133124999999998 0.11875 0.032306249999999995
v -0.07966562499999999 0.11875 0.018676874999999996
v -0.07677187499999999 0.11875 -0.006733749999999997
v -0.09482874999999999 0.11875 -0.024790624999999997
v -0.132090625 0.1234375 -0.000006249999999999312
v -0.11931624999999998 0.1234375 -0.020322500000000007
v -0.10463 0.1234375 0.0030675000000000008
v -0.124186875 0.1234375 0.022624374999999995
v -0.10155624999999999 0.1234375 0.030528124999999996
v -0.08124 0.1234375 0.01775375
v -0.078536875 0.1234375 -0.006080000000000002
v -0.0954825 0.1234375 -0.023025625000000008
v -0.07805625 0.025 0.019506875
v -0.07805625 0.11875 0.019506875
v -0.0751375 0.025 -0.007610000000000006
v -0.0751375 0.11875 -0.007610000000000006
v -0.09453562499999998 0.025 -0.02674625
v -0.09453562499999998 0.11875 -0.02674625
v -0.121644375 0.025 -0.0234925
v -0.121644375 0.11875 -0.0234925
v -0.13605 0.025 -0.0002987500000000004
v -0.13605 0.11875 -0.0002987500000000004
v -0.126905 0.025 0.025369999999999997
v -0.126905 0.11875 0.025369999999999997
v -0.101095625 0.025 0.034184374999999996
v -0.101095625 0.11875 0.034184374999999996
v -0.122484375 0.03125 -0.02481
v -0.09398562499999999 0.03125 -0.028215000000000004
v -0.12332374999999998 0.11249999999999999 -0.026128125000000002
v -0.09343625 0.11249999999999999 -0.029684375
v -0.073579375 0.03125 -0.008071875000000006
v -0.07202124999999998 0.11249999999999999 -0.008534374999999997
v -0.07663062500000001 0.03125 0.020450625
v -0.07520437499999999 0.11249999999999999 0.021394999999999997
v -0.1008425 0.03125 0.035875624999999994
v -0.10058937499999998 0.11249999999999999 0.037566875
v -0.1279825 0.03125 0.026586874999999996
v -0.12906 0.11249999999999999 0.027803124999999998
v -0.13761437499999998 0.03125 -0.000421249999999998
v -0.13917812499999999 0.11249999999999999 -0.0005437500000000095
v -0.07805625 0.12187500000000001 0.019506875
v -0.0751375 0.12187500000000001 -0.007610000000000006
v -0.10477500000000001 0.12187500000000001 0.002987500000000004
v -0.09453562499999998 0.12187500000000001 -0.02674625
v -0.121644375 0.12187500000000001 -0.0234925
v -0.13605 0.12187500000000001 -0.0002987500000000004
v -0.126905 0.12187500000000001 0.025369999999999997
v -0.101095625 0.12187500000000001 0.034184374999999996
v -0.09509499999999999 0.025 -0.024638124999999997
v -0.0768925 0.025 -0.0066425000000000095
v -0.120466875 0.025 -0.021643750000000003
v -0.13390375 0.025 0.00008562499999999196
v -0.12528625 0.025 0.0241875
v -0.101104375 0.025 0.032513125
v -0.07956749999999999 0.025 0.018791875
v -0.095699375 0.029687500000000002 -0.022951250000000006
v -0.078629375 0.029687500000000002 -0.0060818750000000005
v -0.10464375000000001 0.029687500000000002 0.003193749999999995
v -0.119504375 0.029687500000000002 -0.020132499999999998
v -0.13211875 0.029687500000000002 0.00025124999999999453
v -0.12404437499999998 0.029687500000000002 0.022850625
v -0.10136062499999998 0.029687500000000002 0.030648125
v -0.081149375 0.029687500000000002 0.017771875
v -0.0765625 0.11875 -0.08397125000000001
v -0.0765625 0.2125 -0.08397125000000001
v -0.09786375 0.11875 -0.10100250000000001
v -0.09786375 0.2125 -0.10100250000000001
v -0.12442624999999999 0.11875 -0.09492437499999999
v -0.12442624999999999 0.2125 -0.09492437499999999
v -0.1362475 0.11875 -0.07031250000000001
v -0.1362475 0.2125 -0.07031250000000001
v -0.12442624999999999 0.11875 -0.04570062500000001
v -0.12442624999999999 0.2125 -0.04570062500000001
v -0.09786375 0.11875 -0.039622500000000005
v -0.09786375 0.2125 -0.039622500000000005
v -0.0765625 0.11875 -0.05665375000000002
v -0.0765625 0.2125 -0.05665375000000002
v -0.13781 0.125 -0.07031250000000001
v -0.125369375 0.125 -0.09617750000000001
v -0.13937249999999998 0.20625 -0.07031250000000001
v -0.126313125 0.20625 -0.09743
v -0.09741687499999999 0.125 -0.102565
v -0.096969375 0.20625 -0.1041275
v -0.07499999999999998 0.125 -0.08466625000000001
v -0.07343749999999999 0.20625 -0.08536187499999999
v -0.07499999999999998 0.125 -0.055958750000000015
v -0.07343749999999999 0.20625 -0.05526312500000001
v -0.09741687499999999 0.125 -0.03806
v -0.096969375 0.20625 -0.0364975
v -0.125369375 0.125 -0.0444475
v -0.126313125 0.20625 -0.043195
v -0.0765625 0.21562499999999998 -0.08397125000000001
v -0.09786375 0.21562499999999998 -0.10100250000000001
v -0.10485 0.21562499999999998 -0.07031250000000001
v -0.12442624999999999 0.21562499999999998 -0.09492437499999999
v -0.1362475 0.21562499999999998 -0.07031250000000001
v -0.12442624999999999 0.21562499999999998 -0.04570062500000001
v -0.09786375 0.21562499999999998 -0.039622500000000005
v -0.0765625 0.21562499999999998 -0.05665375000000002
v -0.12294875 0.11875 -0.09332
v -0.09799125 0.11875 -0.09900250000000001
v -0.13405562499999998 0.11875 -0.07031250000000001
v -0.12294875 0.11875 -0.047305
v -0.09799125 0.11875 -0.04162250000000001
v -0.077976875 0.11875 -0.057544374999999995
v -0.077976875 0.11875 -0.083080625
v -0.12184999999999999 0.1234375 -0.09190374999999999
v -0.098451875 0.1234375 -0.09723625000000001
v -0.10460624999999998 0.1234375 -0.07031250000000001
v -0.13226374999999999 0.1234375 -0.07031250000000001
v -0.12184999999999999 0.1234375 -0.04872125000000001
v -0.098451875 0.1234375 -0.043388750000000004
v -0.0796875 0.1234375 -0.05833000000000001
v -0.0796875 0.1234375 -0.082295
v -0.09744 0.025 -0.039898125000000007
v -0.09744 0.11875 -0.039898125000000007
v -0.076201875 0.025 -0.05700812500000001
v -0.076201875 0.11875 -0.05700812500000001
v -0.07638687499999999 0.025 -0.08425624999999999
v -0.07638687499999999 0.11875 -0.08425624999999999
v -0.09785687499999998 0.025 -0.101124375
v -0.09785687499999998 0.11875 -0.101124375
v -0.12444374999999999 0.025 -0.09491000000000001
v -0.12444374999999999 0.11875 -0.09491000000000001
v -0.13612749999999998 0.025 -0.070293125
v -0.13612749999999998 0.11875 -0.070293125
v -0.124109375 0.025 -0.04581062500000001
v -0.124109375 0.11875 -0.04581062500000001
v -0.09751874999999999 0.03125 -0.10265
v -0.074959375 0.03125 -0.08490625
v -0.09718062499999999 0.11249999999999999 -0.104175
v -0.073531875 0.11249999999999999 -0.08555625000000001
v -0.074773125 0.03125 -0.05623312500000001
v -0.07334437499999999 0.11249999999999999 -0.05545812500000001
v -0.09709937499999999 0.03125 -0.038221875
v -0.09675875 0.11249999999999999 -0.03654625
v -0.125126875 0.03125 -0.044435625000000006
v -0.12614375 0.11249999999999999 -0.043060625000000005
v -0.137749375 0.03125 -0.070195
v -0.139371875 0.11249999999999999 -0.07009625000000001
v -0.1254625 0.03125 -0.0961025
v -0.126481875 0.11249999999999999 -0.097295
v -0.09744 0.12187500000000001 -0.039898125000000007
v -0.076201875 0.12187500000000001 -0.05700812500000001
v -0.10465249999999998 0.12187500000000001 -0.07047125
v -0.07638687499999999 0.12187500000000001 -0.08425624999999999
v -0.09785687499999998 0.12187500000000001 -0.101124375
v -0.12444374999999999 0.12187500000000001 -0.09491000000000001
v -0.13612749999999998 0.12187500000000001 -0.070293125
v -0.124109375 0.12187500000000001 -0.04581062500000001
v -0.0782725 0.025 -0.08316125
v -0.07812687499999998 0.025 -0.05756499999999999
v -0.09833124999999998 0.025 -0.098984375
v -0.12319749999999999 0.025 -0.093120625
v -0.134146875 0.025 -0.069984375
v -0.12293437499999998 0.025 -0.046998750000000006
v -0.098003125 0.025 -0.04147125
v -0.07989312499999998 0.029687500000000002 -0.08239500000000001
v -0.07975125 0.029687500000000002 -0.058396875
v -0.10470499999999999 0.029687500000000002 -0.070233125
v -0.09871875 0.029687500000000002 -0.097235
v -0.12205250000000001 0.029687500000000002 -0.09174187500000001
v -0.13232312499999999 0.029687500000000002 -0.070051875
v -0.121796875 0.029687500000000002 -0.04849875000000001
v -0.09839999999999999 0.029687500000000002 -0.043311875
v -0.009362499999999996 0.11875 -0.07080499999999999
v -0.009362499999999996 0.2125 -0.07080499999999999
v -0.021470624999999993 0.11875 -0.09524375
v -0.021470624999999993 0.2125 -0.09524375
v -0.04811312500000001 0.11875 -0.10096000000000001
v -0.04811312500000001 0.2125 -0.10096000000000001
v -0.069228125 0.11875 -0.08365000000000002
v -0.069228125 0.2125 -0.08365000000000002
v -0.06891562500000001 0.11875 -0.05634874999999999
v -0.06891562500000001 0.2125 -0.05634874999999999
v -0.047410624999999984 0.11875 -0.03961375
v -0.047410624999999984 0.2125 -0.03961375
v -0.020907499999999996 0.11875 -0.046047500000000005
v -0.020907499999999996 0.2125 -0.046047500000000005
v -0.07064437499999998 0.125 -0.08431062500000001
v -0.04843875 0.125 -0.10249437500000001
v -0.07205999999999999 0.20625 -0.08497125000000001
v -0.048764375 0.20625 -0.10402874999999999
v -0.020404999999999993 0.125 -0.09647062499999999
v -0.019339374999999992 0.20625 -0.0976975
v -0.007652499999999993 0.125 -0.07077499999999999
v -0.0059424999999999895 0.20625 -0.07074500000000002
v -0.019784999999999997 0.125 -0.044756875
v -0.01866312499999999 0.20625 -0.04346625
v -0.04766562499999999 0.125 -0.03800875000000001
v -0.04792125 0.20625 -0.03640375
v -0.0703 0.125 -0.05561187499999999
v -0.071685 0.20625 -0.05487499999999999
v -0.009362499999999996 0.21562499999999998 -0.07080499999999999
v -0.021470624999999993 0.21562499999999998 -0.09524375
v -0.04077249999999999 0.21562499999999998 -0.07038124999999999
v -0.04811312500000001 0.21562499999999998 -0.10096000000000001
v -0.069228125 0.21562499999999998 -0.08365000000000002
v -0.06891562500000001 0.21562499999999998 -0.05634874999999999
v -0.047410624999999984 0.21562499999999998 -0.03961375
v -0.020907499999999996 0.21562499999999998 -0.046047500000000005
v -0.047451875000000004 0.11875 -0.098881875
v -0.02243125 0.11875 -0.093484375
v -0.067241875 0.11875 -0.08272375
v -0.06689875 0.11875 -0.05717812500000001
v -0.04668125000000001 0.11875 -0.04148062500000001
v -0.02181312499999999 0.11875 -0.047451875000000004
v -0.011020624999999992 0.11875 -0.07059625000000001
v -0.047054999999999986 0.1234375 -0.09713437500000001
v -0.02359499999999999 0.1234375 -0.09207875
v -0.04055124999999998 0.1234375 -0.07027812500000001
v -0.0656175 0.1234375 -0.08196687500000001
v -0.065304375 0.1234375 -0.057997499999999994
v -0.04635187499999999 0.1234375 -0.043275625
v -0.02303124999999999 0.1234375 -0.0488875
v -0.012903124999999988 0.1234375 -0.070606875
v -0.046910624999999984 0.025 -0.039685
v -0.046910624999999984 0.11875 -0.039685
v -0.020430624999999994 0.025 -0.046215624999999996
v -0.020430624999999994 0.11875 -0.046215624999999996
v -0.009083124999999997 0.025 -0.07098937500000001
v -0.009083124999999997 0.11875 -0.07098937500000001
v -0.0214125 0.025 -0.09535062500000001
v -0.0214125 0.11875 -0.09535062500000001
v -0.04813437500000001 0.025 -0.100955
v -0.04813437500000001 0.11875 -0.100955
v -0.06912749999999998 0.025 -0.08358187500000001
v -0.06912749999999998 0.11875 -0.08358187500000001
v -0.06858249999999999 0.025 -0.056314375000000014
v -0.06858249999999999 0.11875 -0.056314375000000014
v -0.02046125 0.03125 -0.09659
v -0.00751437499999999 0.03125 -0.070975
v -0.01951 0.11249999999999999 -0.09783000000000001
v -0.00594625 0.11249999999999999 -0.07096124999999999
v -0.019463124999999998 0.03125 -0.044910000000000005
v -0.018496249999999992 0.11249999999999999 -0.04360375
v -0.04730999999999999 0.03125 -0.038021875
v -0.047709375 0.11249999999999999 -0.03635875000000001
v -0.07008499999999998 0.03125 -0.055498124999999995
v -0.071588125 0.11249999999999999 -0.054681875000000005
v -0.070639375 0.03125 -0.084178125
v -0.07215125 0.11249999999999999 -0.084775
v -0.04855437499999998 0.03125 -0.10246625
v -0.04897437499999999 0.11249999999999999 -0.10397750000000001
v -0.046910624999999984 0.12187500000000001 -0.039685
v -0.020430624999999994 0.12187500000000001 -0.046215624999999996
v -0.04052562499999998 0.12187500000000001 -0.070441875
v -0.009083124999999997 0.12187500000000001 -0.07098937500000001
v -0.0214125 0.12187500000000001 -0.09535062500000001
v -0.04813437500000001 0.12187500000000001 -0.100955
v -0.06912749999999998 0.12187500000000001 -0.08358187500000001
v -0.06858249999999999 0.12187500000000001 -0.056314375000000014
v -0.011255000000000001 0.025 -0.07079375
v -0.02194 0.025 -0.047534375000000004
v -0.022746875 0.025 -0.093611875
v -0.04776187499999998 0.025 -0.09880625
v -0.06746312499999998 0.025 -0.082465625
v -0.06701499999999999 0.025 -0.05689437500000001
v -0.046755624999999995 0.025 -0.041348750000000004
v -0.01304749999999999 0.029687500000000002 -0.070785
v -0.023060625 0.029687500000000002 -0.048975000000000005
v -0.040674374999999985 0.029687500000000002 -0.07024812500000001
v -0.023837499999999998 0.029687500000000002 -0.09219000000000001
v -0.047306249999999994 0.029687500000000002 -0.09707249999999999
v -0.06578124999999999 0.029687500000000002 -0.08175562500000001
v -0.06534999999999999 0.029687500000000002 -0.057773124999999995
v -0.04633812500000001 0.029687500000000002 -0.043184375
v 0.02626937500000001 0.11875 -0.10152375000000001
v 0.02626937500000001 0.2125 -0.10152375000000001
v 0.0023825000000000096 0.11875 -0.08836125000000002
v 0.0023825000000000096 0.2125 -0.08836125000000002
v -0.0021668749999999987 0.11875 -0.06149500000000001
v -0.0021668749999999987 0.2125 -0.06149500000000001
v 0.016047500000000006 0.11875 -0.041155
v 0.016047500000000006 0.2125 -0.041155
v 0.043309375000000004 0.11875 -0.042658125000000005
v 0.043309375000000004 0.2125 -0.042658125000000005
v 0.05909062500000001 0.11875 -0.06487187500000001
v 0.05909062500000001 0.2125 -0.06487187500000001
v 0.05150687500000001 0.11875 -0.09107
v 0.05150687500000001 0.2125 -0.09107
v 0.015449375000000001 0.125 -0.039711250000000003
v -0.003685624999999998 0.125 -0.06110249999999999
v 0.014851875 0.20625 -0.038268125
v -0.005204374999999997 0.20625 -0.060710625000000004
v 0.0011099999999999999 0.125 -0.08937250000000001
v -0.00016249999999999598 0.20625 -0.09038375
v 0.026225000000000012 0.125 -0.103233125
v 0.02618000000000001 0.20625 -0.10494312500000001
v 0.052746875000000006 0.125 -0.0922475
v 0.05398750000000001 0.20625 -0.09342437499999999
v 0.06070500000000001 0.125 -0.0646875
v 0.06232000000000001 0.20625 -0.0645025
v 0.04410625000000001 0.125 -0.04130687500000001
v 0.044902500000000005 0.20625 -0.03995562500000001
v 0.02626937500000001 0.21562499999999998 -0.10152375000000001
v 0.0023825000000000096 0.21562499999999998 -0.08836125000000002
v 0.028062500000000004 0.21562499999999998 -0.070161875
v -0.0021668749999999987 0.21562499999999998 -0.06149500000000001
v 0.016047500000000006 0.21562499999999998 -0.041155
v 0.043309375000000004 0.21562499999999998 -0.042658125000000005
v 0.05909062500000001 0.21562499999999998 -0.06487187500000001
v 0.05150687500000001 0.21562499999999998 -0.09107
v -0.00011937499999999102 0.11875 -0.06224624999999999
v 0.004181250000000011 0.11875 -0.087478125
v 0.016886250000000005 0.11875 -0.043179999999999996
v 0.042393125000000004 0.11875 -0.044636875000000006
v 0.05719375000000001 0.11875 -0.06552000000000001
v 0.050143125000000004 0.11875 -0.09010375
v 0.026550625000000008 0.11875 -0.09987625000000001
v 0.00160937500000001 0.1234375 -0.06271875
v 0.0056368749999999995 0.1234375 -0.086376875
v 0.028156250000000008 0.1234375 -0.0703875
v 0.017571875 0.1234375 -0.044835625000000004
v 0.04150500000000001 0.1234375 -0.046193750000000006
v 0.05538562500000001 0.1234375 -0.06577000000000001
v 0.04876250000000001 0.1234375 -0.088824375
v 0.026621875000000003 0.1234375 -0.09799500000000001
v 0.058998125000000005 0.025 -0.06536874999999999
v 0.058998125000000005 0.11875 -0.06536874999999999
v 0.051318125000000006 0.025 -0.09153875000000002
v 0.051318125000000006 0.11875 -0.09153875000000002
v 0.026072500000000012 0.025 -0.10179500000000001
v 0.026072500000000012 0.11875 -0.10179500000000001
v 0.0022725000000000106 0.025 -0.088414375
v 0.0022725000000000106 0.11875 -0.088414375
v -0.0021606249999999994 0.025 -0.061473125
v -0.0021606249999999994 0.11875 -0.061473125
v 0.016111250000000008 0.025 -0.04125875
v 0.016111250000000008 0.11875 -0.04125875
v 0.043329375 0.025 -0.0429925
v 0.043329375 0.11875 -0.0429925
v 0.0009925000000000073 0.03125 -0.08931062499999999
v 0.026018750000000007 0.03125 -0.10336250000000001
v -0.0002874999999999961 0.11249999999999999 -0.090206875
v 0.025964375000000012 0.11249999999999999 -0.10493000000000001
v 0.052580625000000006 0.03125 -0.092561875
v 0.053843125000000006 0.11249999999999999 -0.09358562499999999
v 0.060676875000000005 0.03125 -0.06504249999999999
v 0.062355625000000005 0.11249999999999999 -0.06471562500000001
v 0.044210625 0.03125 -0.04152625
v 0.045091875000000003 0.11249999999999999 -0.040060625
v 0.015581250000000005 0.03125 -0.039721875000000004
v 0.015051875000000006 0.11249999999999999 -0.038185625
v -0.003651874999999999 0.03125 -0.06098812499999999
v -0.005143749999999989 0.11249999999999999 -0.060503125000000005
v 0.058998125000000005 0.12187500000000001 -0.06536874999999999
v 0.051318125000000006 0.12187500000000001 -0.09153875000000002
v 0.027991875 0.12187500000000001 -0.07040562500000001
v 0.026072500000000012 0.12187500000000001 -0.10179500000000001
v 0.0022725000000000106 0.12187500000000001 -0.088414375
v -0.0021606249999999994 0.12187500000000001 -0.061473125
v 0.016111250000000008 0.12187500000000001 -0.04125875
v 0.043329375 0.12187500000000001 -0.0429925
v 0.026363125 0.025 -0.099633125
v 0.05006625000000001 0.025 -0.089973125
v 0.004068125000000006 0.025 -0.08715750000000001
v -0.00002999999999998837 0.025 -0.06194000000000001
v 0.017154375 0.025 -0.04297000000000001
v 0.042681250000000004 0.025 -0.0445325
v 0.057328750000000005 0.025 -0.06545125
v 0.026450625000000005 0.029687500000000002 -0.09784312499999999
v 0.048676250000000004 0.029687500000000002 -0.088790625
v 0.028191875000000005 0.029687500000000002 -0.07026562500000001
v 0.005535625000000002 0.029687500000000002 -0.086129375
v 0.0016818749999999993 0.029687500000000002 -0.06247000000000001
v 0.01779 0.029687500000000002 -0.044681250000000006
v 0.041731250000000004 0.029687500000000002 -0.046157500000000004
v 0.055476250000000005 0.029687500000000002 -0.06578812499999999
v 0.07130625 0.11875 -0.05789375000000001
v 0.07130625 0.2125 -0.05789375000000001
v 0.091844375 0.11875 -0.03994937500000001
v 0.091844375 0.2125 -0.03994937500000001
v 0.11864625000000001 0.11875 -0.044863125000000004
v 0.11864625000000001 0.2125 -0.044863125000000004
v 0.13153 0.11875 -0.06893562500000001
v 0.13153 0.2125 -0.06893562500000001
v 0.120793125 0.11875 -0.09404
v 0.120793125 0.2125 -0.09404
v 0.09452125 0.11875 -0.10127125
v 0.09452125 0.2125 -0.10127125
v 0.0724975 0.11875 -0.085185
v 0.0724975 0.2125 -0.085185
v 0.13309062500000002 0.125 -0.06886750000000001
v 0.119534375 0.125 -0.04357
v 0.134651875 0.20625 -0.06879937500000001
v 0.1204225 0.20625 -0.04227750000000001
v 0.091329375 0.125 -0.0384075
v 0.090814375 0.20625 -0.03686625
v 0.06971437500000001 0.125 -0.05726750000000001
v 0.068123125 0.20625 -0.056640625000000014
v 0.07096687500000001 0.125 -0.0859475
v 0.06943625 0.20625 -0.086710625
v 0.09414312500000001 0.125 -0.102851875
v 0.09376437500000001 0.20625 -0.1044325
v 0.12179062500000001 0.125 -0.09525062499999999
v 0.122788125 0.20625 -0.09646125000000001
v 0.07130625 0.21562499999999998 -0.05789375000000001
v 0.091844375 0.21562499999999998 -0.03994937500000001
v 0.1001625 0.21562499999999998 -0.070305625
v 0.11864625000000001 0.21562499999999998 -0.044863125000000004
v 0.13153 0.21562499999999998 -0.06893562500000001
v 0.120793125 0.21562499999999998 -0.09404
v 0.09452125 0.21562499999999998 -0.10127125
v 0.0724975 0.21562499999999998 -0.085185
v 0.11724000000000001 0.11875 -0.04653
v 0.09205875000000001 0.11875 -0.041941875
v 0.12934 0.11875 -0.06903125
v 0.1192475 0.11875 -0.092501875
v 0.09456125 0.11875 -0.0992675
v 0.073871875 0.11875 -0.08423375000000001
v 0.072758125 0.11875 -0.058721250000000016
v 0.116204375 0.1234375 -0.047993125
v 0.092595625 0.1234375 -0.043686249999999996
v 0.09991875 0.1234375 -0.07031625000000001
v 0.12755 0.1234375 -0.06910937500000001
v 0.118088125 0.1234375 -0.091134375
v 0.09494437500000001 0.1234375 -0.09748312499999999
v 0.07554625000000001 0.1234375 -0.08337375000000001
v 0.07450125 0.1234375 -0.05943187500000001
v 0.09408625000000001 0.025 -0.101014375
v 0.09408625000000001 0.11875 -0.101014375
v 0.072121875 0.025 -0.084846875
v 0.072121875 0.11875 -0.084846875
v 0.071118125 0.025 -0.057616249999999994
v 0.071118125 0.11875 -0.057616249999999994
v 0.09183187500000001 0.025 -0.039828125000000006
v 0.09183187500000001 0.11875 -0.039828125000000006
v 0.118664375 0.025 -0.044876250000000006
v 0.118664375 0.11875 -0.044876250000000006
v 0.131410625 0.025 -0.06896062500000001
v 0.131410625 0.11875 -0.06896062500000001
v 0.12047250000000001 0.025 -0.09394437500000001
v 0.12047250000000001 0.11875 -0.09394437500000001
v 0.09142750000000001 0.03125 -0.03831875
v 0.06966375000000001 0.03125 -0.05702937500000001
v 0.09102312500000001 0.11249999999999999 -0.036809375000000005
v 0.068209375 0.11249999999999999 -0.05644249999999999
v 0.070728125 0.03125 -0.08568312500000001
v 0.069334375 0.11249999999999999 -0.086519375
v 0.09381875 0.03125 -0.10270375
v 0.093551875 0.11249999999999999 -0.10439250000000001
v 0.121548125 0.03125 -0.095273125
v 0.12262437500000001 0.11249999999999999 -0.0966025
v 0.133035625 0.03125 -0.068988125
v 0.134660625 0.11249999999999999 -0.06901562500000001
v 0.119630625 0.03125 -0.043640625
v 0.120596875 0.11249999999999999 -0.042405
v 0.09408625000000001 0.12187500000000001 -0.101014375
v 0.072121875 0.12187500000000001 -0.084846875
v 0.09995812500000001 0.12187500000000001 -0.07015500000000001
v 0.071118125 0.12187500000000001 -0.057616249999999994
v 0.09183187500000001 0.12187500000000001 -0.039828125000000006
v 0.118664375 0.12187500000000001 -0.044876250000000006
v 0.131410625 0.12187500000000001 -0.06896062500000001
v 0.12047250000000001 0.12187500000000001 -0.09394437500000001
v 0.07305 0.025 -0.05862874999999999
v 0.074020625 0.025 -0.08420625
v 0.09239875 0.025 -0.041944999999999996
v 0.1174975 0.025 -0.04671875
v 0.129445625 0.025 -0.06935500000000001
v 0.11924625 0.025 -0.092808125
v 0.09458000000000001 0.025 -0.0994175
v 0.0747025 0.029687500000000002 -0.059322500000000014
v 0.07560750000000001 0.029687500000000002 -0.083304375
v 0.10002125 0.029687500000000002 -0.07039125
v 0.0928625 0.029687500000000002 -0.04367625
v 0.11641375000000001 0.029687500000000002 -0.04814625
v 0.12762062500000002 0.029687500000000002 -0.06936750000000001
v 0.118044375 0.029687500000000002 -0.091359375
v 0.09489625 0.029687500000000002 -0.097561875
v 0.07130625 0.11875 0.010856249999999998
v 0.07130625 0.2125 0.010856249999999998
v 0.091844375 0.11875 0.028800624999999996
v 0.091844375 0.2125 0.028800624999999996
v 0.11864625000000001 0.11875 0.023886874999999995
v 0.11864625000000001 0.2125 0.023886874999999995
v 0.13153 0.11875 -0.0001856250000000087
v 0.13153 0.2125 -0.0001856250000000087
v 0.120793125 0.11875 -0.025290000000000007
v 0.120793125 0.2125 -0.025290000000000007
v 0.09452125 0.11875 -0.03252125
v 0.09452125 0.2125 -0.03252125
v 0.0724975 0.11875 -0.016435000000000005
v 0.0724975 0.2125 -0.016435000000000005
v 0.13309062500000002 0.125 -0.00011750000000000649
v 0.119534375 0.125 0.025179999999999994
v 0.134651875 0.20625 -0.000049375000000004277
v 0.1204225 0.20625 0.026472499999999996
v 0.091329375 0.125 0.030342499999999994
v 0.090814375 0.20625 0.031883749999999995
v 0.06971437500000001 0.125 0.011482499999999993
v 0.068123125 0.20625 0.012109374999999992
v 0.07096687500000001 0.125 -0.017197500000000004
v 0.06943625 0.20625 -0.017960625000000008
v 0.09414312500000001 0.125 -0.034101875000000004
v 0.09376437500000001 0.20625 -0.035682500000000006
v 0.12179062500000001 0.125 -0.026500625
v 0.122788125 0.20625 -0.027711250000000007
v 0.07130625 0.21562499999999998 0.010856249999999998
v 0.091844375 0.21562499999999998 0.028800624999999996
v 0.1001625 0.21562499999999998 -0.001555625000000005
v 0.11864625000000001 0.21562499999999998 0.023886874999999995
v 0.13153 0.21562499999999998 -0.0001856250000000087
v 0.120793125 0.21562499999999998 -0.025290000000000007
v 0.09452125 0.21562499999999998 -0.03252125
v 0.0724975 0.21562499999999998 -0.016435000000000005
v 0.11724000000000001 0.11875 0.022219999999999997
v 0.09205875000000001 0.11875 0.026808124999999995
v 0.12934 0.11875 -0.0002812499999999968
v 0.1192475 0.11875 -0.023751875000000006
v 0.09456125 0.11875 -0.030517500000000003
v 0.073871875 0.11875 -0.015483750000000004
v 0.072758125 0.11875 0.010028750000000003
v 0.116204375 0.1234375 0.020756874999999994
v 0.092595625 0.1234375 0.025063749999999996
v 0.09991875 0.1234375 -0.0015662500000000051
v 0.12755 0.1234375 -0.000359375000000009
v 0.118088125 0.1234375 -0.022384374999999998
v 0.09494437500000001 0.1234375 -0.028733124999999998
v 0.07554625000000001 0.1234375 -0.014623750000000005
v 0.07450125 0.1234375 0.009318124999999997
v 0.09408625000000001 0.025 -0.032264375
v 0.09408625000000001 0.11875 -0.032264375
v 0.072121875 0.025 -0.016096874999999997
v 0.072121875 0.11875 -0.016096874999999997
v 0.071118125 0.025 0.011133749999999998
v 0.071118125 0.11875 0.011133749999999998
v 0.09183187500000001 0.025 0.028921875
v 0.09183187500000001 0.11875 0.028921875
v 0.118664375 0.025 0.02387375
v 0.118664375 0.11875 0.02387375
v 0.131410625 0.025 -0.00021062500000000595
v 0.131410625 0.11875 -0.00021062500000000595
v 0.12047250000000001 0.025 -0.025194375000000005
v 0.12047250000000001 0.11875 -0.025194375000000005
v 0.09142750000000001 0.03125 0.03043125
v 0.06966375000000001 0.03125 0.011720624999999998
v 0.09102312500000001 0.11249999999999999 0.031940625
v 0.068209375 0.11249999999999999 0.012307499999999999
v 0.070728125 0.03125 -0.016933125000000007
v 0.069334375 0.11249999999999999 -0.017769375000000004
v 0.09381875 0.03125 -0.033953750000000005
v 0.093551875 0.11249999999999999 -0.03564250000000001
v 0.121548125 0.03125 -0.02652312500000001
v 0.12262437500000001 0.11249999999999999 -0.027852500000000002
v 0.133035625 0.03125 -0.0002381250000000057
v 0.134660625 0.11249999999999999 -0.00026562500000000544
v 0.119630625 0.03125 0.025109374999999996
v 0.120596875 0.11249999999999999 0.026345
v 0.09408625000000001 0.12187500000000001 -0.032264375
v 0.072121875 0.12187500000000001 -0.016096874999999997
v 0.09995812500000001 0.12187500000000001 -0.0014050000000000035
v 0.071118125 0.12187500000000001 0.011133749999999998
v 0.09183187500000001 0.12187500000000001 0.028921875
v 0.118664375 0.12187500000000001 0.02387375
v 0.131410625 0.12187500000000001 -0.00021062500000000595
v 0.12047250000000001 0.12187500000000001 -0.025194375000000005
v 0.07305 0.025 0.010121249999999998
v 0.074020625 0.025 -0.015456250000000005
v 0.09239875 0.025 0.026804999999999995
v 0.1174975 0.025 0.022031249999999995
v 0.129445625 0.025 -0.0006050000000000083
v 0.11924625 0.025 -0.024058125
v 0.09458000000000001 0.025 -0.0306675
v 0.0747025 0.029687500000000002 0.009427499999999991
v 0.07560750000000001 0.029687500000000002 -0.014554375000000008
v 0.10002125 0.029687500000000002 -0.0016412499999999969
v 0.0928625 0.029687500000000002 0.02507375
v 0.11641375000000001 0.029687500000000002 0.020603749999999997
v 0.12762062500000002 0.029687500000000002 -0.0006175000000000069
v 0.118044375 0.029687500000000002 -0.022609375
v 0.09489625 0.029687500000000002 -0.028811875
v 0.020756875000000008 0.11875 0.028401249999999996
v 0.020756875000000008 0.2125 0.028401249999999996
v 0.047705000000000004 0.11875 0.024202499999999995
v 0.047705000000000004 0.2125 0.024202499999999995
v 0.061168125000000004 0.11875 0.000511874999999995
v 0.061168125000000004 0.2125 0.000511874999999995
v 0.051008750000000005 0.11875 -0.02483062500000001
v 0.051008750000000005 0.2125 -0.02483062500000001
v 0.024876875000000007 0.11875 -0.03274250000000001
v 0.024876875000000007 0.2125 -0.03274250000000001
v 0.0024500000000000077 0.11875 -0.017265625000000007
v 0.0024500000000000077 0.2125 -0.017265625000000007
v 0.0006162499999999987 0.11875 0.009945625
v 0.0006162499999999987 0.2125 0.009945625
v 0.052064375 0.125 -0.02598312500000001
v 0.062729375 0.125 0.0006631250000000005
v 0.05312000000000001 0.20625 -0.027135000000000006
v 0.064290625 0.20625 0.000813750000000002
v 0.048554375000000004 0.125 0.025588124999999996
v 0.04940437500000001 0.20625 0.026973125
v 0.020213750000000003 0.125 0.0300225
v 0.01967062500000001 0.20625 0.031644374999999995
v -0.0009518749999999909 0.125 0.010628125000000002
v -0.0025199999999999945 0.20625 0.01131062499999999
v 0.000996250000000004 0.125 -0.01799125
v -0.0004581249999999898 0.20625 -0.018717499999999998
v 0.024590625000000005 0.125 -0.034284999999999996
v 0.024304375000000003 0.20625 -0.03582687500000001
v 0.020756875000000008 0.21562499999999998 0.028401249999999996
v 0.047705000000000004 0.21562499999999998 0.024202499999999995
v 0.029797500000000005 0.21562499999999998 -0.0016825000000000034
v 0.061168125000000004 0.21562499999999998 0.000511874999999995
v 0.051008750000000005 0.21562499999999998 -0.02483062500000001
v 0.024876875000000007 0.21562499999999998 -0.03274250000000001
v 0.0024500000000000077 0.21562499999999998 -0.017265625000000007
v 0.0006162499999999987 0.21562499999999998 0.009945625
v 0.058987500000000005 0.11875 0.0005175000000000041
v 0.04631625 0.11875 0.0227575
v 0.049528125000000006 0.11875 -0.023215
v 0.025061250000000007 0.11875 -0.03057
v 0.004011250000000008 0.11875 -0.016008124999999998
v 0.0022281250000000113 0.11875 0.009504374999999995
v 0.02105562500000001 0.11875 0.026756875
v 0.05720125 0.1234375 0.00037062499999999943
v 0.045325000000000004 0.1234375 0.021224374999999997
v 0.029632500000000006 0.1234375 -0.0015025000000000038
v 0.048317500000000006 0.1234375 -0.021893750000000003
v 0.025363750000000004 0.1234375 -0.028803125
v 0.005624375000000001 0.1234375 -0.015154374999999998
v 0.003963750000000002 0.1234375 0.008774375000000001
v 0.02163187500000001 0.1234375 0.024964374999999997
v 0.0023675000000000085 0.025 -0.016766875
v 0.0023675000000000085 0.11875 -0.016766875
v 0.0006337500000000024 0.025 0.010451249999999995
v 0.0006337500000000024 0.11875 0.010451249999999995
v 0.02084812500000001 0.025 0.028723124999999995
v 0.02084812500000001 0.11875 0.028723124999999995
v 0.04778937500000001 0.025 0.02429
v 0.04778937500000001 0.11875 0.02429
v 0.06117 0.025 0.0004899999999999904
v 0.06117 0.11875 0.0004899999999999904
v 0.05091375000000001 0.025 -0.024755625000000003
v 0.05091375000000001 0.11875 -0.024755625000000003
v 0.02474375000000001 0.025 -0.03243562500000001
v 0.02474375000000001 0.11875 -0.03243562500000001
v 0.048685625 0.03125 0.025569999999999996
v 0.02036312500000001 0.03125 0.030214374999999995
v 0.049581875000000004 0.11249999999999999 0.02685
v 0.01987812500000001 0.11249999999999999 0.03170625
v -0.0009031249999999907 0.03125 0.010981249999999998
v -0.0024393749999999936 0.11249999999999999 0.011510624999999997
v 0.0009012500000000062 0.03125 -0.017648125
v -0.000564374999999992 0.11249999999999999 -0.018529375
v 0.02441750000000001 0.03125 -0.034114375
v 0.024090625000000004 0.11249999999999999 -0.03579312500000001
v 0.05193687500000001 0.03125 -0.026018125000000003
v 0.052960625000000004 0.11249999999999999 -0.027280625000000003
v 0.0627375 0.03125 0.0005437499999999956
v 0.064305 0.11249999999999999 0.000598124999999991
v 0.0023675000000000085 0.12187500000000001 -0.016766875
v 0.0006337500000000024 0.12187500000000001 0.010451249999999995
v 0.029780625000000005 0.12187500000000001 -0.0014293749999999966
v 0.02084812500000001 0.12187500000000001 0.028723124999999995
v 0.04778937500000001 0.12187500000000001 0.02429
v 0.06117 0.12187500000000001 0.0004899999999999904
v 0.05091375000000001 0.12187500000000001 -0.024755625000000003
v 0.02474375000000001 0.12187500000000001 -0.03243562500000001
v 0.021315 0.025 0.026592499999999998
v 0.002345 0.025 0.009408125000000003
v 0.046532500000000004 0.025 0.022494374999999997
v 0.05900812500000001 0.025 0.00019937500000000163
v 0.04934812500000001 0.025 -0.023503750000000004
v 0.024826250000000008 0.025 -0.03076625000000001
v 0.003907500000000008 0.025 -0.01611875
v 0.021845000000000003 0.029687500000000002 0.024880624999999996
v 0.004056250000000011 0.029687500000000002 0.008772500000000003
v 0.029640625000000004 0.029687500000000002 -0.0016293750000000023
v 0.04550437500000001 0.029687500000000002 0.021026875
v 0.05721812500000001 0.029687500000000002 0.00011187499999999739
v 0.048165625000000004 0.029687500000000002 -0.02211375
v 0.02516312500000001 0.029687500000000002 -0.028913750000000002
v 0.00553250000000001 0.029687500000000002 -0.015168750000000009
v -0.06282625 0.11875 0.016772499999999996
v -0.06282625 0.2125 0.016772499999999996
v -0.038890624999999984 0.11875 0.029846249999999998
v -0.038890624999999984 0.2125 0.029846249999999998
v -0.013787499999999994 0.11875 0.019247499999999994
v -0.013787499999999994 0.2125 0.019247499999999994
v -0.006419374999999991 0.11875 -0.007043124999999997
v -0.006419374999999991 0.2125 -0.007043124999999997
v -0.022334999999999994 0.11875 -0.029228125000000008
v -0.022334999999999994 0.2125 -0.029228125000000008
v -0.04954937500000001 0.11875 -0.030601875
v -0.04954937500000001 0.2125 -0.030601875
v -0.06756937499999999 0.11875 -0.010129374999999996
v -0.06756937499999999 0.2125 -0.010129374999999996
v -0.0048806249999999995 0.125 -0.007314374999999998
v -0.012640624999999989 0.125 0.020318125
v -0.003341874999999994 0.20625 -0.007585624999999999
v -0.011493749999999997 0.20625 0.021388124999999994
v -0.039059999999999984 0.125 0.031463124999999995
v -0.03922875000000001 0.20625 0.033079374999999994
v -0.06424374999999999 0.125 0.017728749999999995
v -0.06566187499999998 0.20625 0.018684374999999996
v -0.06922875 0.125 -0.010543125
v -0.07088875 0.20625 -0.010956875000000005
v -0.05026125000000001 0.125 -0.03206250000000001
v -0.05097312500000001 0.20625 -0.033523750000000005
v -0.021623749999999997 0.125 -0.030625625000000004
v -0.020911874999999996 0.20625 -0.032023750000000004
v -0.06282625 0.21562499999999998 0.016772499999999996
v -0.038890624999999984 0.21562499999999998 0.029846249999999998
v -0.03733937500000001 0.21562499999999998 -0.0015906249999999983
v -0.013787499999999994 0.21562499999999998 0.019247499999999994
v -0.006419374999999991 0.21562499999999998 -0.007043124999999997
v -0.022334999999999994 0.21562499999999998 -0.029228125000000008
v -0.04954937500000001 0.21562499999999998 -0.030601875
v -0.06756937499999999 0.21562499999999998 -0.010129374999999996
v -0.01552125 0.11875 0.017924375
v -0.039112499999999994 0.11875 0.027854375
v -0.008578124999999992 0.11875 -0.006662500000000002
v -0.023511874999999988 0.11875 -0.027391874999999996
v -0.04907687499999999 0.11875 -0.028653750000000006
v -0.06602187500000001 0.11875 -0.00949875
v -0.06158749999999999 0.11875 0.015649999999999997
v -0.016848749999999996 0.1234375 0.016720624999999996
v -0.038965625000000004 0.1234375 0.026034999999999996
v -0.03758 0.1234375 -0.0015481249999999974
v -0.01034249999999999 0.1234375 -0.006351250000000003
v -0.024347499999999994 0.1234375 -0.025806250000000003
v -0.048316250000000005 0.1234375 -0.026994375
v -0.06420062499999998 0.1234375 -0.009021250000000008
v -0.060039375000000006 0.1234375 0.014578749999999994
v -0.049918749999999984 0.025 -0.03025625
v -0.049918749999999984 0.11875 -0.03025625
v -0.067863125 0.025 -0.009718125000000008
v -0.067863125 0.11875 -0.009718125000000008
v -0.062949375 0.025 0.017083749999999995
v -0.062949375 0.11875 0.017083749999999995
v -0.038876875000000005 0.025 0.029967499999999994
v -0.038876875000000005 0.11875 0.029967499999999994
v -0.013772499999999993 0.025 0.019230624999999994
v -0.013772499999999993 0.11875 0.019230624999999994
v -0.0065412499999999985 0.025 -0.007041249999999999
v -0.0065412499999999985 0.11875 -0.007041249999999999
v -0.022627499999999995 0.025 -0.029065000000000007
v -0.022627499999999995 0.11875 -0.029065000000000007
v -0.03894500000000001 0.03125 0.031528125
v -0.06424250000000001 0.03125 0.017971875
v -0.03901312499999998 0.11249999999999999 0.033089375
v -0.06553499999999998 0.11249999999999999 0.018859999999999995
v -0.069405 0.03125 -0.01023312500000001
v -0.07094624999999999 0.11249999999999999 -0.010748124999999997
v -0.05054500000000001 0.03125 -0.031848125000000005
v -0.051171875000000006 0.11249999999999999 -0.03343937500000001
v -0.021864999999999996 0.03125 -0.030595625
v -0.021101874999999992 0.11249999999999999 -0.03212625000000001
v -0.004960624999999996 0.03125 -0.007419375000000006
v -0.003379999999999994 0.11249999999999999 -0.007798125000000003
v -0.012561875 0.03125 0.020228125
v -0.011351249999999993 0.11249999999999999 0.021225624999999998
v -0.049918749999999984 0.12187500000000001 -0.03025625
v -0.067863125 0.12187500000000001 -0.009718125000000008
v -0.037506874999999995 0.12187500000000001 -0.0013999999999999985
v -0.062949375 0.12187500000000001 0.017083749999999995
v -0.038876875000000005 0.12187500000000001 0.029967499999999994
v -0.013772499999999993 0.12187500000000001 0.019230624999999994
v -0.0065412499999999985 0.12187500000000001 -0.007041249999999999
v -0.022627499999999995 0.12187500000000001 -0.029065000000000007
v -0.06128249999999999 0.025 0.015677499999999997
v -0.06587062499999999 0.025 -0.009503750000000005
v -0.03878124999999999 0.025 0.027777499999999997
v -0.015310624999999994 0.025 0.017685
v -0.008544999999999997 0.025 -0.0070012500000000005
v -0.023578749999999996 0.025 -0.027690624999999996
v -0.04909125 0.025 -0.028804375000000007
v -0.05981937500000001 0.029687500000000002 0.014641874999999999
v -0.06412625 0.029687500000000002 -0.008966875
v -0.03749624999999998 0.029687500000000002 -0.0016437499999999994
v -0.038703125000000005 0.029687500000000002 0.025987499999999997
v -0.016678124999999988 0.029687500000000002 0.016525624999999995
v -0.010329374999999988 0.029687500000000002 -0.0066181250000000025
v -0.024438749999999995 0.029687500000000002 -0.026016250000000005
v -0.04838062499999998 0.029687500000000002 -0.02706125000000001
vt 0.42926875 0.791625
vt 0.414325 0.8103875
vt 0.40234375 0.7854687499999999
vt 0.002721875 0.746875
vt 0.00115 0.739930625
vt 0.03125 0.739944375
vt 0.029996875 0.746875
vt 0.04490625 0.8153125
vt 0.0619375 0.8366125
vt 0.03125 0.8436
vt 0.4239375 0.7682249999999999
vt 0.42926875 0.791625
vt 0.40234375 0.7854687499999999
vt 0.251570625 0.809375
vt 0.25 0.802506875
vt 0.2801 0.8025
vt 0.278820625 0.809375
vt 0.0619375 0.8366125
vt 0.0558625 0.863175
vt 0.03125 0.8436
vt 0.40234375 0.7578125
vt 0.4239375 0.7682249999999999
vt 0.40234375 0.7854687499999999
vt 0.126440625 0.621875
vt 0.125 0.615031875
vt 0.1551 0.615018125
vt 0.153746875 0.621875
vt 0.0558625 0.863175
vt 0.03125 0.875
vt 0.03125 0.8436
vt 0.38075 0.7682249999999999
vt 0.40234375 0.7578125
vt 0.40234375 0.7854687499999999
vt 0.377503125 0.996875
vt 0.37615 0.990018125
vt 0.40625 0.990031875
vt 0.404809375 0.996875
vt 0.03125 0.875
vt 0.0066375 0.863175
vt 0.03125 0.8436
vt 0.37541875 0.791625
vt 0.38075 0.7682249999999999
vt 0.40234375 0.7854687499999999
vt 0.252429375 0.996875
vt 0.25115 0.99
vt 0.28125 0.990006875
vt 0.279679375 0.996875
vt 0.0066375 0.863175
vt 0.0005625 0.8366125
vt 0.03125 0.8436
vt 0.3903625 0.8103875
vt 0.37541875 0.791625
vt 0.40234375 0.7854687499999999
vt 0.126253125 0.809375
vt 0.125 0.802438125
vt 0.1551 0.802424375
vt 0.153528125 0.809375
vt 0.0005625 0.8366125
vt 0.01759375 0.8153125
vt 0.03125 0.8436
vt 0.414325 0.8103875
vt 0.3903625 0.8103875
vt 0.40234375 0.7854687499999999
vt 0.12696875 0.996875
vt 0.125575 0.9898875
vt 0.155675 0.9898875
vt 0.15428125 0.996875
vt 0.01759375 0.8153125
vt 0.04490625 0.8153125
vt 0.03125 0.8436
vt 0.15370375 0.52735
vt 0.15438125 0.5337562499999999
vt 0.12568125 0.533769375
vt 0.1263975 0.5273687499999999
vt 0.15438125 0.5337562499999999
vt 0.1551 0.615018125
vt 0.125 0.615031875
vt 0.12568125 0.533769375
vt 0.27879875 0.714825
vt 0.2794375 0.7212375
vt 0.2507625 0.72124375
vt 0.25154875 0.7148375
vt 0.2794375 0.7212375
vt 0.2801 0.8025
vt 0.25 0.802506875
vt 0.25076875 0.72124375
vt 0.03004 0.65225625
vt 0.0306625 0.65868125
vt 0.001975 0.6586681249999999
vt 0.002765 0.6522375
vt 0.0306625 0.65868125
vt 0.03125 0.739944375
vt 0.00115 0.739930625
vt 0.001975 0.6586681249999999
vt 0.15428125 0.902175
vt 0.15498125 0.90861875
vt 0.12626875 0.90861875
vt 0.12696875 0.902175
vt 0.15498125 0.90861875
vt 0.155675 0.9898875
vt 0.125575 0.9898875
vt 0.12626875 0.90861875
vt 0.153485 0.71473125
vt 0.154275 0.721161875
vt 0.1255875 0.721175
vt 0.12621 0.71475
vt 0.154275 0.721161875
vt 0.1551 0.802424375
vt 0.125 0.802438125
vt 0.1255875 0.721175
vt 0.279695 0.90233125
vt 0.28048125 0.90874375
vt 0.25180625 0.9087375
vt 0.252445 0.902325
vt 0.28048125 0.90874375
vt 0.28125 0.990006875
vt 0.25115 0.99
vt 0.2518125 0.9087375
vt 0.4048525 0.9023687499999999
vt 0.40556875 0.908769375
vt 0.37686875 0.90875625
vt 0.37754625 0.90235
vt 0.40556875 0.908769375
vt 0.40625 0.990031875
vt 0.37615 0.990018125
vt 0.37686875 0.90875625
vt 0.029996875 0.75
vt 0.002721875 0.75
vt 0.002721875 0.746875
vt 0.029996875 0.746875
vt 0.153740625 0.625
vt 0.126440625 0.625
vt 0.126440625 0.621875
vt 0.153740625 0.621875
vt 0.404803125 1
vt 0.377503125 1
vt 0.377503125 0.996875
vt 0.404803125 0.996875
vt 0.279679375 1
vt 0.252429375 1
vt 0.252429375 0.996875
vt 0.279679375 0.996875
vt 0.153528125 0.8125
vt 0.126253125 0.8125
vt 0.126253125 0.809375
vt 0.153528125 0.809375
vt 0.15428125 1
vt 0.12696875 1
vt 0.12696875 0.996875
vt 0.15428125 0.996875
vt 0.278820625 0.8125
vt 0.251570625 0.8125
vt 0.251570625 0.809375
vt 0.278820625 0.809375
vt 0.0599375 0.97575625
vt 0.05425625 0.9508
vt 0.0558625 0.949325
vt 0.0619375 0.9758875
vt 0.05425625 0.9508
vt 0.03125 0.93969375
vt 0.03125 0.9375
vt 0.0558625 0.949325
vt 0.03125 0.93969375
vt 0.00824375 0.9508
vt 0.0066375 0.949325
vt 0.03125 0.9375
vt 0.00824375 0.9508
vt 0.0025625 0.97575625
vt 0.0005625 0.9758875
vt 0.0066375 0.949325
vt 0.0025625 0.97575625
vt 0.01848125 0.995775
vt 0.01759375 0.9971875
vt 0.0005625 0.9758875
vt 0.01848125 0.995775
vt 0.04401875 0.995775
vt 0.04490625 0.9971875
vt 0.01759375 0.9971875
vt 0.04401875 0.995775
vt 0.0599375 0.97575625
vt 0.0619375 0.9758875
vt 0.04490625 0.9971875
vt 0.39975625 0.6875
vt 0.37575625 0.6875
vt 0.375 0.625
vt 0.4006 0.625
vt 0.52475 0.875
vt 0.500775 0.875
vt 0.5 0.8125
vt 0.52554375 0.8125
vt 0.530475 1
vt 0.5065 1
vt 0.50570625 0.9375
vt 0.53125 0.9375
vt 0.28049375 0.625
vt 0.25649375 0.625
vt 0.25565 0.5625
vt 0.28125 0.5625
vt 0.3998375 0.5625
vt 0.37585 0.5625
vt 0.375 0.5
vt 0.400575 0.5
vt 0.27760625 0.5
vt 0.25364375 0.5
vt 0.25285625 0.4375
vt 0.27839375 0.4375
vt 0.0304 0.5625
vt 0.0064125 0.5625
vt 0.005675 0.5
vt 0.03125 0.5
vt 0.42926875 0.791625
vt 0.414325 0.8103875
vt 0.40234375 0.7854687499999999
vt 0.002721875 0.746875
vt 0.00115 0.739930625
vt 0.03125 0.739944375
vt 0.029996875 0.746875
vt 0.04490625 0.8153125
vt 0.0619375 0.8366125
vt 0.03125 0.8436
vt 0.4239375 0.7682249999999999
vt 0.42926875 0.791625
vt 0.40234375 0.7854687499999999
vt 0.251570625 0.809375
vt 0.25 0.802506875
vt 0.2801 0.8025
vt 0.278820625 0.809375
vt 0.0619375 0.8366125
vt 0.0558625 0.863175
vt 0.03125 0.8436
vt 0.40234375 0.7578125
vt 0.4239375 0.7682249999999999
vt 0.40234375 0.7854687499999999
vt 0.126440625 0.621875
vt 0.125 0.615031875
vt 0.1551 0.615018125
vt 0.153746875 0.621875
vt 0.0558625 0.863175
vt 0.03125 0.875
vt 0.03125 0.8436
vt 0.38075 0.7682249999999999
vt 0.40234375 0.7578125
vt 0.40234375 0.7854687499999999
vt 0.377503125 0.996875
vt 0.37615 0.990018125
vt 0.40625 0.990031875
vt 0.404809375 0.996875
vt 0.03125 0.875
vt 0.0066375 0.863175
vt 0.03125 0.8436
vt 0.37541875 0.791625
vt 0.38075 0.7682249999999999
vt 0.40234375 0.7854687499999999
vt 0.252429375 0.996875
vt 0.25115 0.99
vt 0.28125 0.990006875
vt 0.279679375 0.996875
vt 0.0066375 0.863175
vt 0.0005625 0.8366125
vt 0.03125 0.8436
vt 0.3903625 0.8103875
vt 0.37541875 0.791625
vt 0.40234375 0.7854687499999999
vt 0.126253125 0.809375
vt 0.125 0.802438125
vt 0.1551 0.802424375
vt 0.153528125 0.809375
vt 0.0005625 0.8366125
vt 0.01759375 0.8153125
vt 0.03125 0.8436
vt 0.414325 0.8103875
vt 0.3903625 0.8103875
vt 0.40234375 0.7854687499999999
vt 0.12696875 0.996875
vt 0.125575 0.9898875
vt 0.155675 0.9898875
vt 0.15428125 0.996875
vt 0.01759375 0.8153125
vt 0.04490625 0.8153125
vt 0.03125 0.8436
vt 0.15370375 0.52735
vt 0.15438125 0.5337562499999999
vt 0.12568125 0.533769375
vt 0.1263975 0.5273687499999999
vt 0.15438125 0.5337562499999999
vt 0.1551 0.615018125
vt 0.125 0.615031875
vt 0.12568125 0.533769375
vt 0.27879875 0.714825
vt 0.2794375 0.7212375
vt 0.2507625 0.72124375
vt 0.25154875 0.7148375
vt 0.2794375 0.7212375
vt 0.2801 0.8025
vt 0.25 0.802506875
vt 0.25076875 0.72124375
vt 0.03004 0.65225625
vt 0.0306625 0.65868125
vt 0.001975 0.6586681249999999
vt 0.002765 0.6522375
vt 0.0306625 0.65868125
vt 0.03125 0.739944375
vt 0.00115 0.739930625
vt 0.001975 0.6586681249999999
vt 0.15428125 0.902175
vt 0.15498125 0.90861875
vt 0.12626875 0.90861875
vt 0.12696875 0.902175
vt 0.15498125 0.90861875
vt 0.155675 0.9898875
vt 0.125575 0.9898875
vt 0.12626875 0.90861875
vt 0.153485 0.71473125
vt 0.154275 0.721161875
vt 0.1255875 0.721175
vt 0.12621 0.71475
vt 0.154275 0.721161875
vt 0.1551 0.802424375
vt 0.125 0.802438125
vt 0.1255875 0.721175
vt 0.279695 0.90233125
vt 0.28048125 0.90874375
vt 0.25180625 0.9087375
vt 0.252445 0.902325
vt 0.28048125 0.90874375
vt 0.28125 0.990006875
vt 0.25115 0.99
vt 0.2518125 0.9087375
vt 0.4048525 0.9023687499999999
vt 0.40556875 0.908769375
vt 0.37686875 0.90875625
vt 0.37754625 0.90235
vt 0.40556875 0.908769375
vt 0.40625 0.990031875
vt 0.37615 0.990018125
vt 0.37686875 0.90875625
vt 0.029996875 0.75
vt 0.002721875 0.75
vt 0.002721875 0.746875
vt 0.029996875 0.746875
vt 0.153740625 0.625
vt 0.126440625 0.625
vt 0.126440625 0.621875
vt 0.153740625 0.621875
vt 0.404803125 1
vt 0.377503125 1
vt 0.377503125 0.996875
vt 0.404803125 0.996875
vt 0.279679375 1
vt 0.252429375 1
vt 0.252429375 0.996875
vt 0.279679375 0.996875
vt 0.153528125 0.8125
vt 0.126253125 0.8125
vt 0.126253125 0.809375
vt 0.153528125 0.809375
vt 0.15428125 1
vt 0.12696875 1
vt 0.12696875 0.996875
vt 0.15428125 0.996875
vt 0.278820625 0.8125
vt 0.251570625 0.8125
vt 0.251570625 0.809375
vt 0.278820625 0.809375
vt 0.0599375 0.97575625
vt 0.05425625 0.9508
vt 0.0558625 0.949325
vt 0.0619375 0.9758875
vt 0.05425625 0.9508
vt 0.03125 0.93969375
vt 0.03125 0.9375
vt 0.0558625 0.949325
vt 0.03125 0.93969375
vt 0.00824375 0.9508
vt 0.0066375 0.949325
vt 0.03125 0.9375
vt 0.00824375 0.9508
vt 0.0025625 0.97575625
vt 0.0005625 0.9758875
vt 0.0066375 0.949325
vt 0.0025625 0.97575625
vt 0.01848125 0.995775
vt 0.01759375 0.9971875
vt 0.0005625 0.9758875
vt 0.01848125 0.995775
vt 0.04401875 0.995775
vt 0.04490625 0.9971875
vt 0.01759375 0.9971875
vt 0.04401875 0.995775
vt 0.0599375 0.97575625
vt 0.0619375 0.9758875
vt 0.04490625 0.9971875
vt 0.39975625 0.6875
vt 0.37575625 0.6875
vt 0.375 0.625
vt 0.4006 0.625
vt 0.52475 0.875
vt 0.500775 0.875
vt 0.5 0.8125
vt 0.52554375 0.8125
vt 0.530475 1
vt 0.5065 1
vt 0.50570625 0.9375
vt 0.53125 0.9375
vt 0.28049375 0.625
vt 0.25649375 0.625
vt 0.25565 0.5625
vt 0.28125 0.5625
vt 0.3998375 0.5625
vt 0.37585 0.5625
vt 0.375 0.5
vt 0.400575 0.5
vt 0.27760625 0.5
vt 0.25364375 0.5
vt 0.25285625 0.4375
vt 0.27839375 0.4375
vt 0.0304 0.5625
vt 0.0064125 0.5625
vt 0.005675 0.5
vt 0.03125 0.5
vt 0.42926875 0.791625
vt 0.414325 0.8103875
vt 0.40234375 0.7854687499999999
vt 0.002721875 0.746875
vt 0.00115 0.739930625
vt 0.03125 0.739944375
vt 0.029996875 0.746875
vt 0.04490625 0.8153125
vt 0.0619375 0.8366125
vt 0.03125 0.8436
vt 0.4239375 0.7682249999999999
vt 0.42926875 0.791625
vt 0.40234375 0.7854687499999999
vt 0.251570625 0.809375
vt 0.25 0.802506875
vt 0.2801 0.8025
vt 0.278820625 0.809375
vt 0.0619375 0.8366125
vt 0.0558625 0.863175
vt 0.03125 0.8436
vt 0.40234375 0.7578125
vt 0.4239375 0.7682249999999999
vt 0.40234375 0.7854687499999999
vt 0.126440625 0.621875
vt 0.125 0.615031875
vt 0.1551 0.615018125
vt 0.153746875 0.621875
vt 0.0558625 0.863175
vt 0.03125 0.875
vt 0.03125 0.8436
vt 0.38075 0.7682249999999999
vt 0.40234375 0.7578125
vt 0.40234375 0.7854687499999999
vt 0.377503125 0.996875
vt 0.37615 0.990018125
vt 0.40625 0.990031875
vt 0.404809375 0.996875
vt 0.03125 0.875
vt 0.0066375 0.863175
vt 0.03125 0.8436
vt 0.37541875 0.791625
vt 0.38075 0.7682249999999999
vt 0.40234375 0.7854687499999999
vt 0.252429375 0.996875
vt 0.25115 0.99
vt 0.28125 0.990006875
vt 0.279679375 0.996875
vt 0.0066375 0.863175
vt 0.0005625 0.8366125
vt 0.03125 0.8436
vt 0.3903625 0.8103875
vt 0.37541875 0.791625
vt 0.40234375 0.7854687499999999
vt 0.126253125 0.809375
vt 0.125 0.802438125
vt 0.1551 0.802424375
vt 0.153528125 0.809375
vt 0.0005625 0.8366125
vt 0.01759375 0.8153125
vt 0.03125 0.8436
vt 0.414325 0.8103875
vt 0.3903625 0.8103875
vt 0.40234375 0.7854687499999999
vt 0.12696875 0.996875
vt 0.125575 0.9898875
vt 0.155675 0.9898875
vt 0.15428125 0.996875
vt 0.01759375 0.8153125
vt 0.04490625 0.8153125
vt 0.03125 0.8436
vt 0.15370375 0.52735
vt 0.15438125 0.5337562499999999
vt 0.12568125 0.533769375
vt 0.1263975 0.5273687499999999
vt 0.15438125 0.5337562499999999
vt 0.1551 0.615018125
vt 0.125 0.615031875
vt 0.12568125 0.533769375
vt 0.27879875 0.714825
vt 0.2794375 0.7212375
vt 0.2507625 0.72124375
vt 0.25154875 0.7148375
vt 0.2794375 0.7212375
vt 0.2801 0.8025
vt 0.25 0.802506875
vt 0.25076875 0.72124375
vt 0.03004 0.65225625
vt 0.0306625 0.65868125
vt 0.001975 0.6586681249999999
vt 0.002765 0.6522375
vt 0.0306625 0.65868125
vt 0.03125 0.739944375
vt 0.00115 0.739930625
vt 0.001975 0.6586681249999999
vt 0.15428125 0.902175
vt 0.15498125 0.90861875
vt 0.12626875 0.90861875
vt 0.12696875 0.902175
vt 0.15498125 0.90861875
vt 0.155675 0.9898875
vt 0.125575 0.9898875
vt 0.12626875 0.90861875
vt 0.153485 0.71473125
vt 0.154275 0.721161875
vt 0.1255875 0.721175
vt 0.12621 0.71475
vt 0.154275 0.721161875
vt 0.1551 0.802424375
vt 0.125 0.802438125
vt 0.1255875 0.721175
vt 0.279695 0.90233125
vt 0.28048125 0.90874375
vt 0.25180625 0.9087375
vt 0.252445 0.902325
vt 0.28048125 0.90874375
vt 0.28125 0.990006875
vt 0.25115 0.99
vt 0.2518125 0.9087375
vt 0.4048525 0.9023687499999999
vt 0.40556875 0.908769375
vt 0.37686875 0.90875625
vt 0.37754625 0.90235
vt 0.40556875 0.908769375
vt 0.40625 0.990031875
vt 0.37615 0.990018125
vt 0.37686875 0.90875625
vt 0.029996875 0.75
vt 0.002721875 0.75
vt 0.002721875 0.746875
vt 0.029996875 0.746875
vt 0.153740625 0.625
vt 0.126440625 0.625
vt 0.126440625 0.621875
vt 0.153740625 0.621875
vt 0.404803125 1
vt 0.377503125 1
vt 0.377503125 0.996875
vt 0.404803125 0.996875
vt 0.279679375 1
vt 0.252429375 1
vt 0.252429375 0.996875
vt 0.279679375 0.996875
vt 0.153528125 0.8125
vt 0.126253125 0.8125
vt 0.126253125 0.809375
vt 0.153528125 0.809375
vt 0.15428125 1
vt 0.12696875 1
vt 0.12696875 0.996875
vt 0.15428125 0.996875
vt 0.278820625 0.8125
vt 0.251570625 0.8125
vt 0.251570625 0.809375
vt 0.278820625 0.809375
vt 0.0599375 0.97575625
vt 0.05425625 0.9508
vt 0.0558625 0.949325
vt 0.0619375 0.9758875
vt 0.05425625 0.9508
vt 0.03125 0.93969375
vt 0.03125 0.9375
vt 0.0558625 0.949325
vt 0.03125 0.93969375
vt 0.00824375 0.9508
vt 0.0066375 0.949325
vt 0.03125 0.9375
vt 0.00824375 0.9508
vt 0.0025625 0.97575625
vt 0.0005625 0.9758875
vt 0.0066375 0.949325
vt 0.0025625 0.97575625
vt 0.01848125 0.995775
vt 0.01759375 0.9971875
vt 0.0005625 0.9758875
vt 0.01848125 0.995775
vt 0.04401875 0.995775
vt 0.04490625 0.9971875
vt 0.01759375 0.9971875
vt 0.04401875 0.995775
vt 0.0599375 0.97575625
vt 0.0619375 0.9758875
vt 0.04490625 0.9971875
vt 0.39975625 0.6875
vt 0.37575625 0.6875
vt 0.375 0.625
vt 0.4006 0.625
vt 0.52475 0.875
vt 0.500775 0.875
vt 0.5 0.8125
vt 0.52554375 0.8125
vt 0.530475 1
vt 0.5065 1
vt 0.50570625 0.9375
vt 0.53125 0.9375
vt 0.28049375 0.625
vt 0.25649375 0.625
vt 0.25565 0.5625
vt 0.28125 0.5625
vt 0.3998375 0.5625
vt 0.37585 0.5625
vt 0.375 0.5
vt 0.400575 0.5
vt 0.27760625 0.5
vt 0.25364375 0.5
vt 0.25285625 0.4375
vt 0.27839375 0.4375
vt 0.0304 0.5625
vt 0.0064125 0.5625
vt 0.005675 0.5
vt 0.03125 0.5
vt 0.42926875 0.791625
vt 0.414325 0.8103875
vt 0.40234375 0.7854687499999999
vt 0.002721875 0.746875
vt 0.00115 0.739930625
vt 0.03125 0.739944375
vt 0.029996875 0.746875
vt 0.04490625 0.8153125
vt 0.0619375 0.8366125
vt 0.03125 0.8436
vt 0.4239375 0.7682249999999999
vt 0.42926875 0.791625
vt 0.40234375 0.7854687499999999
vt 0.251570625 0.809375
vt 0.25 0.802506875
vt 0.2801 0.8025
vt 0.278820625 0.809375
vt 0.0619375 0.8366125
vt 0.0558625 0.863175
vt 0.03125 0.8436
vt 0.40234375 0.7578125
vt 0.4239375 0.7682249999999999
vt 0.40234375 0.7854687499999999
vt 0.126440625 0.621875
vt 0.125 0.615031875
vt 0.1551 0.615018125
vt 0.153746875 0.621875
vt 0.0558625 0.863175
vt 0.03125 0.875
vt 0.03125 0.8436
vt 0.38075 0.7682249999999999
vt 0.40234375 0.7578125
vt 0.40234375 0.7854687499999999
vt 0.377503125 0.996875
vt 0.37615 0.990018125
vt 0.40625 0.990031875
vt 0.404809375 0.996875
vt 0.03125 0.875
vt 0.0066375 0.863175
vt 0.03125 0.8436
vt 0.37541875 0.791625
vt 0.38075 0.7682249999999999
vt 0.40234375 0.7854687499999999
vt 0.252429375 0.996875
vt 0.25115 0.99
vt 0.28125 0.990006875
vt 0.279679375 0.996875
vt 0.0066375 0.863175
vt 0.0005625 0.8366125
vt 0.03125 0.8436
vt 0.3903625 0.8103875
vt 0.37541875 0.791625
vt 0.40234375 0.7854687499999999
vt 0.126253125 0.809375
vt 0.125 0.802438125
vt 0.1551 0.802424375
vt 0.153528125 0.809375
vt 0.0005625 0.8366125
vt 0.01759375 0.8153125
vt 0.03125 0.8436
vt 0.414325 0.8103875
vt 0.3903625 0.8103875
vt 0.40234375 0.7854687499999999
vt 0.12696875 0.996875
vt 0.125575 0.9898875
vt 0.155675 0.9898875
vt 0.15428125 0.996875
vt 0.01759375 0.8153125
vt 0.04490625 0.8153125
vt 0.03125 0.8436
vt 0.15370375 0.52735
vt 0.15438125 0.5337562499999999
vt 0.12568125 0.533769375
vt 0.1263975 0.5273687499999999
vt 0.15438125 0.5337562499999999
vt 0.1551 0.615018125
vt 0.125 0.615031875
vt 0.12568125 0.533769375
vt 0.27879875 0.714825
vt 0.2794375 0.7212375
vt 0.2507625 0.72124375
vt 0.25154875 0.7148375
vt 0.2794375 0.7212375
vt 0.2801 0.8025
vt 0.25 0.802506875
vt 0.25076875 0.72124375
vt 0.03004 0.65225625
vt 0.0306625 0.65868125
vt 0.001975 0.6586681249999999
vt 0.002765 0.6522375
vt 0.0306625 0.65868125
vt 0.03125 0.739944375
vt 0.00115 0.739930625
vt 0.001975 0.6586681249999999
vt 0.15428125 0.902175
vt 0.15498125 0.90861875
vt 0.12626875 0.90861875
vt 0.12696875 0.902175
vt 0.15498125 0.90861875
vt 0.155675 0.9898875
vt 0.125575 0.9898875
vt 0.12626875 0.90861875
vt 0.153485 0.71473125
vt 0.154275 0.721161875
vt 0.1255875 0.721175
vt 0.12621 0.71475
vt 0.154275 0.721161875
vt 0.1551 0.802424375
vt 0.125 0.802438125
vt 0.1255875 0.721175
vt 0.279695 0.90233125
vt 0.28048125 0.90874375
vt 0.25180625 0.9087375
vt 0.252445 0.902325
vt 0.28048125 0.90874375
vt 0.28125 0.990006875
vt 0.25115 0.99
vt 0.2518125 0.9087375
vt 0.4048525 0.9023687499999999
vt 0.40556875 0.908769375
vt 0.37686875 0.90875625
vt 0.37754625 0.90235
vt 0.40556875 0.908769375
vt 0.40625 0.990031875
vt 0.37615 0.990018125
vt 0.37686875 0.90875625
vt 0.029996875 0.75
vt 0.002721875 0.75
vt 0.002721875 0.746875
vt 0.029996875 0.746875
vt 0.153740625 0.625
vt 0.126440625 0.625
vt 0.126440625 0.621875
vt 0.153740625 0.621875
vt 0.404803125 1
vt 0.377503125 1
vt 0.377503125 0.996875
vt 0.404803125 0.996875
vt 0.279679375 1
vt 0.252429375 1
vt 0.252429375 0.996875
vt 0.279679375 0.996875
vt 0.153528125 0.8125
vt 0.126253125 0.8125
vt 0.126253125 0.809375
vt 0.153528125 0.809375
vt 0.15428125 1
vt 0.12696875 1
vt 0.12696875 0.996875
vt 0.15428125 0.996875
vt 0.278820625 0.8125
vt 0.251570625 0.8125
vt 0.251570625 0.809375
vt 0.278820625 0.809375
vt 0.0599375 0.97575625
vt 0.05425625 0.9508
vt 0.0558625 0.949325
vt 0.0619375 0.9758875
vt 0.05425625 0.9508
vt 0.03125 0.93969375
vt 0.03125 0.9375
vt 0.0558625 0.949325
vt 0.03125 0.93969375
vt 0.00824375 0.9508
vt 0.0066375 0.949325
vt 0.03125 0.9375
vt 0.00824375 0.9508
vt 0.0025625 0.97575625
vt 0.0005625 0.9758875
vt 0.0066375 0.949325
vt 0.0025625 0.97575625
vt 0.01848125 0.995775
vt 0.01759375 0.9971875
vt 0.0005625 0.9758875
vt 0.01848125 0.995775
vt 0.04401875 0.995775
vt 0.04490625 0.9971875
vt 0.01759375 0.9971875
vt 0.04401875 0.995775
vt 0.0599375 0.97575625
vt 0.0619375 0.9758875
vt 0.04490625 0.9971875
vt 0.39975625 0.6875
vt 0.37575625 0.6875
vt 0.375 0.625
vt 0.4006 0.625
vt 0.52475 0.875
vt 0.500775 0.875
vt 0.5 0.8125
vt 0.52554375 0.8125
vt 0.530475 1
vt 0.5065 1
vt 0.50570625 0.9375
vt 0.53125 0.9375
vt 0.28049375 0.625
vt 0.25649375 0.625
vt 0.25565 0.5625
vt 0.28125 0.5625
vt 0.3998375 0.5625
vt 0.37585 0.5625
vt 0.375 0.5
vt 0.400575 0.5
vt 0.27760625 0.5
vt 0.25364375 0.5
vt 0.25285625 0.4375
vt 0.27839375 0.4375
vt 0.0304 0.5625
vt 0.0064125 0.5625
vt 0.005675 0.5
vt 0.03125 0.5
vt 0.42926875 0.791625
vt 0.414325 0.8103875
vt 0.40234375 0.7854687499999999
vt 0.002721875 0.746875
vt 0.00115 0.739930625
vt 0.03125 0.739944375
vt 0.029996875 0.746875
vt 0.04490625 0.8153125
vt 0.0619375 0.8366125
vt 0.03125 0.8436
vt 0.4239375 0.7682249999999999
vt 0.42926875 0.791625
vt 0.40234375 0.7854687499999999
vt 0.251570625 0.809375
vt 0.25 0.802506875
vt 0.2801 0.8025
vt 0.278820625 0.809375
vt 0.0619375 0.8366125
vt 0.0558625 0.863175
vt 0.03125 0.8436
vt 0.40234375 0.7578125
vt 0.4239375 0.7682249999999999
vt 0.40234375 0.7854687499999999
vt 0.126440625 0.621875
vt 0.125 0.615031875
vt 0.1551 0.615018125
vt 0.153746875 0.621875
vt 0.0558625 0.863175
vt 0.03125 0.875
vt 0.03125 0.8436
vt 0.38075 0.7682249999999999
vt 0.40234375 0.7578125
vt 0.40234375 0.7854687499999999
vt 0.377503125 0.996875
vt 0.37615 0.990018125
vt 0.40625 0.990031875
vt 0.404809375 0.996875
vt 0.03125 0.875
vt 0.0066375 0.863175
vt 0.03125 0.8436
vt 0.37541875 0.791625
vt 0.38075 0.7682249999999999
vt 0.40234375 0.7854687499999999
vt 0.252429375 0.996875
vt 0.25115 0.99
vt 0.28125 0.990006875
vt 0.279679375 0.996875
vt 0.0066375 0.863175
vt 0.0005625 0.8366125
vt 0.03125 0.8436
vt 0.3903625 0.8103875
vt 0.37541875 0.791625
vt 0.40234375 0.7854687499999999
vt 0.126253125 0.809375
vt 0.125 0.802438125
vt 0.1551 0.802424375
vt 0.153528125 0.809375
vt 0.0005625 0.8366125
vt 0.01759375 0.8153125
vt 0.03125 0.8436
vt 0.414325 0.8103875
vt 0.3903625 0.8103875
vt 0.40234375 0.7854687499999999
vt 0.12696875 0.996875
vt 0.125575 0.9898875
vt 0.155675 0.9898875
vt 0.15428125 0.996875
vt 0.01759375 0.8153125
vt 0.04490625 0.8153125
vt 0.03125 0.8436
vt 0.15370375 0.52735
vt 0.15438125 0.5337562499999999
vt 0.12568125 0.533769375
vt 0.1263975 0.5273687499999999
vt 0.15438125 0.5337562499999999
vt 0.1551 0.615018125
vt 0.125 0.615031875
vt 0.12568125 0.533769375
vt 0.27879875 0.714825
vt 0.2794375 0.7212375
vt 0.2507625 0.72124375
vt 0.25154875 0.7148375
vt 0.2794375 0.7212375
vt 0.2801 0.8025
vt 0.25 0.802506875
vt 0.25076875 0.72124375
vt 0.03004 0.65225625
vt 0.0306625 0.65868125
vt 0.001975 0.6586681249999999
vt 0.002765 0.6522375
vt 0.0306625 0.65868125
vt 0.03125 0.739944375
vt 0.00115 0.739930625
vt 0.001975 0.6586681249999999
vt 0.15428125 0.902175
vt 0.15498125 0.90861875
vt 0.12626875 0.90861875
vt 0.12696875 0.902175
vt 0.15498125 0.90861875
vt 0.155675 0.9898875
vt 0.125575 0.9898875
vt 0.12626875 0.90861875
vt 0.153485 0.71473125
vt 0.154275 0.721161875
vt 0.1255875 0.721175
vt 0.12621 0.71475
vt 0.154275 0.721161875
vt 0.1551 0.802424375
vt 0.125 0.802438125
vt 0.1255875 0.721175
vt 0.279695 0.90233125
vt 0.28048125 0.90874375
vt 0.25180625 0.9087375
vt 0.252445 0.902325
vt 0.28048125 0.90874375
vt 0.28125 0.990006875
vt 0.25115 0.99
vt 0.2518125 0.9087375
vt 0.4048525 0.9023687499999999
vt 0.40556875 0.908769375
vt 0.37686875 0.90875625
vt 0.37754625 0.90235
vt 0.40556875 0.908769375
vt 0.40625 0.990031875
vt 0.37615 0.990018125
vt 0.37686875 0.90875625
vt 0.029996875 0.75
vt 0.002721875 0.75
vt 0.002721875 0.746875
vt 0.029996875 0.746875
vt 0.153740625 0.625
vt 0.126440625 0.625
vt 0.126440625 0.621875
vt 0.153740625 0.621875
vt 0.404803125 1
vt 0.377503125 1
vt 0.377503125 0.996875
vt 0.404803125 0.996875
vt 0.279679375 1
vt 0.252429375 1
vt 0.252429375 0.996875
vt 0.279679375 0.996875
vt 0.153528125 0.8125
vt 0.126253125 0.8125
vt 0.126253125 0.809375
vt 0.153528125 0.809375
vt 0.15428125 1
vt 0.12696875 1
vt 0.12696875 0.996875
vt 0.15428125 0.996875
vt 0.278820625 0.8125
vt 0.251570625 0.8125
vt 0.251570625 0.809375
vt 0.278820625 0.809375
vt 0.0599375 0.97575625
vt 0.05425625 0.9508
vt 0.0558625 0.949325
vt 0.0619375 0.9758875
vt 0.05425625 0.9508
vt 0.03125 0.93969375
vt 0.03125 0.9375
vt 0.0558625 0.949325
vt 0.03125 0.93969375
vt 0.00824375 0.9508
vt 0.0066375 0.949325
vt 0.03125 0.9375
vt 0.00824375 0.9508
vt 0.0025625 0.97575625
vt 0.0005625 0.9758875
vt 0.0066375 0.949325
vt 0.0025625 0.97575625
vt 0.01848125 0.995775
vt 0.01759375 0.9971875
vt 0.0005625 0.9758875
vt 0.01848125 0.995775
vt 0.04401875 0.995775
vt 0.04490625 0.9971875
vt 0.01759375 0.9971875
vt 0.04401875 0.995775
vt 0.0599375 0.97575625
vt 0.0619375 0.9758875
vt 0.04490625 0.9971875
vt 0.39975625 0.6875
vt 0.37575625 0.6875
vt 0.375 0.625
vt 0.4006 0.625
vt 0.52475 0.875
vt 0.500775 0.875
vt 0.5 0.8125
vt 0.52554375 0.8125
vt 0.530475 1
vt 0.5065 1
vt 0.50570625 0.9375
vt 0.53125 0.9375
vt 0.28049375 0.625
vt 0.25649375 0.625
vt 0.25565 0.5625
vt 0.28125 0.5625
vt 0.3998375 0.5625
vt 0.37585 0.5625
vt 0.375 0.5
vt 0.400575 0.5
vt 0.27760625 0.5
vt 0.25364375 0.5
vt 0.25285625 0.4375
vt 0.27839375 0.4375
vt 0.0304 0.5625
vt 0.0064125 0.5625
vt 0.005675 0.5
vt 0.03125 0.5
vt 0.42926875 0.791625
vt 0.414325 0.8103875
vt 0.40234375 0.7854687499999999
vt 0.002721875 0.746875
vt 0.00115 0.739930625
vt 0.03125 0.739944375
vt 0.029996875 0.746875
vt 0.04490625 0.8153125
vt 0.0619375 0.8366125
vt 0.03125 0.8436
vt 0.4239375 0.7682249999999999
vt 0.42926875 0.791625
vt 0.40234375 0.7854687499999999
vt 0.251570625 0.809375
vt 0.25 0.802506875
vt 0.2801 0.8025
vt 0.278820625 0.809375
vt 0.0619375 0.8366125
vt 0.0558625 0.863175
vt 0.03125 0.8436
vt 0.40234375 0.7578125
vt 0.4239375 0.7682249999999999
vt 0.40234375 0.7854687499999999
vt 0.126440625 0.621875
vt 0.125 0.615031875
vt 0.1551 0.615018125
vt 0.153746875 0.621875
vt 0.0558625 0.863175
vt 0.03125 0.875
vt 0.03125 0.8436
vt 0.38075 0.7682249999999999
vt 0.40234375 0.7578125
vt 0.40234375 0.7854687499999999
vt 0.377503125 0.996875
vt 0.37615 0.990018125
vt 0.40625 0.990031875
vt 0.404809375 0.996875
vt 0.03125 0.875
vt 0.0066375 0.863175
vt 0.03125 0.8436
vt 0.37541875 0.791625
vt 0.38075 0.7682249999999999
vt 0.40234375 0.7854687499999999
vt 0.252429375 0.996875
vt 0.25115 0.99
vt 0.28125 0.990006875
vt 0.279679375 0.996875
vt 0.0066375 0.863175
vt 0.0005625 0.8366125
vt 0.03125 0.8436
vt 0.3903625 0.8103875
vt 0.37541875 0.791625
vt 0.40234375 0.7854687499999999
vt 0.126253125 0.809375
vt 0.125 0.802438125
vt 0.1551 0.802424375
vt 0.153528125 0.809375
vt 0.0005625 0.8366125
vt 0.01759375 0.8153125
vt 0.03125 0.8436
vt 0.414325 0.8103875
vt 0.3903625 0.8103875
vt 0.40234375 0.7854687499999999
vt 0.12696875 0.996875
vt 0.125575 0.9898875
vt 0.155675 0.9898875
vt 0.15428125 0.996875
vt 0.01759375 0.8153125
vt 0.04490625 0.8153125
vt 0.03125 0.8436
vt 0.15370375 0.52735
vt 0.15438125 0.5337562499999999
vt 0.12568125 0.533769375
vt 0.1263975 0.5273687499999999
vt 0.15438125 0.5337562499999999
vt 0.1551 0.615018125
vt 0.125 0.615031875
vt 0.12568125 0.533769375
vt 0.27879875 0.714825
vt 0.2794375 0.7212375
vt 0.2507625 0.72124375
vt 0.25154875 0.7148375
vt 0.2794375 0.7212375
vt 0.2801 0.8025
vt 0.25 0.802506875
vt 0.25076875 0.72124375
vt 0.03004 0.65225625
vt 0.0306625 0.65868125
vt 0.001975 0.6586681249999999
vt 0.002765 0.6522375
vt 0.0306625 0.65868125
vt 0.03125 0.739944375
vt 0.00115 0.739930625
vt 0.001975 0.6586681249999999
vt 0.15428125 0.902175
vt 0.15498125 0.90861875
vt 0.12626875 0.90861875
vt 0.12696875 0.902175
vt 0.15498125 0.90861875
vt 0.155675 0.9898875
vt 0.125575 0.9898875
vt 0.12626875 0.90861875
vt 0.153485 0.71473125
vt 0.154275 0.721161875
vt 0.1255875 0.721175
vt 0.12621 0.71475
vt 0.154275 0.721161875
vt 0.1551 0.802424375
vt 0.125 0.802438125
vt 0.1255875 0.721175
vt 0.279695 0.90233125
vt 0.28048125 0.90874375
vt 0.25180625 0.9087375
vt 0.252445 0.902325
vt 0.28048125 0.90874375
vt 0.28125 0.990006875
vt 0.25115 0.99
vt 0.2518125 0.9087375
vt 0.4048525 0.9023687499999999
vt 0.40556875 0.908769375
vt 0.37686875 0.90875625
vt 0.37754625 0.90235
vt 0.40556875 0.908769375
vt 0.40625 0.990031875
vt 0.37615 0.990018125
vt 0.37686875 0.90875625
vt 0.029996875 0.75
vt 0.002721875 0.75
vt 0.002721875 0.746875
vt 0.029996875 0.746875
vt 0.153740625 0.625
vt 0.126440625 0.625
vt 0.126440625 0.621875
vt 0.153740625 0.621875
vt 0.404803125 1
vt 0.377503125 1
vt 0.377503125 0.996875
vt 0.404803125 0.996875
vt 0.279679375 1
vt 0.252429375 1
vt 0.252429375 0.996875
vt 0.279679375 0.996875
vt 0.153528125 0.8125
vt 0.126253125 0.8125
vt 0.126253125 0.809375
vt 0.153528125 0.809375
vt 0.15428125 1
vt 0.12696875 1
vt 0.12696875 0.996875
vt 0.15428125 0.996875
vt 0.278820625 0.8125
vt 0.251570625 0.8125
vt 0.251570625 0.809375
vt 0.278820625 0.809375
vt 0.0599375 0.97575625
vt 0.05425625 0.9508
vt 0.0558625 0.949325
vt 0.0619375 0.9758875
vt 0.05425625 0.9508
vt 0.03125 0.93969375
vt 0.03125 0.9375
vt 0.0558625 0.949325
vt 0.03125 0.93969375
vt 0.00824375 0.9508
vt 0.0066375 0.949325
vt 0.03125 0.9375
vt 0.00824375 0.9508
vt 0.0025625 0.97575625
vt 0.0005625 0.9758875
vt 0.0066375 0.949325
vt 0.0025625 0.97575625
vt 0.01848125 0.995775
vt 0.01759375 0.9971875
vt 0.0005625 0.9758875
vt 0.01848125 0.995775
vt 0.04401875 0.995775
vt 0.04490625 0.9971875
vt 0.01759375 0.9971875
vt 0.04401875 0.995775
vt 0.0599375 0.97575625
vt 0.0619375 0.9758875
vt 0.04490625 0.9971875
vt 0.39975625 0.6875
vt 0.37575625 0.6875
vt 0.375 0.625
vt 0.4006 0.625
vt 0.52475 0.875
vt 0.500775 0.875
vt 0.5 0.8125
vt 0.52554375 0.8125
vt 0.530475 1
vt 0.5065 1
vt 0.50570625 0.9375
vt 0.53125 0.9375
vt 0.28049375 0.625
vt 0.25649375 0.625
vt 0.25565 0.5625
vt 0.28125 0.5625
vt 0.3998375 0.5625
vt 0.37585 0.5625
vt 0.375 0.5
vt 0.400575 0.5
vt 0.27760625 0.5
vt 0.25364375 0.5
vt 0.25285625 0.4375
vt 0.27839375 0.4375
vt 0.0304 0.5625
vt 0.0064125 0.5625
vt 0.005675 0.5
vt 0.03125 0.5
vt 0.42926875 0.791625
vt 0.414325 0.8103875
vt 0.40234375 0.7854687499999999
vt 0.002721875 0.746875
vt 0.00115 0.739930625
vt 0.03125 0.739944375
vt 0.029996875 0.746875
vt 0.04490625 0.8153125
vt 0.0619375 0.8366125
vt 0.03125 0.8436
vt 0.4239375 0.7682249999999999
vt 0.42926875 0.791625
vt 0.40234375 0.7854687499999999
vt 0.251570625 0.809375
vt 0.25 0.802506875
vt 0.2801 0.8025
vt 0.278820625 0.809375
vt 0.0619375 0.8366125
vt 0.0558625 0.863175
vt 0.03125 0.8436
vt 0.40234375 0.7578125
vt 0.4239375 0.7682249999999999
vt 0.40234375 0.7854687499999999
vt 0.126440625 0.621875
vt 0.125 0.615031875
vt 0.1551 0.615018125
vt 0.153746875 0.621875
vt 0.0558625 0.863175
vt 0.03125 0.875
vt 0.03125 0.8436
vt 0.38075 0.7682249999999999
vt 0.40234375 0.7578125
vt 0.40234375 0.7854687499999999
vt 0.377503125 0.996875
vt 0.37615 0.990018125
vt 0.40625 0.990031875
vt 0.404809375 0.996875
vt 0.03125 0.875
vt 0.0066375 0.863175
vt 0.03125 0.8436
vt 0.37541875 0.791625
vt 0.38075 0.7682249999999999
vt 0.40234375 0.7854687499999999
vt 0.252429375 0.996875
vt 0.25115 0.99
vt 0.28125 0.990006875
vt 0.279679375 0.996875
vt 0.0066375 0.863175
vt 0.0005625 0.8366125
vt 0.03125 0.8436
vt 0.3903625 0.8103875
vt 0.37541875 0.791625
vt 0.40234375 0.7854687499999999
vt 0.126253125 0.809375
vt 0.125 0.802438125
vt 0.1551 0.802424375
vt 0.153528125 0.809375
vt 0.0005625 0.8366125
vt 0.01759375 0.8153125
vt 0.03125 0.8436
vt 0.414325 0.8103875
vt 0.3903625 0.8103875
vt 0.40234375 0.7854687499999999
vt 0.12696875 0.996875
vt 0.125575 0.9898875
vt 0.155675 0.9898875
vt 0.15428125 0.996875
vt 0.01759375 0.8153125
vt 0.04490625 0.8153125
vt 0.03125 0.8436
vt 0.15370375 0.52735
vt 0.15438125 0.5337562499999999
vt 0.12568125 0.533769375
vt 0.1263975 0.5273687499999999
vt 0.15438125 0.5337562499999999
vt 0.1551 0.615018125
vt 0.125 0.615031875
vt 0.12568125 0.533769375
vt 0.27879875 0.714825
vt 0.2794375 0.7212375
vt 0.2507625 0.72124375
vt 0.25154875 0.7148375
vt 0.2794375 0.7212375
vt 0.2801 0.8025
vt 0.25 0.802506875
vt 0.25076875 0.72124375
vt 0.03004 0.65225625
vt 0.0306625 0.65868125
vt 0.001975 0.6586681249999999
vt 0.002765 0.6522375
vt 0.0306625 0.65868125
vt 0.03125 0.739944375
vt 0.00115 0.739930625
vt 0.001975 0.6586681249999999
vt 0.15428125 0.902175
vt 0.15498125 0.90861875
vt 0.12626875 0.90861875
vt 0.12696875 0.902175
vt 0.15498125 0.90861875
vt 0.155675 0.9898875
vt 0.125575 0.9898875
vt 0.12626875 0.90861875
vt 0.153485 0.71473125
vt 0.154275 0.721161875
vt 0.1255875 0.721175
vt 0.12621 0.71475
vt 0.154275 0.721161875
vt 0.1551 0.802424375
vt 0.125 0.802438125
vt 0.1255875 0.721175
vt 0.279695 0.90233125
vt 0.28048125 0.90874375
vt 0.25180625 0.9087375
vt 0.252445 0.902325
vt 0.28048125 0.90874375
vt 0.28125 0.990006875
vt 0.25115 0.99
vt 0.2518125 0.9087375
vt 0.4048525 0.9023687499999999
vt 0.40556875 0.908769375
vt 0.37686875 0.90875625
vt 0.37754625 0.90235
vt 0.40556875 0.908769375
vt 0.40625 0.990031875
vt 0.37615 0.990018125
vt 0.37686875 0.90875625
vt 0.029996875 0.75
vt 0.002721875 0.75
vt 0.002721875 0.746875
vt 0.029996875 0.746875
vt 0.153740625 0.625
vt 0.126440625 0.625
vt 0.126440625 0.621875
vt 0.153740625 0.621875
vt 0.404803125 1
vt 0.377503125 1
vt 0.377503125 0.996875
vt 0.404803125 0.996875
vt 0.279679375 1
vt 0.252429375 1
vt 0.252429375 0.996875
vt 0.279679375 0.996875
vt 0.153528125 0.8125
vt 0.126253125 0.8125
vt 0.126253125 0.809375
vt 0.153528125 0.809375
vt 0.15428125 1
vt 0.12696875 1
vt 0.12696875 0.996875
vt 0.15428125 0.996875
vt 0.278820625 0.8125
vt 0.251570625 0.8125
vt 0.251570625 0.809375
vt 0.278820625 0.809375
vt 0.0599375 0.97575625
vt 0.05425625 0.9508
vt 0.0558625 0.949325
vt 0.0619375 0.9758875
vt 0.05425625 0.9508
vt 0.03125 0.93969375
vt 0.03125 0.9375
vt 0.0558625 0.949325
vt 0.03125 0.93969375
vt 0.00824375 0.9508
vt 0.0066375 0.949325
vt 0.03125 0.9375
vt 0.00824375 0.9508
vt 0.0025625 0.97575625
vt 0.0005625 0.9758875
vt 0.0066375 0.949325
vt 0.0025625 0.97575625
vt 0.01848125 0.995775
vt 0.01759375 0.9971875
vt 0.0005625 0.9758875
vt 0.01848125 0.995775
vt 0.04401875 0.995775
vt 0.04490625 0.9971875
vt 0.01759375 0.9971875
vt 0.04401875 0.995775
vt 0.0599375 0.97575625
vt 0.0619375 0.9758875
vt 0.04490625 0.9971875
vt 0.39975625 0.6875
vt 0.37575625 0.6875
vt 0.375 0.625
vt 0.4006 0.625
vt 0.52475 0.875
vt 0.500775 0.875
vt 0.5 0.8125
vt 0.52554375 0.8125
vt 0.530475 1
vt 0.5065 1
vt 0.50570625 0.9375
vt 0.53125 0.9375
vt 0.28049375 0.625
vt 0.25649375 0.625
vt 0.25565 0.5625
vt 0.28125 0.5625
vt 0.3998375 0.5625
vt 0.37585 0.5625
vt 0.375 0.5
vt 0.400575 0.5
vt 0.27760625 0.5
vt 0.25364375 0.5
vt 0.25285625 0.4375
vt 0.27839375 0.4375
vt 0.0304 0.5625
vt 0.0064125 0.5625
vt 0.005675 0.5
vt 0.03125 0.5
vt 0.42926875 0.791625
vt 0.414325 0.8103875
vt 0.40234375 0.7854687499999999
vt 0.002721875 0.746875
vt 0.00115 0.739930625
vt 0.03125 0.739944375
vt 0.029996875 0.746875
vt 0.04490625 0.8153125
vt 0.0619375 0.8366125
vt 0.03125 0.8436
vt 0.4239375 0.7682249999999999
vt 0.42926875 0.791625
vt 0.40234375 0.7854687499999999
vt 0.251570625 0.809375
vt 0.25 0.802506875
vt 0.2801 0.8025
vt 0.278820625 0.809375
vt 0.0619375 0.8366125
vt 0.0558625 0.863175
vt 0.03125 0.8436
vt 0.40234375 0.7578125
vt 0.4239375 0.7682249999999999
vt 0.40234375 0.7854687499999999
vt 0.126440625 0.621875
vt 0.125 0.615031875
vt 0.1551 0.615018125
vt 0.153746875 0.621875
vt 0.0558625 0.863175
vt 0.03125 0.875
vt 0.03125 0.8436
vt 0.38075 0.7682249999999999
vt 0.40234375 0.7578125
vt 0.40234375 0.7854687499999999
vt 0.377503125 0.996875
vt 0.37615 0.990018125
vt 0.40625 0.990031875
vt 0.404809375 0.996875
vt 0.03125 0.875
vt 0.0066375 0.863175
vt 0.03125 0.8436
vt 0.37541875 0.791625
vt 0.38075 0.7682249999999999
vt 0.40234375 0.7854687499999999
vt 0.252429375 0.996875
vt 0.25115 0.99
vt 0.28125 0.990006875
vt 0.279679375 0.996875
vt 0.0066375 0.863175
vt 0.0005625 0.8366125
vt 0.03125 0.8436
vt 0.3903625 0.8103875
vt 0.37541875 0.791625
vt 0.40234375 0.7854687499999999
vt 0.126253125 0.809375
vt 0.125 0.802438125
vt 0.1551 0.802424375
vt 0.153528125 0.809375
vt 0.0005625 0.8366125
vt 0.01759375 0.8153125
vt 0.03125 0.8436
vt 0.414325 0.8103875
vt 0.3903625 0.8103875
vt 0.40234375 0.7854687499999999
vt 0.12696875 0.996875
vt 0.125575 0.9898875
vt 0.155675 0.9898875
vt 0.15428125 0.996875
vt 0.01759375 0.8153125
vt 0.04490625 0.8153125
vt 0.03125 0.8436
vt 0.15370375 0.52735
vt 0.15438125 0.5337562499999999
vt 0.12568125 0.533769375
vt 0.1263975 0.5273687499999999
vt 0.15438125 0.5337562499999999
vt 0.1551 0.615018125
vt 0.125 0.615031875
vt 0.12568125 0.533769375
vt 0.27879875 0.714825
vt 0.2794375 0.7212375
vt 0.2507625 0.72124375
vt 0.25154875 0.7148375
vt 0.2794375 0.7212375
vt 0.2801 0.8025
vt 0.25 0.802506875
vt 0.25076875 0.72124375
vt 0.03004 0.65225625
vt 0.0306625 0.65868125
vt 0.001975 0.6586681249999999
vt 0.002765 0.6522375
vt 0.0306625 0.65868125
vt 0.03125 0.739944375
vt 0.00115 0.739930625
vt 0.001975 0.6586681249999999
vt 0.15428125 0.902175
vt 0.15498125 0.90861875
vt 0.12626875 0.90861875
vt 0.12696875 0.902175
vt 0.15498125 0.90861875
vt 0.155675 0.9898875
vt 0.125575 0.9898875
vt 0.12626875 0.90861875
vt 0.153485 0.71473125
vt 0.154275 0.721161875
vt 0.1255875 0.721175
vt 0.12621 0.71475
vt 0.154275 0.721161875
vt 0.1551 0.802424375
vt 0.125 0.802438125
vt 0.1255875 0.721175
vt 0.279695 0.90233125
vt 0.28048125 0.90874375
vt 0.25180625 0.9087375
vt 0.252445 0.902325
vt 0.28048125 0.90874375
vt 0.28125 0.990006875
vt 0.25115 0.99
vt 0.2518125 0.9087375
vt 0.4048525 0.9023687499999999
vt 0.40556875 0.908769375
vt 0.37686875 0.90875625
vt 0.37754625 0.90235
vt 0.40556875 0.908769375
vt 0.40625 0.990031875
vt 0.37615 0.990018125
vt 0.37686875 0.90875625
vt 0.029996875 0.75
vt 0.002721875 0.75
vt 0.002721875 0.746875
vt 0.029996875 0.746875
vt 0.153740625 0.625
vt 0.126440625 0.625
vt 0.126440625 0.621875
vt 0.153740625 0.621875
vt 0.404803125 1
vt 0.377503125 1
vt 0.377503125 0.996875
vt 0.404803125 0.996875
vt 0.279679375 1
vt 0.252429375 1
vt 0.252429375 0.996875
vt 0.279679375 0.996875
vt 0.153528125 0.8125
vt 0.126253125 0.8125
vt 0.126253125 0.809375
vt 0.153528125 0.809375
vt 0.15428125 1
vt 0.12696875 1
vt 0.12696875 0.996875
vt 0.15428125 0.996875
vt 0.278820625 0.8125
vt 0.251570625 0.8125
vt 0.251570625 0.809375
vt 0.278820625 0.809375
vt 0.0599375 0.97575625
vt 0.05425625 0.9508
vt 0.0558625 0.949325
vt 0.0619375 0.9758875
vt 0.05425625 0.9508
vt 0.03125 0.93969375
vt 0.03125 0.9375
vt 0.0558625 0.949325
vt 0.03125 0.93969375
vt 0.00824375 0.9508
vt 0.0066375 0.949325
vt 0.03125 0.9375
vt 0.00824375 0.9508
vt 0.0025625 0.97575625
vt 0.0005625 0.9758875
vt 0.0066375 0.949325
vt 0.0025625 0.97575625
vt 0.01848125 0.995775
vt 0.01759375 0.9971875
vt 0.0005625 0.9758875
vt 0.01848125 0.995775
vt 0.04401875 0.995775
vt 0.04490625 0.9971875
vt 0.01759375 0.9971875
vt 0.04401875 0.995775
vt 0.0599375 0.97575625
vt 0.0619375 0.9758875
vt 0.04490625 0.9971875
vt 0.39975625 0.6875
vt 0.37575625 0.6875
vt 0.375 0.625
vt 0.4006 0.625
vt 0.52475 0.875
vt 0.500775 0.875
vt 0.5 0.8125
vt 0.52554375 0.8125
vt 0.530475 1
vt 0.5065 1
vt 0.50570625 0.9375
vt 0.53125 0.9375
vt 0.28049375 0.625
vt 0.25649375 0.625
vt 0.25565 0.5625
vt 0.28125 0.5625
vt 0.3998375 0.5625
vt 0.37585 0.5625
vt 0.375 0.5
vt 0.400575 0.5
vt 0.27760625 0.5
vt 0.25364375 0.5
vt 0.25285625 0.4375
vt 0.27839375 0.4375
vt 0.0304 0.5625
vt 0.0064125 0.5625
vt 0.005675 0.5
vt 0.03125 0.5
vt 0.42926875 0.791625
vt 0.414325 0.8103875
vt 0.40234375 0.7854687499999999
vt 0.002721875 0.746875
vt 0.00115 0.739930625
vt 0.03125 0.739944375
vt 0.029996875 0.746875
vt 0.04490625 0.8153125
vt 0.0619375 0.8366125
vt 0.03125 0.8436
vt 0.4239375 0.7682249999999999
vt 0.42926875 0.791625
vt 0.40234375 0.7854687499999999
vt 0.251570625 0.809375
vt 0.25 0.802506875
vt 0.2801 0.8025
vt 0.278820625 0.809375
vt 0.0619375 0.8366125
vt 0.0558625 0.863175
vt 0.03125 0.8436
vt 0.40234375 0.7578125
vt 0.4239375 0.7682249999999999
vt 0.40234375 0.7854687499999999
vt 0.126440625 0.621875
vt 0.125 0.615031875
vt 0.1551 0.615018125
vt 0.153746875 0.621875
vt 0.0558625 0.863175
vt 0.03125 0.875
vt 0.03125 0.8436
vt 0.38075 0.7682249999999999
vt 0.40234375 0.7578125
vt 0.40234375 0.7854687499999999
vt 0.377503125 0.996875
vt 0.37615 0.990018125
vt 0.40625 0.990031875
vt 0.404809375 0.996875
vt 0.03125 0.875
vt 0.0066375 0.863175
vt 0.03125 0.8436
vt 0.37541875 0.791625
vt 0.38075 0.7682249999999999
vt 0.40234375 0.7854687499999999
vt 0.252429375 0.996875
vt 0.25115 0.99
vt 0.28125 0.990006875
vt 0.279679375 0.996875
vt 0.0066375 0.863175
vt 0.0005625 0.8366125
vt 0.03125 0.8436
vt 0.3903625 0.8103875
vt 0.37541875 0.791625
vt 0.40234375 0.7854687499999999
vt 0.126253125 0.809375
vt 0.125 0.802438125
vt 0.1551 0.802424375
vt 0.153528125 0.809375
vt 0.0005625 0.8366125
vt 0.01759375 0.8153125
vt 0.03125 0.8436
vt 0.414325 0.8103875
vt 0.3903625 0.8103875
vt 0.40234375 0.7854687499999999
vt 0.12696875 0.996875
vt 0.125575 0.9898875
vt 0.155675 0.9898875
vt 0.15428125 0.996875
vt 0.01759375 0.8153125
vt 0.04490625 0.8153125
vt 0.03125 0.8436
vt 0.15370375 0.52735
vt 0.15438125 0.5337562499999999
vt 0.12568125 0.533769375
vt 0.1263975 0.5273687499999999
vt 0.15438125 0.5337562499999999
vt 0.1551 0.615018125
vt 0.125 0.615031875
vt 0.12568125 0.533769375
vt 0.27879875 0.714825
vt 0.2794375 0.7212375
vt 0.2507625 0.72124375
vt 0.25154875 0.7148375
vt 0.2794375 0.7212375
vt 0.2801 0.8025
vt 0.25 0.802506875
vt 0.25076875 0.72124375
vt 0.03004 0.65225625
vt 0.0306625 0.65868125
vt 0.001975 0.6586681249999999
vt 0.002765 0.6522375
vt 0.0306625 0.65868125
vt 0.03125 0.739944375
vt 0.00115 0.739930625
vt 0.001975 0.6586681249999999
vt 0.15428125 0.902175
vt 0.15498125 0.90861875
vt 0.12626875 0.90861875
vt 0.12696875 0.902175
vt 0.15498125 0.90861875
vt 0.155675 0.9898875
vt 0.125575 0.9898875
vt 0.12626875 0.90861875
vt 0.153485 0.71473125
vt 0.154275 0.721161875
vt 0.1255875 0.721175
vt 0.12621 0.71475
vt 0.154275 0.721161875
vt 0.1551 0.802424375
vt 0.125 0.802438125
vt 0.1255875 0.721175
vt 0.279695 0.90233125
vt 0.28048125 0.90874375
vt 0.25180625 0.9087375
vt 0.252445 0.902325
vt 0.28048125 0.90874375
vt 0.28125 0.990006875
vt 0.25115 0.99
vt 0.2518125 0.9087375
vt 0.4048525 0.9023687499999999
vt 0.40556875 0.908769375
vt 0.37686875 0.90875625
vt 0.37754625 0.90235
vt 0.40556875 0.908769375
vt 0.40625 0.990031875
vt 0.37615 0.990018125
vt 0.37686875 0.90875625
vt 0.029996875 0.75
vt 0.002721875 0.75
vt 0.002721875 0.746875
vt 0.029996875 0.746875
vt 0.153740625 0.625
vt 0.126440625 0.625
vt 0.126440625 0.621875
vt 0.153740625 0.621875
vt 0.404803125 1
vt 0.377503125 1
vt 0.377503125 0.996875
vt 0.404803125 0.996875
vt 0.279679375 1
vt 0.252429375 1
vt 0.252429375 0.996875
vt 0.279679375 0.996875
vt 0.153528125 0.8125
vt 0.126253125 0.8125
vt 0.126253125 0.809375
vt 0.153528125 0.809375
vt 0.15428125 1
vt 0.12696875 1
vt 0.12696875 0.996875
vt 0.15428125 0.996875
vt 0.278820625 0.8125
vt 0.251570625 0.8125
vt 0.251570625 0.809375
vt 0.278820625 0.809375
vt 0.0599375 0.97575625
vt 0.05425625 0.9508
vt 0.0558625 0.949325
vt 0.0619375 0.9758875
vt 0.05425625 0.9508
vt 0.03125 0.93969375
vt 0.03125 0.9375
vt 0.0558625 0.949325
vt 0.03125 0.93969375
vt 0.00824375 0.9508
vt 0.0066375 0.949325
vt 0.03125 0.9375
vt 0.00824375 0.9508
vt 0.0025625 0.97575625
vt 0.0005625 0.9758875
vt 0.0066375 0.949325
vt 0.0025625 0.97575625
vt 0.01848125 0.995775
vt 0.01759375 0.9971875
vt 0.0005625 0.9758875
vt 0.01848125 0.995775
vt 0.04401875 0.995775
vt 0.04490625 0.9971875
vt 0.01759375 0.9971875
vt 0.04401875 0.995775
vt 0.0599375 0.97575625
vt 0.0619375 0.9758875
vt 0.04490625 0.9971875
vt 0.39975625 0.6875
vt 0.37575625 0.6875
vt 0.375 0.625
vt 0.4006 0.625
vt 0.52475 0.875
vt 0.500775 0.875
vt 0.5 0.8125
vt 0.52554375 0.8125
vt 0.530475 1
vt 0.5065 1
vt 0.50570625 0.9375
vt 0.53125 0.9375
vt 0.28049375 0.625
vt 0.25649375 0.625
vt 0.25565 0.5625
vt 0.28125 0.5625
vt 0.3998375 0.5625
vt 0.37585 0.5625
vt 0.375 0.5
vt 0.400575 0.5
vt 0.27760625 0.5
vt 0.25364375 0.5
vt 0.25285625 0.4375
vt 0.27839375 0.4375
vt 0.0304 0.5625
vt 0.0064125 0.5625
vt 0.005675 0.5
vt 0.03125 0.5
vt 0.42926875 0.791625
vt 0.414325 0.8103875
vt 0.40234375 0.7854687499999999
vt 0.002721875 0.746875
vt 0.00115 0.739930625
vt 0.03125 0.739944375
vt 0.029996875 0.746875
vt 0.04490625 0.8153125
vt 0.0619375 0.8366125
vt 0.03125 0.8436
vt 0.4239375 0.7682249999999999
vt 0.42926875 0.791625
vt 0.40234375 0.7854687499999999
vt 0.251570625 0.809375
vt 0.25 0.802506875
vt 0.2801 0.8025
vt 0.278820625 0.809375
vt 0.0619375 0.8366125
vt 0.0558625 0.863175
vt 0.03125 0.8436
vt 0.40234375 0.7578125
vt 0.4239375 0.7682249999999999
vt 0.40234375 0.7854687499999999
vt 0.126440625 0.621875
vt 0.125 0.615031875
vt 0.1551 0.615018125
vt 0.153746875 0.621875
vt 0.0558625 0.863175
vt 0.03125 0.875
vt 0.03125 0.8436
vt 0.38075 0.7682249999999999
vt 0.40234375 0.7578125
vt 0.40234375 0.7854687499999999
vt 0.377503125 0.996875
vt 0.37615 0.990018125
vt 0.40625 0.990031875
vt 0.404809375 0.996875
vt 0.03125 0.875
vt 0.0066375 0.863175
vt 0.03125 0.8436
vt 0.37541875 0.791625
vt 0.38075 0.7682249999999999
vt 0.40234375 0.7854687499999999
vt 0.252429375 0.996875
vt 0.25115 0.99
vt 0.28125 0.990006875
vt 0.279679375 0.996875
vt 0.0066375 0.863175
vt 0.0005625 0.8366125
vt 0.03125 0.8436
vt 0.3903625 0.8103875
vt 0.37541875 0.791625
vt 0.40234375 0.7854687499999999
vt 0.126253125 0.809375
vt 0.125 0.802438125
vt 0.1551 0.802424375
vt 0.153528125 0.809375
vt 0.0005625 0.8366125
vt 0.01759375 0.8153125
vt 0.03125 0.8436
vt 0.414325 0.8103875
vt 0.3903625 0.8103875
vt 0.40234375 0.7854687499999999
vt 0.12696875 0.996875
vt 0.125575 0.9898875
vt 0.155675 0.9898875
vt 0.15428125 0.996875
vt 0.01759375 0.8153125
vt 0.04490625 0.8153125
vt 0.03125 0.8436
vt 0.15370375 0.52735
vt 0.15438125 0.5337562499999999
vt 0.12568125 0.533769375
vt 0.1263975 0.5273687499999999
vt 0.15438125 0.5337562499999999
vt 0.1551 0.615018125
vt 0.125 0.615031875
vt 0.12568125 0.533769375
vt 0.27879875 0.714825
vt 0.2794375 0.7212375
vt 0.2507625 0.72124375
vt 0.25154875 0.7148375
vt 0.2794375 0.7212375
vt 0.2801 0.8025
vt 0.25 0.802506875
vt 0.25076875 0.72124375
vt 0.03004 0.65225625
vt 0.0306625 0.65868125
vt 0.001975 0.6586681249999999
vt 0.002765 0.6522375
vt 0.0306625 0.65868125
vt 0.03125 0.739944375
vt 0.00115 0.739930625
vt 0.001975 0.6586681249999999
vt 0.15428125 0.902175
vt 0.15498125 0.90861875
vt 0.12626875 0.90861875
vt 0.12696875 0.902175
vt 0.15498125 0.90861875
vt 0.155675 0.9898875
vt 0.125575 0.9898875
vt 0.12626875 0.90861875
vt 0.153485 0.71473125
vt 0.154275 0.721161875
vt 0.1255875 0.721175
vt 0.12621 0.71475
vt 0.154275 0.721161875
vt 0.1551 0.802424375
vt 0.125 0.802438125
vt 0.1255875 0.721175
vt 0.279695 0.90233125
vt 0.28048125 0.90874375
vt 0.25180625 0.9087375
vt 0.252445 0.902325
vt 0.28048125 0.90874375
vt 0.28125 0.990006875
vt 0.25115 0.99
vt 0.2518125 0.9087375
vt 0.4048525 0.9023687499999999
vt 0.40556875 0.908769375
vt 0.37686875 0.90875625
vt 0.37754625 0.90235
vt 0.40556875 0.908769375
vt 0.40625 0.990031875
vt 0.37615 0.990018125
vt 0.37686875 0.90875625
vt 0.029996875 0.75
vt 0.002721875 0.75
vt 0.002721875 0.746875
vt 0.029996875 0.746875
vt 0.153740625 0.625
vt 0.126440625 0.625
vt 0.126440625 0.621875
vt 0.153740625 0.621875
vt 0.404803125 1
vt 0.377503125 1
vt 0.377503125 0.996875
vt 0.404803125 0.996875
vt 0.279679375 1
vt 0.252429375 1
vt 0.252429375 0.996875
vt 0.279679375 0.996875
vt 0.153528125 0.8125
vt 0.126253125 0.8125
vt 0.126253125 0.809375
vt 0.153528125 0.809375
vt 0.15428125 1
vt 0.12696875 1
vt 0.12696875 0.996875
vt 0.15428125 0.996875
vt 0.278820625 0.8125
vt 0.251570625 0.8125
vt 0.251570625 0.809375
vt 0.278820625 0.809375
vt 0.0599375 0.97575625
vt 0.05425625 0.9508
vt 0.0558625 0.949325
vt 0.0619375 0.9758875
vt 0.05425625 0.9508
vt 0.03125 0.93969375
vt 0.03125 0.9375
vt 0.0558625 0.949325
vt 0.03125 0.93969375
vt 0.00824375 0.9508
vt 0.0066375 0.949325
vt 0.03125 0.9375
vt 0.00824375 0.9508
vt 0.0025625 0.97575625
vt 0.0005625 0.9758875
vt 0.0066375 0.949325
vt 0.0025625 0.97575625
vt 0.01848125 0.995775
vt 0.01759375 0.9971875
vt 0.0005625 0.9758875
vt 0.01848125 0.995775
vt 0.04401875 0.995775
vt 0.04490625 0.9971875
vt 0.01759375 0.9971875
vt 0.04401875 0.995775
vt 0.0599375 0.97575625
vt 0.0619375 0.9758875
vt 0.04490625 0.9971875
vt 0.39975625 0.6875
vt 0.37575625 0.6875
vt 0.375 0.625
vt 0.4006 0.625
vt 0.52475 0.875
vt 0.500775 0.875
vt 0.5 0.8125
vt 0.52554375 0.8125
vt 0.530475 1
vt 0.5065 1
vt 0.50570625 0.9375
vt 0.53125 0.9375
vt 0.28049375 0.625
vt 0.25649375 0.625
vt 0.25565 0.5625
vt 0.28125 0.5625
vt 0.3998375 0.5625
vt 0.37585 0.5625
vt 0.375 0.5
vt 0.400575 0.5
vt 0.27760625 0.5
vt 0.25364375 0.5
vt 0.25285625 0.4375
vt 0.27839375 0.4375
vt 0.0304 0.5625
vt 0.0064125 0.5625
vt 0.005675 0.5
vt 0.03125 0.5
vt 0.42926875 0.791625
vt 0.414325 0.8103875
vt 0.40234375 0.7854687499999999
vt 0.002721875 0.746875
vt 0.00115 0.739930625
vt 0.03125 0.739944375
vt 0.029996875 0.746875
vt 0.04490625 0.8153125
vt 0.0619375 0.8366125
vt 0.03125 0.8436
vt 0.4239375 0.7682249999999999
vt 0.42926875 0.791625
vt 0.40234375 0.7854687499999999
vt 0.251570625 0.809375
vt 0.25 0.802506875
vt 0.2801 0.8025
vt 0.278820625 0.809375
vt 0.0619375 0.8366125
vt 0.0558625 0.863175
vt 0.03125 0.8436
vt 0.40234375 0.7578125
vt 0.4239375 0.7682249999999999
vt 0.40234375 0.7854687499999999
vt 0.126440625 0.621875
vt 0.125 0.615031875
vt 0.1551 0.615018125
vt 0.153746875 0.621875
vt 0.0558625 0.863175
vt 0.03125 0.875
vt 0.03125 0.8436
vt 0.38075 0.7682249999999999
vt 0.40234375 0.7578125
vt 0.40234375 0.7854687499999999
vt 0.377503125 0.996875
vt 0.37615 0.990018125
vt 0.40625 0.990031875
vt 0.404809375 0.996875
vt 0.03125 0.875
vt 0.0066375 0.863175
vt 0.03125 0.8436
vt 0.37541875 0.791625
vt 0.38075 0.7682249999999999
vt 0.40234375 0.7854687499999999
vt 0.252429375 0.996875
vt 0.25115 0.99
vt 0.28125 0.990006875
vt 0.279679375 0.996875
vt 0.0066375 0.863175
vt 0.0005625 0.8366125
vt 0.03125 0.8436
vt 0.3903625 0.8103875
vt 0.37541875 0.791625
vt 0.40234375 0.7854687499999999
vt 0.126253125 0.809375
vt 0.125 0.802438125
vt 0.1551 0.802424375
vt 0.153528125 0.809375
vt 0.0005625 0.8366125
vt 0.01759375 0.8153125
vt 0.03125 0.8436
vt 0.414325 0.8103875
vt 0.3903625 0.8103875
vt 0.40234375 0.7854687499999999
vt 0.12696875 0.996875
vt 0.125575 0.9898875
vt 0.155675 0.9898875
vt 0.15428125 0.996875
vt 0.01759375 0.8153125
vt 0.04490625 0.8153125
vt 0.03125 0.8436
vt 0.15370375 0.52735
vt 0.15438125 0.5337562499999999
vt 0.12568125 0.533769375
vt 0.1263975 0.5273687499999999
vt 0.15438125 0.5337562499999999
vt 0.1551 0.615018125
vt 0.125 0.615031875
vt 0.12568125 0.533769375
vt 0.27879875 0.714825
vt 0.2794375 0.7212375
vt 0.2507625 0.72124375
vt 0.25154875 0.7148375
vt 0.2794375 0.7212375
vt 0.2801 0.8025
vt 0.25 0.802506875
vt 0.25076875 0.72124375
vt 0.03004 0.65225625
vt 0.0306625 0.65868125
vt 0.001975 0.6586681249999999
vt 0.002765 0.6522375
vt 0.0306625 0.65868125
vt 0.03125 0.739944375
vt 0.00115 0.739930625
vt 0.001975 0.6586681249999999
vt 0.15428125 0.902175
vt 0.15498125 0.90861875
vt 0.12626875 0.90861875
vt 0.12696875 0.902175
vt 0.15498125 0.90861875
vt 0.155675 0.9898875
vt 0.125575 0.9898875
vt 0.12626875 0.90861875
vt 0.153485 0.71473125
vt 0.154275 0.721161875
vt 0.1255875 0.721175
vt 0.12621 0.71475
vt 0.154275 0.721161875
vt 0.1551 0.802424375
vt 0.125 0.802438125
vt 0.1255875 0.721175
vt 0.279695 0.90233125
vt 0.28048125 0.90874375
vt 0.25180625 0.9087375
vt 0.252445 0.902325
vt 0.28048125 0.90874375
vt 0.28125 0.990006875
vt 0.25115 0.99
vt 0.2518125 0.9087375
vt 0.4048525 0.9023687499999999
vt 0.40556875 0.908769375
vt 0.37686875 0.90875625
vt 0.37754625 0.90235
vt 0.40556875 0.908769375
vt 0.40625 0.990031875
vt 0.37615 0.990018125
vt 0.37686875 0.90875625
vt 0.029996875 0.75
vt 0.002721875 0.75
vt 0.002721875 0.746875
vt 0.029996875 0.746875
vt 0.153740625 0.625
vt 0.126440625 0.625
vt 0.126440625 0.621875
vt 0.153740625 0.621875
vt 0.404803125 1
vt 0.377503125 1
vt 0.377503125 0.996875
vt 0.404803125 0.996875
vt 0.279679375 1
vt 0.252429375 1
vt 0.252429375 0.996875
vt 0.279679375 0.996875
vt 0.153528125 0.8125
vt 0.126253125 0.8125
vt 0.126253125 0.809375
vt 0.153528125 0.809375
vt 0.15428125 1
vt 0.12696875 1
vt 0.12696875 0.996875
vt 0.15428125 0.996875
vt 0.278820625 0.8125
vt 0.251570625 0.8125
vt 0.251570625 0.809375
vt 0.278820625 0.809375
vt 0.0599375 0.97575625
vt 0.05425625 0.9508
vt 0.0558625 0.949325
vt 0.0619375 0.9758875
vt 0.05425625 0.9508
vt 0.03125 0.93969375
vt 0.03125 0.9375
vt 0.0558625 0.949325
vt 0.03125 0.93969375
vt 0.00824375 0.9508
vt 0.0066375 0.949325
vt 0.03125 0.9375
vt 0.00824375 0.9508
vt 0.0025625 0.97575625
vt 0.0005625 0.9758875
vt 0.0066375 0.949325
vt 0.0025625 0.97575625
vt 0.01848125 0.995775
vt 0.01759375 0.9971875
vt 0.0005625 0.9758875
vt 0.01848125 0.995775
vt 0.04401875 0.995775
vt 0.04490625 0.9971875
vt 0.01759375 0.9971875
vt 0.04401875 0.995775
vt 0.0599375 0.97575625
vt 0.0619375 0.9758875
vt 0.04490625 0.9971875
vt 0.39975625 0.6875
vt 0.37575625 0.6875
vt 0.375 0.625
vt 0.4006 0.625
vt 0.52475 0.875
vt 0.500775 0.875
vt 0.5 0.8125
vt 0.52554375 0.8125
vt 0.530475 1
vt 0.5065 1
vt 0.50570625 0.9375
vt 0.53125 0.9375
vt 0.28049375 0.625
vt 0.25649375 0.625
vt 0.25565 0.5625
vt 0.28125 0.5625
vt 0.3998375 0.5625
vt 0.37585 0.5625
vt 0.375 0.5
vt 0.400575 0.5
vt 0.27760625 0.5
vt 0.25364375 0.5
vt 0.25285625 0.4375
vt 0.27839375 0.4375
vt 0.0304 0.5625
vt 0.0064125 0.5625
vt 0.005675 0.5
vt 0.03125 0.5
vt 0.42926875 0.791625
vt 0.414325 0.8103875
vt 0.40234375 0.7854687499999999
vt 0.002721875 0.746875
vt 0.00115 0.739930625
vt 0.03125 0.739944375
vt 0.029996875 0.746875
vt 0.04490625 0.8153125
vt 0.0619375 0.8366125
vt 0.03125 0.8436
vt 0.4239375 0.7682249999999999
vt 0.42926875 0.791625
vt 0.40234375 0.7854687499999999
vt 0.251570625 0.809375
vt 0.25 0.802506875
vt 0.2801 0.8025
vt 0.278820625 0.809375
vt 0.0619375 0.8366125
vt 0.0558625 0.863175
vt 0.03125 0.8436
vt 0.40234375 0.7578125
vt 0.4239375 0.7682249999999999
vt 0.40234375 0.7854687499999999
vt 0.126440625 0.621875
vt 0.125 0.615031875
vt 0.1551 0.615018125
vt 0.153746875 0.621875
vt 0.0558625 0.863175
vt 0.03125 0.875
vt 0.03125 0.8436
vt 0.38075 0.7682249999999999
vt 0.40234375 0.7578125
vt 0.40234375 0.7854687499999999
vt 0.377503125 0.996875
vt 0.37615 0.990018125
vt 0.40625 0.990031875
vt 0.404809375 0.996875
vt 0.03125 0.875
vt 0.0066375 0.863175
vt 0.03125 0.8436
vt 0.37541875 0.791625
vt 0.38075 0.7682249999999999
vt 0.40234375 0.7854687499999999
vt 0.252429375 0.996875
vt 0.25115 0.99
vt 0.28125 0.990006875
vt 0.279679375 0.996875
vt 0.0066375 0.863175
vt 0.0005625 0.8366125
vt 0.03125 0.8436
vt 0.3903625 0.8103875
vt 0.37541875 0.791625
vt 0.40234375 0.7854687499999999
vt 0.126253125 0.809375
vt 0.125 0.802438125
vt 0.1551 0.802424375
vt 0.153528125 0.809375
vt 0.0005625 0.8366125
vt 0.01759375 0.8153125
vt 0.03125 0.8436
vt 0.414325 0.8103875
vt 0.3903625 0.8103875
vt 0.40234375 0.7854687499999999
vt 0.12696875 0.996875
vt 0.125575 0.9898875
vt 0.155675 0.9898875
vt 0.15428125 0.996875
vt 0.01759375 0.8153125
vt 0.04490625 0.8153125
vt 0.03125 0.8436
vt 0.15370375 0.52735
vt 0.15438125 0.5337562499999999
vt 0.12568125 0.533769375
vt 0.1263975 0.5273687499999999
vt 0.15438125 0.5337562499999999
vt 0.1551 0.615018125
vt 0.125 0.615031875
vt 0.12568125 0.533769375
vt 0.27879875 0.714825
vt 0.2794375 0.7212375
vt 0.2507625 0.72124375
vt 0.25154875 0.7148375
vt 0.2794375 0.7212375
vt 0.2801 0.8025
vt 0.25 0.802506875
vt 0.25076875 0.72124375
vt 0.03004 0.65225625
vt 0.0306625 0.65868125
vt 0.001975 0.6586681249999999
vt 0.002765 0.6522375
vt 0.0306625 0.65868125
vt 0.03125 0.739944375
vt 0.00115 0.739930625
vt 0.001975 0.6586681249999999
vt 0.15428125 0.902175
vt 0.15498125 0.90861875
vt 0.12626875 0.90861875
vt 0.12696875 0.902175
vt 0.15498125 0.90861875
vt 0.155675 0.9898875
vt 0.125575 0.9898875
vt 0.12626875 0.90861875
vt 0.153485 0.71473125
vt 0.154275 0.721161875
vt 0.1255875 0.721175
vt 0.12621 0.71475
vt 0.154275 0.721161875
vt 0.1551 0.802424375
vt 0.125 0.802438125
vt 0.1255875 0.721175
vt 0.279695 0.90233125
vt 0.28048125 0.90874375
vt 0.25180625 0.9087375
vt 0.252445 0.902325
vt 0.28048125 0.90874375
vt 0.28125 0.990006875
vt 0.25115 0.99
vt 0.2518125 0.9087375
vt 0.4048525 0.9023687499999999
vt 0.40556875 0.908769375
vt 0.37686875 0.90875625
vt 0.37754625 0.90235
vt 0.40556875 0.908769375
vt 0.40625 0.990031875
vt 0.37615 0.990018125
vt 0.37686875 0.90875625
vt 0.029996875 0.75
vt 0.002721875 0.75
vt 0.002721875 0.746875
vt 0.029996875 0.746875
vt 0.153740625 0.625
vt 0.126440625 0.625
vt 0.126440625 0.621875
vt 0.153740625 0.621875
vt 0.404803125 1
vt 0.377503125 1
vt 0.377503125 0.996875
vt 0.404803125 0.996875
vt 0.279679375 1
vt 0.252429375 1
vt 0.252429375 0.996875
vt 0.279679375 0.996875
vt 0.153528125 0.8125
vt 0.126253125 0.8125
vt 0.126253125 0.809375
vt 0.153528125 0.809375
vt 0.15428125 1
vt 0.12696875 1
vt 0.12696875 0.996875
vt 0.15428125 0.996875
vt 0.278820625 0.8125
vt 0.251570625 0.8125
vt 0.251570625 0.809375
vt 0.278820625 0.809375
vt 0.0599375 0.97575625
vt 0.05425625 0.9508
vt 0.0558625 0.949325
vt 0.0619375 0.9758875
vt 0.05425625 0.9508
vt 0.03125 0.93969375
vt 0.03125 0.9375
vt 0.0558625 0.949325
vt 0.03125 0.93969375
vt 0.00824375 0.9508
vt 0.0066375 0.949325
vt 0.03125 0.9375
vt 0.00824375 0.9508
vt 0.0025625 0.97575625
vt 0.0005625 0.9758875
vt 0.0066375 0.949325
vt 0.0025625 0.97575625
vt 0.01848125 0.995775
vt 0.01759375 0.9971875
vt 0.0005625 0.9758875
vt 0.01848125 0.995775
vt 0.04401875 0.995775
vt 0.04490625 0.9971875
vt 0.01759375 0.9971875
vt 0.04401875 0.995775
vt 0.0599375 0.97575625
vt 0.0619375 0.9758875
vt 0.04490625 0.9971875
vt 0.39975625 0.6875
vt 0.37575625 0.6875
vt 0.375 0.625
vt 0.4006 0.625
vt 0.52475 0.875
vt 0.500775 0.875
vt 0.5 0.8125
vt 0.52554375 0.8125
vt 0.530475 1
vt 0.5065 1
vt 0.50570625 0.9375
vt 0.53125 0.9375
vt 0.28049375 0.625
vt 0.25649375 0.625
vt 0.25565 0.5625
vt 0.28125 0.5625
vt 0.3998375 0.5625
vt 0.37585 0.5625
vt 0.375 0.5
vt 0.400575 0.5
vt 0.27760625 0.5
vt 0.25364375 0.5
vt 0.25285625 0.4375
vt 0.27839375 0.4375
vt 0.0304 0.5625
vt 0.0064125 0.5625
vt 0.005675 0.5
vt 0.03125 0.5
vt 0.42926875 0.791625
vt 0.414325 0.8103875
vt 0.40234375 0.7854687499999999
vt 0.002721875 0.746875
vt 0.00115 0.739930625
vt 0.03125 0.739944375
vt 0.029996875 0.746875
vt 0.04490625 0.8153125
vt 0.0619375 0.8366125
vt 0.03125 0.8436
vt 0.4239375 0.7682249999999999
vt 0.42926875 0.791625
vt 0.40234375 0.7854687499999999
vt 0.251570625 0.809375
vt 0.25 0.802506875
vt 0.2801 0.8025
vt 0.278820625 0.809375
vt 0.0619375 0.8366125
vt 0.0558625 0.863175
vt 0.03125 0.8436
vt 0.40234375 0.7578125
vt 0.4239375 0.7682249999999999
vt 0.40234375 0.7854687499999999
vt 0.126440625 0.621875
vt 0.125 0.615031875
vt 0.1551 0.615018125
vt 0.153746875 0.621875
vt 0.0558625 0.863175
vt 0.03125 0.875
vt 0.03125 0.8436
vt 0.38075 0.7682249999999999
vt 0.40234375 0.7578125
vt 0.40234375 0.7854687499999999
vt 0.377503125 0.996875
vt 0.37615 0.990018125
vt 0.40625 0.990031875
vt 0.404809375 0.996875
vt 0.03125 0.875
vt 0.0066375 0.863175
vt 0.03125 0.8436
vt 0.37541875 0.791625
vt 0.38075 0.7682249999999999
vt 0.40234375 0.7854687499999999
vt 0.252429375 0.996875
vt 0.25115 0.99
vt 0.28125 0.990006875
vt 0.279679375 0.996875
vt 0.0066375 0.863175
vt 0.0005625 0.8366125
vt 0.03125 0.8436
vt 0.3903625 0.8103875
vt 0.37541875 0.791625
vt 0.40234375 0.7854687499999999
vt 0.126253125 0.809375
vt 0.125 0.802438125
vt 0.1551 0.802424375
vt 0.153528125 0.809375
vt 0.0005625 0.8366125
vt 0.01759375 0.8153125
vt 0.03125 0.8436
vt 0.414325 0.8103875
vt 0.3903625 0.8103875
vt 0.40234375 0.7854687499999999
vt 0.12696875 0.996875
vt 0.125575 0.9898875
vt 0.155675 0.9898875
vt 0.15428125 0.996875
vt 0.01759375 0.8153125
vt 0.04490625 0.8153125
vt 0.03125 0.8436
vt 0.15370375 0.52735
vt 0.15438125 0.5337562499999999
vt 0.12568125 0.533769375
vt 0.1263975 0.5273687499999999
vt 0.15438125 0.5337562499999999
vt 0.1551 0.615018125
vt 0.125 0.615031875
vt 0.12568125 0.533769375
vt 0.27879875 0.714825
vt 0.2794375 0.7212375
vt 0.2507625 0.72124375
vt 0.25154875 0.7148375
vt 0.2794375 0.7212375
vt 0.2801 0.8025
vt 0.25 0.802506875
vt 0.25076875 0.72124375
vt 0.03004 0.65225625
vt 0.0306625 0.65868125
vt 0.001975 0.6586681249999999
vt 0.002765 0.6522375
vt 0.0306625 0.65868125
vt 0.03125 0.739944375
vt 0.00115 0.739930625
vt 0.001975 0.6586681249999999
vt 0.15428125 0.902175
vt 0.15498125 0.90861875
vt 0.12626875 0.90861875
vt 0.12696875 0.902175
vt 0.15498125 0.90861875
vt 0.155675 0.9898875
vt 0.125575 0.9898875
vt 0.12626875 0.90861875
vt 0.153485 0.71473125
vt 0.154275 0.721161875
vt 0.1255875 0.721175
vt 0.12621 0.71475
vt 0.154275 0.721161875
vt 0.1551 0.802424375
vt 0.125 0.802438125
vt 0.1255875 0.721175
vt 0.279695 0.90233125
vt 0.28048125 0.90874375
vt 0.25180625 0.9087375
vt 0.252445 0.902325
vt 0.28048125 0.90874375
vt 0.28125 0.990006875
vt 0.25115 0.99
vt 0.2518125 0.9087375
vt 0.4048525 0.9023687499999999
vt 0.40556875 0.908769375
vt 0.37686875 0.90875625
vt 0.37754625 0.90235
vt 0.40556875 0.908769375
vt 0.40625 0.990031875
vt 0.37615 0.990018125
vt 0.37686875 0.90875625
vt 0.029996875 0.75
vt 0.002721875 0.75
vt 0.002721875 0.746875
vt 0.029996875 0.746875
vt 0.153740625 0.625
vt 0.126440625 0.625
vt 0.126440625 0.621875
vt 0.153740625 0.621875
vt 0.404803125 1
vt 0.377503125 1
vt 0.377503125 0.996875
vt 0.404803125 0.996875
vt 0.279679375 1
vt 0.252429375 1
vt 0.252429375 0.996875
vt 0.279679375 0.996875
vt 0.153528125 0.8125
vt 0.126253125 0.8125
vt 0.126253125 0.809375
vt 0.153528125 0.809375
vt 0.15428125 1
vt 0.12696875 1
vt 0.12696875 0.996875
vt 0.15428125 0.996875
vt 0.278820625 0.8125
vt 0.251570625 0.8125
vt 0.251570625 0.809375
vt 0.278820625 0.809375
vt 0.0599375 0.97575625
vt 0.05425625 0.9508
vt 0.0558625 0.949325
vt 0.0619375 0.9758875
vt 0.05425625 0.9508
vt 0.03125 0.93969375
vt 0.03125 0.9375
vt 0.0558625 0.949325
vt 0.03125 0.93969375
vt 0.00824375 0.9508
vt 0.0066375 0.949325
vt 0.03125 0.9375
vt 0.00824375 0.9508
vt 0.0025625 0.97575625
vt 0.0005625 0.9758875
vt 0.0066375 0.949325
vt 0.0025625 0.97575625
vt 0.01848125 0.995775
vt 0.01759375 0.9971875
vt 0.0005625 0.9758875
vt 0.01848125 0.995775
vt 0.04401875 0.995775
vt 0.04490625 0.9971875
vt 0.01759375 0.9971875
vt 0.04401875 0.995775
vt 0.0599375 0.97575625
vt 0.0619375 0.9758875
vt 0.04490625 0.9971875
vt 0.39975625 0.6875
vt 0.37575625 0.6875
vt 0.375 0.625
vt 0.4006 0.625
vt 0.52475 0.875
vt 0.500775 0.875
vt 0.5 0.8125
vt 0.52554375 0.8125
vt 0.530475 1
vt 0.5065 1
vt 0.50570625 0.9375
vt 0.53125 0.9375
vt 0.28049375 0.625
vt 0.25649375 0.625
vt 0.25565 0.5625
vt 0.28125 0.5625
vt 0.3998375 0.5625
vt 0.37585 0.5625
vt 0.375 0.5
vt 0.400575 0.5
vt 0.27760625 0.5
vt 0.25364375 0.5
vt 0.25285625 0.4375
vt 0.27839375 0.4375
vt 0.0304 0.5625
vt 0.0064125 0.5625
vt 0.005675 0.5
vt 0.03125 0.5
vt 0.42926875 0.791625
vt 0.414325 0.8103875
vt 0.40234375 0.7854687499999999
vt 0.002721875 0.746875
vt 0.00115 0.739930625
vt 0.03125 0.739944375
vt 0.029996875 0.746875
vt 0.04490625 0.8153125
vt 0.0619375 0.8366125
vt 0.03125 0.8436
vt 0.4239375 0.7682249999999999
vt 0.42926875 0.791625
vt 0.40234375 0.7854687499999999
vt 0.251570625 0.809375
vt 0.25 0.802506875
vt 0.2801 0.8025
vt 0.278820625 0.809375
vt 0.0619375 0.8366125
vt 0.0558625 0.863175
vt 0.03125 0.8436
vt 0.40234375 0.7578125
vt 0.4239375 0.7682249999999999
vt 0.40234375 0.7854687499999999
vt 0.126440625 0.621875
vt 0.125 0.615031875
vt 0.1551 0.615018125
vt 0.153746875 0.621875
vt 0.0558625 0.863175
vt 0.03125 0.875
vt 0.03125 0.8436
vt 0.38075 0.7682249999999999
vt 0.40234375 0.7578125
vt 0.40234375 0.7854687499999999
vt 0.377503125 0.996875
vt 0.37615 0.990018125
vt 0.40625 0.990031875
vt 0.404809375 0.996875
vt 0.03125 0.875
vt 0.0066375 0.863175
vt 0.03125 0.8436
vt 0.37541875 0.791625
vt 0.38075 0.7682249999999999
vt 0.40234375 0.7854687499999999
vt 0.252429375 0.996875
vt 0.25115 0.99
vt 0.28125 0.990006875
vt 0.279679375 0.996875
vt 0.0066375 0.863175
vt 0.0005625 0.8366125
vt 0.03125 0.8436
vt 0.3903625 0.8103875
vt 0.37541875 0.791625
vt 0.40234375 0.7854687499999999
vt 0.126253125 0.809375
vt 0.125 0.802438125
vt 0.1551 0.802424375
vt 0.153528125 0.809375
vt 0.0005625 0.8366125
vt 0.01759375 0.8153125
vt 0.03125 0.8436
vt 0.414325 0.8103875
vt 0.3903625 0.8103875
vt 0.40234375 0.7854687499999999
vt 0.12696875 0.996875
vt 0.125575 0.9898875
vt 0.155675 0.9898875
vt 0.15428125 0.996875
vt 0.01759375 0.8153125
vt 0.04490625 0.8153125
vt 0.03125 0.8436
vt 0.15370375 0.52735
vt 0.15438125 0.5337562499999999
vt 0.12568125 0.533769375
vt 0.1263975 0.5273687499999999
vt 0.15438125 0.5337562499999999
vt 0.1551 0.615018125
vt 0.125 0.615031875
vt 0.12568125 0.533769375
vt 0.27879875 0.714825
vt 0.2794375 0.7212375
vt 0.2507625 0.72124375
vt 0.25154875 0.7148375
vt 0.2794375 0.7212375
vt 0.2801 0.8025
vt 0.25 0.802506875
vt 0.25076875 0.72124375
vt 0.03004 0.65225625
vt 0.0306625 0.65868125
vt 0.001975 0.6586681249999999
vt 0.002765 0.6522375
vt 0.0306625 0.65868125
vt 0.03125 0.739944375
vt 0.00115 0.739930625
vt 0.001975 0.6586681249999999
vt 0.15428125 0.902175
vt 0.15498125 0.90861875
vt 0.12626875 0.90861875
vt 0.12696875 0.902175
vt 0.15498125 0.90861875
vt 0.155675 0.9898875
vt 0.125575 0.9898875
vt 0.12626875 0.90861875
vt 0.153485 0.71473125
vt 0.154275 0.721161875
vt 0.1255875 0.721175
vt 0.12621 0.71475
vt 0.154275 0.721161875
vt 0.1551 0.802424375
vt 0.125 0.802438125
vt 0.1255875 0.721175
vt 0.279695 0.90233125
vt 0.28048125 0.90874375
vt 0.25180625 0.9087375
vt 0.252445 0.902325
vt 0.28048125 0.90874375
vt 0.28125 0.990006875
vt 0.25115 0.99
vt 0.2518125 0.9087375
vt 0.4048525 0.9023687499999999
vt 0.40556875 0.908769375
vt 0.37686875 0.90875625
vt 0.37754625 0.90235
vt 0.40556875 0.908769375
vt 0.40625 0.990031875
vt 0.37615 0.990018125
vt 0.37686875 0.90875625
vt 0.029996875 0.75
vt 0.002721875 0.75
vt 0.002721875 0.746875
vt 0.029996875 0.746875
vt 0.153740625 0.625
vt 0.126440625 0.625
vt 0.126440625 0.621875
vt 0.153740625 0.621875
vt 0.404803125 1
vt 0.377503125 1
vt 0.377503125 0.996875
vt 0.404803125 0.996875
vt 0.279679375 1
vt 0.252429375 1
vt 0.252429375 0.996875
vt 0.279679375 0.996875
vt 0.153528125 0.8125
vt 0.126253125 0.8125
vt 0.126253125 0.809375
vt 0.153528125 0.809375
vt 0.15428125 1
vt 0.12696875 1
vt 0.12696875 0.996875
vt 0.15428125 0.996875
vt 0.278820625 0.8125
vt 0.251570625 0.8125
vt 0.251570625 0.809375
vt 0.278820625 0.809375
vt 0.0599375 0.97575625
vt 0.05425625 0.9508
vt 0.0558625 0.949325
vt 0.0619375 0.9758875
vt 0.05425625 0.9508
vt 0.03125 0.93969375
vt 0.03125 0.9375
vt 0.0558625 0.949325
vt 0.03125 0.93969375
vt 0.00824375 0.9508
vt 0.0066375 0.949325
vt 0.03125 0.9375
vt 0.00824375 0.9508
vt 0.0025625 0.97575625
vt 0.0005625 0.9758875
vt 0.0066375 0.949325
vt 0.0025625 0.97575625
vt 0.01848125 0.995775
vt 0.01759375 0.9971875
vt 0.0005625 0.9758875
vt 0.01848125 0.995775
vt 0.04401875 0.995775
vt 0.04490625 0.9971875
vt 0.01759375 0.9971875
vt 0.04401875 0.995775
vt 0.0599375 0.97575625
vt 0.0619375 0.9758875
vt 0.04490625 0.9971875
vt 0.39975625 0.6875
vt 0.37575625 0.6875
vt 0.375 0.625
vt 0.4006 0.625
vt 0.52475 0.875
vt 0.500775 0.875
vt 0.5 0.8125
vt 0.52554375 0.8125
vt 0.530475 1
vt 0.5065 1
vt 0.50570625 0.9375
vt 0.53125 0.9375
vt 0.28049375 0.625
vt 0.25649375 0.625
vt 0.25565 0.5625
vt 0.28125 0.5625
vt 0.3998375 0.5625
vt 0.37585 0.5625
vt 0.375 0.5
vt 0.400575 0.5
vt 0.27760625 0.5
vt 0.25364375 0.5
vt 0.25285625 0.4375
vt 0.27839375 0.4375
vt 0.0304 0.5625
vt 0.0064125 0.5625
vt 0.005675 0.5
vt 0.03125 0.5
vt 0.42926875 0.791625
vt 0.414325 0.8103875
vt 0.40234375 0.7854687499999999
vt 0.002721875 0.746875
vt 0.00115 0.739930625
vt 0.03125 0.739944375
vt 0.029996875 0.746875
vt 0.04490625 0.8153125
vt 0.0619375 0.8366125
vt 0.03125 0.8436
vt 0.4239375 0.7682249999999999
vt 0.42926875 0.791625
vt 0.40234375 0.7854687499999999
vt 0.251570625 0.809375
vt 0.25 0.802506875
vt 0.2801 0.8025
vt 0.278820625 0.809375
vt 0.0619375 0.8366125
vt 0.0558625 0.863175
vt 0.03125 0.8436
vt 0.40234375 0.7578125
vt 0.4239375 0.7682249999999999
vt 0.40234375 0.7854687499999999
vt 0.126440625 0.621875
vt 0.125 0.615031875
vt 0.1551 0.615018125
vt 0.153746875 0.621875
vt 0.0558625 0.863175
vt 0.03125 0.875
vt 0.03125 0.8436
vt 0.38075 0.7682249999999999
vt 0.40234375 0.7578125
vt 0.40234375 0.7854687499999999
vt 0.377503125 0.996875
vt 0.37615 0.990018125
vt 0.40625 0.990031875
vt 0.404809375 0.996875
vt 0.03125 0.875
vt 0.0066375 0.863175
vt 0.03125 0.8436
vt 0.37541875 0.791625
vt 0.38075 0.7682249999999999
vt 0.40234375 0.7854687499999999
vt 0.252429375 0.996875
vt 0.25115 0.99
vt 0.28125 0.990006875
vt 0.279679375 0.996875
vt 0.0066375 0.863175
vt 0.0005625 0.8366125
vt 0.03125 0.8436
vt 0.3903625 0.8103875
vt 0.37541875 0.791625
vt 0.40234375 0.7854687499999999
vt 0.126253125 0.809375
vt 0.125 0.802438125
vt 0.1551 0.802424375
vt 0.153528125 0.809375
vt 0.0005625 0.8366125
vt 0.01759375 0.8153125
vt 0.03125 0.8436
vt 0.414325 0.8103875
vt 0.3903625 0.8103875
vt 0.40234375 0.7854687499999999
vt 0.12696875 0.996875
vt 0.125575 0.9898875
vt 0.155675 0.9898875
vt 0.15428125 0.996875
vt 0.01759375 0.8153125
vt 0.04490625 0.8153125
vt 0.03125 0.8436
vt 0.15370375 0.52735
vt 0.15438125 0.5337562499999999
vt 0.12568125 0.533769375
vt 0.1263975 0.5273687499999999
vt 0.15438125 0.5337562499999999
vt 0.1551 0.615018125
vt 0.125 0.615031875
vt 0.12568125 0.533769375
vt 0.27879875 0.714825
vt 0.2794375 0.7212375
vt 0.2507625 0.72124375
vt 0.25154875 0.7148375
vt 0.2794375 0.7212375
vt 0.2801 0.8025
vt 0.25 0.802506875
vt 0.25076875 0.72124375
vt 0.03004 0.65225625
vt 0.0306625 0.65868125
vt 0.001975 0.6586681249999999
vt 0.002765 0.6522375
vt 0.0306625 0.65868125
vt 0.03125 0.739944375
vt 0.00115 0.739930625
vt 0.001975 0.6586681249999999
vt 0.15428125 0.902175
vt 0.15498125 0.90861875
vt 0.12626875 0.90861875
vt 0.12696875 0.902175
vt 0.15498125 0.90861875
vt 0.155675 0.9898875
vt 0.125575 0.9898875
vt 0.12626875 0.90861875
vt 0.153485 0.71473125
vt 0.154275 0.721161875
vt 0.1255875 0.721175
vt 0.12621 0.71475
vt 0.154275 0.721161875
vt 0.1551 0.802424375
vt 0.125 0.802438125
vt 0.1255875 0.721175
vt 0.279695 0.90233125
vt 0.28048125 0.90874375
vt 0.25180625 0.9087375
vt 0.252445 0.902325
vt 0.28048125 0.90874375
vt 0.28125 0.990006875
vt 0.25115 0.99
vt 0.2518125 0.9087375
vt 0.4048525 0.9023687499999999
vt 0.40556875 0.908769375
vt 0.37686875 0.90875625
vt 0.37754625 0.90235
vt 0.40556875 0.908769375
vt 0.40625 0.990031875
vt 0.37615 0.990018125
vt 0.37686875 0.90875625
vt 0.029996875 0.75
vt 0.002721875 0.75
vt 0.002721875 0.746875
vt 0.029996875 0.746875
vt 0.153740625 0.625
vt 0.126440625 0.625
vt 0.126440625 0.621875
vt 0.153740625 0.621875
vt 0.404803125 1
vt 0.377503125 1
vt 0.377503125 0.996875
vt 0.404803125 0.996875
vt 0.279679375 1
vt 0.252429375 1
vt 0.252429375 0.996875
vt 0.279679375 0.996875
vt 0.153528125 0.8125
vt 0.126253125 0.8125
vt 0.126253125 0.809375
vt 0.153528125 0.809375
vt 0.15428125 1
vt 0.12696875 1
vt 0.12696875 0.996875
vt 0.15428125 0.996875
vt 0.278820625 0.8125
vt 0.251570625 0.8125
vt 0.251570625 0.809375
vt 0.278820625 0.809375
vt 0.0599375 0.97575625
vt 0.05425625 0.9508
vt 0.0558625 0.949325
vt 0.0619375 0.9758875
vt 0.05425625 0.9508
vt 0.03125 0.93969375
vt 0.03125 0.9375
vt 0.0558625 0.949325
vt 0.03125 0.93969375
vt 0.00824375 0.9508
vt 0.0066375 0.949325
vt 0.03125 0.9375
vt 0.00824375 0.9508
vt 0.0025625 0.97575625
vt 0.0005625 0.9758875
vt 0.0066375 0.949325
vt 0.0025625 0.97575625
vt 0.01848125 0.995775
vt 0.01759375 0.9971875
vt 0.0005625 0.9758875
vt 0.01848125 0.995775
vt 0.04401875 0.995775
vt 0.04490625 0.9971875
vt 0.01759375 0.9971875
vt 0.04401875 0.995775
vt 0.0599375 0.97575625
vt 0.0619375 0.9758875
vt 0.04490625 0.9971875
vt 0.39975625 0.6875
vt 0.37575625 0.6875
vt 0.375 0.625
vt 0.4006 0.625
vt 0.52475 0.875
vt 0.500775 0.875
vt 0.5 0.8125
vt 0.52554375 0.8125
vt 0.530475 1
vt 0.5065 1
vt 0.50570625 0.9375
vt 0.53125 0.9375
vt 0.28049375 0.625
vt 0.25649375 0.625
vt 0.25565 0.5625
vt 0.28125 0.5625
vt 0.3998375 0.5625
vt 0.37585 0.5625
vt 0.375 0.5
vt 0.400575 0.5
vt 0.27760625 0.5
vt 0.25364375 0.5
vt 0.25285625 0.4375
vt 0.27839375 0.4375
vt 0.0304 0.5625
vt 0.0064125 0.5625
vt 0.005675 0.5
vt 0.03125 0.5
vt 0.42926875 0.791625
vt 0.414325 0.8103875
vt 0.40234375 0.7854687499999999
vt 0.002721875 0.746875
vt 0.00115 0.739930625
vt 0.03125 0.739944375
vt 0.029996875 0.746875
vt 0.04490625 0.8153125
vt 0.0619375 0.8366125
vt 0.03125 0.8436
vt 0.4239375 0.7682249999999999
vt 0.42926875 0.791625
vt 0.40234375 0.7854687499999999
vt 0.251570625 0.809375
vt 0.25 0.802506875
vt 0.2801 0.8025
vt 0.278820625 0.809375
vt 0.0619375 0.8366125
vt 0.0558625 0.863175
vt 0.03125 0.8436
vt 0.40234375 0.7578125
vt 0.4239375 0.7682249999999999
vt 0.40234375 0.7854687499999999
vt 0.126440625 0.621875
vt 0.125 0.615031875
vt 0.1551 0.615018125
vt 0.153746875 0.621875
vt 0.0558625 0.863175
vt 0.03125 0.875
vt 0.03125 0.8436
vt 0.38075 0.7682249999999999
vt 0.40234375 0.7578125
vt 0.40234375 0.7854687499999999
vt 0.377503125 0.996875
vt 0.37615 0.990018125
vt 0.40625 0.990031875
vt 0.404809375 0.996875
vt 0.03125 0.875
vt 0.0066375 0.863175
vt 0.03125 0.8436
vt 0.37541875 0.791625
vt 0.38075 0.7682249999999999
vt 0.40234375 0.7854687499999999
vt 0.252429375 0.996875
vt 0.25115 0.99
vt 0.28125 0.990006875
vt 0.279679375 0.996875
vt 0.0066375 0.863175
vt 0.0005625 0.8366125
vt 0.03125 0.8436
vt 0.3903625 0.8103875
vt 0.37541875 0.791625
vt 0.40234375 0.7854687499999999
vt 0.126253125 0.809375
vt 0.125 0.802438125
vt 0.1551 0.802424375
vt 0.153528125 0.809375
vt 0.0005625 0.8366125
vt 0.01759375 0.8153125
vt 0.03125 0.8436
vt 0.414325 0.8103875
vt 0.3903625 0.8103875
vt 0.40234375 0.7854687499999999
vt 0.12696875 0.996875
vt 0.125575 0.9898875
vt 0.155675 0.9898875
vt 0.15428125 0.996875
vt 0.01759375 0.8153125
vt 0.04490625 0.8153125
vt 0.03125 0.8436
vt 0.15370375 0.52735
vt 0.15438125 0.5337562499999999
vt 0.12568125 0.533769375
vt 0.1263975 0.5273687499999999
vt 0.15438125 0.5337562499999999
vt 0.1551 0.615018125
vt 0.125 0.615031875
vt 0.12568125 0.533769375
vt 0.27879875 0.714825
vt 0.2794375 0.7212375
vt 0.2507625 0.72124375
vt 0.25154875 0.7148375
vt 0.2794375 0.7212375
vt 0.2801 0.8025
vt 0.25 0.802506875
vt 0.25076875 0.72124375
vt 0.03004 0.65225625
vt 0.0306625 0.65868125
vt 0.001975 0.6586681249999999
vt 0.002765 0.6522375
vt 0.0306625 0.65868125
vt 0.03125 0.739944375
vt 0.00115 0.739930625
vt 0.001975 0.6586681249999999
vt 0.15428125 0.902175
vt 0.15498125 0.90861875
vt 0.12626875 0.90861875
vt 0.12696875 0.902175
vt 0.15498125 0.90861875
vt 0.155675 0.9898875
vt 0.125575 0.9898875
vt 0.12626875 0.90861875
vt 0.153485 0.71473125
vt 0.154275 0.721161875
vt 0.1255875 0.721175
vt 0.12621 0.71475
vt 0.154275 0.721161875
vt 0.1551 0.802424375
vt 0.125 0.802438125
vt 0.1255875 0.721175
vt 0.279695 0.90233125
vt 0.28048125 0.90874375
vt 0.25180625 0.9087375
vt 0.252445 0.902325
vt 0.28048125 0.90874375
vt 0.28125 0.990006875
vt 0.25115 0.99
vt 0.2518125 0.9087375
vt 0.4048525 0.9023687499999999
vt 0.40556875 0.908769375
vt 0.37686875 0.90875625
vt 0.37754625 0.90235
vt 0.40556875 0.908769375
vt 0.40625 0.990031875
vt 0.37615 0.990018125
vt 0.37686875 0.90875625
vt 0.029996875 0.75
vt 0.002721875 0.75
vt 0.002721875 0.746875
vt 0.029996875 0.746875
vt 0.153740625 0.625
vt 0.126440625 0.625
vt 0.126440625 0.621875
vt 0.153740625 0.621875
vt 0.404803125 1
vt 0.377503125 1
vt 0.377503125 0.996875
vt 0.404803125 0.996875
vt 0.279679375 1
vt 0.252429375 1
vt 0.252429375 0.996875
vt 0.279679375 0.996875
vt 0.153528125 0.8125
vt 0.126253125 0.8125
vt 0.126253125 0.809375
vt 0.153528125 0.809375
vt 0.15428125 1
vt 0.12696875 1
vt 0.12696875 0.996875
vt 0.15428125 0.996875
vt 0.278820625 0.8125
vt 0.251570625 0.8125
vt 0.251570625 0.809375
vt 0.278820625 0.809375
vt 0.0599375 0.97575625
vt 0.05425625 0.9508
vt 0.0558625 0.949325
vt 0.0619375 0.9758875
vt 0.05425625 0.9508
vt 0.03125 0.93969375
vt 0.03125 0.9375
vt 0.0558625 0.949325
vt 0.03125 0.93969375
vt 0.00824375 0.9508
vt 0.0066375 0.949325
vt 0.03125 0.9375
vt 0.00824375 0.9508
vt 0.0025625 0.97575625
vt 0.0005625 0.9758875
vt 0.0066375 0.949325
vt 0.0025625 0.97575625
vt 0.01848125 0.995775
vt 0.01759375 0.9971875
vt 0.0005625 0.9758875
vt 0.01848125 0.995775
vt 0.04401875 0.995775
vt 0.04490625 0.9971875
vt 0.01759375 0.9971875
vt 0.04401875 0.995775
vt 0.0599375 0.97575625
vt 0.0619375 0.9758875
vt 0.04490625 0.9971875
vt 0.39975625 0.6875
vt 0.37575625 0.6875
vt 0.375 0.625
vt 0.4006 0.625
vt 0.52475 0.875
vt 0.500775 0.875
vt 0.5 0.8125
vt 0.52554375 0.8125
vt 0.530475 1
vt 0.5065 1
vt 0.50570625 0.9375
vt 0.53125 0.9375
vt 0.28049375 0.625
vt 0.25649375 0.625
vt 0.25565 0.5625
vt 0.28125 0.5625
vt 0.3998375 0.5625
vt 0.37585 0.5625
vt 0.375 0.5
vt 0.400575 0.5
vt 0.27760625 0.5
vt 0.25364375 0.5
vt 0.25285625 0.4375
vt 0.27839375 0.4375
vt 0.0304 0.5625
vt 0.0064125 0.5625
vt 0.005675 0.5
vt 0.03125 0.5
vt 0.42926875 0.791625
vt 0.414325 0.8103875
vt 0.40234375 0.7854687499999999
vt 0.002721875 0.746875
vt 0.00115 0.739930625
vt 0.03125 0.739944375
vt 0.029996875 0.746875
vt 0.04490625 0.8153125
vt 0.0619375 0.8366125
vt 0.03125 0.8436
vt 0.4239375 0.7682249999999999
vt 0.42926875 0.791625
vt 0.40234375 0.7854687499999999
vt 0.251570625 0.809375
vt 0.25 0.802506875
vt 0.2801 0.8025
vt 0.278820625 0.809375
vt 0.0619375 0.8366125
vt 0.0558625 0.863175
vt 0.03125 0.8436
vt 0.40234375 0.7578125
vt 0.4239375 0.7682249999999999
vt 0.40234375 0.7854687499999999
vt 0.126440625 0.621875
vt 0.125 0.615031875
vt 0.1551 0.615018125
vt 0.153746875 0.621875
vt 0.0558625 0.863175
vt 0.03125 0.875
vt 0.03125 0.8436
vt 0.38075 0.7682249999999999
vt 0.40234375 0.7578125
vt 0.40234375 0.7854687499999999
vt 0.377503125 0.996875
vt 0.37615 0.990018125
vt 0.40625 0.990031875
vt 0.404809375 0.996875
vt 0.03125 0.875
vt 0.0066375 0.863175
vt 0.03125 0.8436
vt 0.37541875 0.791625
vt 0.38075 0.7682249999999999
vt 0.40234375 0.7854687499999999
vt 0.252429375 0.996875
vt 0.25115 0.99
vt 0.28125 0.990006875
vt 0.279679375 0.996875
vt 0.0066375 0.863175
vt 0.0005625 0.8366125
vt 0.03125 0.8436
vt 0.3903625 0.8103875
vt 0.37541875 0.791625
vt 0.40234375 0.7854687499999999
vt 0.126253125 0.809375
vt 0.125 0.802438125
vt 0.1551 0.802424375
vt 0.153528125 0.809375
vt 0.0005625 0.8366125
vt 0.01759375 0.8153125
vt 0.03125 0.8436
vt 0.414325 0.8103875
vt 0.3903625 0.8103875
vt 0.40234375 0.7854687499999999
vt 0.12696875 0.996875
vt 0.125575 0.9898875
vt 0.155675 0.9898875
vt 0.15428125 0.996875
vt 0.01759375 0.8153125
vt 0.04490625 0.8153125
vt 0.03125 0.8436
vt 0.15370375 0.52735
vt 0.15438125 0.5337562499999999
vt 0.12568125 0.533769375
vt 0.1263975 0.5273687499999999
vt 0.15438125 0.5337562499999999
vt 0.1551 0.615018125
vt 0.125 0.615031875
vt 0.12568125 0.533769375
vt 0.27879875 0.714825
vt 0.2794375 0.7212375
vt 0.2507625 0.72124375
vt 0.25154875 0.7148375
vt 0.2794375 0.7212375
vt 0.2801 0.8025
vt 0.25 0.802506875
vt 0.25076875 0.72124375
vt 0.03004 0.65225625
vt 0.0306625 0.65868125
vt 0.001975 0.6586681249999999
vt 0.002765 0.6522375
vt 0.0306625 0.65868125
vt 0.03125 0.739944375
vt 0.00115 0.739930625
vt 0.001975 0.6586681249999999
vt 0.15428125 0.902175
vt 0.15498125 0.90861875
vt 0.12626875 0.90861875
vt 0.12696875 0.902175
vt 0.15498125 0.90861875
vt 0.155675 0.9898875
vt 0.125575 0.9898875
vt 0.12626875 0.90861875
vt 0.153485 0.71473125
vt 0.154275 0.721161875
vt 0.1255875 0.721175
vt 0.12621 0.71475
vt 0.154275 0.721161875
vt 0.1551 0.802424375
vt 0.125 0.802438125
vt 0.1255875 0.721175
vt 0.279695 0.90233125
vt 0.28048125 0.90874375
vt 0.25180625 0.9087375
vt 0.252445 0.902325
vt 0.28048125 0.90874375
vt 0.28125 0.990006875
vt 0.25115 0.99
vt 0.2518125 0.9087375
vt 0.4048525 0.9023687499999999
vt 0.40556875 0.908769375
vt 0.37686875 0.90875625
vt 0.37754625 0.90235
vt 0.40556875 0.908769375
vt 0.40625 0.990031875
vt 0.37615 0.990018125
vt 0.37686875 0.90875625
vt 0.029996875 0.75
vt 0.002721875 0.75
vt 0.002721875 0.746875
vt 0.029996875 0.746875
vt 0.153740625 0.625
vt 0.126440625 0.625
vt 0.126440625 0.621875
vt 0.153740625 0.621875
vt 0.404803125 1
vt 0.377503125 1
vt 0.377503125 0.996875
vt 0.404803125 0.996875
vt 0.279679375 1
vt 0.252429375 1
vt 0.252429375 0.996875
vt 0.279679375 0.996875
vt 0.153528125 0.8125
vt 0.126253125 0.8125
vt 0.126253125 0.809375
vt 0.153528125 0.809375
vt 0.15428125 1
vt 0.12696875 1
vt 0.12696875 0.996875
vt 0.15428125 0.996875
vt 0.278820625 0.8125
vt 0.251570625 0.8125
vt 0.251570625 0.809375
vt 0.278820625 0.809375
vt 0.0599375 0.97575625
vt 0.05425625 0.9508
vt 0.0558625 0.949325
vt 0.0619375 0.9758875
vt 0.05425625 0.9508
vt 0.03125 0.93969375
vt 0.03125 0.9375
vt 0.0558625 0.949325
vt 0.03125 0.93969375
vt 0.00824375 0.9508
vt 0.0066375 0.949325
vt 0.03125 0.9375
vt 0.00824375 0.9508
vt 0.0025625 0.97575625
vt 0.0005625 0.9758875
vt 0.0066375 0.949325
vt 0.0025625 0.97575625
vt 0.01848125 0.995775
vt 0.01759375 0.9971875
vt 0.0005625 0.9758875
vt 0.01848125 0.995775
vt 0.04401875 0.995775
vt 0.04490625 0.9971875
vt 0.01759375 0.9971875
vt 0.04401875 0.995775
vt 0.0599375 0.97575625
vt 0.0619375 0.9758875
vt 0.04490625 0.9971875
vt 0.39975625 0.6875
vt 0.37575625 0.6875
vt 0.375 0.625
vt 0.4006 0.625
vt 0.52475 0.875
vt 0.500775 0.875
vt 0.5 0.8125
vt 0.52554375 0.8125
vt 0.530475 1
vt 0.5065 1
vt 0.50570625 0.9375
vt 0.53125 0.9375
vt 0.28049375 0.625
vt 0.25649375 0.625
vt 0.25565 0.5625
vt 0.28125 0.5625
vt 0.3998375 0.5625
vt 0.37585 0.5625
vt 0.375 0.5
vt 0.400575 0.5
vt 0.27760625 0.5
vt 0.25364375 0.5
vt 0.25285625 0.4375
vt 0.27839375 0.4375
vt 0.0304 0.5625
vt 0.0064125 0.5625
vt 0.005675 0.5
vt 0.03125 0.5
vt 0.42926875 0.791625
vt 0.414325 0.8103875
vt 0.40234375 0.7854687499999999
vt 0.002721875 0.746875
vt 0.00115 0.739930625
vt 0.03125 0.739944375
vt 0.029996875 0.746875
vt 0.04490625 0.8153125
vt 0.0619375 0.8366125
vt 0.03125 0.8436
vt 0.4239375 0.7682249999999999
vt 0.42926875 0.791625
vt 0.40234375 0.7854687499999999
vt 0.251570625 0.809375
vt 0.25 0.802506875
vt 0.2801 0.8025
vt 0.278820625 0.809375
vt 0.0619375 0.8366125
vt 0.0558625 0.863175
vt 0.03125 0.8436
vt 0.40234375 0.7578125
vt 0.4239375 0.7682249999999999
vt 0.40234375 0.7854687499999999
vt 0.126440625 0.621875
vt 0.125 0.615031875
vt 0.1551 0.615018125
vt 0.153746875 0.621875
vt 0.0558625 0.863175
vt 0.03125 0.875
vt 0.03125 0.8436
vt 0.38075 0.7682249999999999
vt 0.40234375 0.7578125
vt 0.40234375 0.7854687499999999
vt 0.377503125 0.996875
vt 0.37615 0.990018125
vt 0.40625 0.990031875
vt 0.404809375 0.996875
vt 0.03125 0.875
vt 0.0066375 0.863175
vt 0.03125 0.8436
vt 0.37541875 0.791625
vt 0.38075 0.7682249999999999
vt 0.40234375 0.7854687499999999
vt 0.252429375 0.996875
vt 0.25115 0.99
vt 0.28125 0.990006875
vt 0.279679375 0.996875
vt 0.0066375 0.863175
vt 0.0005625 0.8366125
vt 0.03125 0.8436
vt 0.3903625 0.8103875
vt 0.37541875 0.791625
vt 0.40234375 0.7854687499999999
vt 0.126253125 0.809375
vt 0.125 0.802438125
vt 0.1551 0.802424375
vt 0.153528125 0.809375
vt 0.0005625 0.8366125
vt 0.01759375 0.8153125
vt 0.03125 0.8436
vt 0.414325 0.8103875
vt 0.3903625 0.8103875
vt 0.40234375 0.7854687499999999
vt 0.12696875 0.996875
vt 0.125575 0.9898875
vt 0.155675 0.9898875
vt 0.15428125 0.996875
vt 0.01759375 0.8153125
vt 0.04490625 0.8153125
vt 0.03125 0.8436
vt 0.15370375 0.52735
vt 0.15438125 0.5337562499999999
vt 0.12568125 0.533769375
vt 0.1263975 0.5273687499999999
vt 0.15438125 0.5337562499999999
vt 0.1551 0.615018125
vt 0.125 0.615031875
vt 0.12568125 0.533769375
vt 0.27879875 0.714825
vt 0.2794375 0.7212375
vt 0.2507625 0.72124375
vt 0.25154875 0.7148375
vt 0.2794375 0.7212375
vt 0.2801 0.8025
vt 0.25 0.802506875
vt 0.25076875 0.72124375
vt 0.03004 0.65225625
vt 0.0306625 0.65868125
vt 0.001975 0.6586681249999999
vt 0.002765 0.6522375
vt 0.0306625 0.65868125
vt 0.03125 0.739944375
vt 0.00115 0.739930625
vt 0.001975 0.6586681249999999
vt 0.15428125 0.902175
vt 0.15498125 0.90861875
vt 0.12626875 0.90861875
vt 0.12696875 0.902175
vt 0.15498125 0.90861875
vt 0.155675 0.9898875
vt 0.125575 0.9898875
vt 0.12626875 0.90861875
vt 0.153485 0.71473125
vt 0.154275 0.721161875
vt 0.1255875 0.721175
vt 0.12621 0.71475
vt 0.154275 0.721161875
vt 0.1551 0.802424375
vt 0.125 0.802438125
vt 0.1255875 0.721175
vt 0.279695 0.90233125
vt 0.28048125 0.90874375
vt 0.25180625 0.9087375
vt 0.252445 0.902325
vt 0.28048125 0.90874375
vt 0.28125 0.990006875
vt 0.25115 0.99
vt 0.2518125 0.9087375
vt 0.4048525 0.9023687499999999
vt 0.40556875 0.908769375
vt 0.37686875 0.90875625
vt 0.37754625 0.90235
vt 0.40556875 0.908769375
vt 0.40625 0.990031875
vt 0.37615 0.990018125
vt 0.37686875 0.90875625
vt 0.029996875 0.75
vt 0.002721875 0.75
vt 0.002721875 0.746875
vt 0.029996875 0.746875
vt 0.153740625 0.625
vt 0.126440625 0.625
vt 0.126440625 0.621875
vt 0.153740625 0.621875
vt 0.404803125 1
vt 0.377503125 1
vt 0.377503125 0.996875
vt 0.404803125 0.996875
vt 0.279679375 1
vt 0.252429375 1
vt 0.252429375 0.996875
vt 0.279679375 0.996875
vt 0.153528125 0.8125
vt 0.126253125 0.8125
vt 0.126253125 0.809375
vt 0.153528125 0.809375
vt 0.15428125 1
vt 0.12696875 1
vt 0.12696875 0.996875
vt 0.15428125 0.996875
vt 0.278820625 0.8125
vt 0.251570625 0.8125
vt 0.251570625 0.809375
vt 0.278820625 0.809375
vt 0.0599375 0.97575625
vt 0.05425625 0.9508
vt 0.0558625 0.949325
vt 0.0619375 0.9758875
vt 0.05425625 0.9508
vt 0.03125 0.93969375
vt 0.03125 0.9375
vt 0.0558625 0.949325
vt 0.03125 0.93969375
vt 0.00824375 0.9508
vt 0.0066375 0.949325
vt 0.03125 0.9375
vt 0.00824375 0.9508
vt 0.0025625 0.97575625
vt 0.0005625 0.9758875
vt 0.0066375 0.949325
vt 0.0025625 0.97575625
vt 0.01848125 0.995775
vt 0.01759375 0.9971875
vt 0.0005625 0.9758875
vt 0.01848125 0.995775
vt 0.04401875 0.995775
vt 0.04490625 0.9971875
vt 0.01759375 0.9971875
vt 0.04401875 0.995775
vt 0.0599375 0.97575625
vt 0.0619375 0.9758875
vt 0.04490625 0.9971875
vt 0.39975625 0.6875
vt 0.37575625 0.6875
vt 0.375 0.625
vt 0.4006 0.625
vt 0.52475 0.875
vt 0.500775 0.875
vt 0.5 0.8125
vt 0.52554375 0.8125
vt 0.530475 1
vt 0.5065 1
vt 0.50570625 0.9375
vt 0.53125 0.9375
vt 0.28049375 0.625
vt 0.25649375 0.625
vt 0.25565 0.5625
vt 0.28125 0.5625
vt 0.3998375 0.5625
vt 0.37585 0.5625
vt 0.375 0.5
vt 0.400575 0.5
vt 0.27760625 0.5
vt 0.25364375 0.5
vt 0.25285625 0.4375
vt 0.27839375 0.4375
vt 0.0304 0.5625
vt 0.0064125 0.5625
vt 0.005675 0.5
vt 0.03125 0.5
vt 0.42926875 0.791625
vt 0.414325 0.8103875
vt 0.40234375 0.7854687499999999
vt 0.002721875 0.746875
vt 0.00115 0.739930625
vt 0.03125 0.739944375
vt 0.029996875 0.746875
vt 0.04490625 0.8153125
vt 0.0619375 0.8366125
vt 0.03125 0.8436
vt 0.4239375 0.7682249999999999
vt 0.42926875 0.791625
vt 0.40234375 0.7854687499999999
vt 0.251570625 0.809375
vt 0.25 0.802506875
vt 0.2801 0.8025
vt 0.278820625 0.809375
vt 0.0619375 0.8366125
vt 0.0558625 0.863175
vt 0.03125 0.8436
vt 0.40234375 0.7578125
vt 0.4239375 0.7682249999999999
vt 0.40234375 0.7854687499999999
vt 0.126440625 0.621875
vt 0.125 0.615031875
vt 0.1551 0.615018125
vt 0.153746875 0.621875
vt 0.0558625 0.863175
vt 0.03125 0.875
vt 0.03125 0.8436
vt 0.38075 0.7682249999999999
vt 0.40234375 0.7578125
vt 0.40234375 0.7854687499999999
vt 0.377503125 0.996875
vt 0.37615 0.990018125
vt 0.40625 0.990031875
vt 0.404809375 0.996875
vt 0.03125 0.875
vt 0.0066375 0.863175
vt 0.03125 0.8436
vt 0.37541875 0.791625
vt 0.38075 0.7682249999999999
vt 0.40234375 0.7854687499999999
vt 0.252429375 0.996875
vt 0.25115 0.99
vt 0.28125 0.990006875
vt 0.279679375 0.996875
vt 0.0066375 0.863175
vt 0.0005625 0.8366125
vt 0.03125 0.8436
vt 0.3903625 0.8103875
vt 0.37541875 0.791625
vt 0.40234375 0.7854687499999999
vt 0.126253125 0.809375
vt 0.125 0.802438125
vt 0.1551 0.802424375
vt 0.153528125 0.809375
vt 0.0005625 0.8366125
vt 0.01759375 0.8153125
vt 0.03125 0.8436
vt 0.414325 0.8103875
vt 0.3903625 0.8103875
vt 0.40234375 0.7854687499999999
vt 0.12696875 0.996875
vt 0.125575 0.9898875
vt 0.155675 0.9898875
vt 0.15428125 0.996875
vt 0.01759375 0.8153125
vt 0.04490625 0.8153125
vt 0.03125 0.8436
vt 0.15370375 0.52735
vt 0.15438125 0.5337562499999999
vt 0.12568125 0.533769375
vt 0.1263975 0.5273687499999999
vt 0.15438125 0.5337562499999999
vt 0.1551 0.615018125
vt 0.125 0.615031875
vt 0.12568125 0.533769375
vt 0.27879875 0.714825
vt 0.2794375 0.7212375
vt 0.2507625 0.72124375
vt 0.25154875 0.7148375
vt 0.2794375 0.7212375
vt 0.2801 0.8025
vt 0.25 0.802506875
vt 0.25076875 0.72124375
vt 0.03004 0.65225625
vt 0.0306625 0.65868125
vt 0.001975 0.6586681249999999
vt 0.002765 0.6522375
vt 0.0306625 0.65868125
vt 0.03125 0.739944375
vt 0.00115 0.739930625
vt 0.001975 0.6586681249999999
vt 0.15428125 0.902175
vt 0.15498125 0.90861875
vt 0.12626875 0.90861875
vt 0.12696875 0.902175
vt 0.15498125 0.90861875
vt 0.155675 0.9898875
vt 0.125575 0.9898875
vt 0.12626875 0.90861875
vt 0.153485 0.71473125
vt 0.154275 0.721161875
vt 0.1255875 0.721175
vt 0.12621 0.71475
vt 0.154275 0.721161875
vt 0.1551 0.802424375
vt 0.125 0.802438125
vt 0.1255875 0.721175
vt 0.279695 0.90233125
vt 0.28048125 0.90874375
vt 0.25180625 0.9087375
vt 0.252445 0.902325
vt 0.28048125 0.90874375
vt 0.28125 0.990006875
vt 0.25115 0.99
vt 0.2518125 0.9087375
vt 0.4048525 0.9023687499999999
vt 0.40556875 0.908769375
vt 0.37686875 0.90875625
vt 0.37754625 0.90235
vt 0.40556875 0.908769375
vt 0.40625 0.990031875
vt 0.37615 0.990018125
vt 0.37686875 0.90875625
vt 0.029996875 0.75
vt 0.002721875 0.75
vt 0.002721875 0.746875
vt 0.029996875 0.746875
vt 0.153740625 0.625
vt 0.126440625 0.625
vt 0.126440625 0.621875
vt 0.153740625 0.621875
vt 0.404803125 1
vt 0.377503125 1
vt 0.377503125 0.996875
vt 0.404803125 0.996875
vt 0.279679375 1
vt 0.252429375 1
vt 0.252429375 0.996875
vt 0.279679375 0.996875
vt 0.153528125 0.8125
vt 0.126253125 0.8125
vt 0.126253125 0.809375
vt 0.153528125 0.809375
vt 0.15428125 1
vt 0.12696875 1
vt 0.12696875 0.996875
vt 0.15428125 0.996875
vt 0.278820625 0.8125
vt 0.251570625 0.8125
vt 0.251570625 0.809375
vt 0.278820625 0.809375
vt 0.0599375 0.97575625
vt 0.05425625 0.9508
vt 0.0558625 0.949325
vt 0.0619375 0.9758875
vt 0.05425625 0.9508
vt 0.03125 0.93969375
vt 0.03125 0.9375
vt 0.0558625 0.949325
vt 0.03125 0.93969375
vt 0.00824375 0.9508
vt 0.0066375 0.949325
vt 0.03125 0.9375
vt 0.00824375 0.9508
vt 0.0025625 0.97575625
vt 0.0005625 0.9758875
vt 0.0066375 0.949325
vt 0.0025625 0.97575625
vt 0.01848125 0.995775
vt 0.01759375 0.9971875
vt 0.0005625 0.9758875
vt 0.01848125 0.995775
vt 0.04401875 0.995775
vt 0.04490625 0.9971875
vt 0.01759375 0.9971875
vt 0.04401875 0.995775
vt 0.0599375 0.97575625
vt 0.0619375 0.9758875
vt 0.04490625 0.9971875
vt 0.39975625 0.6875
vt 0.37575625 0.6875
vt 0.375 0.625
vt 0.4006 0.625
vt 0.52475 0.875
vt 0.500775 0.875
vt 0.5 0.8125
vt 0.52554375 0.8125
vt 0.530475 1
vt 0.5065 1
vt 0.50570625 0.9375
vt 0.53125 0.9375
vt 0.28049375 0.625
vt 0.25649375 0.625
vt 0.25565 0.5625
vt 0.28125 0.5625
vt 0.3998375 0.5625
vt 0.37585 0.5625
vt 0.375 0.5
vt 0.400575 0.5
vt 0.27760625 0.5
vt 0.25364375 0.5
vt 0.25285625 0.4375
vt 0.27839375 0.4375
vt 0.0304 0.5625
vt 0.0064125 0.5625
vt 0.005675 0.5
vt 0.03125 0.5
vt 0.42926875 0.791625
vt 0.414325 0.8103875
vt 0.40234375 0.7854687499999999
vt 0.002721875 0.746875
vt 0.00115 0.739930625
vt 0.03125 0.739944375
vt 0.029996875 0.746875
vt 0.04490625 0.8153125
vt 0.0619375 0.8366125
vt 0.03125 0.8436
vt 0.4239375 0.7682249999999999
vt 0.42926875 0.791625
vt 0.40234375 0.7854687499999999
vt 0.251570625 0.809375
vt 0.25 0.802506875
vt 0.2801 0.8025
vt 0.278820625 0.809375
vt 0.0619375 0.8366125
vt 0.0558625 0.863175
vt 0.03125 0.8436
vt 0.40234375 0.7578125
vt 0.4239375 0.7682249999999999
vt 0.40234375 0.7854687499999999
vt 0.126440625 0.621875
vt 0.125 0.615031875
vt 0.1551 0.615018125
vt 0.153746875 0.621875
vt 0.0558625 0.863175
vt 0.03125 0.875
vt 0.03125 0.8436
vt 0.38075 0.7682249999999999
vt 0.40234375 0.7578125
vt 0.40234375 0.7854687499999999
vt 0.377503125 0.996875
vt 0.37615 0.990018125
vt 0.40625 0.990031875
vt 0.404809375 0.996875
vt 0.03125 0.875
vt 0.0066375 0.863175
vt 0.03125 0.8436
vt 0.37541875 0.791625
vt 0.38075 0.7682249999999999
vt 0.40234375 0.7854687499999999
vt 0.252429375 0.996875
vt 0.25115 0.99
vt 0.28125 0.990006875
vt 0.279679375 0.996875
vt 0.0066375 0.863175
vt 0.0005625 0.8366125
vt 0.03125 0.8436
vt 0.3903625 0.8103875
vt 0.37541875 0.791625
vt 0.40234375 0.7854687499999999
vt 0.126253125 0.809375
vt 0.125 0.802438125
vt 0.1551 0.802424375
vt 0.153528125 0.809375
vt 0.0005625 0.8366125
vt 0.01759375 0.8153125
vt 0.03125 0.8436
vt 0.414325 0.8103875
vt 0.3903625 0.8103875
vt 0.40234375 0.7854687499999999
vt 0.12696875 0.996875
vt 0.125575 0.9898875
vt 0.155675 0.9898875
vt 0.15428125 0.996875
vt 0.01759375 0.8153125
vt 0.04490625 0.8153125
vt 0.03125 0.8436
vt 0.15370375 0.52735
vt 0.15438125 0.5337562499999999
vt 0.12568125 0.533769375
vt 0.1263975 0.5273687499999999
vt 0.15438125 0.5337562499999999
vt 0.1551 0.615018125
vt 0.125 0.615031875
vt 0.12568125 0.533769375
vt 0.27879875 0.714825
vt 0.2794375 0.7212375
vt 0.2507625 0.72124375
vt 0.25154875 0.7148375
vt 0.2794375 0.7212375
vt 0.2801 0.8025
vt 0.25 0.802506875
vt 0.25076875 0.72124375
vt 0.03004 0.65225625
vt 0.0306625 0.65868125
vt 0.001975 0.6586681249999999
vt 0.002765 0.6522375
vt 0.0306625 0.65868125
vt 0.03125 0.739944375
vt 0.00115 0.739930625
vt 0.001975 0.6586681249999999
vt 0.15428125 0.902175
vt 0.15498125 0.90861875
vt 0.12626875 0.90861875
vt 0.12696875 0.902175
vt 0.15498125 0.90861875
vt 0.155675 0.9898875
vt 0.125575 0.9898875
vt 0.12626875 0.90861875
vt 0.153485 0.71473125
vt 0.154275 0.721161875
vt 0.1255875 0.721175
vt 0.12621 0.71475
vt 0.154275 0.721161875
vt 0.1551 0.802424375
vt 0.125 0.802438125
vt 0.1255875 0.721175
vt 0.279695 0.90233125
vt 0.28048125 0.90874375
vt 0.25180625 0.9087375
vt 0.252445 0.902325
vt 0.28048125 0.90874375
vt 0.28125 0.990006875
vt 0.25115 0.99
vt 0.2518125 0.9087375
vt 0.4048525 0.9023687499999999
vt 0.40556875 0.908769375
vt 0.37686875 0.90875625
vt 0.37754625 0.90235
vt 0.40556875 0.908769375
vt 0.40625 0.990031875
vt 0.37615 0.990018125
vt 0.37686875 0.90875625
vt 0.029996875 0.75
vt 0.002721875 0.75
vt 0.002721875 0.746875
vt 0.029996875 0.746875
vt 0.153740625 0.625
vt 0.126440625 0.625
vt 0.126440625 0.621875
vt 0.153740625 0.621875
vt 0.404803125 1
vt 0.377503125 1
vt 0.377503125 0.996875
vt 0.404803125 0.996875
vt 0.279679375 1
vt 0.252429375 1
vt 0.252429375 0.996875
vt 0.279679375 0.996875
vt 0.153528125 0.8125
vt 0.126253125 0.8125
vt 0.126253125 0.809375
vt 0.153528125 0.809375
vt 0.15428125 1
vt 0.12696875 1
vt 0.12696875 0.996875
vt 0.15428125 0.996875
vt 0.278820625 0.8125
vt 0.251570625 0.8125
vt 0.251570625 0.809375
vt 0.278820625 0.809375
vt 0.0599375 0.97575625
vt 0.05425625 0.9508
vt 0.0558625 0.949325
vt 0.0619375 0.9758875
vt 0.05425625 0.9508
vt 0.03125 0.93969375
vt 0.03125 0.9375
vt 0.0558625 0.949325
vt 0.03125 0.93969375
vt 0.00824375 0.9508
vt 0.0066375 0.949325
vt 0.03125 0.9375
vt 0.00824375 0.9508
vt 0.0025625 0.97575625
vt 0.0005625 0.9758875
vt 0.0066375 0.949325
vt 0.0025625 0.97575625
vt 0.01848125 0.995775
vt 0.01759375 0.9971875
vt 0.0005625 0.9758875
vt 0.01848125 0.995775
vt 0.04401875 0.995775
vt 0.04490625 0.9971875
vt 0.01759375 0.9971875
vt 0.04401875 0.995775
vt 0.0599375 0.97575625
vt 0.0619375 0.9758875
vt 0.04490625 0.9971875
vt 0.39975625 0.6875
vt 0.37575625 0.6875
vt 0.375 0.625
vt 0.4006 0.625
vt 0.52475 0.875
vt 0.500775 0.875
vt 0.5 0.8125
vt 0.52554375 0.8125
vt 0.530475 1
vt 0.5065 1
vt 0.50570625 0.9375
vt 0.53125 0.9375
vt 0.28049375 0.625
vt 0.25649375 0.625
vt 0.25565 0.5625
vt 0.28125 0.5625
vt 0.3998375 0.5625
vt 0.37585 0.5625
vt 0.375 0.5
vt 0.400575 0.5
vt 0.27760625 0.5
vt 0.25364375 0.5
vt 0.25285625 0.4375
vt 0.27839375 0.4375
vt 0.0304 0.5625
vt 0.0064125 0.5625
vt 0.005675 0.5
vt 0.03125 0.5
vt 0.42926875 0.791625
vt 0.414325 0.8103875
vt 0.40234375 0.7854687499999999
vt 0.002721875 0.746875
vt 0.00115 0.739930625
vt 0.03125 0.739944375
vt 0.029996875 0.746875
vt 0.04490625 0.8153125
vt 0.0619375 0.8366125
vt 0.03125 0.8436
vt 0.4239375 0.7682249999999999
vt 0.42926875 0.791625
vt 0.40234375 0.7854687499999999
vt 0.251570625 0.809375
vt 0.25 0.802506875
vt 0.2801 0.8025
vt 0.278820625 0.809375
vt 0.0619375 0.8366125
vt 0.0558625 0.863175
vt 0.03125 0.8436
vt 0.40234375 0.7578125
vt 0.4239375 0.7682249999999999
vt 0.40234375 0.7854687499999999
vt 0.126440625 0.621875
vt 0.125 0.615031875
vt 0.1551 0.615018125
vt 0.153746875 0.621875
vt 0.0558625 0.863175
vt 0.03125 0.875
vt 0.03125 0.8436
vt 0.38075 0.7682249999999999
vt 0.40234375 0.7578125
vt 0.40234375 0.7854687499999999
vt 0.377503125 0.996875
vt 0.37615 0.990018125
vt 0.40625 0.990031875
vt 0.404809375 0.996875
vt 0.03125 0.875
vt 0.0066375 0.863175
vt 0.03125 0.8436
vt 0.37541875 0.791625
vt 0.38075 0.7682249999999999
vt 0.40234375 0.7854687499999999
vt 0.252429375 0.996875
vt 0.25115 0.99
vt 0.28125 0.990006875
vt 0.279679375 0.996875
vt 0.0066375 0.863175
vt 0.0005625 0.8366125
vt 0.03125 0.8436
vt 0.3903625 0.8103875
vt 0.37541875 0.791625
vt 0.40234375 0.7854687499999999
vt 0.126253125 0.809375
vt 0.125 0.802438125
vt 0.1551 0.802424375
vt 0.153528125 0.809375
vt 0.0005625 0.8366125
vt 0.01759375 0.8153125
vt 0.03125 0.8436
vt 0.414325 0.8103875
vt 0.3903625 0.8103875
vt 0.40234375 0.7854687499999999
vt 0.12696875 0.996875
vt 0.125575 0.9898875
vt 0.155675 0.9898875
vt 0.15428125 0.996875
vt 0.01759375 0.8153125
vt 0.04490625 0.8153125
vt 0.03125 0.8436
vt 0.15370375 0.52735
vt 0.15438125 0.5337562499999999
vt 0.12568125 0.533769375
vt 0.1263975 0.5273687499999999
vt 0.15438125 0.5337562499999999
vt 0.1551 0.615018125
vt 0.125 0.615031875
vt 0.12568125 0.533769375
vt 0.27879875 0.714825
vt 0.2794375 0.7212375
vt 0.2507625 0.72124375
vt 0.25154875 0.7148375
vt 0.2794375 0.7212375
vt 0.2801 0.8025
vt 0.25 0.802506875
vt 0.25076875 0.72124375
vt 0.03004 0.65225625
vt 0.0306625 0.65868125
vt 0.001975 0.6586681249999999
vt 0.002765 0.6522375
vt 0.0306625 0.65868125
vt 0.03125 0.739944375
vt 0.00115 0.739930625
vt 0.001975 0.6586681249999999
vt 0.15428125 0.902175
vt 0.15498125 0.90861875
vt 0.12626875 0.90861875
vt 0.12696875 0.902175
vt 0.15498125 0.90861875
vt 0.155675 0.9898875
vt 0.125575 0.9898875
vt 0.12626875 0.90861875
vt 0.153485 0.71473125
vt 0.154275 0.721161875
vt 0.1255875 0.721175
vt 0.12621 0.71475
vt 0.154275 0.721161875
vt 0.1551 0.802424375
vt 0.125 0.802438125
vt 0.1255875 0.721175
vt 0.279695 0.90233125
vt 0.28048125 0.90874375
vt 0.25180625 0.9087375
vt 0.252445 0.902325
vt 0.28048125 0.90874375
vt 0.28125 0.990006875
vt 0.25115 0.99
vt 0.2518125 0.9087375
vt 0.4048525 0.9023687499999999
vt 0.40556875 0.908769375
vt 0.37686875 0.90875625
vt 0.37754625 0.90235
vt 0.40556875 0.908769375
vt 0.40625 0.990031875
vt 0.37615 0.990018125
vt 0.37686875 0.90875625
vt 0.029996875 0.75
vt 0.002721875 0.75
vt 0.002721875 0.746875
vt 0.029996875 0.746875
vt 0.153740625 0.625
vt 0.126440625 0.625
vt 0.126440625 0.621875
vt 0.153740625 0.621875
vt 0.404803125 1
vt 0.377503125 1
vt 0.377503125 0.996875
vt 0.404803125 0.996875
vt 0.279679375 1
vt 0.252429375 1
vt 0.252429375 0.996875
vt 0.279679375 0.996875
vt 0.153528125 0.8125
vt 0.126253125 0.8125
vt 0.126253125 0.809375
vt 0.153528125 0.809375
vt 0.15428125 1
vt 0.12696875 1
vt 0.12696875 0.996875
vt 0.15428125 0.996875
vt 0.278820625 0.8125
vt 0.251570625 0.8125
vt 0.251570625 0.809375
vt 0.278820625 0.809375
vt 0.0599375 0.97575625
vt 0.05425625 0.9508
vt 0.0558625 0.949325
vt 0.0619375 0.9758875
vt 0.05425625 0.9508
vt 0.03125 0.93969375
vt 0.03125 0.9375
vt 0.0558625 0.949325
vt 0.03125 0.93969375
vt 0.00824375 0.9508
vt 0.0066375 0.949325
vt 0.03125 0.9375
vt 0.00824375 0.9508
vt 0.0025625 0.97575625
vt 0.0005625 0.9758875
vt 0.0066375 0.949325
vt 0.0025625 0.97575625
vt 0.01848125 0.995775
vt 0.01759375 0.9971875
vt 0.0005625 0.9758875
vt 0.01848125 0.995775
vt 0.04401875 0.995775
vt 0.04490625 0.9971875
vt 0.01759375 0.9971875
vt 0.04401875 0.995775
vt 0.0599375 0.97575625
vt 0.0619375 0.9758875
vt 0.04490625 0.9971875
vt 0.39975625 0.6875
vt 0.37575625 0.6875
vt 0.375 0.625
vt 0.4006 0.625
vt 0.52475 0.875
vt 0.500775 0.875
vt 0.5 0.8125
vt 0.52554375 0.8125
vt 0.530475 1
vt 0.5065 1
vt 0.50570625 0.9375
vt 0.53125 0.9375
vt 0.28049375 0.625
vt 0.25649375 0.625
vt 0.25565 0.5625
vt 0.28125 0.5625
vt 0.3998375 0.5625
vt 0.37585 0.5625
vt 0.375 0.5
vt 0.400575 0.5
vt 0.27760625 0.5
vt 0.25364375 0.5
vt 0.25285625 0.4375
vt 0.27839375 0.4375
vt 0.0304 0.5625
vt 0.0064125 0.5625
vt 0.005675 0.5
vt 0.03125 0.5
vt 0.42926875 0.791625
vt 0.414325 0.8103875
vt 0.40234375 0.7854687499999999
vt 0.002721875 0.746875
vt 0.00115 0.739930625
vt 0.03125 0.739944375
vt 0.029996875 0.746875
vt 0.04490625 0.8153125
vt 0.0619375 0.8366125
vt 0.03125 0.8436
vt 0.4239375 0.7682249999999999
vt 0.42926875 0.791625
vt 0.40234375 0.7854687499999999
vt 0.251570625 0.809375
vt 0.25 0.802506875
vt 0.2801 0.8025
vt 0.278820625 0.809375
vt 0.0619375 0.8366125
vt 0.0558625 0.863175
vt 0.03125 0.8436
vt 0.40234375 0.7578125
vt 0.4239375 0.7682249999999999
vt 0.40234375 0.7854687499999999
vt 0.126440625 0.621875
vt 0.125 0.615031875
vt 0.1551 0.615018125
vt 0.153746875 0.621875
vt 0.0558625 0.863175
vt 0.03125 0.875
vt 0.03125 0.8436
vt 0.38075 0.7682249999999999
vt 0.40234375 0.7578125
vt 0.40234375 0.7854687499999999
vt 0.377503125 0.996875
vt 0.37615 0.990018125
vt 0.40625 0.990031875
vt 0.404809375 0.996875
vt 0.03125 0.875
vt 0.0066375 0.863175
vt 0.03125 0.8436
vt 0.37541875 0.791625
vt 0.38075 0.7682249999999999
vt 0.40234375 0.7854687499999999
vt 0.252429375 0.996875
vt 0.25115 0.99
vt 0.28125 0.990006875
vt 0.279679375 0.996875
vt 0.0066375 0.863175
vt 0.0005625 0.8366125
vt 0.03125 0.8436
vt 0.3903625 0.8103875
vt 0.37541875 0.791625
vt 0.40234375 0.7854687499999999
vt 0.126253125 0.809375
vt 0.125 0.802438125
vt 0.1551 0.802424375
vt 0.153528125 0.809375
vt 0.0005625 0.8366125
vt 0.01759375 0.8153125
vt 0.03125 0.8436
vt 0.414325 0.8103875
vt 0.3903625 0.8103875
vt 0.40234375 0.7854687499999999
vt 0.12696875 0.996875
vt 0.125575 0.9898875
vt 0.155675 0.9898875
vt 0.15428125 0.996875
vt 0.01759375 0.8153125
vt 0.04490625 0.8153125
vt 0.03125 0.8436
vt 0.15370375 0.52735
vt 0.15438125 0.5337562499999999
vt 0.12568125 0.533769375
vt 0.1263975 0.5273687499999999
vt 0.15438125 0.5337562499999999
vt 0.1551 0.615018125
vt 0.125 0.615031875
vt 0.12568125 0.533769375
vt 0.27879875 0.714825
vt 0.2794375 0.7212375
vt 0.2507625 0.72124375
vt 0.25154875 0.7148375
vt 0.2794375 0.7212375
vt 0.2801 0.8025
vt 0.25 0.802506875
vt 0.25076875 0.72124375
vt 0.03004 0.65225625
vt 0.0306625 0.65868125
vt 0.001975 0.6586681249999999
vt 0.002765 0.6522375
vt 0.0306625 0.65868125
vt 0.03125 0.739944375
vt 0.00115 0.739930625
vt 0.001975 0.6586681249999999
vt 0.15428125 0.902175
vt 0.15498125 0.90861875
vt 0.12626875 0.90861875
vt 0.12696875 0.902175
vt 0.15498125 0.90861875
vt 0.155675 0.9898875
vt 0.125575 0.9898875
vt 0.12626875 0.90861875
vt 0.153485 0.71473125
vt 0.154275 0.721161875
vt 0.1255875 0.721175
vt 0.12621 0.71475
vt 0.154275 0.721161875
vt 0.1551 0.802424375
vt 0.125 0.802438125
vt 0.1255875 0.721175
vt 0.279695 0.90233125
vt 0.28048125 0.90874375
vt 0.25180625 0.9087375
vt 0.252445 0.902325
vt 0.28048125 0.90874375
vt 0.28125 0.990006875
vt 0.25115 0.99
vt 0.2518125 0.9087375
vt 0.4048525 0.9023687499999999
vt 0.40556875 0.908769375
vt 0.37686875 0.90875625
vt 0.37754625 0.90235
vt 0.40556875 0.908769375
vt 0.40625 0.990031875
vt 0.37615 0.990018125
vt 0.37686875 0.90875625
vt 0.029996875 0.75
vt 0.002721875 0.75
vt 0.002721875 0.746875
vt 0.029996875 0.746875
vt 0.153740625 0.625
vt 0.126440625 0.625
vt 0.126440625 0.621875
vt 0.153740625 0.621875
vt 0.404803125 1
vt 0.377503125 1
vt 0.377503125 0.996875
vt 0.404803125 0.996875
vt 0.279679375 1
vt 0.252429375 1
vt 0.252429375 0.996875
vt 0.279679375 0.996875
vt 0.153528125 0.8125
vt 0.126253125 0.8125
vt 0.126253125 0.809375
vt 0.153528125 0.809375
vt 0.15428125 1
vt 0.12696875 1
vt 0.12696875 0.996875
vt 0.15428125 0.996875
vt 0.278820625 0.8125
vt 0.251570625 0.8125
vt 0.251570625 0.809375
vt 0.278820625 0.809375
vt 0.0599375 0.97575625
vt 0.05425625 0.9508
vt 0.0558625 0.949325
vt 0.0619375 0.9758875
vt 0.05425625 0.9508
vt 0.03125 0.93969375
vt 0.03125 0.9375
vt 0.0558625 0.949325
vt 0.03125 0.93969375
vt 0.00824375 0.9508
vt 0.0066375 0.949325
vt 0.03125 0.9375
vt 0.00824375 0.9508
vt 0.0025625 0.97575625
vt 0.0005625 0.9758875
vt 0.0066375 0.949325
vt 0.0025625 0.97575625
vt 0.01848125 0.995775
vt 0.01759375 0.9971875
vt 0.0005625 0.9758875
vt 0.01848125 0.995775
vt 0.04401875 0.995775
vt 0.04490625 0.9971875
vt 0.01759375 0.9971875
vt 0.04401875 0.995775
vt 0.0599375 0.97575625
vt 0.0619375 0.9758875
vt 0.04490625 0.9971875
vt 0.39975625 0.6875
vt 0.37575625 0.6875
vt 0.375 0.625
vt 0.4006 0.625
vt 0.52475 0.875
vt 0.500775 0.875
vt 0.5 0.8125
vt 0.52554375 0.8125
vt 0.530475 1
vt 0.5065 1
vt 0.50570625 0.9375
vt 0.53125 0.9375
vt 0.28049375 0.625
vt 0.25649375 0.625
vt 0.25565 0.5625
vt 0.28125 0.5625
vt 0.3998375 0.5625
vt 0.37585 0.5625
vt 0.375 0.5
vt 0.400575 0.5
vt 0.27760625 0.5
vt 0.25364375 0.5
vt 0.25285625 0.4375
vt 0.27839375 0.4375
vt 0.0304 0.5625
vt 0.0064125 0.5625
vt 0.005675 0.5
vt 0.03125 0.5
vt 0.42926875 0.791625
vt 0.414325 0.8103875
vt 0.40234375 0.7854687499999999
vt 0.002721875 0.746875
vt 0.00115 0.739930625
vt 0.03125 0.739944375
vt 0.029996875 0.746875
vt 0.04490625 0.8153125
vt 0.0619375 0.8366125
vt 0.03125 0.8436
vt 0.4239375 0.7682249999999999
vt 0.42926875 0.791625
vt 0.40234375 0.7854687499999999
vt 0.251570625 0.809375
vt 0.25 0.802506875
vt 0.2801 0.8025
vt 0.278820625 0.809375
vt 0.0619375 0.8366125
vt 0.0558625 0.863175
vt 0.03125 0.8436
vt 0.40234375 0.7578125
vt 0.4239375 0.7682249999999999
vt 0.40234375 0.7854687499999999
vt 0.126440625 0.621875
vt 0.125 0.615031875
vt 0.1551 0.615018125
vt 0.153746875 0.621875
vt 0.0558625 0.863175
vt 0.03125 0.875
vt 0.03125 0.8436
vt 0.38075 0.7682249999999999
vt 0.40234375 0.7578125
vt 0.40234375 0.7854687499999999
vt 0.377503125 0.996875
vt 0.37615 0.990018125
vt 0.40625 0.990031875
vt 0.404809375 0.996875
vt 0.03125 0.875
vt 0.0066375 0.863175
vt 0.03125 0.8436
vt 0.37541875 0.791625
vt 0.38075 0.7682249999999999
vt 0.40234375 0.7854687499999999
vt 0.252429375 0.996875
vt 0.25115 0.99
vt 0.28125 0.990006875
vt 0.279679375 0.996875
vt 0.0066375 0.863175
vt 0.0005625 0.8366125
vt 0.03125 0.8436
vt 0.3903625 0.8103875
vt 0.37541875 0.791625
vt 0.40234375 0.7854687499999999
vt 0.126253125 0.809375
vt 0.125 0.802438125
vt 0.1551 0.802424375
vt 0.153528125 0.809375
vt 0.0005625 0.8366125
vt 0.01759375 0.8153125
vt 0.03125 0.8436
vt 0.414325 0.8103875
vt 0.3903625 0.8103875
vt 0.40234375 0.7854687499999999
vt 0.12696875 0.996875
vt 0.125575 0.9898875
vt 0.155675 0.9898875
vt 0.15428125 0.996875
vt 0.01759375 0.8153125
vt 0.04490625 0.8153125
vt 0.03125 0.8436
vt 0.15370375 0.52735
vt 0.15438125 0.5337562499999999
vt 0.12568125 0.533769375
vt 0.1263975 0.5273687499999999
vt 0.15438125 0.5337562499999999
vt 0.1551 0.615018125
vt 0.125 0.615031875
vt 0.12568125 0.533769375
vt 0.27879875 0.714825
vt 0.2794375 0.7212375
vt 0.2507625 0.72124375
vt 0.25154875 0.7148375
vt 0.2794375 0.7212375
vt 0.2801 0.8025
vt 0.25 0.802506875
vt 0.25076875 0.72124375
vt 0.03004 0.65225625
vt 0.0306625 0.65868125
vt 0.001975 0.6586681249999999
vt 0.002765 0.6522375
vt 0.0306625 0.65868125
vt 0.03125 0.739944375
vt 0.00115 0.739930625
vt 0.001975 0.6586681249999999
vt 0.15428125 0.902175
vt 0.15498125 0.90861875
vt 0.12626875 0.90861875
vt 0.12696875 0.902175
vt 0.15498125 0.90861875
vt 0.155675 0.9898875
vt 0.125575 0.9898875
vt 0.12626875 0.90861875
vt 0.153485 0.71473125
vt 0.154275 0.721161875
vt 0.1255875 0.721175
vt 0.12621 0.71475
vt 0.154275 0.721161875
vt 0.1551 0.802424375
vt 0.125 0.802438125
vt 0.1255875 0.721175
vt 0.279695 0.90233125
vt 0.28048125 0.90874375
vt 0.25180625 0.9087375
vt 0.252445 0.902325
vt 0.28048125 0.90874375
vt 0.28125 0.990006875
vt 0.25115 0.99
vt 0.2518125 0.9087375
vt 0.4048525 0.9023687499999999
vt 0.40556875 0.908769375
vt 0.37686875 0.90875625
vt 0.37754625 0.90235
vt 0.40556875 0.908769375
vt 0.40625 0.990031875
vt 0.37615 0.990018125
vt 0.37686875 0.90875625
vt 0.029996875 0.75
vt 0.002721875 0.75
vt 0.002721875 0.746875
vt 0.029996875 0.746875
vt 0.153740625 0.625
vt 0.126440625 0.625
vt 0.126440625 0.621875
vt 0.153740625 0.621875
vt 0.404803125 1
vt 0.377503125 1
vt 0.377503125 0.996875
vt 0.404803125 0.996875
vt 0.279679375 1
vt 0.252429375 1
vt 0.252429375 0.996875
vt 0.279679375 0.996875
vt 0.153528125 0.8125
vt 0.126253125 0.8125
vt 0.126253125 0.809375
vt 0.153528125 0.809375
vt 0.15428125 1
vt 0.12696875 1
vt 0.12696875 0.996875
vt 0.15428125 0.996875
vt 0.278820625 0.8125
vt 0.251570625 0.8125
vt 0.251570625 0.809375
vt 0.278820625 0.809375
vt 0.0599375 0.97575625
vt 0.05425625 0.9508
vt 0.0558625 0.949325
vt 0.0619375 0.9758875
vt 0.05425625 0.9508
vt 0.03125 0.93969375
vt 0.03125 0.9375
vt 0.0558625 0.949325
vt 0.03125 0.93969375
vt 0.00824375 0.9508
vt 0.0066375 0.949325
vt 0.03125 0.9375
vt 0.00824375 0.9508
vt 0.0025625 0.97575625
vt 0.0005625 0.9758875
vt 0.0066375 0.949325
vt 0.0025625 0.97575625
vt 0.01848125 0.995775
vt 0.01759375 0.9971875
vt 0.0005625 0.9758875
vt 0.01848125 0.995775
vt 0.04401875 0.995775
vt 0.04490625 0.9971875
vt 0.01759375 0.9971875
vt 0.04401875 0.995775
vt 0.0599375 0.97575625
vt 0.0619375 0.9758875
vt 0.04490625 0.9971875
vt 0.39975625 0.6875
vt 0.37575625 0.6875
vt 0.375 0.625
vt 0.4006 0.625
vt 0.52475 0.875
vt 0.500775 0.875
vt 0.5 0.8125
vt 0.52554375 0.8125
vt 0.530475 1
vt 0.5065 1
vt 0.50570625 0.9375
vt 0.53125 0.9375
vt 0.28049375 0.625
vt 0.25649375 0.625
vt 0.25565 0.5625
vt 0.28125 0.5625
vt 0.3998375 0.5625
vt 0.37585 0.5625
vt 0.375 0.5
vt 0.400575 0.5
vt 0.27760625 0.5
vt 0.25364375 0.5
vt 0.25285625 0.4375
vt 0.27839375 0.4375
vt 0.0304 0.5625
vt 0.0064125 0.5625
vt 0.005675 0.5
vt 0.03125 0.5
vt 0.42926875 0.791625
vt 0.414325 0.8103875
vt 0.40234375 0.7854687499999999
vt 0.002721875 0.746875
vt 0.00115 0.739930625
vt 0.03125 0.739944375
vt 0.029996875 0.746875
vt 0.04490625 0.8153125
vt 0.0619375 0.8366125
vt 0.03125 0.8436
vt 0.4239375 0.7682249999999999
vt 0.42926875 0.791625
vt 0.40234375 0.7854687499999999
vt 0.251570625 0.809375
vt 0.25 0.802506875
vt 0.2801 0.8025
vt 0.278820625 0.809375
vt 0.0619375 0.8366125
vt 0.0558625 0.863175
vt 0.03125 0.8436
vt 0.40234375 0.7578125
vt 0.4239375 0.7682249999999999
vt 0.40234375 0.7854687499999999
vt 0.126440625 0.621875
vt 0.125 0.615031875
vt 0.1551 0.615018125
vt 0.153746875 0.621875
vt 0.0558625 0.863175
vt 0.03125 0.875
vt 0.03125 0.8436
vt 0.38075 0.7682249999999999
vt 0.40234375 0.7578125
vt 0.40234375 0.7854687499999999
vt 0.377503125 0.996875
vt 0.37615 0.990018125
vt 0.40625 0.990031875
vt 0.404809375 0.996875
vt 0.03125 0.875
vt 0.0066375 0.863175
vt 0.03125 0.8436
vt 0.37541875 0.791625
vt 0.38075 0.7682249999999999
vt 0.40234375 0.7854687499999999
vt 0.252429375 0.996875
vt 0.25115 0.99
vt 0.28125 0.990006875
vt 0.279679375 0.996875
vt 0.0066375 0.863175
vt 0.0005625 0.8366125
vt 0.03125 0.8436
vt 0.3903625 0.8103875
vt 0.37541875 0.791625
vt 0.40234375 0.7854687499999999
vt 0.126253125 0.809375
vt 0.125 0.802438125
vt 0.1551 0.802424375
vt 0.153528125 0.809375
vt 0.0005625 0.8366125
vt 0.01759375 0.8153125
vt 0.03125 0.8436
vt 0.414325 0.8103875
vt 0.3903625 0.8103875
vt 0.40234375 0.7854687499999999
vt 0.12696875 0.996875
vt 0.125575 0.9898875
vt 0.155675 0.9898875
vt 0.15428125 0.996875
vt 0.01759375 0.8153125
vt 0.04490625 0.8153125
vt 0.03125 0.8436
vt 0.15370375 0.52735
vt 0.15438125 0.5337562499999999
vt 0.12568125 0.533769375
vt 0.1263975 0.5273687499999999
vt 0.15438125 0.5337562499999999
vt 0.1551 0.615018125
vt 0.125 0.615031875
vt 0.12568125 0.533769375
vt 0.27879875 0.714825
vt 0.2794375 0.7212375
vt 0.2507625 0.72124375
vt 0.25154875 0.7148375
vt 0.2794375 0.7212375
vt 0.2801 0.8025
vt 0.25 0.802506875
vt 0.25076875 0.72124375
vt 0.03004 0.65225625
vt 0.0306625 0.65868125
vt 0.001975 0.6586681249999999
vt 0.002765 0.6522375
vt 0.0306625 0.65868125
vt 0.03125 0.739944375
vt 0.00115 0.739930625
vt 0.001975 0.6586681249999999
vt 0.15428125 0.902175
vt 0.15498125 0.90861875
vt 0.12626875 0.90861875
vt 0.12696875 0.902175
vt 0.15498125 0.90861875
vt 0.155675 0.9898875
vt 0.125575 0.9898875
vt 0.12626875 0.90861875
vt 0.153485 0.71473125
vt 0.154275 0.721161875
vt 0.1255875 0.721175
vt 0.12621 0.71475
vt 0.154275 0.721161875
vt 0.1551 0.802424375
vt 0.125 0.802438125
vt 0.1255875 0.721175
vt 0.279695 0.90233125
vt 0.28048125 0.90874375
vt 0.25180625 0.9087375
vt 0.252445 0.902325
vt 0.28048125 0.90874375
vt 0.28125 0.990006875
vt 0.25115 0.99
vt 0.2518125 0.9087375
vt 0.4048525 0.9023687499999999
vt 0.40556875 0.908769375
vt 0.37686875 0.90875625
vt 0.37754625 0.90235
vt 0.40556875 0.908769375
vt 0.40625 0.990031875
vt 0.37615 0.990018125
vt 0.37686875 0.90875625
vt 0.029996875 0.75
vt 0.002721875 0.75
vt 0.002721875 0.746875
vt 0.029996875 0.746875
vt 0.153740625 0.625
vt 0.126440625 0.625
vt 0.126440625 0.621875
vt 0.153740625 0.621875
vt 0.404803125 1
vt 0.377503125 1
vt 0.377503125 0.996875
vt 0.404803125 0.996875
vt 0.279679375 1
vt 0.252429375 1
vt 0.252429375 0.996875
vt 0.279679375 0.996875
vt 0.153528125 0.8125
vt 0.126253125 0.8125
vt 0.126253125 0.809375
vt 0.153528125 0.809375
vt 0.15428125 1
vt 0.12696875 1
vt 0.12696875 0.996875
vt 0.15428125 0.996875
vt 0.278820625 0.8125
vt 0.251570625 0.8125
vt 0.251570625 0.809375
vt 0.278820625 0.809375
vt 0.0599375 0.97575625
vt 0.05425625 0.9508
vt 0.0558625 0.949325
vt 0.0619375 0.9758875
vt 0.05425625 0.9508
vt 0.03125 0.93969375
vt 0.03125 0.9375
vt 0.0558625 0.949325
vt 0.03125 0.93969375
vt 0.00824375 0.9508
vt 0.0066375 0.949325
vt 0.03125 0.9375
vt 0.00824375 0.9508
vt 0.0025625 0.97575625
vt 0.0005625 0.9758875
vt 0.0066375 0.949325
vt 0.0025625 0.97575625
vt 0.01848125 0.995775
vt 0.01759375 0.9971875
vt 0.0005625 0.9758875
vt 0.01848125 0.995775
vt 0.04401875 0.995775
vt 0.04490625 0.9971875
vt 0.01759375 0.9971875
vt 0.04401875 0.995775
vt 0.0599375 0.97575625
vt 0.0619375 0.9758875
vt 0.04490625 0.9971875
vt 0.39975625 0.6875
vt 0.37575625 0.6875
vt 0.375 0.625
vt 0.4006 0.625
vt 0.52475 0.875
vt 0.500775 0.875
vt 0.5 0.8125
vt 0.52554375 0.8125
vt 0.530475 1
vt 0.5065 1
vt 0.50570625 0.9375
vt 0.53125 0.9375
vt 0.28049375 0.625
vt 0.25649375 0.625
vt 0.25565 0.5625
vt 0.28125 0.5625
vt 0.3998375 0.5625
vt 0.37585 0.5625
vt 0.375 0.5
vt 0.400575 0.5
vt 0.27760625 0.5
vt 0.25364375 0.5
vt 0.25285625 0.4375
vt 0.27839375 0.4375
vt 0.0304 0.5625
vt 0.0064125 0.5625
vt 0.005675 0.5
vt 0.03125 0.5
vn 0 -1 0
vn 0.7032739448955527 0.4368933181543746 0.5608297308302294
vn 0 1 0
vn 0 -1 0
vn 0.8871818805586601 0.4146142081879828 -0.20249288673198293
vn 0 1 0
vn 0 -1 0
vn 0.396273257568335 0.40728513477399503 -0.8228525532124871
vn 0 1 0
vn 0 -1 0
vn -0.3956031984731334 0.4107305952465257 -0.8214611904930514
vn 0 1 0
vn 0 -1 0
vn -0.8863754324204905 0.41642494383926254 -0.2023088207415969
vn 0 1 0
vn 0 -1 0
vn -0.7048069195672584 0.432833131039558 0.562052210034446
vn 0 1 0
vn 0 -1 0
vn 0 0.44721359549995754 0.8944271909999161
vn 0 1 0
vn 0.4228522558224249 -0.21978545283792067 -0.8791418113516821
vn 0.4338260509889269 -0.017323655549089385 -0.900830088552647
vn 0.9502566322487225 -0.22329373581722203 -0.21714566634428834
vn 0.9747768581159512 -0.017610818444583193 -0.2224858106830784
vn 0.759885026784384 -0.2333524566539732 0.6067300693409315
vn 0.7817049559262481 -0.018466145185837245 0.6233749781330002
vn 0 -0.24253562503633264 0.970142500145332
vn 0 -0.01922721423134323 0.9998151400298467
vn -0.7593807976478013 -0.23602501161675668 0.6063274676732857
vn -0.7817018426275046 -0.01868050299525605 0.6233724954155487
vn -0.9505223932293361 -0.22210034098678041 -0.2172063960916694
vn -0.9747784075876058 -0.01752035327155687 -0.22248616433884524
vn -0.42306883542497076 -0.21755574889787127 -0.879592096720773
vn -0.43382734149277563 -0.017151134403204586 -0.9008327682550153
vn 0.7810431686653755 0 0.624477036151971
vn 0.4329557943492376 0 -0.901415154154522
vn -0.4329557943492376 0 -0.901415154154522
vn -0.9748050963065353 0 -0.22305834262543664
vn -0.7810431686653755 0 0.624477036151971
vn 0 0 1
vn 0.9748050963065353 0 -0.22305834262543664
vn 0 -1 0
vn 0 -1 0
vn 0 -1 0
vn 0 -1 0
vn 0 -1 0
vn 0 -1 0
vn 0 -1 0
vn -0.9212157092844869 -0.32754171626644907 0.2099477103297605
vn -0.41075793314593934 -0.32555399417519854 0.8516410730080195
vn 0.411001600024081 -0.32392037084869896 0.8521462774235928
vn 0.9215347466332295 -0.32659628593988826 0.21002041985935613
vn 0.7364191052778306 -0.337412822727918 -0.586378281010286
vn 0 -0.3428189223420082 -0.9394015044081335
vn -0.7369914599903976 -0.3353646053529953 -0.5868340220008141
vn 0 -1 0
vn 0.3953247014990042 0.4369351899186047 -0.807964120611501
vn 0 1 0
vn 0 -1 0
vn -0.3897184887977529 0.4145962584768215 -0.8223317104102312
vn 0 1 0
vn 0 -1 0
vn -0.889090541950047 0.4073537423792062 -0.20876047706552864
vn 0 1 0
vn 0 -1 0
vn -0.7163896586785002 0.4106963536950691 0.5640162781339532
vn 0 1 0
vn 0 -1 0
vn -0.005663550676867368 0.4164695312850805 0.9091320331530047
vn 0 1 0
vn 0 -1 0
vn 0.7012715350136066 0.432882356213656 0.5664195440294884
vn 0 1 0
vn 0 -1 0
vn 0.8732276824183806 0.4472111025036987 -0.19358627135117362
vn 0 1 0
vn -0.9498178933088166 -0.21981049383716939 -0.22255182845679178
vn -0.973377812771542 -0.017318427686829136 -0.22855131954671584
vn -0.4176951278853788 -0.2232554473444268 -0.8807313922938463
vn -0.4281930183541315 -0.017620200519123712 -0.9035155048843624
vn 0.4278826113056536 -0.23331360189637745 -0.8732017144465497
vn 0.4394222990484502 -0.018468248225430327 -0.8980907342281504
vn 0.9471398400445017 -0.24255594869987168 -0.20998270202752725
vn 0.9761163909218936 -0.019227168426666528 -0.21639571938444135
vn 0.7563048199046382 -0.23609323365555487 0.6101335955436947
vn 0.7778012277606092 -0.018674399970798387 0.6282328524359575
vn -0.006333259850332889 -0.22210041386024057 0.9750032287037712
vn -0.006228546677779021 -0.017522163803973086 0.9998270745393474
vn -0.7671697904000196 -0.21760365681126764 0.6034062986412674
vn -0.7855956761116629 -0.017151377446665846 0.6185024364756709
vn 0.44065673896251606 0 -0.8976756866524352
vn -0.9737538439032876 0 -0.22760371588261089
vn -0.7863389904990503 0 0.6177952670755376
vn -0.006789301509699455 0 0.99997695242691
vn 0.7787268524752967 0 0.6273631239034674
vn 0.9762956829524773 0 -0.21644107615782232
vn -0.4287793545577325 0 -0.9034092456384617
vn 0 -1 0
vn 0 -1 0
vn 0 -1 0
vn 0 -1 0
vn 0 -1 0
vn 0 -1 0
vn 0 -1 0
vn 0.40435879887066156 -0.3275255450204521 0.853944365362833
vn 0.9203594886394141 -0.32556703629351613 0.21666683306508294
vn 0.7429871372938759 -0.3239452466251788 -0.5856872808972406
vn 0.005587750754159228 -0.32654016547668724 -0.9451668092839312
vn -0.7318628162659084 -0.33750121044210235 -0.5920048573427833
vn -0.9171336354631521 -0.34282180084107183 0.20332020944860962
vn -0.4134391512534536 -0.3353145384175308 0.8465413330349926
vn 0 -1 0
vn 0.699765363341693 0.43689129176852115 -0.5652030037465311
vn 0 1 0
vn 0 -1 0
vn -0.005668777734890471 0.4146329290955255 -0.9099710979303999
vn 0 1 0
vn 0 -1 0
vn -0.7175767598744253 0.4073255314087595 -0.5649508873793307
vn 0 1 0
vn 0 -1 0
vn -0.8876297567777964 0.41070131279665045 0.2084174813917917
vn 0 1 0
vn 0 -1 0
vn -0.3893491719512942 0.41648389062778546 0.8215524275104933
vn 0 1 0
vn 0 -1 0
vn 0.3961979606790469 0.4328208828004661 0.8097488866096637
vn 0 1 0
vn 0 -1 0
vn 0.873219321724158 0.44722822957361796 0.1935844178647884
vn 0 1 0
vn -0.7667829523296954 -0.2197995388520768 -0.6031020367541224
vn -0.7855934072351852 -0.01731889819539686 -0.618500650180669
vn -0.006331498801874388 -0.22328729114342408 -0.9747321158845407
vn -0.006228536407022425 -0.017615991926840855 -0.9998254258432618
vn 0.7568084781445095 -0.23341367508803504 -0.6105399116278056
vn 0.7778042341545265 -0.018466331554286917 -0.6282352807111502
vn 0.9471345791198647 -0.2425775004259026 0.20998153567053984
vn 0.9761164630296172 -0.01922332739696718 0.21639573537003773
vn 0.4275837501950189 -0.23612637227136665 0.8725918134426474
vn 0.4394206009004363 -0.01867625615219698 0.8980872635554061
vn -0.41781266558321567 -0.22205445042698613 0.8809792264995907
vn -0.4281937565209539 -0.017522120620222542 0.9035170624650343
vn -0.950297858056264 -0.2176111104234327 0.22266428899569266
vn -0.9733805776001098 -0.017153680023595137 0.22855196873473832
vn 0.7787268524752967 0 -0.6273631239034674
vn -0.7863389904990503 0 -0.6177952670755376
vn -0.9737538439032875 0 0.22760371588261075
vn -0.42877935455773253 0 0.9034092456384617
vn 0.440656738962516 0 0.8976756866524352
vn 0.9762956829524773 0 0.21644107615782232
vn -0.006789301509699455 0 -0.99997695242691
vn 0 -1 0
vn 0 -1 0
vn 0 -1 0
vn 0 -1 0
vn 0 -1 0
vn 0 -1 0
vn 0 -1 0
vn 0.005585651906524006 -0.327565997313124 0.9448117896687348
vn 0.7425641015864952 -0.3255141707777866 0.5853538072464305
vn 0.9209378571668607 -0.323836265398793 -0.216802989945881
vn 0.4045052424750258 -0.32653673760316315 -0.8542536320120059
vn -0.41310378735303216 -0.33745394167234005 -0.8458546554369621
vn -0.9171048445649781 -0.34290259829952513 -0.20331382676759063
vn -0.7324715760501673 -0.33530934784000077 0.5924972839850808
vn 0 -1 0
vn 0.4003704104154275 0.4369179025295554 0.8054851214721203
vn 0 1 0
vn 0 -1 0
vn 0.8896622154189544 0.41455723285479246 0.19142477149944784
vn 0 1 0
vn 0 -1 0
vn 0.7068774330090853 0.40733324964577244 -0.5782766798302532
vn 0 1 0
vn 0 -1 0
vn -0.011359849100265563 0.4106914393109809 -0.9117036226236542
vn 0 1 0
vn 0 -1 0
vn -0.7178055131041513 0.41648209724364027 -0.5579407746641439
vn 0 1 0
vn 0 -1 0
vn -0.8763224160335253 0.4327970358306987 0.2115319099647285
vn 0 1 0
vn 0 -1 0
vn -0.3780096354927432 0.447212674617064 0.8106229327723807
vn 0 1 0
vn 0.7547661175431831 -0.2198318869311459 -0.6180631434546812
vn 0.7738827941236028 -0.017322671176114107 -0.6330918938217182
vn 0.9529991652345107 -0.2232924849203575 0.20477562657801346
vn 0.9774741095866756 -0.017616329262367215 0.21031887702024255
vn 0.4322790364585742 -0.23336525098010646 0.8710198013096135
vn 0.44502673865429787 -0.018462461001002288 0.8953269455436409
vn -0.41000185786286625 -0.24253033451481038 0.8792482660711549
vn -0.42254928031700945 -0.019226695734001577 0.9061359941392516
vn -0.9444616305631396 -0.2360868190927402 0.22859405557600948
vn -0.9719111637540955 -0.018677798200815304 0.23460568966785464
vn -0.7696651689668592 -0.22207212984451252 -0.5985812366133256
vn -0.7894187798500988 -0.017524552305291142 -0.6136048240410766
vn -0.011711381145647319 -0.21755962606075935 -0.9759767685042325
vn -0.01245722346689753 -0.017155299839957172 -0.9997752313749813
vn 0.4439474120213386 0 0.8960528418344288
vn 0.7733450037933449 0 -0.633985413955141
vn -0.011445612573040179 0 -0.9999344968310814
vn -0.7891941067917935 0 -0.6141438445552505
vn -0.9717765982612275 0 0.23590303743664848
vn -0.4226299330515624 0 0.9063023445235215
vn 0.9777486763474224 0 0.20977970802931228
vn 0 -1 0
vn 0 -1 0
vn 0 -1 0
vn 0 -1 0
vn 0 -1 0
vn 0 -1 0
vn 0 -1 0
vn -0.9236524770729394 -0.3274850049074937 -0.1990469119523393
vn -0.7321839115678239 -0.3255440282129426 0.5982706789874729
vn 0.012358131808870992 -0.3239268188368976 0.9460014231577046
vn 0.7464344315224891 -0.3265761833437169 0.5798134492320349
vn 0.9151916832087147 -0.3375235888358432 -0.22023171879856976
vn 0.3970155784477852 -0.34281598022787435 -0.8513846569971603
vn -0.4199400346884626 -0.3352995557716973 -0.8433413159362915
vn 0 -1 0
vn 0.3953247014990042 0.43693518991860497 -0.807964120611501
vn 0 1 0
vn 0 -1 0
vn -0.3897184887977527 0.4145962584768209 -0.8223317104102316
vn 0 1 0
vn 0 -1 0
vn -0.889090541950047 0.4073537423792062 -0.20876047706552864
vn 0 1 0
vn 0 -1 0
vn -0.7163896586784998 0.4106963536950693 0.5640162781339535
vn 0 1 0
vn 0 -1 0
vn -0.005663550676867372 0.4164695312850807 0.9091320331530047
vn 0 1 0
vn 0 -1 0
vn 0.7012715350136068 0.4328823562136557 0.5664195440294884
vn 0 1 0
vn 0 -1 0
vn 0.873227682418381 0.44721110250369805 -0.1935862713511734
vn 0 1 0
vn -0.9498178933088165 -0.21981049383716986 -0.22255182845679222
vn -0.973377812771542 -0.017318427686829136 -0.22855131954671584
vn -0.4176951278853789 -0.22325544734442593 -0.8807313922938464
vn -0.4281930183541312 -0.017620200519123778 -0.9035155048843627
vn 0.4278826113056536 -0.23331360189637776 -0.8732017144465497
vn 0.43942229904845026 -0.018468248225430375 -0.8980907342281504
vn 0.9471398400445016 -0.24255594869987163 -0.20998270202752695
vn 0.9761163909218936 -0.01922716842666657 -0.21639571938444102
vn 0.7563048199046384 -0.23609323365555407 0.6101335955436947
vn 0.7778012277606092 -0.018674399970798387 0.6282328524359574
vn -0.006333259850332887 -0.22210041386024051 0.9750032287037712
vn -0.0062285466777790245 -0.017522163803973093 0.9998270745393474
vn -0.7671697904000193 -0.21760365681126886 0.6034062986412673
vn -0.7855956761116626 -0.017151377446665696 0.6185024364756714
vn 0.440656738962516 0 -0.8976756866524352
vn -0.9737538439032875 0 -0.22760371588261075
vn -0.78633899049905 0 0.6177952670755379
vn -0.006789301509699455 0 0.99997695242691
vn 0.7787268524752967 0 0.6273631239034674
vn 0.9762956829524773 0 -0.21644107615782232
vn -0.42877935455773236 0 -0.9034092456384617
vn 0 -1 0
vn 0 -1 0
vn 0 -1 0
vn 0 -1 0
vn 0 -1 0
vn 0 -1 0
vn 0 -1 0
vn 0.4043587988706616 -0.3275255450204531 0.8539443653628327
vn 0.9203594886394142 -0.3255670362935155 0.21666683306508366
vn 0.7429871372938762 -0.32394524662517804 -0.5856872808972408
vn 0.005587750754159226 -0.32654016547668724 -0.9451668092839314
vn -0.7318628162659084 -0.33750121044210235 -0.5920048573427833
vn -0.9171336354631522 -0.34282180084107167 0.20332020944860937
vn -0.41343915125345354 -0.33531453841753056 0.8465413330349927
vn 0 -1 0
vn 0.7032739448955525 0.43689331815437527 0.5608297308302291
vn 0 1 0
vn 0 -1 0
vn 0.8871818805586605 0.41461420818798156 -0.20249288673198299
vn 0 1 0
vn 0 -1 0
vn 0.39627325756833515 0.40728513477399486 -0.822852553212487
vn 0 1 0
vn 0 -1 0
vn -0.3956031984731332 0.4107305952465258 -0.8214611904930516
vn 0 1 0
vn 0 -1 0
vn -0.8863754324204901 0.41642494383926376 -0.20230882074159667
vn 0 1 0
vn 0 -1 0
vn -0.7048069195672586 0.432833131039557 0.5620522100344466
vn 0 1 0
vn 0 -1 0
vn 0 0.44721359549995754 0.8944271909999161
vn 0 1 0
vn 0.42285225582242525 -0.21978545283792073 -0.8791418113516821
vn 0.43382605098892696 -0.017323655549089382 -0.9008300885526468
vn 0.9502566322487228 -0.2232937358172211 -0.2171456663442884
vn 0.9747768581159514 -0.017610818444583235 -0.22248581068307832
vn 0.7598850267843842 -0.23335245665397197 0.6067300693409319
vn 0.7817049559262481 -0.018466145185837245 0.6233749781330001
vn 0 -0.24253562503633266 0.970142500145332
vn 0 -0.01922721423134323 0.9998151400298467
vn -0.7593807976478009 -0.23602501161675687 0.6063274676732859
vn -0.7817018426275045 -0.0186805029952561 0.6233724954155488
vn -0.9505223932293364 -0.22210034098677883 -0.21720639609166992
vn -0.9747784075876058 -0.01752035327155687 -0.2224861643388451
vn -0.42306883542497065 -0.21755574889787077 -0.879592096720773
vn -0.4338273414927753 -0.017151134403204673 -0.9008327682550153
vn 0.7810431686653752 0 0.6244770361519714
vn 0.43295579434923775 0 -0.9014151541545219
vn -0.43295579434923753 0 -0.9014151541545221
vn -0.9748050963065351 0 -0.22305834262543722
vn -0.7810431686653749 0 0.6244770361519717
vn 0 0 1
vn 0.9748050963065353 0 -0.22305834262543678
vn 0 -1 0
vn 0 -1 0
vn 0 -1 0
vn 0 -1 0
vn 0 -1 0
vn 0 -1 0
vn 0 -1 0
vn -0.9212157092844874 -0.32754171626644785 0.2099477103297602
vn -0.41075793314593945 -0.3255539941751986 0.8516410730080195
vn 0.4110016000240808 -0.32392037084869973 0.8521462774235926
vn 0.9215347466332297 -0.3265962859398876 0.21002041985935682
vn 0.7364191052778298 -0.33741282272791995 -0.5863782810102861
vn 0 -0.3428189223420082 -0.9394015044081335
vn -0.7369914599903974 -0.33536460535299656 -0.5868340220008136
vn 0 -1 0
vn -0.10071340810103671 0.43690808383994467 -0.893850175199391
vn 0 1 0
vn 0 -1 0
vn -0.7705018126659431 0.41465856602592077 -0.48413348396885697
vn 0 1 0
vn 0 -1 0
vn -0.8620440232511051 0.40728995009607827 0.30165377260658005
vn 0 1 0
vn 0 -1 0
vn -0.3011515925194671 0.4106823446526776 0.86060892983606
vn 0 1 0
vn 0 -1 0
vn 0.4836875268476179 0.4164931538258813 0.7697920688005337
vn 0 1 0
vn 0 -1 0
vn 0.8957843858804453 0.43287780961573097 0.1009313427785464
vn 0 1 0
vn 0 -1 0
vn 0.6324567450868768 0.4472101644509292 -0.6324567450868764
vn 0 1 0
vn -0.9206404433108812 -0.21981376670824426 0.32265009236923836
vn -0.9437378731824455 -0.017316309834312267 0.3302407790306896
vn -0.8254916698510393 -0.22327773459046915 -0.5183729894995409
vn -0.8465951831966513 -0.017619245753241492 -0.5319456344094906
vn -0.1082811023191869 -0.2334087399737023 -0.9663309800396709
vn -0.11194613222131303 -0.018466092957878242 -0.9935426849871923
vn 0.6860004338950686 -0.24250115338190864 -0.686000433895068
vn 0.7069760309905159 -0.01922974804294194 -0.7069760309905155
vn 0.9657031533225946 -0.23602511059511544 0.10821075192124398
vn 0.9935386974404095 -0.018682097361586544 0.11194568292965545
vn 0.5185141726963178 -0.22211554509236353 0.8257164993757696
vn 0.5319465298869749 -0.017523471759287614 0.8465966083553059
vn -0.32281440785259163 -0.2175971558704895 0.9211092963594791
vn -0.33024173536024726 -0.017148311977493502 0.9437406061109034
vn -0.11070819306833064 0 -0.9938529549121163
vn -0.9435413756017156 0 0.3312546943480535
vn -0.3312546943480536 0 0.9435413756017155
vn 0.5315546402040449 0 0.8470240046643004
vn 0.9938529549121166 0 0.1107081930683304
vn 0.7071067811865474 0 -0.7071067811865477
vn -0.8470240046643005 0 -0.5315546402040443
vn 0 -1 0
vn 0 -1 0
vn 0 -1 0
vn 0 -1 0
vn 0 -1 0
vn 0 -1 0
vn 0 -1 0
vn 0.799856232428326 -0.32755279882380006 0.502930583110889
vn 0.8926612272447586 -0.32551547791626606 -0.31176210002312127
vn 0.3119508846835301 -0.3238475622911016 -0.8932017700067963
vn -0.5031143519815283 -0.32655525098305427 -0.800148496771444
vn -0.9353645218936457 -0.3374005774218914 -0.10608516172418363
vn -0.6642713420495321 -0.3427640124975603 0.6642713420495318
vn 0.10616912178503851 -0.3353146402182774 0.9361048069712499
vn 0 -1 0
vn 0.8944719629752608 0.43688667918594065 0.09513115683657394
vn 0 1 0
vn 0 -1 0
vn 0.639453918415725 0.41459194346387274 -0.6474659887883102
vn 0 1 0
vn 0 -1 0
vn -0.10790750529671071 0.4073425071181366 -0.9068781903846578
vn 0 1 0
vn 0 -1 0
vn -0.7749982344822728 0.4107670197739677 -0.48025846376235054
vn 0 1 0
vn 0 -1 0
vn -0.856204568410069 0.4165503412083805 0.30561340002184056
vn 0 1 0
vn 0 -1 0
vn -0.2924387146758723 0.4328034665424896 0.8527372148015635
vn 0 1 0
vn 0 -1 0
vn 0.4805787312502638 0.4471890347990759 0.7543646666071775
vn 0 1 0
vn -0.11573526817217887 -0.2197497827094937 -0.9686668058214055
vn -0.11813665059680699 -0.017327462047698354 -0.9928461566852911
vn 0.6847680671350853 -0.2232821530376994 -0.693713034594946
vn 0.7025818423065393 -0.017615656043911455 -0.7113848772101442
vn 0.9668651152991269 -0.23339582781229382 0.10343227918508079
vn 0.9942223650410305 -0.01846422082887828 0.10574006526100994
vn 0.5212761100544521 -0.2424545798661954 0.8182218487601061
vn 0.537196616623372 -0.019230884444253395 0.8432377886289808
vn -0.3146628816613443 -0.23604211853055415 0.9193864199476663
vn -0.3243388849372429 -0.018675846503367854 0.9457565756974934
vn -0.9183713928042271 -0.2220949205446069 0.3275176806633634
vn -0.9416579589076751 -0.01751921784757113 0.33611510741387546
vn -0.8293854974069285 -0.21767986471716397 -0.5145242202149274
vn -0.8498957424226325 -0.01715128305531721 -0.5266716818867698
vn 0.994257106312808 0 0.10701778612212898
vn -0.11917049454367963 0 -0.992873805289582
vn -0.8494841560112946 0 -0.5276141285880985
vn -0.9420021296663922 0 0.3356068946013799
vn -0.3231904060949383 0 0.9463339587102373
vn 0.5372943839378088 0 0.8433947741057508
vn 0.7022851511634634 0 -0.7118957553289045
vn 0 -1 0
vn 0 -1 0
vn 0 -1 0
vn 0 -1 0
vn 0 -1 0
vn 0 -1 0
vn 0 -1 0
vn -0.6641542920801239 -0.3274810930230105 0.6720529815602367
vn 0.11118279312083561 -0.32555171186719084 0.9389645730346758
vn 0.8044897374551611 -0.3239405398728443 0.4978541844317633
vn 0.890088501103688 -0.3265115889928592 -0.31801358847751804
vn 0.30600942700885064 -0.3374578428194663 -0.8902137018162253
vn -0.504761893581686 -0.3427450631751186 -0.79230123845474
vn -0.9368933001316624 -0.33531255578333696 -0.09897693722503942
vn 0 -1 0
vn -0.10071340810103707 0.4369080838399454 -0.8938501751993906
vn 0 1 0
vn 0 -1 0
vn -0.7705018126659429 0.4146585660259207 -0.48413348396885697
vn 0 1 0
vn 0 -1 0
vn -0.8620440232511051 0.40728995009607843 0.30165377260658005
vn 0 1 0
vn 0 -1 0
vn -0.301151592519467 0.4106823446526776 0.86060892983606
vn 0 1 0
vn 0 -1 0
vn 0.483687526847618 0.4164931538258813 0.7697920688005337
vn 0 1 0
vn 0 -1 0
vn 0.8957843858804454 0.4328778096157309 0.1009313427785464
vn 0 1 0
vn 0 -1 0
vn 0.6324567450868765 0.44721016445093015 -0.632456745086876
vn 0 1 0
vn -0.9206404433108812 -0.2198137667082443 0.32265009236923825
vn -0.9437378731824455 -0.017316309834312267 0.3302407790306896
vn -0.8254916698510391 -0.22327773459046935 -0.518372989499541
vn -0.8465951831966512 -0.017619245753241454 -0.5319456344094907
vn -0.1082811023191869 -0.2334087399737023 -0.9663309800396709
vn -0.11194613222131347 -0.01846609295787825 -0.9935426849871923
vn 0.6860004338950687 -0.2425011533819079 -0.6860004338950683
vn 0.7069760309905159 -0.019229748042942054 -0.7069760309905153
vn 0.9657031533225947 -0.23602511059511533 0.108210751921244
vn 0.9935386974404095 -0.018682097361586537 0.11194568292965545
vn 0.5185141726963178 -0.2221155450923631 0.8257164993757697
vn 0.531946529886975 -0.01752347175928758 0.846596608355306
vn -0.3228144078525915 -0.21759715587048953 0.9211092963594792
vn -0.33024173536024715 -0.017148311977493502 0.9437406061109034
vn -0.1107081930683309 0 -0.9938529549121163
vn -0.9435413756017156 0 0.33125469434805344
vn -0.33125469434805355 0 0.9435413756017157
vn 0.5315546402040447 0 0.8470240046643005
vn 0.9938529549121166 0 0.11070819306833041
vn 0.7071067811865476 0 -0.7071067811865476
vn -0.8470240046643004 0 -0.5315546402040445
vn 0 -1 0
vn 0 -1 0
vn 0 -1 0
vn 0 -1 0
vn 0 -1 0
vn 0 -1 0
vn 0 -1 0
vn 0.7998562324283263 -0.32755279882380006 0.502930583110889
vn 0.8926612272447584 -0.32551547791626606 -0.3117621000231213
vn 0.3119508846835301 -0.3238475622911016 -0.8932017700067963
vn -0.5031143519815284 -0.3265552509830539 -0.8001484967714442
vn -0.9353645218936457 -0.3374005774218915 -0.10608516172418363
vn -0.6642713420495326 -0.34276401249755867 0.6642713420495321
vn 0.1061691217850386 -0.3353146402182755 0.9361048069712505
vn 0 -1 0
vn 0.8944719629752608 0.4368866791859406 0.09513115683657396
vn 0 1 0
vn 0 -1 0
vn 0.6394539184157254 0.414591943463872 -0.6474659887883105
vn 0 1 0
vn 0 -1 0
vn -0.10790750529671062 0.40734250711813613 -0.9068781903846578
vn 0 1 0
vn 0 -1 0
vn -0.7749982344822727 0.41076701977396773 -0.48025846376235065
vn 0 1 0
vn 0 -1 0
vn -0.8562045684100691 0.4165503412083801 0.3056134000218405
vn 0 1 0
vn 0 -1 0
vn -0.2924387146758723 0.43280346654248997 0.8527372148015633
vn 0 1 0
vn 0 -1 0
vn 0.4805787312502637 0.4471890347990765 0.7543646666071769
vn 0 1 0
vn -0.11573526817217909 -0.2197497827094932 -0.9686668058214055
vn -0.11813665059680688 -0.017327462047698396 -0.9928461566852911
vn 0.6847680671350851 -0.22328215303769983 -0.6937130345949462
vn 0.7025818423065393 -0.017615656043911396 -0.7113848772101442
vn 0.9668651152991269 -0.23339582781229382 0.10343227918508074
vn 0.9942223650410305 -0.018464220828878285 0.10574006526100996
vn 0.521276110054452 -0.2424545798661953 0.818221848760106
vn 0.5371966166233721 -0.019230884444253363 0.8432377886289808
vn -0.3146628816613443 -0.23604211853055415 0.9193864199476663
vn -0.324338884937243 -0.018675846503367934 0.9457565756974934
vn -0.9183713928042271 -0.22209492054460686 0.3275176806633634
vn -0.941657958907675 -0.01751921784757114 0.3361151074138753
vn -0.8293854974069286 -0.2176798647171638 -0.5145242202149274
vn -0.8498957424226324 -0.017151283055317282 -0.5266716818867699
vn 0.994257106312808 0 0.10701778612212894
vn -0.11917049454367963 0 -0.992873805289582
vn -0.8494841560112946 0 -0.5276141285880985
vn -0.9420021296663922 0 0.33560689460137993
vn -0.3231904060949383 0 0.9463339587102373
vn 0.5372943839378089 0 0.8433947741057509
vn 0.7022851511634632 0 -0.7118957553289046
vn 0 -1 0
vn 0 -1 0
vn 0 -1 0
vn 0 -1 0
vn 0 -1 0
vn 0 -1 0
vn 0 -1 0
vn -0.6641542920801244 -0.3274810930230092 0.6720529815602369
vn 0.11118279312083595 -0.3255517118671922 0.9389645730346753
vn 0.8044897374551611 -0.32394053987284444 0.4978541844317635
vn 0.890088501103688 -0.32651158899285915 -0.31801358847751804
vn 0.3060094270088507 -0.3374578428194659 -0.8902137018162255
vn -0.504761893581686 -0.3427450631751186 -0.79230123845474
vn -0.9368933001316624 -0.33531255578333685 -0.09897693722503942
vn 0 -1 0
vn 0.5608297308302297 0.43689331815437416 -0.7032739448955528
vn 0 1 0
vn 0 -1 0
vn -0.20249288673198296 0.41461420818798145 -0.8871818805586605
vn 0 1 0
vn 0 -1 0
vn -0.8228525532124866 0.4072851347739967 -0.3962732575683345
vn 0 1 0
vn 0 -1 0
vn -0.8214611904930524 0.4107305952465244 0.39560319847313313
vn 0 1 0
vn 0 -1 0
vn -0.2023088207415966 0.416424943839264 0.8863754324204899
vn 0 1 0
vn 0 -1 0
vn 0.562052210034446 0.4328331310395585 0.7048069195672582
vn 0 1 0
vn 0 -1 0
vn 0.8944271909999151 0.4472135954999596 0
vn 0 1 0
vn -0.8791418113516827 -0.21978545283791973 -0.4228522558224247
vn -0.9008300885526471 -0.01732365554908931 -0.4338260509889266
vn -0.2171456663442875 -0.22329373581722536 -0.9502566322487218
vn -0.2224858106830783 -0.01761081844458305 -0.9747768581159514
vn 0.6067300693409312 -0.23335245665397303 -0.7598850267843843
vn 0.6233749781330002 -0.018466145185837158 -0.7817049559262478
vn 0.9701425001453312 -0.24253562503633602 0
vn 0.9998151400298467 -0.019227214231343142 0
vn 0.6063274676732855 -0.2360250116167589 0.7593807976478006
vn 0.6233724954155487 -0.018680502995256046 0.7817018426275046
vn -0.21720639609166925 -0.2221003409867803 0.9505223932293362
vn -0.22248616433884508 -0.0175203532715569 0.9747784075876058
vn -0.8795920967207729 -0.2175557488978738 0.42306883542496987
vn -0.9008327682550157 -0.01715113440320452 0.43382734149277485
vn 0.6244770361519711 0 -0.7810431686653753
vn -0.9014151541545218 0 -0.43295579434923814
vn -0.9014151541545221 0 0.4329557943492378
vn -0.2230583426254368 0 0.9748050963065352
vn 0.6244770361519714 0 0.781043168665375
vn 1 0 0
vn -0.22305834262543736 0 -0.9748050963065352
vn 0 -1 0
vn 0 -1 0
vn 0 -1 0
vn 0 -1 0
vn 0 -1 0
vn 0 -1 0
vn 0 -1 0
vn 0.20994771032976106 -0.3275417162664509 0.9212157092844862
vn 0.8516410730080193 -0.3255539941751989 0.4107579331459396
vn 0.8521462774235921 -0.3239203708487015 -0.41100160002408054
vn 0.21002041985935632 -0.32659628593988804 -0.9215347466332295
vn -0.5863782810102859 -0.33741282272791934 -0.7364191052778302
vn -0.9394015044081337 -0.3428189223420071 0
vn -0.5868340220008149 -0.33536460535299406 0.7369914599903975
vn 0 -1 0
vn 0.5652030037465309 0.43689129176852143 0.6997653633416931
vn 0 1 0
vn 0 -1 0
vn 0.9099710979303992 0.4146329290955271 -0.005668777734890679
vn 0 1 0
vn 0 -1 0
vn 0.5649508873793306 0.4073255314087606 -0.7175767598744248
vn 0 1 0
vn 0 -1 0
vn -0.20841748139179167 0.41070131279665073 -0.8876297567777963
vn 0 1 0
vn 0 -1 0
vn -0.8215524275104932 0.41648389062778546 -0.3893491719512944
vn 0 1 0
vn 0 -1 0
vn -0.8097488866096629 0.4328208828004674 0.3961979606790466
vn 0 1 0
vn 0 -1 0
vn -0.19358441786478864 0.44722822957361824 0.8732193217241577
vn 0 1 0
vn 0.6031020367541227 -0.2197995388520764 -0.7667829523296952
vn 0.618500650180669 -0.017318898195396823 -0.7855934072351851
vn 0.9747321158845409 -0.22328729114342377 -0.006331498801874395
vn 0.9998254258432618 -0.017615991926840855 -0.0062285364070226576
vn 0.6105399116278057 -0.23341367508803587 0.7568084781445091
vn 0.6282352807111501 -0.01846633155428697 0.7778042341545266
vn -0.20998153567053993 -0.2425775004259034 0.9471345791198644
vn -0.21639573537003792 -0.019223327396967218 0.976116463029617
vn -0.8725918134426468 -0.23612637227136785 0.4275837501950192
vn -0.898087263555406 -0.01867625615219698 0.4394206009004363
vn -0.88097922649959 -0.22205445042698999 -0.4178126655832153
vn -0.9035170624650342 -0.017522120620222535 -0.4281937565209543
vn -0.22266428899569307 -0.21761111042343137 -0.9502978580562642
vn -0.22855196873473838 -0.017153680023595262 -0.9733805776001098
vn 0.6273631239034675 0 0.7787268524752967
vn 0.617795267075538 0 -0.7863389904990498
vn -0.22760371588261064 0 -0.9737538439032875
vn -0.903409245638462 0 -0.42877935455773203
vn -0.8976756866524352 0 0.4406567389625159
vn -0.21644107615782235 0 0.9762956829524772
vn 0.99997695242691 0 -0.006789301509699077
vn 0 -1 0
vn 0 -1 0
vn 0 -1 0
vn 0 -1 0
vn 0 -1 0
vn 0 -1 0
vn 0 -1 0
vn -0.9448117896687358 -0.32756599731312125 0.005585651906523464
vn -0.5853538072464304 -0.32551417077778594 0.7425641015864956
vn 0.2168029899458811 -0.3238362653987894 0.9209378571668617
vn 0.8542536320120054 -0.32653673760316665 0.4045052424750244
vn 0.845854655436963 -0.33745394167233767 -0.41310378735303227
vn 0.20331382676759077 -0.3429025982995254 -0.9171048445649782
vn -0.5924972839850806 -0.33530934784000227 -0.7324715760501668
vn 0 -1 0
vn 0.8054851214721191 0.4369179025295574 -0.4003704104154272
vn 0 1 0
vn 0 -1 0
vn 0.19142477149944725 0.4145572328547932 -0.889662215418954
vn 0 1 0
vn 0 -1 0
vn -0.5782766798302534 0.4073332496457704 -0.7068774330090861
vn 0 1 0
vn 0 -1 0
vn -0.9117036226236548 0.4106914393109792 0.011359849100265251
vn 0 1 0
vn 0 -1 0
vn -0.5579407746641442 0.41648209724363955 0.7178055131041516
vn 0 1 0
vn 0 -1 0
vn 0.21153190996472832 0.4327970358306998 0.8763224160335248
vn 0 1 0
vn 0 -1 0
vn 0.8106229327723802 0.44721267461706526 0.3780096354927425
vn 0 1 0
vn -0.6180631434546819 -0.21983188693114303 -0.7547661175431833
vn -0.6330918938217179 -0.017322671176114166 -0.7738827941236032
vn 0.20477562657801401 -0.22329248492035836 -0.9529991652345102
vn 0.21031887702024205 -0.017616329262366982 -0.9774741095866756
vn 0.8710198013096137 -0.23336525098010627 -0.4322790364585741
vn 0.8953269455436407 -0.018462461001002364 -0.4450267386542981
vn 0.8792482660711549 -0.24253033451481013 0.41000185786286664
vn 0.9061359941392516 -0.019226695734001514 0.42254928031700906
vn 0.2285940555760096 -0.23608681909273996 0.9444616305631396
vn 0.23460568966785456 -0.018677798200815502 0.9719111637540955
vn -0.5985812366133251 -0.22207212984451294 0.7696651689668597
vn -0.6136048240410765 -0.017524552305291343 0.7894187798500988
vn -0.9759767685042329 -0.21755962606075804 0.011711381145646604
vn -0.9997752313749813 -0.017155299839957127 0.012457223466897174
vn 0.8960528418344288 0 -0.4439474120213386
vn -0.6339854139551409 0 -0.773345003793345
vn -0.9999344968310814 0 0.011445612573039913
vn -0.6141438445552497 0 0.789194106791794
vn 0.2359030374366486 0 0.9717765982612275
vn 0.9063023445235215 0 0.4226299330515626
vn 0.20977970802931242 0 -0.9777486763474224
vn 0 -1 0
vn 0 -1 0
vn 0 -1 0
vn 0 -1 0
vn 0 -1 0
vn 0 -1 0
vn 0 -1 0
vn -0.19904691195233984 -0.32748500490749044 0.9236524770729403
vn 0.5982706789874725 -0.32554402821294354 0.7321839115678238
vn 0.9460014231577039 -0.3239268188368995 -0.012358131808870836
vn 0.5798134492320347 -0.3265761833437174 -0.7464344315224892
vn -0.22023171879857023 -0.33752358883584355 -0.9151916832087145
vn -0.8513846569971607 -0.34281598022787296 -0.39701557844778546
vn -0.8433413159362918 -0.33529955577169523 0.41994003468846297
vn 0 -1 0
vn 0.21651676105688858 0.43695784358044487 0.8730339827950351
vn 0 1 0
vn 0 -1 0
vn 0.8271379825154528 0.4145679740911279 0.3794418963929061
vn 0 1 0
vn 0 -1 0
vn 0.8152835997662649 0.4073387851969928 -0.4115674501541629
vn 0 1 0
vn 0 -1 0
vn 0.18621865596810575 0.41075084431765957 -0.8925280701814158
vn 0 1 0
vn 0 -1 0
vn -0.5800210095637675 0.41650817857487216 -0.7000689720626608
vn 0 1 0
vn 0 -1 0
vn -0.9013147308702046 0.4328363333655918 0.016866073490914686
vn 0 1 0
vn 0 -1 0
vn -0.5445032281089449 0.44719865137987835 0.7095981967162519
vn 0 1 0
vn 0.8706550763125968 -0.21977857249871174 -0.4400649010788468
vn 0.8925672045519409 -0.01732646723693437 -0.4505813787668342
vn 0.8860731728599368 -0.22333861437156674 0.4061947755307953
vn 0.9087835646123392 -0.017610074436545824 0.4168960517549064
vn 0.23349211351972735 -0.23333513080367912 0.943947111684188
vn 0.24067168414026127 -0.018465536243315702 0.9704309168737036
vn -0.5905919796412363 -0.24254477126259422 0.7696578119636164
vn -0.6086554843891702 -0.01922800249128744 0.7932016044128882
vn -0.9715673244029083 -0.23601746296608958 0.01878007794511453
vn -0.9996504793976428 -0.018681459285793206 0.018706205361217726
vn -0.6218673257725462 -0.2220728004880918 -0.750975832114375
vn -0.637896306780832 -0.017525749691596863 -0.7699228207379767
vn 0.1998344419964341 -0.2175788095003265 -0.9553667659325368
vn 0.20421360383556927 -0.01714960860514477 -0.9787761209455305
vn 0.239450164039348 0 0.9709086563325767
vn 0.8922373684218934 0 -0.4515666931822745
vn 0.20526400302876227 0 -0.9787066409607162
vn -0.6375569176200366 0 -0.7704032559606935
vn -0.9998003164596944 0 0.019983173098763116
vn -0.6087605173257737 0 0.7933540398493325
vn 0.9091639809864305 0 0.4164382975626827
vn 0 -1 0
vn 0 -1 0
vn 0 -1 0
vn 0 -1 0
vn 0 -1 0
vn 0 -1 0
vn 0 -1 0
vn -0.8586445486267413 -0.3276098171479217 -0.3942097751475539
vn -0.8443189981812749 -0.3255468694881105 0.4256109315756113
vn -0.1927036541360549 -0.32386564820988445 0.9262701245275069
vn 0.6032307182757026 -0.3266476067203155 0.7276084397204792
vn 0.94118053111129 -0.3374800439267727 -0.016924178215020867
vn 0.5718889241800464 -0.3427872745690508 -0.7452784330662677
vn -0.22742882918732676 -0.33534461459964454 -0.9142319821103928
vn 0 -1 0
vn -0.4351120648963708 0.4369292680822611 -0.7872549178472729
vn 0 1 0
vn 0 -1 0
vn -0.8971280663231203 0.4146383484072856 -0.15243448640454563
vn 0 1 0
vn 0 -1 0
vn -0.6809749953402651 0.40732922909492286 0.6085687757733401
vn 0 1 0
vn 0 -1 0
vn 0.05112004711175044 0.41070421234110277 0.910334438955578
vn 0 1 0
vn 0 -1 0
vn 0.7414531980133495 0.4164847049118546 0.5261061164159396
vn 0 1 0
vn 0 -1 0
vn 0.8662386542996556 0.43283612747982597 -0.24956658539433849
vn 0 1 0
vn 0 -1 0
vn 0.3423068210115339 0.44715343894171633 -0.8263654411527475
vn 0 1 0
vn -0.7270889460148464 -0.2198245743654039 0.6503989707003608
vn -0.7455236681387982 -0.017316165313476392 0.6662541637120983
vn -0.9610225466038126 -0.22329053770326923 -0.1630245401505802
vn -0.9857168681695571 -0.017617520548744384 -0.16748695106101522
vn -0.4698403426703386 -0.23340555538882574 -0.8513353623062142
vn -0.4836463294054308 -0.01846588532285397 -0.8750687053779818
vn 0.3712578269298529 -0.24250306526185203 -0.8963034582561474
vn 0.3826270372108682 -0.01922847419366842 -0.9237027748011891
vn 0.9336059243791922 -0.23601716135784026 -0.26958463885885925
vn 0.960747449161303 -0.01867914249047533 -0.2767949214958076
vn 0.7950577623796915 -0.22201440640487652 0.5644402163457954
vn 0.8154267787497724 -0.01752559136492093 0.57859486875108
vn 0.05426196005420303 -0.21761094248515758 0.9745260988818091
vn 0.05605865926567199 -0.017151541608616303 0.9982801467232449
vn -0.48261443990727204 0 -0.8758329192220341
vn -0.7449604645223328 0 0.6671086165675498
vn 0.055052905165279456 0 0.9984834388375518
vn 0.8152185957375216 0 0.5791533831065337
vn 0.9605634590613604 0 -0.27806085865521274
vn 0.38268453284955156 0 -0.9238790766749296
vn -0.985964102679036 0 -0.16695744436329768
vn 0 -1 0
vn 0 -1 0
vn 0 -1 0
vn 0 -1 0
vn 0 -1 0
vn 0 -1 0
vn 0 -1 0
vn 0.9314397134613118 -0.3275315169449501 0.1585659660672781
vn 0.705389462120891 -0.3255608204221117 -0.6296315263190699
vn -0.05360165017844231 -0.3238815651523624 -0.9445779982895028
vn -0.7710230196510791 -0.32656646437479053 -0.5466972174008943
vn -0.9047579170967985 -0.3374225716357576 0.2599213719596275
vn -0.35947849017303274 -0.3428484447101809 0.867888333291056
vn 0.4563162221722365 -0.3353362271850816 0.8242118175079352
vn 0 -1 0
vn 0.8627846594925327 0.43690338543700236 -0.25439745112331796
vn 0 1 0
vn 0 -1 0
vn 0.3429860072305039 0.4146116932996421 -0.8428865538275484
vn 0 1 0
vn 0 -1 0
vn -0.4467507729532624 0.4072898595833704 -0.7965731084754375
vn 0 1 0
vn 0 -1 0
vn -0.8998021763705454 0.41074959473604566 -0.14710817048350638
vn 0 1 0
vn 0 -1 0
vn -0.674124199307772 0.41643624069552176 0.6100306724608499
vn 0 1 0
vn 0 -1 0
vn 0.056156800012843004 0.43286726182827495 0.8997068119390945
vn 0 1 0
vn 0 -1 0
vn 0.7326505459058802 0.44726109778277867 0.5130113916804963
vn 0 1 0
vn -0.47761656502373556 -0.21979626686031767 -0.8506303650171417
vn -0.48908818366729334 -0.01732453769581099 -0.8720622735737711
vn 0.3671609070613548 -0.22330361777391963 -0.9029553491812108
vn 0.37684987367012374 -0.01761453880781539 -0.9261068516847286
vn 0.9328556479718155 -0.2333639494013202 -0.27444782230307946
vn 0.9590099798402436 -0.018464442801147913 -0.28277008844440865
vn 0.794700854044219 -0.24250361825222455 0.5564553420679584
vn 0.8189985112866145 -0.019228896658404746 0.5734733542577283
vn 0.061121728231710436 -0.2361324639919974 0.9697966765188656
vn 0.062284683522117336 -0.018675835573977097 0.9978836762690148
vn -0.7231394004772054 -0.22214201193107247 0.6540048424994139
vn -0.7413625098608312 -0.01751498235631591 0.6708761840801228
vn -0.9631830666023323 -0.21755898579620747 -0.15794450895758544
vn -0.9867524431133567 -0.017155315005005077 -0.1613236225011735
vn 0.9595346437984346 0 -0.2815906023833385
vn -0.4900699500822094 0 -0.8716831098664358
vn -0.9867308576503385 0 -0.1623644498054532
vn -0.7418519530208567 0 0.6705637030134727
vn 0.06356952723066256 0 0.9979774121730763
vn 0.8191394696944208 0 0.5735943943142603
vn 0.3763838143884518 0 -0.9264638278240548
vn 0 -1 0
vn 0 -1 0
vn 0 -1 0
vn 0 -1 0
vn 0 -1 0
vn 0 -1 0
vn 0 -1 0
vn -0.3564088611508646 -0.3275002867745761 0.8750521617913497
vn 0.46202187469435024 -0.32558136050100983 0.8249439768846305
vn 0.9338089954462292 -0.3238292444289907 0.15210319022378702
vn 0.7006051126847481 -0.32660551271619 -0.634414151121636
vn -0.05793438255970251 -0.33745458251788124 -0.939557348997446
vn -0.7695172489072284 -0.34283510064076017 -0.5388017236450628
vn -0.9034663572925744 -0.33528396853999787 0.2670827618558637
vn 0 -1 0
vn -0.5909560634657856 0.4369383276067625 0.67812670565406
vn 0 1 0
vn 0 -1 0
vn 0.16360256285290264 0.41462351348938997 0.8951656514241797
vn 0 1 0
vn 0 -1 0
vn 0.804767527513061 0.40733800823804545 0.43176958404359267
vn 0 1 0
vn 0 -1 0
vn 0.8379462195118421 0.41071960549938547 -0.3593821626962602
vn 0 1 0
vn 0 -1 0
vn 0.24077667664934657 0.4164820688628017 -0.876680830346744
vn 0 1 0
vn 0 -1 0
vn -0.5307849031868561 0.4328280017650721 -0.7286475879579748
vn 0 1 0
vn 0 -1 0
vn -0.8935816282160095 0.44720149354117356 -0.03902176174097595
vn 0 1 0
vn 0.8598794943967625 -0.21973448040866272 0.46078629887997247
vn 0.8810539476007642 -0.01732612987049717 0.4726983675038669
vn 0.1754970063250935 -0.22331737395808127 0.9588170582855713
vn 0.1797565283474765 -0.017610943234243014 0.9835534785637553
vn -0.6392921016356966 -0.23342922316472262 0.7326775597484396
vn -0.6568770956444004 -0.018462057743088425 0.7537716057544673
vn -0.9691991350751153 -0.2426139117520453 -0.04232642666253775
vn -0.9988632163972176 -0.019225812261909662 -0.04361929700803443
vn -0.5726379805888898 -0.23602106957266766 -0.7850985912003997
vn -0.5886922969505598 -0.018680369306023015 -0.8081413386986614
vn 0.25847526630462647 -0.22212218015896923 -0.9401341786097231
vn 0.2647982395857917 -0.017521954182981435 -0.9641446330472805
vn 0.8972016993650631 -0.21762748693656087 -0.38427514567835386
vn 0.9189055943198626 -0.017153488638192892 -0.394104385353931
vn -0.6579544370160099 0 0.7530577393606319
vn 0.8816663862300759 0 0.47187327047841887
vn 0.9194384031535314 0 -0.3932340560105193
vn 0.26537771331906684 0 -0.9641445271708714
vn -0.5898246663933103 0 -0.8075313386575287
vn -0.9990487187699422 0 -0.0436079983963613
vn 0.1803304578137752 0 0.9836060827306197
vn 0 -1 0
vn 0 -1 0
vn 0 -1 0
vn 0 -1 0
vn 0 -1 0
vn 0 -1 0
vn 0 -1 0
vn -0.1695626910847019 -0.3275843940668123 -0.9294820915735781
vn -0.8329210660236211 -0.3255235097352977 -0.4475231193845612
vn -0.869259656812749 -0.3239392706482063 0.373431383214762
vn -0.25004324844588677 -0.3265439647181534 0.9115083175773978
vn 0.5537131536836429 -0.3374533974997681 0.7612666733501329
vn 0.9385173353823113 -0.3427931982745361 0.040963818225369396
vn 0.6184463168406374 -0.3353074973344557 -0.7106989766543594
vn 0 -1 0
vn -0.5341539612513032 0.4368630668499287 -0.7237611529379122
vn 0 1 0
vn 0 -1 0
vn -0.9093375914251837 0.41466644494022376 -0.03401300136245324
vn 0 1 0
vn 0 -1 0
vn -0.5957456420088351 0.4072661152662598 0.6922582187185724
vn 0 1 0
vn 0 -1 0
vn 0.16950272165417637 0.4107610742003032 0.8958482947874823
vn 0 1 0
vn 0 -1 0
vn 0.8037865431698622 0.4164976031904218 0.42480223581765336
vn 0 1 0
vn 0 -1 0
vn 0.8262576612674617 0.43282637599207036 -0.36049910602163143
vn 0 1 0
vn 0 -1 0
vn 0.2315035062839418 0.4471563404539796 -0.8639776234197537
vn 0 1 0
vn -0.6359729531901638 -0.21979670742855684 0.7397484776693679
vn -0.6521953486255296 -0.017324501976199558 0.7578529467268043
vn -0.9740844181201072 -0.22327181954380465 -0.03618343506649524
vn -0.9991461541383867 -0.017614773779098186 -0.037372214480583144
vn -0.5769592061323987 -0.2333895643739495 -0.7827179477311162
vn -0.5937145775327906 -0.018464277897300638 -0.8044638406210634
vn 0.25110845294633866 -0.2425449323601248 -0.9370787056834228
vn 0.25877268211701626 -0.01922271034282841 -0.9657469577467181
vn 0.8904351876589395 -0.23597772340866274 -0.38915252875145767
vn 0.9163996460461595 -0.0186805779350773 -0.3998283690966481
vn 0.8619163143583111 -0.22209261798117544 0.4558235799969686
vn 0.8839848281408684 -0.017521571686706094 0.4671871339649532
vn 0.18098269301450665 -0.2175964907762944 0.9591126273963132
vn 0.18588328673152196 -0.01715095476377526 0.9824221335376041
vn -0.5928002947778439 0 -0.8053494958782189
vn -0.6514980163439333 0 0.7586503375731932
vn 0.18489109678789317 0 0.9827590153891085
vn 0.8838531834277239 0 0.4677644173562993
vn 0.9160531666450542 0 -0.40105684868802444
vn 0.25881308918895035 0 -0.9659274221516193
vn -0.9993213222553512 0 -0.0368360541564437
vn 0 -1 0
vn 0 -1 0
vn 0 -1 0
vn 0 -1 0
vn 0 -1 0
vn 0 -1 0
vn 0 -1 0
vn 0.9441539800409903 -0.3275726014346107 0.03562938060252154
vn 0.6171544578636079 -0.3256133544551169 -0.7163074190175351
vn -0.17642036954835366 -0.3238558853827799 -0.929512355330126
vn -0.8357847152439289 -0.326575849840162 -0.44137526444716024
vn -0.8630705163990248 -0.3374446106549052 0.37581966215550794
vn -0.24313554951891897 -0.34280482105266274 0.9073973546485493
vn 0.5599898013711971 -0.33533774127323074 0.7576014926318553
vn 0 -1 0
vn -0.5909560634657856 0.4369383276067624 0.67812670565406
vn 0 1 0
vn 0 -1 0
vn 0.16360256285290248 0.4146235134893892 0.89516565142418
vn 0 1 0
vn 0 -1 0
vn 0.8047675275130608 0.4073380082380459 0.43176958404359256
vn 0 1 0
vn 0 -1 0
vn 0.8379462195118421 0.41071960549938547 -0.3593821626962602
vn 0 1 0
vn 0 -1 0
vn 0.24077667664934715 0.4164820688628001 -0.8766808303467446
vn 0 1 0
vn 0 -1 0
vn -0.5307849031868561 0.4328280017650721 -0.7286475879579748
vn 0 1 0
vn 0 -1 0
vn -0.8935816282160094 0.44720149354117344 -0.03902176174097592
vn 0 1 0
vn 0.8598794943967623 -0.2197344804086627 0.4607862988799727
vn 0.8810539476007642 -0.01732612987049717 0.4726983675038669
vn 0.17549700632509352 -0.2233173739580802 0.9588170582855715
vn 0.17975652834747627 -0.017610943234243177 0.9835534785637553
vn -0.6392921016356966 -0.23342922316472114 0.7326775597484402
vn -0.6568770956444004 -0.01846205774308849 0.7537716057544674
vn -0.9691991350751153 -0.24261391175204533 -0.042326426662537726
vn -0.9988632163972176 -0.019225812261909666 -0.043619297008034415
vn -0.5726379805888898 -0.23602106957266766 -0.7850985912003997
vn -0.5886922969505598 -0.018680369306023015 -0.8081413386986614
vn 0.25847526630462647 -0.22212218015896923 -0.9401341786097231
vn 0.2647982395857922 -0.017521954182981435 -0.9641446330472805
vn 0.8972016993650631 -0.21762748693656084 -0.3842751456783537
vn 0.9189055943198626 -0.017153488638192823 -0.394104385353931
vn -0.6579544370160099 0 0.7530577393606319
vn 0.8816663862300759 0 0.4718732704784189
vn 0.9194384031535314 0 -0.39323405601051914
vn 0.26537771331906684 0 -0.9641445271708714
vn -0.5898246663933103 0 -0.8075313386575287
vn -0.9990487187699422 0 -0.04360799839636128
vn 0.18033045781377546 0 0.9836060827306194
vn 0 -1 0
vn 0 -1 0
vn 0 -1 0
vn 0 -1 0
vn 0 -1 0
vn 0 -1 0
vn 0 -1 0
vn -0.16956269108470182 -0.3275843940668135 -0.9294820915735776
vn -0.8329210660236211 -0.32552350973529726 -0.44752311938456146
vn -0.8692596568127486 -0.3239392706482073 0.3734313832147619
vn -0.25004324844588727 -0.3265439647181534 0.9115083175773977
vn 0.5537131536836433 -0.33745339749976844 0.7612666733501325
vn 0.9385173353823113 -0.34279319827453597 0.040963818225369396
vn 0.618446316840637 -0.33530749733445664 -0.7106989766543595
vn 0 -1 0
vn -0.534153961251303 0.4368630668499288 -0.7237611529379124
vn 0 1 0
vn 0 -1 0
vn -0.9093375914251836 0.4146664449402238 -0.034013001362453235
vn 0 1 0
vn 0 -1 0
vn -0.5957456420088353 0.40726611526625967 0.6922582187185721
vn 0 1 0
vn 0 -1 0
vn 0.1695027216541766 0.41076107420030317 0.8958482947874823
vn 0 1 0
vn 0 -1 0
vn 0.8037865431698624 0.4164976031904215 0.42480223581765364
vn 0 1 0
vn 0 -1 0
vn 0.8262576612674619 0.4328263759920705 -0.3604991060216313
vn 0 1 0
vn 0 -1 0
vn 0.2315035062839412 0.447156340453981 -0.863977623419753
vn 0 1 0
vn -0.6359729531901637 -0.21979670742855606 0.7397484776693681
vn -0.6521953486255301 -0.01732450197619962 0.7578529467268041
vn -0.9740844181201072 -0.2232718195438046 -0.03618343506649524
vn -0.9991461541383866 -0.0176147737790982 -0.03737221448058315
vn -0.576959206132399 -0.2333895643739496 -0.7827179477311161
vn -0.5937145775327902 -0.01846427789730077 -0.8044638406210635
vn 0.2511084529463386 -0.24254493236012678 -0.9370787056834224
vn 0.2587726821170158 -0.01922271034282825 -0.9657469577467183
vn 0.8904351876589393 -0.2359777234086636 -0.3891525287514576
vn 0.9163996460461595 -0.0186805779350773 -0.39982836909664793
vn 0.8619163143583113 -0.22209261798117447 0.4558235799969686
vn 0.8839848281408684 -0.01752157168670617 0.4671871339649533
vn 0.18098269301450665 -0.2175964907762934 0.9591126273963134
vn 0.1858832867315222 -0.017150954763775258 0.9824221335376039
vn -0.5928002947778439 0 -0.8053494958782189
vn -0.6514980163439336 0 0.758650337573193
vn 0.18489109678789317 0 0.9827590153891085
vn 0.8838531834277239 0 0.4677644173562993
vn 0.9160531666450542 0 -0.40105684868802444
vn 0.25881308918895035 0 -0.9659274221516193
vn -0.9993213222553512 0 -0.03683605415644371
vn 0 -1 0
vn 0 -1 0
vn 0 -1 0
vn 0 -1 0
vn 0 -1 0
vn 0 -1 0
vn 0 -1 0
vn 0.9441539800409902 -0.3275726014346107 0.03562938060252152
vn 0.617154457863608 -0.3256133544551158 -0.7163074190175357
vn -0.17642036954835366 -0.3238558853827799 -0.929512355330126
vn -0.8357847152439289 -0.3265758498401619 -0.44137526444716035
vn -0.8630705163990248 -0.3374446106549052 0.37581966215550794
vn -0.24313554951891897 -0.34280482105266274 0.9073973546485493
vn 0.5599898013711969 -0.3353377412732304 0.7576014926318556
vn 0 -1 0
vn 0.1396069336339896 0.4368491740833297 0.8886353038136778
vn 0 1 0
vn 0 -1 0
vn 0.790921143306066 0.41457257307988277 0.4500814667605752
vn 0 1 0
vn 0 -1 0
vn 0.8480578643493687 0.40731823813311596 -0.33895384877490625
vn 0 1 0
vn 0 -1 0
vn 0.2632965554490948 0.41077629067008775 -0.8728904644409661
vn 0 1 0
vn 0 -1 0
vn -0.5168057754529937 0.4164655979035083 -0.7479760666099575
vn 0 1 0
vn 0 -1 0
vn -0.8993630513289241 0.4328192162833251 -0.061754578131629295
vn 0 1 0
vn 0 -1 0
vn -0.604255249958916 0.4472360519561056 0.659435748748734
vn 0 1 0
vn 0.9056912479354837 -0.2198157779727607 -0.3624974305664749
vn 0.9284389910831536 -0.01732334864539163 -0.3710807748027459
vn 0.8473079619631442 -0.2233187640731992 0.48186922209940103
vn 0.8689937425364858 -0.01761479343002302 0.4945094483271775
vn 0.15031622183708934 -0.2334127453523486 0.9606890879778447
vn 0.15517259509546202 -0.01846008393157168 0.9877148834722392
vn -0.6554186407439063 -0.2424986641455667 0.7152767319387833
vn -0.6754614669242908 -0.019229738537051618 0.7371445067666732
vn -0.9694996051209765 -0.23604090847344159 -0.06599397849276226
vn -0.9974768751338572 -0.018675974724052496 -0.06849154357511922
vn -0.5540644280530549 -0.22202475499238672 -0.8023201466601795
vn -0.5683611681391644 -0.017526376265561666 -0.8225924924812301
vn 0.28232251017835436 -0.21765535216243623 -0.9343019575713406
vn 0.28874344166961624 -0.017148449698897304 -0.9572529214192607
vn 0.1539511355252704 0 0.9880784624059367
vn 0.9281938337504682 0 -0.37209703974582853
vn 0.2897767637290487 0 -0.9570942624437362
vn -0.5679832379211699 0 -0.8230401214039228
vn -0.9977370386492134 0 -0.06723690733145311
vn -0.6755930421041746 0 0.7372747394699123
vn 0.869416475720643 0 0.49407994469063105
vn 0 -1 0
vn 0 -1 0
vn 0 -1 0
vn 0 -1 0
vn 0 -1 0
vn 0 -1 0
vn 0 -1 0
vn -0.821035099059702 -0.32751998097510154 -0.46758103915160515
vn -0.8781886455990008 -0.3255751038760048 0.3504076975140833
vn -0.27270084255047616 -0.3238822049815406 0.9059440202178919
vn 0.5375474982276998 -0.32658264780538504 0.7774229616505837
vn 0.9390491305244277 -0.3375496334317969 0.06516882254096545
vn 0.6346426755401939 -0.3428631248155748 -0.6925846894242493
vn -0.1468887357612305 -0.33541362370609923 -0.9305489779365784
vn 0 -1 0
vn -0.8977462851923563 0.436934491714475 -0.056034430250854514
vn 0 1 0
vn 0 -1 0
vn -0.6105939418200657 0.4145985982266147 0.6747466491663078
vn 0 1 0
vn 0 -1 0
vn 0.14735560919458007 0.40732837424015744 0.901315660563914
vn 0 1 0
vn 0 -1 0
vn 0.7952211828513998 0.41074798690844005 0.4459925577799305
vn 0 1 0
vn 0 -1 0
vn 0.8421004267848696 0.416469450238908 -0.3426661177099981
vn 0 1 0
vn 0 -1 0
vn 0.254954381212629 0.43282564515531413 -0.864673478485591
vn 0 1 0
vn 0 -1 0
vn -0.5130278046555861 0.44720387080272644 -0.7326739858827582
vn 0 1 0
vn 0.15786337893601057 -0.2197961757573211 0.9626883164936421
vn 0.16132315149053836 -0.017324619249821826 0.9867495621286132
vn -0.6538374256862745 -0.22323467689862123 0.7229542861079902
vn -0.6708749798246999 -0.017617139375427637 0.7413611790790204
vn -0.9704443597122362 -0.2334456839268316 -0.061162548660449734
vn -0.9978876410008848 -0.018461942192564803 -0.06228493098790483
vn -0.5564427060178563 -0.24259173474405413 -0.7946828078884027
vn -0.5734733689870023 -0.019227561391142987 -0.8189985323220349
vn 0.2742627489292527 -0.23607954349544835 -0.9322265785165913
vn 0.28276897217792474 -0.01867694203650709 -0.9590061940413135
vn 0.9032215022143308 -0.22204572428606414 -0.3672691305622686
vn 0.9261083148886871 -0.017524641287065316 -0.37685046907466635
vn 0.8510678458340288 -0.21755743069071795 0.4778622041328225
vn 0.872064876193816 -0.01715145775740916 0.4890896433230417
vn -0.9979774121730763 0 -0.06356952723066256
vn 0.16236444980545273 0 0.9867308576503385
vn 0.8716831098664363 0 0.490069950082209
vn 0.9264638278240548 0 -0.3763838143884518
vn 0.28159060238333905 0 -0.9595346437984343
vn -0.5735943943142602 0 -0.8191394696944209
vn -0.6705637030134725 0 0.7418519530208567
vn 0 -1 0
vn 0 -1 0
vn 0 -1 0
vn 0 -1 0
vn 0 -1 0
vn 0 -1 0
vn 0 -1 0
vn 0.6342095214634426 -0.32748641600376655 -0.7003791331972413
vn -0.15201057797841136 -0.32550745424030086 -0.9332404199436862
vn -0.8254635307809965 -0.3238468469779267 -0.4623128584119483
vn -0.8753575147432087 -0.3265475099514205 0.356533231448515
vn -0.26685189639481344 -0.3375635153512413 0.9026854039443667
vn 0.5388192718385525 -0.3427512559855701 0.7695423112575983
vn 0.9402879131124856 -0.3354057634205556 0.057979430135531966
vn 0 -1 0
vn -0.4302135650104162 0.4368454718633845 0.7899888114356338
vn 0 1 0
vn 0 -1 0
vn 0.353467869755085 0.41464751945455436 0.838527220584393
vn 0 1 0
vn 0 -1 0
vn 0.8791345979424314 0.4073590429457533 0.24734787007556708
vn 0 1 0
vn 0 -1 0
vn 0.740291884017695 0.41071808732541815 -0.5322392123860116
vn 0 1 0
vn 0 -1 0
vn 0.045308407980989805 0.4164732890398759 -0.9080182529456862
vn 0 1 0
vn 0 -1 0
vn -0.6759046986399824 0.4328332571422566 -0.59649661345897
vn 0 1 0
vn 0 -1 0
vn -0.8808237928471571 0.4472408048335259 0.155322594770396
vn 0 1 0
vn 0.9392150055431958 -0.21978761280762266 0.263758561223747
vn 0.9624804298378344 -0.01732385143813954 0.2707975375636326
vn 0.3788605441494852 -0.22336442985908947 0.898094103955972
vn 0.3883735982984405 -0.017615297843744777 0.9213336254726613
vn -0.4655617722148374 -0.23346053849973583 0.8536676245562985
vn -0.47817984635627214 -0.018459939918179798 0.8780679160275184
vn -0.9554218861433941 -0.2424645943437749 0.168463467754609
vn -0.9846238601739327 -0.019227587873077972 0.17362647793688335
vn -0.7289816763122768 -0.23608047768594145 -0.6425353870850388
vn -0.7496463596083042 -0.018684794213208497 -0.6615747984855737
vn 0.04886092509952463 -0.22201600784720316 -0.973818002636021
vn 0.049828469915352176 -0.017522935899874196 -0.9986040608285867
vn 0.7927607740779616 -0.21753274022345034 -0.5693942939775459
vn 0.8118155982015807 -0.017156226277609266 -0.5836618014025942
vn -0.4793594165458834 0 0.8776186813011618
vn 0.9628998032043419 0 0.26985916510105773
vn 0.8125330653413978 0 -0.5829151033614687
vn 0.05041464676861254 0 -0.9987283731782111
vn -0.7506371389498449 0 -0.6607146779277658
vn -0.984810265736969 0 0.17363392669372116
vn 0.38896122233144415 0 0.9212541275470245
vn 0 -1 0
vn 0 -1 0
vn 0 -1 0
vn 0 -1 0
vn 0 -1 0
vn 0 -1 0
vn 0 -1 0
vn -0.36672654249661835 -0.32747529103053286 -0.870787905745678
vn -0.9100484193763069 -0.325501799517959 -0.2566329146879957
vn -0.7678461631022917 -0.32385713305278585 0.5527466211384013
vn -0.04679426574269445 -0.32658584695238485 0.94400846461459
vn 0.7053286394221321 -0.33754316465163564 0.6233587429465337
vn 0.9251303984785095 -0.3428187378206979 -0.16312283350291001
vn 0.4499562908676555 -0.3353541599125402 -0.8276937378873762
vn 0 -1 0
vn -0.6781267056540593 0.4369383276067655 -0.590956063465784
vn 0 1 0
vn 0 -1 0
vn -0.8951656514241803 0.41462351348938853 0.16360256285290278
vn 0 1 0
vn 0 -1 0
vn -0.4317695840435929 0.40733800823804456 0.8047675275130611
vn 0 1 0
vn 0 -1 0
vn 0.35938216269626 0.4107196054993875 0.837946219511841
vn 0 1 0
vn 0 -1 0
vn 0.8766808303467446 0.41648206886280015 0.2407766766493471
vn 0 1 0
vn 0 -1 0
vn 0.7286475879579748 0.4328280017650724 -0.530784903186856
vn 0 1 0
vn 0 -1 0
vn 0.03902176174097591 0.44720149354117344 -0.8935816282160094
vn 0 1 0
vn -0.46078629887997263 -0.2197344804086638 0.8598794943967623
vn -0.47269836750386707 -0.01732612987049701 0.8810539476007642
vn -0.9588170582855713 -0.22331737395808143 0.175497006325093
vn -0.9835534785637553 -0.017610943234242837 0.17975652834747655
vn -0.7326775597484402 -0.2334292231647215 -0.6392921016356964
vn -0.7537716057544679 -0.018462057743088334 -0.6568770956443998
vn 0.04232642666253782 -0.24261391175204636 -0.969199135075115
vn 0.04361929700803439 -0.019225812261909704 -0.9988632163972176
vn 0.7850985912003999 -0.23602106957266727 -0.5726379805888899
vn 0.8081413386986614 -0.018680369306023063 -0.5886922969505597
vn 0.9401341786097231 -0.22212218015896912 0.25847526630462647
vn 0.9641446330472805 -0.01752195418298144 0.26479823958579213
vn 0.38427514567835347 -0.21762748693656145 0.8972016993650631
vn 0.3941043853539311 -0.017153488638192823 0.9189055943198624
vn -0.7530577393606317 0 -0.6579544370160104
vn -0.47187327047841887 0 0.8816663862300756
vn 0.39323405601051886 0 0.9194384031535316
vn 0.9641445271708714 0 0.2653777133190669
vn 0.8075313386575288 0 -0.5898246663933101
vn 0.04360799839636092 0 -0.9990487187699422
vn -0.9836060827306196 0 0.18033045781377519
vn 0 -1 0
vn 0 -1 0
vn 0 -1 0
vn 0 -1 0
vn 0 -1 0
vn 0 -1 0
vn 0 -1 0
vn 0.9294820915735791 -0.32758439406680956 -0.16956269108470157
vn 0.4475231193845618 -0.32552350973529487 -0.832921066023622
vn -0.37343138321476155 -0.3239392706482066 -0.8692596568127489
vn -0.9115083175773984 -0.3265439647181508 -0.25004324844588754
vn -0.7612666733501329 -0.3374533974997673 0.5537131536836438
vn -0.04096381822536956 -0.3427931982745355 0.9385173353823113
vn 0.7106989766543595 -0.33530749733445625 0.6184463168406371
usemtl m_d7d976b7-12b3-eaff-8882-af12f45f6095
f 61/57/15 67/58/15 62/59/15
f 18/60/16 38/61/16 36/62/16 20/63/16
f 45/64/17 46/65/17 47/66/17
f 60/67/18 61/68/18 62/69/18
f 20/70/19 36/71/19 34/72/19 22/73/19
f 46/74/20 48/75/20 47/76/20
f 63/77/21 60/78/21 62/79/21
f 22/80/22 34/81/22 33/82/22 24/83/22
f 48/84/23 49/85/23 47/86/23
f 64/87/24 63/88/24 62/89/24
f 24/90/25 33/91/25 44/92/25 26/93/25
f 49/94/26 50/95/26 47/96/26
f 65/97/27 64/98/27 62/99/27
f 26/100/28 44/101/28 42/102/28 28/103/28
f 50/104/29 51/105/29 47/106/29
f 66/107/30 65/108/30 62/109/30
f 28/110/31 42/111/31 40/112/31 30/113/31
f 51/114/32 52/115/32 47/116/32
f 67/117/33 66/118/33 62/119/33
f 30/120/34 40/121/34 38/122/34 18/123/34
f 52/124/35 45/125/35 47/126/35
f 23/127/36 31/128/36 32/129/36 21/130/36
f 31/131/37 33/132/37 34/133/37 32/134/37
f 21/135/38 32/136/38 35/137/38 19/138/38
f 32/139/39 34/140/39 36/141/39 35/142/39
f 19/143/40 35/144/40 37/145/40 17/146/40
f 35/147/41 36/148/41 38/149/41 37/150/41
f 17/151/42 37/152/42 39/153/42 29/154/42
f 37/155/43 38/156/43 40/157/43 39/158/43
f 29/159/44 39/160/44 41/161/44 27/162/44
f 39/163/45 40/164/45 42/165/45 41/166/45
f 27/167/46 41/168/46 43/169/46 25/170/46
f 41/171/47 42/172/47 44/173/47 43/174/47
f 25/175/48 43/176/48 31/177/48 23/178/48
f 43/179/49 44/180/49 33/181/49 31/182/49
f 46/183/50 45/184/50 18/185/50 20/186/50
f 49/187/51 48/188/51 22/189/51 24/190/51
f 50/191/52 49/192/52 24/193/52 26/194/52
f 51/195/53 50/196/53 26/197/53 28/198/53
f 52/199/54 51/200/54 28/201/54 30/202/54
f 45/203/55 52/204/55 30/205/55 18/206/55
f 48/207/56 46/208/56 20/209/56 22/210/56
f 54/211/57 53/212/57 21/213/57 19/214/57
f 53/215/58 55/216/58 23/217/58 21/218/58
f 55/219/59 56/220/59 25/221/59 23/222/59
f 56/223/60 57/224/60 27/225/60 25/226/60
f 57/227/61 58/228/61 29/229/61 27/230/61
f 58/231/62 59/232/62 17/233/62 29/234/62
f 59/235/63 54/236/63 19/237/63 17/238/63
f 61/239/64 60/240/64 53/241/64 54/242/64
f 60/243/65 63/244/65 55/245/65 53/246/65
f 63/247/66 64/248/66 56/249/66 55/250/66
f 64/251/67 65/252/67 57/253/67 56/254/67
f 65/255/68 66/256/68 58/257/68 57/258/68
f 66/259/69 67/260/69 59/261/69 58/262/69
f 67/263/70 61/264/70 54/265/70 59/266/70
f 112/267/71 118/268/71 113/269/71
f 69/270/72 89/271/72 87/272/72 71/273/72
f 96/274/73 97/275/73 98/276/73
f 111/277/74 112/278/74 113/279/74
f 71/280/75 87/281/75 85/282/75 73/283/75
f 97/284/76 99/285/76 98/286/76
f 114/287/77 111/288/77 113/289/77
f 73/290/78 85/291/78 84/292/78 75/293/78
f 99/294/79 100/295/79 98/296/79
f 115/297/80 114/298/80 113/299/80
f 75/300/81 84/301/81 95/302/81 77/303/81
f 100/304/82 101/305/82 98/306/82
f 116/307/83 115/308/83 113/309/83
f 77/310/84 95/311/84 93/312/84 79/313/84
f 101/314/85 102/315/85 98/316/85
f 117/317/86 116/318/86 113/319/86
f 79/320/87 93/321/87 91/322/87 81/323/87
f 102/324/88 103/325/88 98/326/88
f 118/327/89 117/328/89 113/329/89
f 81/330/90 91/331/90 89/332/90 69/333/90
f 103/334/91 96/335/91 98/336/91
f 74/337/92 82/338/92 83/339/92 72/340/92
f 82/341/93 84/342/93 85/343/93 83/344/93
f 72/345/94 83/346/94 86/347/94 70/348/94
f 83/349/95 85/350/95 87/351/95 86/352/95
f 70/353/96 86/354/96 88/355/96 68/356/96
f 86/357/97 87/358/97 89/359/97 88/360/97
f 68/361/98 88/362/98 90/363/98 80/364/98
f 88/365/99 89/366/99 91/367/99 90/368/99
f 80/369/100 90/370/100 92/371/100 78/372/100
f 90/373/101 91/374/101 93/375/101 92/376/101
f 78/377/102 92/378/102 94/379/102 76/380/102
f 92/381/103 93/382/103 95/383/103 94/384/103
f 76/385/104 94/386/104 82/387/104 74/388/104
f 94/389/105 95/390/105 84/391/105 82/392/105
f 97/393/106 96/394/106 69/395/106 71/396/106
f 100/397/107 99/398/107 73/399/107 75/400/107
f 101/401/108 100/402/108 75/403/108 77/404/108
f 102/405/109 101/406/109 77/407/109 79/408/109
f 103/409/110 102/410/110 79/411/110 81/412/110
f 96/413/111 103/414/111 81/415/111 69/416/111
f 99/417/112 97/418/112 71/419/112 73/420/112
f 105/421/113 104/422/113 72/423/113 70/424/113
f 104/425/114 106/426/114 74/427/114 72/428/114
f 106/429/115 107/430/115 76/431/115 74/432/115
f 107/433/116 108/434/116 78/435/116 76/436/116
f 108/437/117 109/438/117 80/439/117 78/440/117
f 109/441/118 110/442/118 68/443/118 80/444/118
f 110/445/119 105/446/119 70/447/119 68/448/119
f 112/449/120 111/450/120 104/451/120 105/452/120
f 111/453/121 114/454/121 106/455/121 104/456/121
f 114/457/122 115/458/122 107/459/122 106/460/122
f 115/461/123 116/462/123 108/463/123 107/464/123
f 116/465/124 117/466/124 109/467/124 108/468/124
f 117/469/125 118/470/125 110/471/125 109/472/125
f 118/473/126 112/474/126 105/475/126 110/476/126
f 163/477/127 169/478/127 164/479/127
f 120/480/128 140/481/128 138/482/128 122/483/128
f 147/484/129 148/485/129 149/486/129
f 162/487/130 163/488/130 164/489/130
f 122/490/131 138/491/131 136/492/131 124/493/131
f 148/494/132 150/495/132 149/496/132
f 165/497/133 162/498/133 164/499/133
f 124/500/134 136/501/134 135/502/134 126/503/134
f 150/504/135 151/505/135 149/506/135
f 166/507/136 165/508/136 164/509/136
f 126/510/137 135/511/137 146/512/137 128/513/137
f 151/514/138 152/515/138 149/516/138
f 167/517/139 166/518/139 164/519/139
f 128/520/140 146/521/140 144/522/140 130/523/140
f 152/524/141 153/525/141 149/526/141
f 168/527/142 167/528/142 164/529/142
f 130/530/143 144/531/143 142/532/143 132/533/143
f 153/534/144 154/535/144 149/536/144
f 169/537/145 168/538/145 164/539/145
f 132/540/146 142/541/146 140/542/146 120/543/146
f 154/544/147 147/545/147 149/546/147
f 125/547/148 133/548/148 134/549/148 123/550/148
f 133/551/149 135/552/149 136/553/149 134/554/149
f 123/555/150 134/556/150 137/557/150 121/558/150
f 134/559/151 136/560/151 138/561/151 137/562/151
f 121/563/152 137/564/152 139/565/152 119/566/152
f 137/567/153 138/568/153 140/569/153 139/570/153
f 119/571/154 139/572/154 141/573/154 131/574/154
f 139/575/155 140/576/155 142/577/155 141/578/155
f 131/579/156 141/580/156 143/581/156 129/582/156
f 141/583/157 142/584/157 144/585/157 143/586/157
f 129/587/158 143/588/158 145/589/158 127/590/158
f 143/591/159 144/592/159 146/593/159 145/594/159
f 127/595/160 145/596/160 133/597/160 125/598/160
f 145/599/161 146/600/161 135/601/161 133/602/161
f 148/603/162 147/604/162 120/605/162 122/606/162
f 151/607/163 150/608/163 124/609/163 126/610/163
f 152/611/164 151/612/164 126/613/164 128/614/164
f 153/615/165 152/616/165 128/617/165 130/618/165
f 154/619/166 153/620/166 130/621/166 132/622/166
f 147/623/167 154/624/167 132/625/167 120/626/167
f 150/627/168 148/628/168 122/629/168 124/630/168
f 156/631/169 155/632/169 123/633/169 121/634/169
f 155/635/170 157/636/170 125/637/170 123/638/170
f 157/639/171 158/640/171 127/641/171 125/642/171
f 158/643/172 159/644/172 129/645/172 127/646/172
f 159/647/173 160/648/173 131/649/173 129/650/173
f 160/651/174 161/652/174 119/653/174 131/654/174
f 161/655/175 156/656/175 121/657/175 119/658/175
f 163/659/176 162/660/176 155/661/176 156/662/176
f 162/663/177 165/664/177 157/665/177 155/666/177
f 165/667/178 166/668/178 158/669/178 157/670/178
f 166/671/179 167/672/179 159/673/179 158/674/179
f 167/675/180 168/676/180 160/677/180 159/678/180
f 168/679/181 169/680/181 161/681/181 160/682/181
f 169/683/182 163/684/182 156/685/182 161/686/182
f 214/687/183 220/688/183 215/689/183
f 171/690/184 191/691/184 189/692/184 173/693/184
f 198/694/185 199/695/185 200/696/185
f 213/697/186 214/698/186 215/699/186
f 173/700/187 189/701/187 187/702/187 175/703/187
f 199/704/188 201/705/188 200/706/188
f 216/707/189 213/708/189 215/709/189
f 175/710/190 187/711/190 186/712/190 177/713/190
f 201/714/191 202/715/191 200/716/191
f 217/717/192 216/718/192 215/719/192
f 177/720/193 186/721/193 197/722/193 179/723/193
f 202/724/194 203/725/194 200/726/194
f 218/727/195 217/728/195 215/729/195
f 179/730/196 197/731/196 195/732/196 181/733/196
f 203/734/197 204/735/197 200/736/197
f 219/737/198 218/738/198 215/739/198
f 181/740/199 195/741/199 193/742/199 183/743/199
f 204/744/200 205/745/200 200/746/200
f 220/747/201 219/748/201 215/749/201
f 183/750/202 193/751/202 191/752/202 171/753/202
f 205/754/203 198/755/203 200/756/203
f 176/757/204 184/758/204 185/759/204 174/760/204
f 184/761/205 186/762/205 187/763/205 185/764/205
f 174/765/206 185/766/206 188/767/206 172/768/206
f 185/769/207 187/770/207 189/771/207 188/772/207
f 172/773/208 188/774/208 190/775/208 170/776/208
f 188/777/209 189/778/209 191/779/209 190/780/209
f 170/781/210 190/782/210 192/783/210 182/784/210
f 190/785/211 191/786/211 193/787/211 192/788/211
f 182/789/212 192/790/212 194/791/212 180/792/212
f 192/793/213 193/794/213 195/795/213 194/796/213
f 180/797/214 194/798/214 196/799/214 178/800/214
f 194/801/215 195/802/215 197/803/215 196/804/215
f 178/805/216 196/806/216 184/807/216 176/808/216
f 196/809/217 197/810/217 186/811/217 184/812/217
f 199/813/218 198/814/218 171/815/218 173/816/218
f 202/817/219 201/818/219 175/819/219 177/820/219
f 203/821/220 202/822/220 177/823/220 179/824/220
f 204/825/221 203/826/221 179/827/221 181/828/221
f 205/829/222 204/830/222 181/831/222 183/832/222
f 198/833/223 205/834/223 183/835/223 171/836/223
f 201/837/224 199/838/224 173/839/224 175/840/224
f 207/841/225 206/842/225 174/843/225 172/844/225
f 206/845/226 208/846/226 176/847/226 174/848/226
f 208/849/227 209/850/227 178/851/227 176/852/227
f 209/853/228 210/854/228 180/855/228 178/856/228
f 210/857/229 211/858/229 182/859/229 180/860/229
f 211/861/230 212/862/230 170/863/230 182/864/230
f 212/865/231 207/866/231 172/867/231 170/868/231
f 214/869/232 213/870/232 206/871/232 207/872/232
f 213/873/233 216/874/233 208/875/233 206/876/233
f 216/877/234 217/878/234 209/879/234 208/880/234
f 217/881/235 218/882/235 210/883/235 209/884/235
f 218/885/236 219/886/236 211/887/236 210/888/236
f 219/889/237 220/890/237 212/891/237 211/892/237
f 220/893/238 214/894/238 207/895/238 212/896/238
f 265/897/239 271/898/239 266/899/239
f 222/900/240 242/901/240 240/902/240 224/903/240
f 249/904/241 250/905/241 251/906/241
f 264/907/242 265/908/242 266/909/242
f 224/910/243 240/911/243 238/912/243 226/913/243
f 250/914/244 252/915/244 251/916/244
f 267/917/245 264/918/245 266/919/245
f 226/920/246 238/921/246 237/922/246 228/923/246
f 252/924/247 253/925/247 251/926/247
f 268/927/248 267/928/248 266/929/248
f 228/930/249 237/931/249 248/932/249 230/933/249
f 253/934/250 254/935/250 251/936/250
f 269/937/251 268/938/251 266/939/251
f 230/940/252 248/941/252 246/942/252 232/943/252
f 254/944/253 255/945/253 251/946/253
f 270/947/254 269/948/254 266/949/254
f 232/950/255 246/951/255 244/952/255 234/953/255
f 255/954/256 256/955/256 251/956/256
f 271/957/257 270/958/257 266/959/257
f 234/960/258 244/961/258 242/962/258 222/963/258
f 256/964/259 249/965/259 251/966/259
f 227/967/260 235/968/260 236/969/260 225/970/260
f 235/971/261 237/972/261 238/973/261 236/974/261
f 225/975/262 236/976/262 239/977/262 223/978/262
f 236/979/263 238/980/263 240/981/263 239/982/263
f 223/983/264 239/984/264 241/985/264 221/986/264
f 239/987/265 240/988/265 242/989/265 241/990/265
f 221/991/266 241/992/266 243/993/266 233/994/266
f 241/995/267 242/996/267 244/997/267 243/998/267
f 233/999/268 243/1000/268 245/1001/268 231/1002/268
f 243/1003/269 244/1004/269 246/1005/269 245/1006/269
f 231/1007/270 245/1008/270 247/1009/270 229/1010/270
f 245/1011/271 246/1012/271 248/1013/271 247/1014/271
f 229/1015/272 247/1016/272 235/1017/272 227/1018/272
f 247/1019/273 248/1020/273 237/1021/273 235/1022/273
f 250/1023/274 249/1024/274 222/1025/274 224/1026/274
f 253/1027/275 252/1028/275 226/1029/275 228/1030/275
f 254/1031/276 253/1032/276 228/1033/276 230/1034/276
f 255/1035/277 254/1036/277 230/1037/277 232/1038/277
f 256/1039/278 255/1040/278 232/1041/278 234/1042/278
f 249/1043/279 256/1044/279 234/1045/279 222/1046/279
f 252/1047/280 250/1048/280 224/1049/280 226/1050/280
f 258/1051/281 257/1052/281 225/1053/281 223/1054/281
f 257/1055/282 259/1056/282 227/1057/282 225/1058/282
f 259/1059/283 260/1060/283 229/1061/283 227/1062/283
f 260/1063/284 261/1064/284 231/1065/284 229/1066/284
f 261/1067/285 262/1068/285 233/1069/285 231/1070/285
f 262/1071/286 263/1072/286 221/1073/286 233/1074/286
f 263/1075/287 258/1076/287 223/1077/287 221/1078/287
f 265/1079/288 264/1080/288 257/1081/288 258/1082/288
f 264/1083/289 267/1084/289 259/1085/289 257/1086/289
f 267/1087/290 268/1088/290 260/1089/290 259/1090/290
f 268/1091/291 269/1092/291 261/1093/291 260/1094/291
f 269/1095/292 270/1096/292 262/1097/292 261/1098/292
f 270/1099/293 271/1100/293 263/1101/293 262/1102/293
f 271/1103/294 265/1104/294 258/1105/294 263/1106/294
f 316/1107/295 322/1108/295 317/1109/295
f 273/1110/296 293/1111/296 291/1112/296 275/1113/296
f 300/1114/297 301/1115/297 302/1116/297
f 315/1117/298 316/1118/298 317/1119/298
f 275/1120/299 291/1121/299 289/1122/299 277/1123/299
f 301/1124/300 303/1125/300 302/1126/300
f 318/1127/301 315/1128/301 317/1129/301
f 277/1130/302 289/1131/302 288/1132/302 279/1133/302
f 303/1134/303 304/1135/303 302/1136/303
f 319/1137/304 318/1138/304 317/1139/304
f 279/1140/305 288/1141/305 299/1142/305 281/1143/305
f 304/1144/306 305/1145/306 302/1146/306
f 320/1147/307 319/1148/307 317/1149/307
f 281/1150/308 299/1151/308 297/1152/308 283/1153/308
f 305/1154/309 306/1155/309 302/1156/309
f 321/1157/310 320/1158/310 317/1159/310
f 283/1160/311 297/1161/311 295/1162/311 285/1163/311
f 306/1164/312 307/1165/312 302/1166/312
f 322/1167/313 321/1168/313 317/1169/313
f 285/1170/314 295/1171/314 293/1172/314 273/1173/314
f 307/1174/315 300/1175/315 302/1176/315
f 278/1177/316 286/1178/316 287/1179/316 276/1180/316
f 286/1181/317 288/1182/317 289/1183/317 287/1184/317
f 276/1185/318 287/1186/318 290/1187/318 274/1188/318
f 287/1189/319 289/1190/319 291/1191/319 290/1192/319
f 274/1193/320 290/1194/320 292/1195/320 272/1196/320
f 290/1197/321 291/1198/321 293/1199/321 292/1200/321
f 272/1201/322 292/1202/322 294/1203/322 284/1204/322
f 292/1205/323 293/1206/323 295/1207/323 294/1208/323
f 284/1209/324 294/1210/324 296/1211/324 282/1212/324
f 294/1213/325 295/1214/325 297/1215/325 296/1216/325
f 282/1217/326 296/1218/326 298/1219/326 280/1220/326
f 296/1221/327 297/1222/327 299/1223/327 298/1224/327
f 280/1225/328 298/1226/328 286/1227/328 278/1228/328
f 298/1229/329 299/1230/329 288/1231/329 286/1232/329
f 301/1233/330 300/1234/330 273/1235/330 275/1236/330
f 304/1237/331 303/1238/331 277/1239/331 279/1240/331
f 305/1241/332 304/1242/332 279/1243/332 281/1244/332
f 306/1245/333 305/1246/333 281/1247/333 283/1248/333
f 307/1249/334 306/1250/334 283/1251/334 285/1252/334
f 300/1253/335 307/1254/335 285/1255/335 273/1256/335
f 303/1257/336 301/1258/336 275/1259/336 277/1260/336
f 309/1261/337 308/1262/337 276/1263/337 274/1264/337
f 308/1265/338 310/1266/338 278/1267/338 276/1268/338
f 310/1269/339 311/1270/339 280/1271/339 278/1272/339
f 311/1273/340 312/1274/340 282/1275/340 280/1276/340
f 312/1277/341 313/1278/341 284/1279/341 282/1280/341
f 313/1281/342 314/1282/342 272/1283/342 284/1284/342
f 314/1285/343 309/1286/343 274/1287/343 272/1288/343
f 316/1289/344 315/1290/344 308/1291/344 309/1292/344
f 315/1293/345 318/1294/345 310/1295/345 308/1296/345
f 318/1297/346 319/1298/346 311/1299/346 310/1300/346
f 319/1301/347 320/1302/347 312/1303/347 311/1304/347
f 320/1305/348 321/1306/348 313/1307/348 312/1308/348
f 321/1309/349 322/1310/349 314/1311/349 313/1312/349
f 322/1313/350 316/1314/350 309/1315/350 314/1316/350
f 367/1317/351 373/1318/351 368/1319/351
f 324/1320/352 344/1321/352 342/1322/352 326/1323/352
f 351/1324/353 352/1325/353 353/1326/353
f 366/1327/354 367/1328/354 368/1329/354
f 326/1330/355 342/1331/355 340/1332/355 328/1333/355
f 352/1334/356 354/1335/356 353/1336/356
f 369/1337/357 366/1338/357 368/1339/357
f 328/1340/358 340/1341/358 339/1342/358 330/1343/358
f 354/1344/359 355/1345/359 353/1346/359
f 370/1347/360 369/1348/360 368/1349/360
f 330/1350/361 339/1351/361 350/1352/361 332/1353/361
f 355/1354/362 356/1355/362 353/1356/362
f 371/1357/363 370/1358/363 368/1359/363
f 332/1360/364 350/1361/364 348/1362/364 334/1363/364
f 356/1364/365 357/1365/365 353/1366/365
f 372/1367/366 371/1368/366 368/1369/366
f 334/1370/367 348/1371/367 346/1372/367 336/1373/367
f 357/1374/368 358/1375/368 353/1376/368
f 373/1377/369 372/1378/369 368/1379/369
f 336/1380/370 346/1381/370 344/1382/370 324/1383/370
f 358/1384/371 351/1385/371 353/1386/371
f 329/1387/372 337/1388/372 338/1389/372 327/1390/372
f 337/1391/373 339/1392/373 340/1393/373 338/1394/373
f 327/1395/374 338/1396/374 341/1397/374 325/1398/374
f 338/1399/375 340/1400/375 342/1401/375 341/1402/375
f 325/1403/376 341/1404/376 343/1405/376 323/1406/376
f 341/1407/377 342/1408/377 344/1409/377 343/1410/377
f 323/1411/378 343/1412/378 345/1413/378 335/1414/378
f 343/1415/379 344/1416/379 346/1417/379 345/1418/379
f 335/1419/380 345/1420/380 347/1421/380 333/1422/380
f 345/1423/381 346/1424/381 348/1425/381 347/1426/381
f 333/1427/382 347/1428/382 349/1429/382 331/1430/382
f 347/1431/383 348/1432/383 350/1433/383 349/1434/383
f 331/1435/384 349/1436/384 337/1437/384 329/1438/384
f 349/1439/385 350/1440/385 339/1441/385 337/1442/385
f 352/1443/386 351/1444/386 324/1445/386 326/1446/386
f 355/1447/387 354/1448/387 328/1449/387 330/1450/387
f 356/1451/388 355/1452/388 330/1453/388 332/1454/388
f 357/1455/389 356/1456/389 332/1457/389 334/1458/389
f 358/1459/390 357/1460/390 334/1461/390 336/1462/390
f 351/1463/391 358/1464/391 336/1465/391 324/1466/391
f 354/1467/392 352/1468/392 326/1469/392 328/1470/392
f 360/1471/393 359/1472/393 327/1473/393 325/1474/393
f 359/1475/394 361/1476/394 329/1477/394 327/1478/394
f 361/1479/395 362/1480/395 331/1481/395 329/1482/395
f 362/1483/396 363/1484/396 333/1485/396 331/1486/396
f 363/1487/397 364/1488/397 335/1489/397 333/1490/397
f 364/1491/398 365/1492/398 323/1493/398 335/1494/398
f 365/1495/399 360/1496/399 325/1497/399 323/1498/399
f 367/1499/400 366/1500/400 359/1501/400 360/1502/400
f 366/1503/401 369/1504/401 361/1505/401 359/1506/401
f 369/1507/402 370/1508/402 362/1509/402 361/1510/402
f 370/1511/403 371/1512/403 363/1513/403 362/1514/403
f 371/1515/404 372/1516/404 364/1517/404 363/1518/404
f 372/1519/405 373/1520/405 365/1521/405 364/1522/405
f 373/1523/406 367/1524/406 360/1525/406 365/1526/406
f 418/1527/407 424/1528/407 419/1529/407
f 375/1530/408 395/1531/408 393/1532/408 377/1533/408
f 402/1534/409 403/1535/409 404/1536/409
f 417/1537/410 418/1538/410 419/1539/410
f 377/1540/411 393/1541/411 391/1542/411 379/1543/411
f 403/1544/412 405/1545/412 404/1546/412
f 420/1547/413 417/1548/413 419/1549/413
f 379/1550/414 391/1551/414 390/1552/414 381/1553/414
f 405/1554/415 406/1555/415 404/1556/415
f 421/1557/416 420/1558/416 419/1559/416
f 381/1560/417 390/1561/417 401/1562/417 383/1563/417
f 406/1564/418 407/1565/418 404/1566/418
f 422/1567/419 421/1568/419 419/1569/419
f 383/1570/420 401/1571/420 399/1572/420 385/1573/420
f 407/1574/421 408/1575/421 404/1576/421
f 423/1577/422 422/1578/422 419/1579/422
f 385/1580/423 399/1581/423 397/1582/423 387/1583/423
f 408/1584/424 409/1585/424 404/1586/424
f 424/1587/425 423/1588/425 419/1589/425
f 387/1590/426 397/1591/426 395/1592/426 375/1593/426
f 409/1594/427 402/1595/427 404/1596/427
f 380/1597/428 388/1598/428 389/1599/428 378/1600/428
f 388/1601/429 390/1602/429 391/1603/429 389/1604/429
f 378/1605/430 389/1606/430 392/1607/430 376/1608/430
f 389/1609/431 391/1610/431 393/1611/431 392/1612/431
f 376/1613/432 392/1614/432 394/1615/432 374/1616/432
f 392/1617/433 393/1618/433 395/1619/433 394/1620/433
f 374/1621/434 394/1622/434 396/1623/434 386/1624/434
f 394/1625/435 395/1626/435 397/1627/435 396/1628/435
f 386/1629/436 396/1630/436 398/1631/436 384/1632/436
f 396/1633/437 397/1634/437 399/1635/437 398/1636/437
f 384/1637/438 398/1638/438 400/1639/438 382/1640/438
f 398/1641/439 399/1642/439 401/1643/439 400/1644/439
f 382/1645/440 400/1646/440 388/1647/440 380/1648/440
f 400/1649/441 401/1650/441 390/1651/441 388/1652/441
f 403/1653/442 402/1654/442 375/1655/442 377/1656/442
f 406/1657/443 405/1658/443 379/1659/443 381/1660/443
f 407/1661/444 406/1662/444 381/1663/444 383/1664/444
f 408/1665/445 407/1666/445 383/1667/445 385/1668/445
f 409/1669/446 408/1670/446 385/1671/446 387/1672/446
f 402/1673/447 409/1674/447 387/1675/447 375/1676/447
f 405/1677/448 403/1678/448 377/1679/448 379/1680/448
f 411/1681/449 410/1682/449 378/1683/449 376/1684/449
f 410/1685/450 412/1686/450 380/1687/450 378/1688/450
f 412/1689/451 413/1690/451 382/1691/451 380/1692/451
f 413/1693/452 414/1694/452 384/1695/452 382/1696/452
f 414/1697/453 415/1698/453 386/1699/453 384/1700/453
f 415/1701/454 416/1702/454 374/1703/454 386/1704/454
f 416/1705/455 411/1706/455 376/1707/455 374/1708/455
f 418/1709/456 417/1710/456 410/1711/456 411/1712/456
f 417/1713/457 420/1714/457 412/1715/457 410/1716/457
f 420/1717/458 421/1718/458 413/1719/458 412/1720/458
f 421/1721/459 422/1722/459 414/1723/459 413/1724/459
f 422/1725/460 423/1726/460 415/1727/460 414/1728/460
f 423/1729/461 424/1730/461 416/1731/461 415/1732/461
f 424/1733/462 418/1734/462 411/1735/462 416/1736/462
f 469/1737/463 475/1738/463 470/1739/463
f 426/1740/464 446/1741/464 444/1742/464 428/1743/464
f 453/1744/465 454/1745/465 455/1746/465
f 468/1747/466 469/1748/466 470/1749/466
f 428/1750/467 444/1751/467 442/1752/467 430/1753/467
f 454/1754/468 456/1755/468 455/1756/468
f 471/1757/469 468/1758/469 470/1759/469
f 430/1760/470 442/1761/470 441/1762/470 432/1763/470
f 456/1764/471 457/1765/471 455/1766/471
f 472/1767/472 471/1768/472 470/1769/472
f 432/1770/473 441/1771/473 452/1772/473 434/1773/473
f 457/1774/474 458/1775/474 455/1776/474
f 473/1777/475 472/1778/475 470/1779/475
f 434/1780/476 452/1781/476 450/1782/476 436/1783/476
f 458/1784/477 459/1785/477 455/1786/477
f 474/1787/478 473/1788/478 470/1789/478
f 436/1790/479 450/1791/479 448/1792/479 438/1793/479
f 459/1794/480 460/1795/480 455/1796/480
f 475/1797/481 474/1798/481 470/1799/481
f 438/1800/482 448/1801/482 446/1802/482 426/1803/482
f 460/1804/483 453/1805/483 455/1806/483
f 431/1807/484 439/1808/484 440/1809/484 429/1810/484
f 439/1811/485 441/1812/485 442/1813/485 440/1814/485
f 429/1815/486 440/1816/486 443/1817/486 427/1818/486
f 440/1819/487 442/1820/487 444/1821/487 443/1822/487
f 427/1823/488 443/1824/488 445/1825/488 425/1826/488
f 443/1827/489 444/1828/489 446/1829/489 445/1830/489
f 425/1831/490 445/1832/490 447/1833/490 437/1834/490
f 445/1835/491 446/1836/491 448/1837/491 447/1838/491
f 437/1839/492 447/1840/492 449/1841/492 435/1842/492
f 447/1843/493 448/1844/493 450/1845/493 449/1846/493
f 435/1847/494 449/1848/494 451/1849/494 433/1850/494
f 449/1851/495 450/1852/495 452/1853/495 451/1854/495
f 433/1855/496 451/1856/496 439/1857/496 431/1858/496
f 451/1859/497 452/1860/497 441/1861/497 439/1862/497
f 454/1863/498 453/1864/498 426/1865/498 428/1866/498
f 457/1867/499 456/1868/499 430/1869/499 432/1870/499
f 458/1871/500 457/1872/500 432/1873/500 434/1874/500
f 459/1875/501 458/1876/501 434/1877/501 436/1878/501
f 460/1879/502 459/1880/502 436/1881/502 438/1882/502
f 453/1883/503 460/1884/503 438/1885/503 426/1886/503
f 456/1887/504 454/1888/504 428/1889/504 430/1890/504
f 462/1891/505 461/1892/505 429/1893/505 427/1894/505
f 461/1895/506 463/1896/506 431/1897/506 429/1898/506
f 463/1899/507 464/1900/507 433/1901/507 431/1902/507
f 464/1903/508 465/1904/508 435/1905/508 433/1906/508
f 465/1907/509 466/1908/509 437/1909/509 435/1910/509
f 466/1911/510 467/1912/510 425/1913/510 437/1914/510
f 467/1915/511 462/1916/511 427/1917/511 425/1918/511
f 469/1919/512 468/1920/512 461/1921/512 462/1922/512
f 468/1923/513 471/1924/513 463/1925/513 461/1926/513
f 471/1927/514 472/1928/514 464/1929/514 463/1930/514
f 472/1931/515 473/1932/515 465/1933/515 464/1934/515
f 473/1935/516 474/1936/516 466/1937/516 465/1938/516
f 474/1939/517 475/1940/517 467/1941/517 466/1942/517
f 475/1943/518 469/1944/518 462/1945/518 467/1946/518
f 520/1947/519 526/1948/519 521/1949/519
f 477/1950/520 497/1951/520 495/1952/520 479/1953/520
f 504/1954/521 505/1955/521 506/1956/521
f 519/1957/522 520/1958/522 521/1959/522
f 479/1960/523 495/1961/523 493/1962/523 481/1963/523
f 505/1964/524 507/1965/524 506/1966/524
f 522/1967/525 519/1968/525 521/1969/525
f 481/1970/526 493/1971/526 492/1972/526 483/1973/526
f 507/1974/527 508/1975/527 506/1976/527
f 523/1977/528 522/1978/528 521/1979/528
f 483/1980/529 492/1981/529 503/1982/529 485/1983/529
f 508/1984/530 509/1985/530 506/1986/530
f 524/1987/531 523/1988/531 521/1989/531
f 485/1990/532 503/1991/532 501/1992/532 487/1993/532
f 509/1994/533 510/1995/533 506/1996/533
f 525/1997/534 524/1998/534 521/1999/534
f 487/2000/535 501/2001/535 499/2002/535 489/2003/535
f 510/2004/536 511/2005/536 506/2006/536
f 526/2007/537 525/2008/537 521/2009/537
f 489/2010/538 499/2011/538 497/2012/538 477/2013/538
f 511/2014/539 504/2015/539 506/2016/539
f 482/2017/540 490/2018/540 491/2019/540 480/2020/540
f 490/2021/541 492/2022/541 493/2023/541 491/2024/541
f 480/2025/542 491/2026/542 494/2027/542 478/2028/542
f 491/2029/543 493/2030/543 495/2031/543 494/2032/543
f 478/2033/544 494/2034/544 496/2035/544 476/2036/544
f 494/2037/545 495/2038/545 497/2039/545 496/2040/545
f 476/2041/546 496/2042/546 498/2043/546 488/2044/546
f 496/2045/547 497/2046/547 499/2047/547 498/2048/547
f 488/2049/548 498/2050/548 500/2051/548 486/2052/548
f 498/2053/549 499/2054/549 501/2055/549 500/2056/549
f 486/2057/550 500/2058/550 502/2059/550 484/2060/550
f 500/2061/551 501/2062/551 503/2063/551 502/2064/551
f 484/2065/552 502/2066/552 490/2067/552 482/2068/552
f 502/2069/553 503/2070/553 492/2071/553 490/2072/553
f 505/2073/554 504/2074/554 477/2075/554 479/2076/554
f 508/2077/555 507/2078/555 481/2079/555 483/2080/555
f 509/2081/556 508/2082/556 483/2083/556 485/2084/556
f 510/2085/557 509/2086/557 485/2087/557 487/2088/557
f 511/2089/558 510/2090/558 487/2091/558 489/2092/558
f 504/2093/559 511/2094/559 489/2095/559 477/2096/559
f 507/2097/560 505/2098/560 479/2099/560 481/2100/560
f 513/2101/561 512/2102/561 480/2103/561 478/2104/561
f 512/2105/562 514/2106/562 482/2107/562 480/2108/562
f 514/2109/563 515/2110/563 484/2111/563 482/2112/563
f 515/2113/564 516/2114/564 486/2115/564 484/2116/564
f 516/2117/565 517/2118/565 488/2119/565 486/2120/565
f 517/2121/566 518/2122/566 476/2123/566 488/2124/566
f 518/2125/567 513/2126/567 478/2127/567 476/2128/567
f 520/2129/568 519/2130/568 512/2131/568 513/2132/568
f 519/2133/569 522/2134/569 514/2135/569 512/2136/569
f 522/2137/570 523/2138/570 515/2139/570 514/2140/570
f 523/2141/571 524/2142/571 516/2143/571 515/2144/571
f 524/2145/572 525/2146/572 517/2147/572 516/2148/572
f 525/2149/573 526/2150/573 518/2151/573 517/2152/573
f 526/2153/574 520/2154/574 513/2155/574 518/2156/574
f 571/2157/575 577/2158/575 572/2159/575
f 528/2160/576 548/2161/576 546/2162/576 530/2163/576
f 555/2164/577 556/2165/577 557/2166/577
f 570/2167/578 571/2168/578 572/2169/578
f 530/2170/579 546/2171/579 544/2172/579 532/2173/579
f 556/2174/580 558/2175/580 557/2176/580
f 573/2177/581 570/2178/581 572/2179/581
f 532/2180/582 544/2181/582 543/2182/582 534/2183/582
f 558/2184/583 559/2185/583 557/2186/583
f 574/2187/584 573/2188/584 572/2189/584
f 534/2190/585 543/2191/585 554/2192/585 536/2193/585
f 559/2194/586 560/2195/586 557/2196/586
f 575/2197/587 574/2198/587 572/2199/587
f 536/2200/588 554/2201/588 552/2202/588 538/2203/588
f 560/2204/589 561/2205/589 557/2206/589
f 576/2207/590 575/2208/590 572/2209/590
f 538/2210/591 552/2211/591 550/2212/591 540/2213/591
f 561/2214/592 562/2215/592 557/2216/592
f 577/2217/593 576/2218/593 572/2219/593
f 540/2220/594 550/2221/594 548/2222/594 528/2223/594
f 562/2224/595 555/2225/595 557/2226/595
f 533/2227/596 541/2228/596 542/2229/596 531/2230/596
f 541/2231/597 543/2232/597 544/2233/597 542/2234/597
f 531/2235/598 542/2236/598 545/2237/598 529/2238/598
f 542/2239/599 544/2240/599 546/2241/599 545/2242/599
f 529/2243/600 545/2244/600 547/2245/600 527/2246/600
f 545/2247/601 546/2248/601 548/2249/601 547/2250/601
f 527/2251/602 547/2252/602 549/2253/602 539/2254/602
f 547/2255/603 548/2256/603 550/2257/603 549/2258/603
f 539/2259/604 549/2260/604 551/2261/604 537/2262/604
f 549/2263/605 550/2264/605 552/2265/605 551/2266/605
f 537/2267/606 551/2268/606 553/2269/606 535/2270/606
f 551/2271/607 552/2272/607 554/2273/607 553/2274/607
f 535/2275/608 553/2276/608 541/2277/608 533/2278/608
f 553/2279/609 554/2280/609 543/2281/609 541/2282/609
f 556/2283/610 555/2284/610 528/2285/610 530/2286/610
f 559/2287/611 558/2288/611 532/2289/611 534/2290/611
f 560/2291/612 559/2292/612 534/2293/612 536/2294/612
f 561/2295/613 560/2296/613 536/2297/613 538/2298/613
f 562/2299/614 561/2300/614 538/2301/614 540/2302/614
f 555/2303/615 562/2304/615 540/2305/615 528/2306/615
f 558/2307/616 556/2308/616 530/2309/616 532/2310/616
f 564/2311/617 563/2312/617 531/2313/617 529/2314/617
f 563/2315/618 565/2316/618 533/2317/618 531/2318/618
f 565/2319/619 566/2320/619 535/2321/619 533/2322/619
f 566/2323/620 567/2324/620 537/2325/620 535/2326/620
f 567/2327/621 568/2328/621 539/2329/621 537/2330/621
f 568/2331/622 569/2332/622 527/2333/622 539/2334/622
f 569/2335/623 564/2336/623 529/2337/623 527/2338/623
f 571/2339/624 570/2340/624 563/2341/624 564/2342/624
f 570/2343/625 573/2344/625 565/2345/625 563/2346/625
f 573/2347/626 574/2348/626 566/2349/626 565/2350/626
f 574/2351/627 575/2352/627 567/2353/627 566/2354/627
f 575/2355/628 576/2356/628 568/2357/628 567/2358/628
f 576/2359/629 577/2360/629 569/2361/629 568/2362/629
f 577/2363/630 571/2364/630 564/2365/630 569/2366/630
f 622/2367/631 628/2368/631 623/2369/631
f 579/2370/632 599/2371/632 597/2372/632 581/2373/632
f 606/2374/633 607/2375/633 608/2376/633
f 621/2377/634 622/2378/634 623/2379/634
f 581/2380/635 597/2381/635 595/2382/635 583/2383/635
f 607/2384/636 609/2385/636 608/2386/636
f 624/2387/637 621/2388/637 623/2389/637
f 583/2390/638 595/2391/638 594/2392/638 585/2393/638
f 609/2394/639 610/2395/639 608/2396/639
f 625/2397/640 624/2398/640 623/2399/640
f 585/2400/641 594/2401/641 605/2402/641 587/2403/641
f 610/2404/642 611/2405/642 608/2406/642
f 626/2407/643 625/2408/643 623/2409/643
f 587/2410/644 605/2411/644 603/2412/644 589/2413/644
f 611/2414/645 612/2415/645 608/2416/645
f 627/2417/646 626/2418/646 623/2419/646
f 589/2420/647 603/2421/647 601/2422/647 591/2423/647
f 612/2424/648 613/2425/648 608/2426/648
f 628/2427/649 627/2428/649 623/2429/649
f 591/2430/650 601/2431/650 599/2432/650 579/2433/650
f 613/2434/651 606/2435/651 608/2436/651
f 584/2437/652 592/2438/652 593/2439/652 582/2440/652
f 592/2441/653 594/2442/653 595/2443/653 593/2444/653
f 582/2445/654 593/2446/654 596/2447/654 580/2448/654
f 593/2449/655 595/2450/655 597/2451/655 596/2452/655
f 580/2453/656 596/2454/656 598/2455/656 578/2456/656
f 596/2457/657 597/2458/657 599/2459/657 598/2460/657
f 578/2461/658 598/2462/658 600/2463/658 590/2464/658
f 598/2465/659 599/2466/659 601/2467/659 600/2468/659
f 590/2469/660 600/2470/660 602/2471/660 588/2472/660
f 600/2473/661 601/2474/661 603/2475/661 602/2476/661
f 588/2477/662 602/2478/662 604/2479/662 586/2480/662
f 602/2481/663 603/2482/663 605/2483/663 604/2484/663
f 586/2485/664 604/2486/664 592/2487/664 584/2488/664
f 604/2489/665 605/2490/665 594/2491/665 592/2492/665
f 607/2493/666 606/2494/666 579/2495/666 581/2496/666
f 610/2497/667 609/2498/667 583/2499/667 585/2500/667
f 611/2501/668 610/2502/668 585/2503/668 587/2504/668
f 612/2505/669 611/2506/669 587/2507/669 589/2508/669
f 613/2509/670 612/2510/670 589/2511/670 591/2512/670
f 606/2513/671 613/2514/671 591/2515/671 579/2516/671
f 609/2517/672 607/2518/672 581/2519/672 583/2520/672
f 615/2521/673 614/2522/673 582/2523/673 580/2524/673
f 614/2525/674 616/2526/674 584/2527/674 582/2528/674
f 616/2529/675 617/2530/675 586/2531/675 584/2532/675
f 617/2533/676 618/2534/676 588/2535/676 586/2536/676
f 618/2537/677 619/2538/677 590/2539/677 588/2540/677
f 619/2541/678 620/2542/678 578/2543/678 590/2544/678
f 620/2545/679 615/2546/679 580/2547/679 578/2548/679
f 622/2549/680 621/2550/680 614/2551/680 615/2552/680
f 621/2553/681 624/2554/681 616/2555/681 614/2556/681
f 624/2557/682 625/2558/682 617/2559/682 616/2560/682
f 625/2561/683 626/2562/683 618/2563/683 617/2564/683
f 626/2565/684 627/2566/684 619/2567/684 618/2568/684
f 627/2569/685 628/2570/685 620/2571/685 619/2572/685
f 628/2573/686 622/2574/686 615/2575/686 620/2576/686
f 673/2577/687 679/2578/687 674/2579/687
f 630/2580/688 650/2581/688 648/2582/688 632/2583/688
f 657/2584/689 658/2585/689 659/2586/689
f 672/2587/690 673/2588/690 674/2589/690
f 632/2590/691 648/2591/691 646/2592/691 634/2593/691
f 658/2594/692 660/2595/692 659/2596/692
f 675/2597/693 672/2598/693 674/2599/693
f 634/2600/694 646/2601/694 645/2602/694 636/2603/694
f 660/2604/695 661/2605/695 659/2606/695
f 676/2607/696 675/2608/696 674/2609/696
f 636/2610/697 645/2611/697 656/2612/697 638/2613/697
f 661/2614/698 662/2615/698 659/2616/698
f 677/2617/699 676/2618/699 674/2619/699
f 638/2620/700 656/2621/700 654/2622/700 640/2623/700
f 662/2624/701 663/2625/701 659/2626/701
f 678/2627/702 677/2628/702 674/2629/702
f 640/2630/703 654/2631/703 652/2632/703 642/2633/703
f 663/2634/704 664/2635/704 659/2636/704
f 679/2637/705 678/2638/705 674/2639/705
f 642/2640/706 652/2641/706 650/2642/706 630/2643/706
f 664/2644/707 657/2645/707 659/2646/707
f 635/2647/708 643/2648/708 644/2649/708 633/2650/708
f 643/2651/709 645/2652/709 646/2653/709 644/2654/709
f 633/2655/710 644/2656/710 647/2657/710 631/2658/710
f 644/2659/711 646/2660/711 648/2661/711 647/2662/711
f 631/2663/712 647/2664/712 649/2665/712 629/2666/712
f 647/2667/713 648/2668/713 650/2669/713 649/2670/713
f 629/2671/714 649/2672/714 651/2673/714 641/2674/714
f 649/2675/715 650/2676/715 652/2677/715 651/2678/715
f 641/2679/716 651/2680/716 653/2681/716 639/2682/716
f 651/2683/717 652/2684/717 654/2685/717 653/2686/717
f 639/2687/718 653/2688/718 655/2689/718 637/2690/718
f 653/2691/719 654/2692/719 656/2693/719 655/2694/719
f 637/2695/720 655/2696/720 643/2697/720 635/2698/720
f 655/2699/721 656/2700/721 645/2701/721 643/2702/721
f 658/2703/722 657/2704/722 630/2705/722 632/2706/722
f 661/2707/723 660/2708/723 634/2709/723 636/2710/723
f 662/2711/724 661/2712/724 636/2713/724 638/2714/724
f 663/2715/725 662/2716/725 638/2717/725 640/2718/725
f 664/2719/726 663/2720/726 640/2721/726 642/2722/726
f 657/2723/727 664/2724/727 642/2725/727 630/2726/727
f 660/2727/728 658/2728/728 632/2729/728 634/2730/728
f 666/2731/729 665/2732/729 633/2733/729 631/2734/729
f 665/2735/730 667/2736/730 635/2737/730 633/2738/730
f 667/2739/731 668/2740/731 637/2741/731 635/2742/731
f 668/2743/732 669/2744/732 639/2745/732 637/2746/732
f 669/2747/733 670/2748/733 641/2749/733 639/2750/733
f 670/2751/734 671/2752/734 629/2753/734 641/2754/734
f 671/2755/735 666/2756/735 631/2757/735 629/2758/735
f 673/2759/736 672/2760/736 665/2761/736 666/2762/736
f 672/2763/737 675/2764/737 667/2765/737 665/2766/737
f 675/2767/738 676/2768/738 668/2769/738 667/2770/738
f 676/2771/739 677/2772/739 669/2773/739 668/2774/739
f 677/2775/740 678/2776/740 670/2777/740 669/2778/740
f 678/2779/741 679/2780/741 671/2781/741 670/2782/741
f 679/2783/742 673/2784/742 666/2785/742 671/2786/742
f 724/2787/743 730/2788/743 725/2789/743
f 681/2790/744 701/2791/744 699/2792/744 683/2793/744
f 708/2794/745 709/2795/745 710/2796/745
f 723/2797/746 724/2798/746 725/2799/746
f 683/2800/747 699/2801/747 697/2802/747 685/2803/747
f 709/2804/748 711/2805/748 710/2806/748
f 726/2807/749 723/2808/749 725/2809/749
f 685/2810/750 697/2811/750 696/2812/750 687/2813/750
f 711/2814/751 712/2815/751 710/2816/751
f 727/2817/752 726/2818/752 725/2819/752
f 687/2820/753 696/2821/753 707/2822/753 689/2823/753
f 712/2824/754 713/2825/754 710/2826/754
f 728/2827/755 727/2828/755 725/2829/755
f 689/2830/756 707/2831/756 705/2832/756 691/2833/756
f 713/2834/757 714/2835/757 710/2836/757
f 729/2837/758 728/2838/758 725/2839/758
f 691/2840/759 705/2841/759 703/2842/759 693/2843/759
f 714/2844/760 715/2845/760 710/2846/760
f 730/2847/761 729/2848/761 725/2849/761
f 693/2850/762 703/2851/762 701/2852/762 681/2853/762
f 715/2854/763 708/2855/763 710/2856/763
f 686/2857/764 694/2858/764 695/2859/764 684/2860/764
f 694/2861/765 696/2862/765 697/2863/765 695/2864/765
f 684/2865/766 695/2866/766 698/2867/766 682/2868/766
f 695/2869/767 697/2870/767 699/2871/767 698/2872/767
f 682/2873/768 698/2874/768 700/2875/768 680/2876/768
f 698/2877/769 699/2878/769 701/2879/769 700/2880/769
f 680/2881/770 700/2882/770 702/2883/770 692/2884/770
f 700/2885/771 701/2886/771 703/2887/771 702/2888/771
f 692/2889/772 702/2890/772 704/2891/772 690/2892/772
f 702/2893/773 703/2894/773 705/2895/773 704/2896/773
f 690/2897/774 704/2898/774 706/2899/774 688/2900/774
f 704/2901/775 705/2902/775 707/2903/775 706/2904/775
f 688/2905/776 706/2906/776 694/2907/776 686/2908/776
f 706/2909/777 707/2910/777 696/2911/777 694/2912/777
f 709/2913/778 708/2914/778 681/2915/778 683/2916/778
f 712/2917/779 711/2918/779 685/2919/779 687/2920/779
f 713/2921/780 712/2922/780 687/2923/780 689/2924/780
f 714/2925/781 713/2926/781 689/2927/781 691/2928/781
f 715/2929/782 714/2930/782 691/2931/782 693/2932/782
f 708/2933/783 715/2934/783 693/2935/783 681/2936/783
f 711/2937/784 709/2938/784 683/2939/784 685/2940/784
f 717/2941/785 716/2942/785 684/2943/785 682/2944/785
f 716/2945/786 718/2946/786 686/2947/786 684/2948/786
f 718/2949/787 719/2950/787 688/2951/787 686/2952/787
f 719/2953/788 720/2954/788 690/2955/788 688/2956/788
f 720/2957/789 721/2958/789 692/2959/789 690/2960/789
f 721/2961/790 722/2962/790 680/2963/790 692/2964/790
f 722/2965/791 717/2966/791 682/2967/791 680/2968/791
f 724/2969/792 723/2970/792 716/2971/792 717/2972/792
f 723/2973/793 726/2974/793 718/2975/793 716/2976/793
f 726/2977/794 727/2978/794 719/2979/794 718/2980/794
f 727/2981/795 728/2982/795 720/2983/795 719/2984/795
f 728/2985/796 729/2986/796 721/2987/796 720/2988/796
f 729/2989/797 730/2990/797 722/2991/797 721/2992/797
f 730/2993/798 724/2994/798 717/2995/798 722/2996/798
f 775/2997/799 781/2998/799 776/2999/799
f 732/3000/800 752/3001/800 750/3002/800 734/3003/800
f 759/3004/801 760/3005/801 761/3006/801
f 774/3007/802 775/3008/802 776/3009/802
f 734/3010/803 750/3011/803 748/3012/803 736/3013/803
f 760/3014/804 762/3015/804 761/3016/804
f 777/3017/805 774/3018/805 776/3019/805
f 736/3020/806 748/3021/806 747/3022/806 738/3023/806
f 762/3024/807 763/3025/807 761/3026/807
f 778/3027/808 777/3028/808 776/3029/808
f 738/3030/809 747/3031/809 758/3032/809 740/3033/809
f 763/3034/810 764/3035/810 761/3036/810
f 779/3037/811 778/3038/811 776/3039/811
f 740/3040/812 758/3041/812 756/3042/812 742/3043/812
f 764/3044/813 765/3045/813 761/3046/813
f 780/3047/814 779/3048/814 776/3049/814
f 742/3050/815 756/3051/815 754/3052/815 744/3053/815
f 765/3054/816 766/3055/816 761/3056/816
f 781/3057/817 780/3058/817 776/3059/817
f 744/3060/818 754/3061/818 752/3062/818 732/3063/818
f 766/3064/819 759/3065/819 761/3066/819
f 737/3067/820 745/3068/820 746/3069/820 735/3070/820
f 745/3071/821 747/3072/821 748/3073/821 746/3074/821
f 735/3075/822 746/3076/822 749/3077/822 733/3078/822
f 746/3079/823 748/3080/823 750/3081/823 749/3082/823
f 733/3083/824 749/3084/824 751/3085/824 731/3086/824
f 749/3087/825 750/3088/825 752/3089/825 751/3090/825
f 731/3091/826 751/3092/826 753/3093/826 743/3094/826
f 751/3095/827 752/3096/827 754/3097/827 753/3098/827
f 743/3099/828 753/3100/828 755/3101/828 741/3102/828
f 753/3103/829 754/3104/829 756/3105/829 755/3106/829
f 741/3107/830 755/3108/830 757/3109/830 739/3110/830
f 755/3111/831 756/3112/831 758/3113/831 757/3114/831
f 739/3115/832 757/3116/832 745/3117/832 737/3118/832
f 757/3119/833 758/3120/833 747/3121/833 745/3122/833
f 760/3123/834 759/3124/834 732/3125/834 734/3126/834
f 763/3127/835 762/3128/835 736/3129/835 738/3130/835
f 764/3131/836 763/3132/836 738/3133/836 740/3134/836
f 765/3135/837 764/3136/837 740/3137/837 742/3138/837
f 766/3139/838 765/3140/838 742/3141/838 744/3142/838
f 759/3143/839 766/3144/839 744/3145/839 732/3146/839
f 762/3147/840 760/3148/840 734/3149/840 736/3150/840
f 768/3151/841 767/3152/841 735/3153/841 733/3154/841
f 767/3155/842 769/3156/842 737/3157/842 735/3158/842
f 769/3159/843 770/3160/843 739/3161/843 737/3162/843
f 770/3163/844 771/3164/844 741/3165/844 739/3166/844
f 771/3167/845 772/3168/845 743/3169/845 741/3170/845
f 772/3171/846 773/3172/846 731/3173/846 743/3174/846
f 773/3175/847 768/3176/847 733/3177/847 731/3178/847
f 775/3179/848 774/3180/848 767/3181/848 768/3182/848
f 774/3183/849 777/3184/849 769/3185/849 767/3186/849
f 777/3187/850 778/3188/850 770/3189/850 769/3190/850
f 778/3191/851 779/3192/851 771/3193/851 770/3194/851
f 779/3195/852 780/3196/852 772/3197/852 771/3198/852
f 780/3199/853 781/3200/853 773/3201/853 772/3202/853
f 781/3203/854 775/3204/854 768/3205/854 773/3206/854
f 826/3207/855 832/3208/855 827/3209/855
f 783/3210/856 803/3211/856 801/3212/856 785/3213/856
f 810/3214/857 811/3215/857 812/3216/857
f 825/3217/858 826/3218/858 827/3219/858
f 785/3220/859 801/3221/859 799/3222/859 787/3223/859
f 811/3224/860 813/3225/860 812/3226/860
f 828/3227/861 825/3228/861 827/3229/861
f 787/3230/862 799/3231/862 798/3232/862 789/3233/862
f 813/3234/863 814/3235/863 812/3236/863
f 829/3237/864 828/3238/864 827/3239/864
f 789/3240/865 798/3241/865 809/3242/865 791/3243/865
f 814/3244/866 815/3245/866 812/3246/866
f 830/3247/867 829/3248/867 827/3249/867
f 791/3250/868 809/3251/868 807/3252/868 793/3253/868
f 815/3254/869 816/3255/869 812/3256/869
f 831/3257/870 830/3258/870 827/3259/870
f 793/3260/871 807/3261/871 805/3262/871 795/3263/871
f 816/3264/872 817/3265/872 812/3266/872
f 832/3267/873 831/3268/873 827/3269/873
f 795/3270/874 805/3271/874 803/3272/874 783/3273/874
f 817/3274/875 810/3275/875 812/3276/875
f 788/3277/876 796/3278/876 797/3279/876 786/3280/876
f 796/3281/877 798/3282/877 799/3283/877 797/3284/877
f 786/3285/878 797/3286/878 800/3287/878 784/3288/878
f 797/3289/879 799/3290/879 801/3291/879 800/3292/879
f 784/3293/880 800/3294/880 802/3295/880 782/3296/880
f 800/3297/881 801/3298/881 803/3299/881 802/3300/881
f 782/3301/882 802/3302/882 804/3303/882 794/3304/882
f 802/3305/883 803/3306/883 805/3307/883 804/3308/883
f 794/3309/884 804/3310/884 806/3311/884 792/3312/884
f 804/3313/885 805/3314/885 807/3315/885 806/3316/885
f 792/3317/886 806/3318/886 808/3319/886 790/3320/886
f 806/3321/887 807/3322/887 809/3323/887 808/3324/887
f 790/3325/888 808/3326/888 796/3327/888 788/3328/888
f 808/3329/889 809/3330/889 798/3331/889 796/3332/889
f 811/3333/890 810/3334/890 783/3335/890 785/3336/890
f 814/3337/891 813/3338/891 787/3339/891 789/3340/891
f 815/3341/892 814/3342/892 789/3343/892 791/3344/892
f 816/3345/893 815/3346/893 791/3347/893 793/3348/893
f 817/3349/894 816/3350/894 793/3351/894 795/3352/894
f 810/3353/895 817/3354/895 795/3355/895 783/3356/895
f 813/3357/896 811/3358/896 785/3359/896 787/3360/896
f 819/3361/897 818/3362/897 786/3363/897 784/3364/897
f 818/3365/898 820/3366/898 788/3367/898 786/3368/898
f 820/3369/899 821/3370/899 790/3371/899 788/3372/899
f 821/3373/900 822/3374/900 792/3375/900 790/3376/900
f 822/3377/901 823/3378/901 794/3379/901 792/3380/901
f 823/3381/902 824/3382/902 782/3383/902 794/3384/902
f 824/3385/903 819/3386/903 784/3387/903 782/3388/903
f 826/3389/904 825/3390/904 818/3391/904 819/3392/904
f 825/3393/905 828/3394/905 820/3395/905 818/3396/905
f 828/3397/906 829/3398/906 821/3399/906 820/3400/906
f 829/3401/907 830/3402/907 822/3403/907 821/3404/907
f 830/3405/908 831/3406/908 823/3407/908 822/3408/908
f 831/3409/909 832/3410/909 824/3411/909 823/3412/909
f 832/3413/910 826/3414/910 819/3415/910 824/3416/910
f 877/3417/911 883/3418/911 878/3419/911
f 834/3420/912 854/3421/912 852/3422/912 836/3423/912
f 861/3424/913 862/3425/913 863/3426/913
f 876/3427/914 877/3428/914 878/3429/914
f 836/3430/915 852/3431/915 850/3432/915 838/3433/915
f 862/3434/916 864/3435/916 863/3436/916
f 879/3437/917 876/3438/917 878/3439/917
f 838/3440/918 850/3441/918 849/3442/918 840/3443/918
f 864/3444/919 865/3445/919 863/3446/919
f 880/3447/920 879/3448/920 878/3449/920
f 840/3450/921 849/3451/921 860/3452/921 842/3453/921
f 865/3454/922 866/3455/922 863/3456/922
f 881/3457/923 880/3458/923 878/3459/923
f 842/3460/924 860/3461/924 858/3462/924 844/3463/924
f 866/3464/925 867/3465/925 863/3466/925
f 882/3467/926 881/3468/926 878/3469/926
f 844/3470/927 858/3471/927 856/3472/927 846/3473/927
f 867/3474/928 868/3475/928 863/3476/928
f 883/3477/929 882/3478/929 878/3479/929
f 846/3480/930 856/3481/930 854/3482/930 834/3483/930
f 868/3484/931 861/3485/931 863/3486/931
f 839/3487/932 847/3488/932 848/3489/932 837/3490/932
f 847/3491/933 849/3492/933 850/3493/933 848/3494/933
f 837/3495/934 848/3496/934 851/3497/934 835/3498/934
f 848/3499/935 850/3500/935 852/3501/935 851/3502/935
f 835/3503/936 851/3504/936 853/3505/936 833/3506/936
f 851/3507/937 852/3508/937 854/3509/937 853/3510/937
f 833/3511/938 853/3512/938 855/3513/938 845/3514/938
f 853/3515/939 854/3516/939 856/3517/939 855/3518/939
f 845/3519/940 855/3520/940 857/3521/940 843/3522/940
f 855/3523/941 856/3524/941 858/3525/941 857/3526/941
f 843/3527/942 857/3528/942 859/3529/942 841/3530/942
f 857/3531/943 858/3532/943 860/3533/943 859/3534/943
f 841/3535/944 859/3536/944 847/3537/944 839/3538/944
f 859/3539/945 860/3540/945 849/3541/945 847/3542/945
f 862/3543/946 861/3544/946 834/3545/946 836/3546/946
f 865/3547/947 864/3548/947 838/3549/947 840/3550/947
f 866/3551/948 865/3552/948 840/3553/948 842/3554/948
f 867/3555/949 866/3556/949 842/3557/949 844/3558/949
f 868/3559/950 867/3560/950 844/3561/950 846/3562/950
f 861/3563/951 868/3564/951 846/3565/951 834/3566/951
f 864/3567/952 862/3568/952 836/3569/952 838/3570/952
f 870/3571/953 869/3572/953 837/3573/953 835/3574/953
f 869/3575/954 871/3576/954 839/3577/954 837/3578/954
f 871/3579/955 872/3580/955 841/3581/955 839/3582/955
f 872/3583/956 873/3584/956 843/3585/956 841/3586/956
f 873/3587/957 874/3588/957 845/3589/957 843/3590/957
f 874/3591/958 875/3592/958 833/3593/958 845/3594/958
f 875/3595/959 870/3596/959 835/3597/959 833/3598/959
f 877/3599/960 876/3600/960 869/3601/960 870/3602/960
f 876/3603/961 879/3604/961 871/3605/961 869/3606/961
f 879/3607/962 880/3608/962 872/3609/962 871/3610/962
f 880/3611/963 881/3612/963 873/3613/963 872/3614/963
f 881/3615/964 882/3616/964 874/3617/964 873/3618/964
f 882/3619/965 883/3620/965 875/3621/965 874/3622/965
f 883/3623/966 877/3624/966 870/3625/966 875/3626/966
f 928/3627/967 934/3628/967 929/3629/967
f 885/3630/968 905/3631/968 903/3632/968 887/3633/968
f 912/3634/969 913/3635/969 914/3636/969
f 927/3637/970 928/3638/970 929/3639/970
f 887/3640/971 903/3641/971 901/3642/971 889/3643/971
f 913/3644/972 915/3645/972 914/3646/972
f 930/3647/973 927/3648/973 929/3649/973
f 889/3650/974 901/3651/974 900/3652/974 891/3653/974
f 915/3654/975 916/3655/975 914/3656/975
f 931/3657/976 930/3658/976 929/3659/976
f 891/3660/977 900/3661/977 911/3662/977 893/3663/977
f 916/3664/978 917/3665/978 914/3666/978
f 932/3667/979 931/3668/979 929/3669/979
f 893/3670/980 911/3671/980 909/3672/980 895/3673/980
f 917/3674/981 918/3675/981 914/3676/981
f 933/3677/982 932/3678/982 929/3679/982
f 895/3680/983 909/3681/983 907/3682/983 897/3683/983
f 918/3684/984 919/3685/984 914/3686/984
f 934/3687/985 933/3688/985 929/3689/985
f 897/3690/986 907/3691/986 905/3692/986 885/3693/986
f 919/3694/987 912/3695/987 914/3696/987
f 890/3697/988 898/3698/988 899/3699/988 888/3700/988
f 898/3701/989 900/3702/989 901/3703/989 899/3704/989
f 888/3705/990 899/3706/990 902/3707/990 886/3708/990
f 899/3709/991 901/3710/991 903/3711/991 902/3712/991
f 886/3713/992 902/3714/992 904/3715/992 884/3716/992
f 902/3717/993 903/3718/993 905/3719/993 904/3720/993
f 884/3721/994 904/3722/994 906/3723/994 896/3724/994
f 904/3725/995 905/3726/995 907/3727/995 906/3728/995
f 896/3729/996 906/3730/996 908/3731/996 894/3732/996
f 906/3733/997 907/3734/997 909/3735/997 908/3736/997
f 894/3737/998 908/3738/998 910/3739/998 892/3740/998
f 908/3741/999 909/3742/999 911/3743/999 910/3744/999
f 892/3745/1000 910/3746/1000 898/3747/1000 890/3748/1000
f 910/3749/1001 911/3750/1001 900/3751/1001 898/3752/1001
f 913/3753/1002 912/3754/1002 885/3755/1002 887/3756/1002
f 916/3757/1003 915/3758/1003 889/3759/1003 891/3760/1003
f 917/3761/1004 916/3762/1004 891/3763/1004 893/3764/1004
f 918/3765/1005 917/3766/1005 893/3767/1005 895/3768/1005
f 919/3769/1006 918/3770/1006 895/3771/1006 897/3772/1006
f 912/3773/1007 919/3774/1007 897/3775/1007 885/3776/1007
f 915/3777/1008 913/3778/1008 887/3779/1008 889/3780/1008
f 921/3781/1009 920/3782/1009 888/3783/1009 886/3784/1009
f 920/3785/1010 922/3786/1010 890/3787/1010 888/3788/1010
f 922/3789/1011 923/3790/1011 892/3791/1011 890/3792/1011
f 923/3793/1012 924/3794/1012 894/3795/1012 892/3796/1012
f 924/3797/1013 925/3798/1013 896/3799/1013 894/3800/1013
f 925/3801/1014 926/3802/1014 884/3803/1014 896/3804/1014
f 926/3805/1015 921/3806/1015 886/3807/1015 884/3808/1015
f 928/3809/1016 927/3810/1016 920/3811/1016 921/3812/1016
f 927/3813/1017 930/3814/1017 922/3815/1017 920/3816/1017
f 930/3817/1018 931/3818/1018 923/3819/1018 922/3820/1018
f 931/3821/1019 932/3822/1019 924/3823/1019 923/3824/1019
f 932/3825/1020 933/3826/1020 925/3827/1020 924/3828/1020
f 933/3829/1021 934/3830/1021 926/3831/1021 925/3832/1021
f 934/3833/1022 928/3834/1022 921/3835/1022 926/3836/1022
f 979/3837/1023 985/3838/1023 980/3839/1023
f 936/3840/1024 956/3841/1024 954/3842/1024 938/3843/1024
f 963/3844/1025 964/3845/1025 965/3846/1025
f 978/3847/1026 979/3848/1026 980/3849/1026
f 938/3850/1027 954/3851/1027 952/3852/1027 940/3853/1027
f 964/3854/1028 966/3855/1028 965/3856/1028
f 981/3857/1029 978/3858/1029 980/3859/1029
f 940/3860/1030 952/3861/1030 951/3862/1030 942/3863/1030
f 966/3864/1031 967/3865/1031 965/3866/1031
f 982/3867/1032 981/3868/1032 980/3869/1032
f 942/3870/1033 951/3871/1033 962/3872/1033 944/3873/1033
f 967/3874/1034 968/3875/1034 965/3876/1034
f 983/3877/1035 982/3878/1035 980/3879/1035
f 944/3880/1036 962/3881/1036 960/3882/1036 946/3883/1036
f 968/3884/1037 969/3885/1037 965/3886/1037
f 984/3887/1038 983/3888/1038 980/3889/1038
f 946/3890/1039 960/3891/1039 958/3892/1039 948/3893/1039
f 969/3894/1040 970/3895/1040 965/3896/1040
f 985/3897/1041 984/3898/1041 980/3899/1041
f 948/3900/1042 958/3901/1042 956/3902/1042 936/3903/1042
f 970/3904/1043 963/3905/1043 965/3906/1043
f 941/3907/1044 949/3908/1044 950/3909/1044 939/3910/1044
f 949/3911/1045 951/3912/1045 952/3913/1045 950/3914/1045
f 939/3915/1046 950/3916/1046 953/3917/1046 937/3918/1046
f 950/3919/1047 952/3920/1047 954/3921/1047 953/3922/1047
f 937/3923/1048 953/3924/1048 955/3925/1048 935/3926/1048
f 953/3927/1049 954/3928/1049 956/3929/1049 955/3930/1049
f 935/3931/1050 955/3932/1050 957/3933/1050 947/3934/1050
f 955/3935/1051 956/3936/1051 958/3937/1051 957/3938/1051
f 947/3939/1052 957/3940/1052 959/3941/1052 945/3942/1052
f 957/3943/1053 958/3944/1053 960/3945/1053 959/3946/1053
f 945/3947/1054 959/3948/1054 961/3949/1054 943/3950/1054
f 959/3951/1055 960/3952/1055 962/3953/1055 961/3954/1055
f 943/3955/1056 961/3956/1056 949/3957/1056 941/3958/1056
f 961/3959/1057 962/3960/1057 951/3961/1057 949/3962/1057
f 964/3963/1058 963/3964/1058 936/3965/1058 938/3966/1058
f 967/3967/1059 966/3968/1059 940/3969/1059 942/3970/1059
f 968/3971/1060 967/3972/1060 942/3973/1060 944/3974/1060
f 969/3975/1061 968/3976/1061 944/3977/1061 946/3978/1061
f 970/3979/1062 969/3980/1062 946/3981/1062 948/3982/1062
f 963/3983/1063 970/3984/1063 948/3985/1063 936/3986/1063
f 966/3987/1064 964/3988/1064 938/3989/1064 940/3990/1064
f 972/3991/1065 971/3992/1065 939/3993/1065 937/3994/1065
f 971/3995/1066 973/3996/1066 941/3997/1066 939/3998/1066
f 973/3999/1067 974/4000/1067 943/4001/1067 941/4002/1067
f 974/4003/1068 975/4004/1068 945/4005/1068 943/4006/1068
f 975/4007/1069 976/4008/1069 947/4009/1069 945/4010/1069
f 976/4011/1070 977/4012/1070 935/4013/1070 947/4014/1070
f 977/4015/1071 972/4016/1071 937/4017/1071 935/4018/1071
f 979/4019/1072 978/4020/1072 971/4021/1072 972/4022/1072
f 978/4023/1073 981/4024/1073 973/4025/1073 971/4026/1073
f 981/4027/1074 982/4028/1074 974/4029/1074 973/4030/1074
f 982/4031/1075 983/4032/1075 975/4033/1075 974/4034/1075
f 983/4035/1076 984/4036/1076 976/4037/1076 975/4038/1076
f 984/4039/1077 985/4040/1077 977/4041/1077 976/4042/1077
f 985/4043/1078 979/4044/1078 972/4045/1078 977/4046/1078
f 1030/4047/1079 1036/4048/1079 1031/4049/1079
f 987/4050/1080 1007/4051/1080 1005/4052/1080 989/4053/1080
f 1014/4054/1081 1015/4055/1081 1016/4056/1081
f 1029/4057/1082 1030/4058/1082 1031/4059/1082
f 989/4060/1083 1005/4061/1083 1003/4062/1083 991/4063/1083
f 1015/4064/1084 1017/4065/1084 1016/4066/1084
f 1032/4067/1085 1029/4068/1085 1031/4069/1085
f 991/4070/1086 1003/4071/1086 1002/4072/1086 993/4073/1086
f 1017/4074/1087 1018/4075/1087 1016/4076/1087
f 1033/4077/1088 1032/4078/1088 1031/4079/1088
f 993/4080/1089 1002/4081/1089 1013/4082/1089 995/4083/1089
f 1018/4084/1090 1019/4085/1090 1016/4086/1090
f 1034/4087/1091 1033/4088/1091 1031/4089/1091
f 995/4090/1092 1013/4091/1092 1011/4092/1092 997/4093/1092
f 1019/4094/1093 1020/4095/1093 1016/4096/1093
f 1035/4097/1094 1034/4098/1094 1031/4099/1094
f 997/4100/1095 1011/4101/1095 1009/4102/1095 999/4103/1095
f 1020/4104/1096 1021/4105/1096 1016/4106/1096
f 1036/4107/1097 1035/4108/1097 1031/4109/1097
f 999/4110/1098 1009/4111/1098 1007/4112/1098 987/4113/1098
f 1021/4114/1099 1014/4115/1099 1016/4116/1099
f 992/4117/1100 1000/4118/1100 1001/4119/1100 990/4120/1100
f 1000/4121/1101 1002/4122/1101 1003/4123/1101 1001/4124/1101
f 990/4125/1102 1001/4126/1102 1004/4127/1102 988/4128/1102
f 1001/4129/1103 1003/4130/1103 1005/4131/1103 1004/4132/1103
f 988/4133/1104 1004/4134/1104 1006/4135/1104 986/4136/1104
f 1004/4137/1105 1005/4138/1105 1007/4139/1105 1006/4140/1105
f 986/4141/1106 1006/4142/1106 1008/4143/1106 998/4144/1106
f 1006/4145/1107 1007/4146/1107 1009/4147/1107 1008/4148/1107
f 998/4149/1108 1008/4150/1108 1010/4151/1108 996/4152/1108
f 1008/4153/1109 1009/4154/1109 1011/4155/1109 1010/4156/1109
f 996/4157/1110 1010/4158/1110 1012/4159/1110 994/4160/1110
f 1010/4161/1111 1011/4162/1111 1013/4163/1111 1012/4164/1111
f 994/4165/1112 1012/4166/1112 1000/4167/1112 992/4168/1112
f 1012/4169/1113 1013/4170/1113 1002/4171/1113 1000/4172/1113
f 1015/4173/1114 1014/4174/1114 987/4175/1114 989/4176/1114
f 1018/4177/1115 1017/4178/1115 991/4179/1115 993/4180/1115
f 1019/4181/1116 1018/4182/1116 993/4183/1116 995/4184/1116
f 1020/4185/1117 1019/4186/1117 995/4187/1117 997/4188/1117
f 1021/4189/1118 1020/4190/1118 997/4191/1118 999/4192/1118
f 1014/4193/1119 1021/4194/1119 999/4195/1119 987/4196/1119
f 1017/4197/1120 1015/4198/1120 989/4199/1120 991/4200/1120
f 1023/4201/1121 1022/4202/1121 990/4203/1121 988/4204/1121
f 1022/4205/1122 1024/4206/1122 992/4207/1122 990/4208/1122
f 1024/4209/1123 1025/4210/1123 994/4211/1123 992/4212/1123
f 1025/4213/1124 1026/4214/1124 996/4215/1124 994/4216/1124
f 1026/4217/1125 1027/4218/1125 998/4219/1125 996/4220/1125
f 1027/4221/1126 1028/4222/1126 986/4223/1126 998/4224/1126
f 1028/4225/1127 1023/4226/1127 988/4227/1127 986/4228/1127
f 1030/4229/1128 1029/4230/1128 1022/4231/1128 1023/4232/1128
f 1029/4233/1129 1032/4234/1129 1024/4235/1129 1022/4236/1129
f 1032/4237/1130 1033/4238/1130 1025/4239/1130 1024/4240/1130
f 1033/4241/1131 1034/4242/1131 1026/4243/1131 1025/4244/1131
f 1034/4245/1132 1035/4246/1132 1027/4247/1132 1026/4248/1132
f 1035/4249/1133 1036/4250/1133 1028/4251/1133 1027/4252/1133
f 1036/4253/1134 1030/4254/1134 1023/4255/1134 1028/4256/1134
f 1081/4257/1135 1087/4258/1135 1082/4259/1135
f 1038/4260/1136 1058/4261/1136 1056/4262/1136 1040/4263/1136
f 1065/4264/1137 1066/4265/1137 1067/4266/1137
f 1080/4267/1138 1081/4268/1138 1082/4269/1138
f 1040/4270/1139 1056/4271/1139 1054/4272/1139 1042/4273/1139
f 1066/4274/1140 1068/4275/1140 1067/4276/1140
f 1083/4277/1141 1080/4278/1141 1082/4279/1141
f 1042/4280/1142 1054/4281/1142 1053/4282/1142 1044/4283/1142
f 1068/4284/1143 1069/4285/1143 1067/4286/1143
f 1084/4287/1144 1083/4288/1144 1082/4289/1144
f 1044/4290/1145 1053/4291/1145 1064/4292/1145 1046/4293/1145
f 1069/4294/1146 1070/4295/1146 1067/4296/1146
f 1085/4297/1147 1084/4298/1147 1082/4299/1147
f 1046/4300/1148 1064/4301/1148 1062/4302/1148 1048/4303/1148
f 1070/4304/1149 1071/4305/1149 1067/4306/1149
f 1086/4307/1150 1085/4308/1150 1082/4309/1150
f 1048/4310/1151 1062/4311/1151 1060/4312/1151 1050/4313/1151
f 1071/4314/1152 1072/4315/1152 1067/4316/1152
f 1087/4317/1153 1086/4318/1153 1082/4319/1153
f 1050/4320/1154 1060/4321/1154 1058/4322/1154 1038/4323/1154
f 1072/4324/1155 1065/4325/1155 1067/4326/1155
f 1043/4327/1156 1051/4328/1156 1052/4329/1156 1041/4330/1156
f 1051/4331/1157 1053/4332/1157 1054/4333/1157 1052/4334/1157
f 1041/4335/1158 1052/4336/1158 1055/4337/1158 1039/4338/1158
f 1052/4339/1159 1054/4340/1159 1056/4341/1159 1055/4342/1159
f 1039/4343/1160 1055/4344/1160 1057/4345/1160 1037/4346/1160
f 1055/4347/1161 1056/4348/1161 1058/4349/1161 1057/4350/1161
f 1037/4351/1162 1057/4352/1162 1059/4353/1162 1049/4354/1162
f 1057/4355/1163 1058/4356/1163 1060/4357/1163 1059/4358/1163
f 1049/4359/1164 1059/4360/1164 1061/4361/1164 1047/4362/1164
f 1059/4363/1165 1060/4364/1165 1062/4365/1165 1061/4366/1165
f 1047/4367/1166 1061/4368/1166 1063/4369/1166 1045/4370/1166
f 1061/4371/1167 1062/4372/1167 1064/4373/1167 1063/4374/1167
f 1045/4375/1168 1063/4376/1168 1051/4377/1168 1043/4378/1168
f 1063/4379/1169 1064/4380/1169 1053/4381/1169 1051/4382/1169
f 1066/4383/1170 1065/4384/1170 1038/4385/1170 1040/4386/1170
f 1069/4387/1171 1068/4388/1171 1042/4389/1171 1044/4390/1171
f 1070/4391/1172 1069/4392/1172 1044/4393/1172 1046/4394/1172
f 1071/4395/1173 1070/4396/1173 1046/4397/1173 1048/4398/1173
f 1072/4399/1174 1071/4400/1174 1048/4401/1174 1050/4402/1174
f 1065/4403/1175 1072/4404/1175 1050/4405/1175 1038/4406/1175
f 1068/4407/1176 1066/4408/1176 1040/4409/1176 1042/4410/1176
f 1074/4411/1177 1073/4412/1177 1041/4413/1177 1039/4414/1177
f 1073/4415/1178 1075/4416/1178 1043/4417/1178 1041/4418/1178
f 1075/4419/1179 1076/4420/1179 1045/4421/1179 1043/4422/1179
f 1076/4423/1180 1077/4424/1180 1047/4425/1180 1045/4426/1180
f 1077/4427/1181 1078/4428/1181 1049/4429/1181 1047/4430/1181
f 1078/4431/1182 1079/4432/1182 1037/4433/1182 1049/4434/1182
f 1079/4435/1183 1074/4436/1183 1039/4437/1183 1037/4438/1183
f 1081/4439/1184 1080/4440/1184 1073/4441/1184 1074/4442/1184
f 1080/4443/1185 1083/4444/1185 1075/4445/1185 1073/4446/1185
f 1083/4447/1186 1084/4448/1186 1076/4449/1186 1075/4450/1186
f 1084/4451/1187 1085/4452/1187 1077/4453/1187 1076/4454/1187
f 1085/4455/1188 1086/4456/1188 1078/4457/1188 1077/4458/1188
f 1086/4459/1189 1087/4460/1189 1079/4461/1189 1078/4462/1189
f 1087/4463/1190 1081/4464/1190 1074/4465/1190 1079/4466/1190
f 1132/4467/1191 1138/4468/1191 1133/4469/1191
f 1089/4470/1192 1109/4471/1192 1107/4472/1192 1091/4473/1192
f 1116/4474/1193 1117/4475/1193 1118/4476/1193
f 1131/4477/1194 1132/4478/1194 1133/4479/1194
f 1091/4480/1195 1107/4481/1195 1105/4482/1195 1093/4483/1195
f 1117/4484/1196 1119/4485/1196 1118/4486/1196
f 1134/4487/1197 1131/4488/1197 1133/4489/1197
f 1093/4490/1198 1105/4491/1198 1104/4492/1198 1095/4493/1198
f 1119/4494/1199 1120/4495/1199 1118/4496/1199
f 1135/4497/1200 1134/4498/1200 1133/4499/1200
f 1095/4500/1201 1104/4501/1201 1115/4502/1201 1097/4503/1201
f 1120/4504/1202 1121/4505/1202 1118/4506/1202
f 1136/4507/1203 1135/4508/1203 1133/4509/1203
f 1097/4510/1204 1115/4511/1204 1113/4512/1204 1099/4513/1204
f 1121/4514/1205 1122/4515/1205 1118/4516/1205
f 1137/4517/1206 1136/4518/1206 1133/4519/1206
f 1099/4520/1207 1113/4521/1207 1111/4522/1207 1101/4523/1207
f 1122/4524/1208 1123/4525/1208 1118/4526/1208
f 1138/4527/1209 1137/4528/1209 1133/4529/1209
f 1101/4530/1210 1111/4531/1210 1109/4532/1210 1089/4533/1210
f 1123/4534/1211 1116/4535/1211 1118/4536/1211
f 1094/4537/1212 1102/4538/1212 1103/4539/1212 1092/4540/1212
f 1102/4541/1213 1104/4542/1213 1105/4543/1213 1103/4544/1213
f 1092/4545/1214 1103/4546/1214 1106/4547/1214 1090/4548/1214
f 1103/4549/1215 1105/4550/1215 1107/4551/1215 1106/4552/1215
f 1090/4553/1216 1106/4554/1216 1108/4555/1216 1088/4556/1216
f 1106/4557/1217 1107/4558/1217 1109/4559/1217 1108/4560/1217
f 1088/4561/1218 1108/4562/1218 1110/4563/1218 1100/4564/1218
f 1108/4565/1219 1109/4566/1219 1111/4567/1219 1110/4568/1219
f 1100/4569/1220 1110/4570/1220 1112/4571/1220 1098/4572/1220
f 1110/4573/1221 1111/4574/1221 1113/4575/1221 1112/4576/1221
f 1098/4577/1222 1112/4578/1222 1114/4579/1222 1096/4580/1222
f 1112/4581/1223 1113/4582/1223 1115/4583/1223 1114/4584/1223
f 1096/4585/1224 1114/4586/1224 1102/4587/1224 1094/4588/1224
f 1114/4589/1225 1115/4590/1225 1104/4591/1225 1102/4592/1225
f 1117/4593/1226 1116/4594/1226 1089/4595/1226 1091/4596/1226
f 1120/4597/1227 1119/4598/1227 1093/4599/1227 1095/4600/1227
f 1121/4601/1228 1120/4602/1228 1095/4603/1228 1097/4604/1228
f 1122/4605/1229 1121/4606/1229 1097/4607/1229 1099/4608/1229
f 1123/4609/1230 1122/4610/1230 1099/4611/1230 1101/4612/1230
f 1116/4613/1231 1123/4614/1231 1101/4615/1231 1089/4616/1231
f 1119/4617/1232 1117/4618/1232 1091/4619/1232 1093/4620/1232
f 1125/4621/1233 1124/4622/1233 1092/4623/1233 1090/4624/1233
f 1124/4625/1234 1126/4626/1234 1094/4627/1234 1092/4628/1234
f 1126/4629/1235 1127/4630/1235 1096/4631/1235 1094/4632/1235
f 1127/4633/1236 1128/4634/1236 1098/4635/1236 1096/4636/1236
f 1128/4637/1237 1129/4638/1237 1100/4639/1237 1098/4640/1237
f 1129/4641/1238 1130/4642/1238 1088/4643/1238 1100/4644/1238
f 1130/4645/1239 1125/4646/1239 1090/4647/1239 1088/4648/1239
f 1132/4649/1240 1131/4650/1240 1124/4651/1240 1125/4652/1240
f 1131/4653/1241 1134/4654/1241 1126/4655/1241 1124/4656/1241
f 1134/4657/1242 1135/4658/1242 1127/4659/1242 1126/4660/1242
f 1135/4661/1243 1136/4662/1243 1128/4663/1243 1127/4664/1243
f 1136/4665/1244 1137/4666/1244 1129/4667/1244 1128/4668/1244
f 1137/4669/1245 1138/4670/1245 1130/4671/1245 1129/4672/1245
f 1138/4673/1246 1132/4674/1246 1125/4675/1246 1130/4676/1246
f 1183/4677/1247 1189/4678/1247 1184/4679/1247
f 1140/4680/1248 1160/4681/1248 1158/4682/1248 1142/4683/1248
f 1167/4684/1249 1168/4685/1249 1169/4686/1249
f 1182/4687/1250 1183/4688/1250 1184/4689/1250
f 1142/4690/1251 1158/4691/1251 1156/4692/1251 1144/4693/1251
f 1168/4694/1252 1170/4695/1252 1169/4696/1252
f 1185/4697/1253 1182/4698/1253 1184/4699/1253
f 1144/4700/1254 1156/4701/1254 1155/4702/1254 1146/4703/1254
f 1170/4704/1255 1171/4705/1255 1169/4706/1255
f 1186/4707/1256 1185/4708/1256 1184/4709/1256
f 1146/4710/1257 1155/4711/1257 1166/4712/1257 1148/4713/1257
f 1171/4714/1258 1172/4715/1258 1169/4716/1258
f 1187/4717/1259 1186/4718/1259 1184/4719/1259
f 1148/4720/1260 1166/4721/1260 1164/4722/1260 1150/4723/1260
f 1172/4724/1261 1173/4725/1261 1169/4726/1261
f 1188/4727/1262 1187/4728/1262 1184/4729/1262
f 1150/4730/1263 1164/4731/1263 1162/4732/1263 1152/4733/1263
f 1173/4734/1264 1174/4735/1264 1169/4736/1264
f 1189/4737/1265 1188/4738/1265 1184/4739/1265
f 1152/4740/1266 1162/4741/1266 1160/4742/1266 1140/4743/1266
f 1174/4744/1267 1167/4745/1267 1169/4746/1267
f 1145/4747/1268 1153/4748/1268 1154/4749/1268 1143/4750/1268
f 1153/4751/1269 1155/4752/1269 1156/4753/1269 1154/4754/1269
f 1143/4755/1270 1154/4756/1270 1157/4757/1270 1141/4758/1270
f 1154/4759/1271 1156/4760/1271 1158/4761/1271 1157/4762/1271
f 1141/4763/1272 1157/4764/1272 1159/4765/1272 1139/4766/1272
f 1157/4767/1273 1158/4768/1273 1160/4769/1273 1159/4770/1273
f 1139/4771/1274 1159/4772/1274 1161/4773/1274 1151/4774/1274
f 1159/4775/1275 1160/4776/1275 1162/4777/1275 1161/4778/1275
f 1151/4779/1276 1161/4780/1276 1163/4781/1276 1149/4782/1276
f 1161/4783/1277 1162/4784/1277 1164/4785/1277 1163/4786/1277
f 1149/4787/1278 1163/4788/1278 1165/4789/1278 1147/4790/1278
f 1163/4791/1279 1164/4792/1279 1166/4793/1279 1165/4794/1279
f 1147/4795/1280 1165/4796/1280 1153/4797/1280 1145/4798/1280
f 1165/4799/1281 1166/4800/1281 1155/4801/1281 1153/4802/1281
f 1168/4803/1282 1167/4804/1282 1140/4805/1282 1142/4806/1282
f 1171/4807/1283 1170/4808/1283 1144/4809/1283 1146/4810/1283
f 1172/4811/1284 1171/4812/1284 1146/4813/1284 1148/4814/1284
f 1173/4815/1285 1172/4816/1285 1148/4817/1285 1150/4818/1285
f 1174/4819/1286 1173/4820/1286 1150/4821/1286 1152/4822/1286
f 1167/4823/1287 1174/4824/1287 1152/4825/1287 1140/4826/1287
f 1170/4827/1288 1168/4828/1288 1142/4829/1288 1144/4830/1288
f 1176/4831/1289 1175/4832/1289 1143/4833/1289 1141/4834/1289
f 1175/4835/1290 1177/4836/1290 1145/4837/1290 1143/4838/1290
f 1177/4839/1291 1178/4840/1291 1147/4841/1291 1145/4842/1291
f 1178/4843/1292 1179/4844/1292 1149/4845/1292 1147/4846/1292
f 1179/4847/1293 1180/4848/1293 1151/4849/1293 1149/4850/1293
f 1180/4851/1294 1181/4852/1294 1139/4853/1294 1151/4854/1294
f 1181/4855/1295 1176/4856/1295 1141/4857/1295 1139/4858/1295
f 1183/4859/1296 1182/4860/1296 1175/4861/1296 1176/4862/1296
f 1182/4863/1297 1185/4864/1297 1177/4865/1297 1175/4866/1297
f 1185/4867/1298 1186/4868/1298 1178/4869/1298 1177/4870/1298
f 1186/4871/1299 1187/4872/1299 1179/4873/1299 1178/4874/1299
f 1187/4875/1300 1188/4876/1300 1180/4877/1300 1179/4878/1300
f 1188/4879/1301 1189/4880/1301 1181/4881/1301 1180/4882/1301
f 1189/4883/1302 1183/4884/1302 1176/4885/1302 1181/4886/1302
f 1234/4887/1303 1240/4888/1303 1235/4889/1303
f 1191/4890/1304 1211/4891/1304 1209/4892/1304 1193/4893/1304
f 1218/4894/1305 1219/4895/1305 1220/4896/1305
f 1233/4897/1306 1234/4898/1306 1235/4899/1306
f 1193/4900/1307 1209/4901/1307 1207/4902/1307 1195/4903/1307
f 1219/4904/1308 1221/4905/1308 1220/4906/1308
f 1236/4907/1309 1233/4908/1309 1235/4909/1309
f 1195/4910/1310 1207/4911/1310 1206/4912/1310 1197/4913/1310
f 1221/4914/1311 1222/4915/1311 1220/4916/1311
f 1237/4917/1312 1236/4918/1312 1235/4919/1312
f 1197/4920/1313 1206/4921/1313 1217/4922/1313 1199/4923/1313
f 1222/4924/1314 1223/4925/1314 1220/4926/1314
f 1238/4927/1315 1237/4928/1315 1235/4929/1315
f 1199/4930/1316 1217/4931/1316 1215/4932/1316 1201/4933/1316
f 1223/4934/1317 1224/4935/1317 1220/4936/1317
f 1239/4937/1318 1238/4938/1318 1235/4939/1318
f 1201/4940/1319 1215/4941/1319 1213/4942/1319 1203/4943/1319
f 1224/4944/1320 1225/4945/1320 1220/4946/1320
f 1240/4947/1321 1239/4948/1321 1235/4949/1321
f 1203/4950/1322 1213/4951/1322 1211/4952/1322 1191/4953/1322
f 1225/4954/1323 1218/4955/1323 1220/4956/1323
f 1196/4957/1324 1204/4958/1324 1205/4959/1324 1194/4960/1324
f 1204/4961/1325 1206/4962/1325 1207/4963/1325 1205/4964/1325
f 1194/4965/1326 1205/4966/1326 1208/4967/1326 1192/4968/1326
f 1205/4969/1327 1207/4970/1327 1209/4971/1327 1208/4972/1327
f 1192/4973/1328 1208/4974/1328 1210/4975/1328 1190/4976/1328
f 1208/4977/1329 1209/4978/1329 1211/4979/1329 1210/4980/1329
f 1190/4981/1330 1210/4982/1330 1212/4983/1330 1202/4984/1330
f 1210/4985/1331 1211/4986/1331 1213/4987/1331 1212/4988/1331
f 1202/4989/1332 1212/4990/1332 1214/4991/1332 1200/4992/1332
f 1212/4993/1333 1213/4994/1333 1215/4995/1333 1214/4996/1333
f 1200/4997/1334 1214/4998/1334 1216/4999/1334 1198/5000/1334
f 1214/5001/1335 1215/5002/1335 1217/5003/1335 1216/5004/1335
f 1198/5005/1336 1216/5006/1336 1204/5007/1336 1196/5008/1336
f 1216/5009/1337 1217/5010/1337 1206/5011/1337 1204/5012/1337
f 1219/5013/1338 1218/5014/1338 1191/5015/1338 1193/5016/1338
f 1222/5017/1339 1221/5018/1339 1195/5019/1339 1197/5020/1339
f 1223/5021/1340 1222/5022/1340 1197/5023/1340 1199/5024/1340
f 1224/5025/1341 1223/5026/1341 1199/5027/1341 1201/5028/1341
f 1225/5029/1342 1224/5030/1342 1201/5031/1342 1203/5032/1342
f 1218/5033/1343 1225/5034/1343 1203/5035/1343 1191/5036/1343
f 1221/5037/1344 1219/5038/1344 1193/5039/1344 1195/5040/1344
f 1227/5041/1345 1226/5042/1345 1194/5043/1345 1192/5044/1345
f 1226/5045/1346 1228/5046/1346 1196/5047/1346 1194/5048/1346
f 1228/5049/1347 1229/5050/1347 1198/5051/1347 1196/5052/1347
f 1229/5053/1348 1230/5054/1348 1200/5055/1348 1198/5056/1348
f 1230/5057/1349 1231/5058/1349 1202/5059/1349 1200/5060/1349
f 1231/5061/1350 1232/5062/1350 1190/5063/1350 1202/5064/1350
f 1232/5065/1351 1227/5066/1351 1192/5067/1351 1190/5068/1351
f 1234/5069/1352 1233/5070/1352 1226/5071/1352 1227/5072/1352
f 1233/5073/1353 1236/5074/1353 1228/5075/1353 1226/5076/1353
f 1236/5077/1354 1237/5078/1354 1229/5079/1354 1228/5080/1354
f 1237/5081/1355 1238/5082/1355 1230/5083/1355 1229/5084/1355
f 1238/5085/1356 1239/5086/1356 1231/5087/1356 1230/5088/1356
f 1239/5089/1357 1240/5090/1357 1232/5091/1357 1231/5092/1357
f 1240/5093/1358 1234/5094/1358 1227/5095/1358 1232/5096/1358