# Made in Blockbench 4.12.4
mtllib WallSpaceSuitLocker.mtl

o cuboid
v 0.16249999999999998 0.975 0.23750000000000032
v 0.16249999999999998 0.975 -0.09375
v 0.16249999999999998 0.9625 0.23750000000000032
v 0.16249999999999998 0.9625 -0.09375
v -0.16249999999999998 0.975 0.23750000000000032
v -0.16249999999999998 0.975 -0.09375
v -0.16249999999999998 0.9625 0.23750000000000032
v -0.16249999999999998 0.9625 -0.09375
v -0.08124999999999999 0.8249999999999997 0.23125000000000007
v -0.08124999999999999 0.8624999999999996 -0.09374999999999996
v -0.08124999999999999 0.7874999999999999 0.23125000000000007
v -0.08124999999999999 0.8249999999999997 -0.09374999999999996
v -0.11874999999999997 0.8249999999999997 0.23125000000000007
v -0.11874999999999997 0.8624999999999996 -0.09374999999999996
v -0.11874999999999997 0.7874999999999999 0.23125000000000007
v -0.11874999999999997 0.8249999999999997 -0.09374999999999996
v -0.11874999999999997 0.8249999999999997 -0.018750000000000003
v -0.11874999999999997 0.7874999999999999 -0.018750000000000003
v -0.08124999999999999 0.7874999999999999 -0.018750000000000003
v -0.08124999999999999 0.8249999999999997 -0.018750000000000003
v -0.11874999999999997 0.8249999999999997 -0.08125
v -0.11874999999999997 0.8624999999999996 -0.08125
v -0.08124999999999999 0.8624999999999996 -0.08125
v -0.08124999999999999 0.8249999999999997 -0.08125
v 0.12500000000000003 0.8249999999999997 0.23125000000000007
v 0.12500000000000003 0.8624999999999996 -0.09374999999999996
v 0.12500000000000003 0.7874999999999999 0.23125000000000007
v 0.12500000000000003 0.8249999999999997 -0.09374999999999996
v 0.08750000000000005 0.8249999999999997 0.23125000000000007
v 0.08750000000000005 0.8624999999999996 -0.09374999999999996
v 0.08750000000000005 0.7874999999999999 0.23125000000000007
v 0.08750000000000005 0.8249999999999997 -0.09374999999999996
v 0.08750000000000005 0.8249999999999997 -0.018750000000000003
v 0.08750000000000005 0.7874999999999999 -0.018750000000000003
v 0.12500000000000003 0.7874999999999999 -0.018750000000000003
v 0.12500000000000003 0.8249999999999997 -0.018750000000000003
v 0.08750000000000005 0.8249999999999997 -0.08125
v 0.08750000000000005 0.8624999999999996 -0.08125
v 0.12500000000000003 0.8624999999999996 -0.08125
v 0.12500000000000003 0.8249999999999997 -0.08125
vt 0.15625 0.625
vt 0 0.625
vt 0 0.59375
vt 0.15625 0.59375
vt 0.34375 0.59375
vt 0.34375 0.625
vt 0.1875 0.625
vt 0.1875 0.59375
vt 0 0.84375
vt 0.15625 0.84375
vt 0.15625 1
vt 0 1
vt 0.15625 0.65625
vt 0.15625 0.8125
vt 0 0.8125
vt 0 0.65625
vt 0.53125 0.59375
vt 0.53125 0.625
vt 0.375 0.625
vt 0.375 0.59375
vt 0.5625 1
vt 0.40625 1
vt 0.40625 0.96875
vt 0.5625 0.96875
vt 0.31328125 0.9625
vt 0.34453125 0.98125
vt 0.34453125 1
vt 0.31328125 0.98125
vt 0.22578125 0.8875
vt 0.19453125 0.90625
vt 0.19453125 0.8875
vt 0.22578125 0.86875
vt 0.144140625 0.519809375
vt 0.144140625 0.55625
vt 0.125390625 0.55625
vt 0.125390625 0.519809375
vt 0.406640625 0.812221875
vt 0.406640625 0.77578125
vt 0.425390625 0.77578125
vt 0.425390625 0.812221875
vt 0.4375 0.6875
vt 0.4375 0.71875
vt 0.40625 0.71875
vt 0.40625 0.6875
vt 0.21875 0.5625
vt 0.1875 0.5625
vt 0.1875 0.53125
vt 0.21875 0.53125
vt 0.35078125 0.8875
vt 0.22578125 0.8875
vt 0.22578125 0.86875
vt 0.35078125 0.86875
vt 0.406640625 0.937221875
vt 0.406640625 0.812221875
vt 0.425390625 0.812221875
vt 0.425390625 0.937221875
vt 0.18828125 0.9625
vt 0.31328125 0.9625
vt 0.31328125 0.98125
vt 0.18828125 0.98125
vt 0.144140625 0.394809375
vt 0.144140625 0.519809375
vt 0.125390625 0.519809375
vt 0.125390625 0.394809375
vt 0.18828125 0.8875
vt 0.19453125 0.8875
vt 0.19453125 0.90625
vt 0.18828125 0.90625
vt 0.125390625 0.5625
vt 0.125390625 0.55625
vt 0.144140625 0.55625
vt 0.144140625 0.5625
vt 0.35078125 1
vt 0.34453125 1
vt 0.34453125 0.98125
vt 0.35078125 0.98125
vt 0.425390625 0.76953125
vt 0.425390625 0.77578125
vt 0.406640625 0.77578125
vt 0.406640625 0.76953125
vt 0.31328125 0.775
vt 0.34453125 0.79375
vt 0.34453125 0.8125
vt 0.31328125 0.79375
vt 0.22578125 0.7
vt 0.19453125 0.71875
vt 0.19453125 0.7
vt 0.22578125 0.68125
vt 0.081640625 0.519809375
vt 0.081640625 0.55625
vt 0.062890625 0.55625
vt 0.062890625 0.519809375
vt 0.0003906249999999986 0.437221875
vt 0.00039062500000000555 0.40078125
vt 0.019140625 0.40078125
vt 0.019140625 0.437221875
vt 0.28125 0.53125
vt 0.28125 0.5625
vt 0.25 0.5625
vt 0.25 0.53125
vt 0.34375 0.5625
vt 0.3125 0.5625
vt 0.3125 0.53125
vt 0.34375 0.53125
vt 0.35078125 0.7
vt 0.22578125 0.7
vt 0.22578125 0.68125
vt 0.35078125 0.68125
vt 0.0003906249999999986 0.562221875
vt 0.0003906249999999986 0.437221875
vt 0.019140625 0.437221875
vt 0.019140625 0.562221875
vt 0.18828125 0.775
vt 0.31328125 0.775
vt 0.31328125 0.79375
vt 0.18828125 0.79375
vt 0.081640625 0.394809375
vt 0.081640625 0.519809375
vt 0.062890625 0.519809375
vt 0.062890625 0.394809375
vt 0.18828125 0.7
vt 0.19453125 0.7
vt 0.19453125 0.71875
vt 0.18828125 0.71875
vt 0.062890625 0.5625
vt 0.062890625 0.55625
vt 0.081640625 0.55625
vt 0.081640625 0.5625
vt 0.35078125 0.8125
vt 0.34453125 0.8125
vt 0.34453125 0.79375
vt 0.35078125 0.79375
vt 0.019140625 0.39453125
vt 0.019140625 0.40078125
vt 0.0003906249999999986 0.40078125
vt 0.0003906249999999986 0.39453125
vn 1 0 0
vn -1 0 0
vn 0 1 0
vn 0 -1 0
vn 0 0 1
vn 0 0 -1
vn 1 0 0
vn -1 0 0
vn 0 0.857492925712545 0.5144957554275251
vn 0 -0.857492925712545 -0.5144957554275251
vn 0 0 1
vn 0 0 -1
vn -1 0 0
vn 0 -1 0
vn 1 0 0
vn 0 1 0
vn -1 0 0
vn 0 1 0
vn 1 0 0
vn 0 -1 0
vn 1 0 0
vn -1 0 0
vn 0 0.857492925712545 0.5144957554275251
vn 0 -0.857492925712545 -0.5144957554275251
vn 0 0 1
vn 0 0 -1
vn -1 0 0
vn 0 -1 0
vn 1 0 0
vn 0 1 0
vn -1 0 0
vn 0 1 0
vn 1 0 0
vn 0 -1 0
usemtl m_cb9df5cb-c563-097c-1bb0-8e27baa7a3d5
f 2/1/1 1/2/1 3/3/1 4/4/1
f 7/5/2 5/6/2 6/7/2 8/8/2
f 5/9/3 1/10/3 2/11/3 6/12/3
f 4/13/4 3/14/4 7/15/4 8/16/4
f 3/17/5 1/18/5 5/19/5 7/20/5
f 6/21/6 2/22/6 4/23/6 8/24/6
f 19/25/7 24/26/7 23/27/7 20/28/7
f 17/29/8 22/30/8 21/31/8 18/32/8
f 20/33/9 23/34/9 22/35/9 17/36/9
f 18/37/10 21/38/10 24/39/10 19/40/10
f 11/41/11 9/42/11 13/43/11 15/44/11
f 14/45/12 10/46/12 12/47/12 16/48/12
f 13/49/13 17/50/13 18/51/13 15/52/13
f 15/53/14 18/54/14 19/55/14 11/56/14
f 11/57/15 19/58/15 20/59/15 9/60/15
f 9/61/16 20/62/16 17/63/16 13/64/16
f 16/65/17 21/66/17 22/67/17 14/68/17
f 14/69/18 22/70/18 23/71/18 10/72/18
f 10/73/19 23/74/19 24/75/19 12/76/19
f 12/77/20 24/78/20 21/79/20 16/80/20
f 35/81/21 40/82/21 39/83/21 36/84/21
f 33/85/22 38/86/22 37/87/22 34/88/22
f 36/89/23 39/90/23 38/91/23 33/92/23
f 34/93/24 37/94/24 40/95/24 35/96/24
f 27/97/25 25/98/25 29/99/25 31/100/25
f 30/101/26 26/102/26 28/103/26 32/104/26
f 29/105/27 33/106/27 34/107/27 31/108/27
f 31/109/28 34/110/28 35/111/28 27/112/28
f 27/113/29 35/114/29 36/115/29 25/116/29
f 25/117/30 36/118/30 33/119/30 29/120/30
f 32/121/31 37/122/31 38/123/31 30/124/31
f 30/125/32 38/126/32 39/127/32 26/128/32
f 26/129/33 39/130/33 40/131/33 28/132/33
f 28/133/34 40/134/34 37/135/34 32/136/34
o cylinder
v -0.12499999999999994 1.0062499999999999 0.037500000000000006
v -0.13185909777329802 0.9749999999999999 0.03269720803381929
v -0.06016204322941718 0.9749999999999998 -0.06969679750230463
v -0.14373940361073284 0.9833734122634724 0.02437852833021059
v -0.072042349066852 0.9833734122634723 -0.07801547720591334
v -0.15059850138403091 0.9978765877365272 0.019575736364029813
v -0.07890144684015009 0.9978765877365271 -0.08281826917209412
v -0.15059850138403091 1.0146234122634725 0.019575736364029792
v -0.07890144684015009 1.0146234122634723 -0.08281826917209414
v -0.14373940361073284 1.0291265877365272 0.024378528330210522
v -0.072042349066852 1.0291265877365272 -0.07801547720591341
v -0.13185909777329805 1.0374999999999999 0.0326972080338192
v -0.06016204322941719 1.0374999999999996 -0.06969679750230473
v -0.11814090222670189 1.0374999999999999 0.04230279196618071
v -0.04644384768282103 1.0374999999999996 -0.06009121356994322
v -0.10626059638926705 1.0291265877365272 0.050621471669789427
v -0.03456354184538621 1.0291265877365272 -0.0517725338663345
v -0.09940149861596896 1.0146234122634725 0.055424263635970195
v -0.027704444072088122 1.0146234122634723 -0.04696974190015374
v -0.09940149861596896 0.9978765877365273 0.05542426363597022
v -0.027704444072088122 0.9978765877365272 -0.04696974190015371
v -0.10626059638926703 0.9833734122634725 0.05062147166978949
v -0.034563541845386195 0.9833734122634723 -0.051772533866334444
v -0.11814090222670186 0.9749999999999999 0.0423027919661808
v -0.04644384768282103 0.9749999999999998 -0.060091213569943125
v -0.025141937600110756 1.012530059197604 -0.06425005850116176
v -0.025141937600110756 0.9999699408023953 -0.06425005850116174
v -0.030286260930084324 1.0234074408023952 -0.06785215247579734
v -0.03919649030816044 1.0296874999999996 -0.07409116225350387
v -0.05839536634618367 1.0234074408023952 -0.08753435998048154
v -0.049485136968107565 1.0296874999999996 -0.08129535020277501
v -0.06353968967615722 0.9999699408023952 -0.09113645395511707
v -0.06353968967615722 1.012530059197604 -0.09113645395511707
v -0.05839536634618367 0.9890925591976041 -0.08753435998048148
v -0.04948513696810755 0.9828124999999998 -0.08129535020277495
v -0.03028626093008431 0.9890925591976042 -0.06785215247579729
v -0.03919649030816044 0.9828124999999998 -0.07409116225350382
v -0.026356803882422536 1.010960044398203 -0.07273055820971237
v -0.026356803882422536 1.0015399556017963 -0.07273055820971237
v -0.040755960910939956 1.0062499999999996 -0.08281295650494562
v -0.030215046379902702 1.0191180806017963 -0.07543212869068906
v -0.03689771841345979 1.0238281249999996 -0.08011138602396897
v -0.05129687544197721 1.0191180806017963 -0.09019378431920222
v -0.04461420340842012 1.0238281249999996 -0.08551452698592232
v -0.055155117939457377 1.0015399556017963 -0.09289535480017885
v -0.055155117939457377 1.010960044398203 -0.09289535480017885
v -0.05129687544197721 0.993381919398203 -0.09019378431920216
v -0.04461420340842012 0.9886718749999998 -0.08551452698592227
v -0.030215046379902688 0.9933819193982031 -0.07543212869068903
v -0.03689771841345979 0.9886718749999998 -0.08011138602396892
v -0.03125000000000003 0.9749999999999999 0.02500000000000001
v -0.02287658773652744 0.9749999999999998 0.05625000000000001
v -0.02287658773652744 1.0999999999999999 0.05625
v -0.008373412263472602 0.9749999999999998 0.04787658773652742
v -0.008373412263472615 1.0999999999999999 0.047876587736527434
v -2.7755575615628914e-17 0.9749999999999999 0.0333734122634726
v -2.7755575615628914e-17 1.0999999999999999 0.033373412263472596
v -2.7755575615628914e-17 0.9749999999999999 0.01662658773652742
v -1.3877787807814457e-17 1.0999999999999999 0.01662658773652742
v -0.008373412263472615 0.9749999999999999 0.00212341226347261
v -0.008373412263472602 1.0999999999999999 0.002123412263472603
v -0.022876587736527426 0.9749999999999999 -0.006249999999999985
v -0.02287658773652744 1.0999999999999999 -0.006249999999999978
v -0.03962341226347259 0.9749999999999999 -0.006249999999999978
v -0.03962341226347259 1.0999999999999999 -0.006249999999999985
v -0.054126587736527426 0.9749999999999999 0.002123412263472596
v -0.054126587736527426 1.0999999999999999 0.002123412263472596
v -0.06250000000000001 0.9749999999999999 0.016626587736527428
v -0.06250000000000001 1.0999999999999999 0.016626587736527445
v -0.06250000000000001 0.9749999999999999 0.03337341226347258
v -0.06250000000000001 1.0999999999999999 0.03337341226347258
v -0.05412658773652744 0.9749999999999998 0.04787658773652742
v -0.05412658773652744 1.0999999999999999 0.04787658773652743
v -0.0396234122634726 0.9749999999999998 0.05625000000000001
v -0.03962341226347259 1.0999999999999999 0.05625000000000002
v -0.054687500000000014 1.1156249999999999 0.018719940802395578
v -0.054687500000000014 1.1156249999999999 0.03128005919760443
v -0.04840744080239558 1.1156249999999999 0.007842559197604439
v -0.03753005919760445 1.1156249999999999 0.0015625000000000153
v -0.014092559197604451 1.1156249999999999 0.007842559197604453
v -0.024969940802395577 1.1156249999999999 0.0015625000000000153
v -0.007812500000000014 1.1156249999999999 0.03128005919760445
v -0.007812500000000028 1.1156249999999999 0.01871994080239557
v -0.014092559197604451 1.1156249999999999 0.04215744080239557
v -0.024969940802395563 1.1156249999999999 0.04843750000000001
v -0.04840744080239558 1.1156249999999999 0.04215744080239558
v -0.03753005919760445 1.1156249999999999 0.04843750000000001
v -0.048828125000000014 1.121875 0.020289955601796687
v -0.048828125000000014 1.121875 0.02971004439820333
v -0.031250000000000014 1.121875 0.025000000000000015
v -0.044118080601796686 1.121875 0.012131919398203336
v -0.03596004439820334 1.121875 0.007421875000000022
v -0.018381919398203342 1.121875 0.012131919398203343
v -0.026539955601796686 1.121875 0.007421875000000029
v -0.013671875000000014 1.121875 0.029710044398203343
v -0.013671875000000014 1.121875 0.020289955601796694
v -0.018381919398203342 1.121875 0.03786808060179668
v -0.0265399556017967 1.121875 0.042578125000000015
v -0.044118080601796686 1.121875 0.03786808060179669
v -0.03596004439820334 1.121875 0.04257812500000001
vt 0.054125 0.366625
vt 0.039625 0.375
vt 0.03125 0.34375
vt 0.33587684792481964 0.6024943095903499
vt 0.35215274793971274 0.6064512754361973
vt 0.32262315207518033 0.7279132158458473
vt 0.30634725206028723 0.72395625
vt 0.6609625 0.83985
vt 0.66911875 0.84455625
vt 0.65625 0.857425
vt 0.0625 0.352125
vt 0.054125 0.366625
vt 0.03125 0.34375
vt 0.27284725206028726 0.84895625
vt 0.28959725206028725 0.84895625
vt 0.28959725206028725 0.97395625
vt 0.27284725206028726 0.97395625
vt 0.66911875 0.84455625
vt 0.673825 0.8527125
vt 0.65625 0.857425
vt 0.0625 0.335375
vt 0.0625 0.352125
vt 0.03125 0.34375
vt 0.28959725206028725 0.84895625
vt 0.30634725206028723 0.84895625
vt 0.30634725206028723 0.97395625
vt 0.28959725206028725 0.97395625
vt 0.673825 0.8527125
vt 0.673825 0.8621375
vt 0.65625 0.857425
vt 0.054125 0.320875
vt 0.0625 0.335375
vt 0.03125 0.34375
vt 0.33587684792481964 0.8524943095903499
vt 0.35215274793971274 0.8564512754361973
vt 0.32262315207518033 0.9779132158458473
vt 0.30634725206028723 0.97395625
vt 0.673825 0.8621375
vt 0.66911875 0.87029375
vt 0.65625 0.857425
vt 0.039625 0.3125
vt 0.054125 0.320875
vt 0.03125 0.34375
vt 0.46034725206028726 0.84895625
vt 0.47709725206028725 0.84895625
vt 0.47709725206028725 0.97395625
vt 0.46034725206028726 0.97395625
vt 0.66911875 0.87029375
vt 0.6609625 0.875
vt 0.65625 0.857425
vt 0.022875 0.3125
vt 0.039625 0.3125
vt 0.03125 0.34375
vt 0.47709725206028725 0.84895625
vt 0.49384725206028723 0.84895625
vt 0.49384725206028723 0.97395625
vt 0.47709725206028725 0.97395625
vt 0.6609625 0.875
vt 0.6515375 0.875
vt 0.65625 0.857425
vt 0.008375 0.320875
vt 0.022875 0.3125
vt 0.03125 0.34375
vt 0.5233768479248196 0.8524943095903499
vt 0.5396527479397127 0.8564512754361973
vt 0.5101231520751803 0.9779132158458473
vt 0.49384725206028723 0.97395625
vt 0.6515375 0.875
vt 0.64338125 0.87029375
vt 0.65625 0.857425
vt 0 0.335375
vt 0.008375 0.320875
vt 0.03125 0.34375
vt 0.022847252060287246 0.47395624999999997
vt 0.03959725206028725 0.47395624999999997
vt 0.03959725206028725 0.59895625
vt 0.022847252060287246 0.59895625
vt 0.64338125 0.87029375
vt 0.638675 0.8621375
vt 0.65625 0.857425
vt 0 0.352125
vt 0 0.335375
vt 0.03125 0.34375
vt 0.03959725206028725 0.47395624999999997
vt 0.05634725206028725 0.47395624999999997
vt 0.05634725206028725 0.59895625
vt 0.03959725206028725 0.59895625
vt 0.638675 0.8621375
vt 0.638675 0.8527125
vt 0.65625 0.857425
vt 0.008375 0.366625
vt 0 0.352125
vt 0.03125 0.34375
vt 0.08587684792481963 0.4774943095903499
vt 0.10215274793971275 0.48145127543619726
vt 0.07262315207518036 0.6029132158458473
vt 0.05634725206028724 0.59895625
vt 0.638675 0.8527125
vt 0.64338125 0.84455625
vt 0.65625 0.857425
vt 0.022875 0.375
vt 0.008375 0.366625
vt 0.03125 0.34375
vt 0.27284725206028726 0.59895625
vt 0.28959725206028725 0.59895625
vt 0.28959725206028725 0.72395625
vt 0.27284725206028726 0.72395625
vt 0.64338125 0.84455625
vt 0.6515375 0.83985
vt 0.65625 0.857425
vt 0.039625 0.375
vt 0.022875 0.375
vt 0.03125 0.34375
vt 0.28959725206028725 0.59895625
vt 0.30634725206028723 0.59895625
vt 0.30634725206028723 0.72395625
vt 0.28959725206028725 0.72395625
vt 0.6515375 0.83985
vt 0.6609625 0.83985
vt 0.65625 0.857425
vt 0.05425350206028725 0.61643125
vt 0.041691002060287245 0.61643125
vt 0.03959725206028725 0.59895625
vt 0.05634725206028725 0.59895625
vt 0.03750350206028725 0.61643125
vt 0.024941002060287244 0.61643125
vt 0.022847252060287246 0.59895625
vt 0.03959725206028725 0.59895625
vt 0.503960427071457 0.9943989743843855
vt 0.49175350206028723 0.99143125
vt 0.49384725206028723 0.97395625
vt 0.5101231520751803 0.9779132158458473
vt 0.47500350206028724 0.99143125
vt 0.46244100206028727 0.99143125
vt 0.46034725206028726 0.97395625
vt 0.47709725206028725 0.97395625
vt 0.49175350206028723 0.99143125
vt 0.47919100206028725 0.99143125
vt 0.47709725206028725 0.97395625
vt 0.49384725206028723 0.97395625
vt 0.30425350206028723 0.99143125
vt 0.29169100206028725 0.99143125
vt 0.28959725206028725 0.97395625
vt 0.30634725206028723 0.97395625
vt 0.28750350206028724 0.99143125
vt 0.27494100206028727 0.99143125
vt 0.27284725206028726 0.97395625
vt 0.28959725206028725 0.97395625
vt 0.31646042707145705 0.7443989743843855
vt 0.30425350206028723 0.74143125
vt 0.30634725206028723 0.72395625
vt 0.32262315207518033 0.7279132158458473
vt 0.28750350206028724 0.74143125
vt 0.27494100206028727 0.74143125
vt 0.27284725206028726 0.72395625
vt 0.28959725206028725 0.72395625
vt 0.06646042707145708 0.6193989743843855
vt 0.05425350206028725 0.61643125
vt 0.05634725206028724 0.59895625
vt 0.07262315207518036 0.6029132158458473
vt 0.30425350206028723 0.74143125
vt 0.29169100206028725 0.74143125
vt 0.28959725206028725 0.72395625
vt 0.30634725206028723 0.72395625
vt 0.31646042707145705 0.9943989743843855
vt 0.30425350206028723 0.99143125
vt 0.30634725206028723 0.97395625
vt 0.32262315207518033 0.9779132158458473
vt 0.05268475206028725 0.625
vt 0.043259752060287246 0.625
vt 0.041691002060287245 0.61643125
vt 0.05425350206028725 0.61643125
vt 0.18299725186755975 0.3125
vt 0.1741835682346516 0.3091608974530562
vt 0.1757523182346516 0.3005921474530562
vt 0.1875 0.305042808009659
vt 0.1741835682346516 0.3091608974530562
vt 0.16475856823465157 0.3091608974530562
vt 0.16318981823465156 0.3005921474530562
vt 0.1757523182346516 0.3005921474530562
vt 0.6477414317653484 0.3091608974530562
vt 0.6383164317653485 0.3091608974530562
vt 0.6367476817653485 0.3005921474530562
vt 0.6493101817653484 0.3005921474530562
vt 0.4901847520602872 1
vt 0.48075975206028726 1
vt 0.47919100206028725 0.99143125
vt 0.49175350206028723 0.99143125
vt 0.3026847520602872 1
vt 0.29325975206028726 1
vt 0.29169100206028725 0.99143125
vt 0.30425350206028723 0.99143125
vt 0.3079972518675598 0.3125
vt 0.2991835682346516 0.3091608974530562
vt 0.3007523182346516 0.3005921474530562
vt 0.3125 0.305042808009659
vt 0.2991835682346516 0.3091608974530562
vt 0.28975856823465157 0.3091608974530562
vt 0.28818981823465156 0.3005921474530562
vt 0.3007523182346516 0.3005921474530562
vt 0.7102414317653484 0.7466608974530562
vt 0.7008164317653485 0.7466608974530562
vt 0.6992476817653485 0.7380921474530562
vt 0.7118101817653484 0.7380921474530562
vt 0.7008164317653485 0.7466608974530562
vt 0.6920027481324402 0.75
vt 0.6875 0.742542808009659
vt 0.6992476817653485 0.7380921474530562
vt 0.3026847520602872 0.75
vt 0.29325975206028726 0.75
vt 0.29169100206028725 0.74143125
vt 0.30425350206028723 0.74143125
vt 0.6383164317653485 0.3091608974530562
vt 0.6295027481324402 0.3125
vt 0.625 0.305042808009659
vt 0.6367476817653485 0.3005921474530562
vt 0.21813749999999998 0.46251875
vt 0.22521875 0.44734375000000004
vt 0.25 0.4681375
vt 0.6067709504419148 0.670705720880013
vt 0.6067709504419148 0.6874494708800131
vt 0.4817709504419147 0.6874494708800131
vt 0.4817709504419147 0.670705720880013
vt 0.670190625 0.97038125
vt 0.674171875 0.9789187500000001
vt 0.656246875 0.98208125
vt 0.2196 0.47919999999999996
vt 0.21813749999999998 0.46251875
vt 0.25 0.4681375
vt 0.6067709504419148 0.6874494708800131
vt 0.6067709504419148 0.704199470880013
vt 0.4817709504419147 0.704199470880013
vt 0.4817709504419147 0.6874494708800131
vt 0.674171875 0.9789187500000001
vt 0.673346875 0.9883062499999999
vt 0.656246875 0.98208125
vt 0.22920625 0.49291874999999996
vt 0.2196 0.47919999999999996
vt 0.25 0.4681375
vt 0.603237026922278 0.7337239214432678
vt 0.59928079553179 0.75
vt 0.4778175227203556 0.7204758851456131
vt 0.48177375411084344 0.7041998065888808
vt 0.673346875 0.9883062499999999
vt 0.6679468749999999 0.99601875
vt 0.656246875 0.98208125
vt 0.24438125 0.5
vt 0.22920625 0.49291874999999996
vt 0.25 0.4681375
vt 0.01823210049566426 0.8125
vt 0.01823210049566426 0.79575
vt 0.14323210049566426 0.79575
vt 0.14323210049566426 0.8125
vt 0.6679468749999999 0.99601875
vt 0.659409375 1
vt 0.656246875 0.98208125
vt 0.2610625 0.49853749999999997
vt 0.24438125 0.5
vt 0.25 0.4681375
vt 0.01823210049566426 0.79575
vt 0.01823210049566426 0.77900625
vt 0.14323210049566426 0.77900625
vt 0.14323210049566426 0.79575
vt 0.659409375 1
vt 0.650021875 0.99918125
vt 0.656246875 0.98208125
vt 0.27478125 0.48893125000000004
vt 0.2610625 0.49853749999999997
vt 0.25 0.4681375
vt 0.021777817387190687 0.7494342052239655
vt 0.025740429675083235 0.7331596789987311
vt 0.1471921179231013 0.7627314124904666
vt 0.14322950563520875 0.779005938715701
vt 0.650021875 0.99918125
vt 0.642309375 0.9937812500000001
vt 0.656246875 0.98208125
vt 0.2818625 0.47375625
vt 0.27478125 0.48893125000000004
vt 0.25 0.4681375
vt 0.018232532557984057 0.9543789889380849
vt 0.018232532557984057 0.937635238938085
vt 0.14323253255798407 0.937635238938085
vt 0.14323253255798407 0.9543789889380849
vt 0.642309375 0.9937812500000001
vt 0.638328125 0.98524375
vt 0.656246875 0.98208125
vt 0.2804 0.457075
vt 0.2818625 0.47375625
vt 0.25 0.4681375
vt 0.018232532557984057 0.937635238938085
vt 0.018232532557984057 0.9208852389380849
vt 0.14323253255798407 0.9208852389380849
vt 0.14323253255798407 0.937635238938085
vt 0.638328125 0.98524375
vt 0.639146875 0.97585625
vt 0.656246875 0.98208125
vt 0.27079375 0.44335625
vt 0.2804 0.457075
vt 0.25 0.4681375
vt 0.02178894471184563 0.8912732173380091
vt 0.02575692876800316 0.875
vt 0.1471988492009068 0.9046118213146084
vt 0.14323086514474928 0.9208850386526175
vt 0.639146875 0.97585625
vt 0.644553125 0.9681375
vt 0.656246875 0.98208125
vt 0.25561875 0.43627499999999997
vt 0.27079375 0.44335625
vt 0.25 0.4681375
vt 0.5442651408032642 0.4375
vt 0.5442651408032642 0.45425000000000004
vt 0.41926514080326416 0.45425000000000004
vt 0.41926514080326416 0.4375
vt 0.644553125 0.9681375
vt 0.653090625 0.96415625
vt 0.656246875 0.98208125
vt 0.23893124999999998 0.4377375
vt 0.25561875 0.43627499999999997
vt 0.25 0.4681375
vt 0.5442651408032642 0.45424999999999993
vt 0.5442651408032642 0.47099375
vt 0.41926514080326416 0.47099375
vt 0.41926514080326416 0.45424999999999993
vt 0.653090625 0.96415625
vt 0.662471875 0.96498125
vt 0.656246875 0.98208125
vt 0.22521875 0.44734375000000004
vt 0.23893124999999998 0.4377375
vt 0.25 0.4681375
vt 0.5407427738085123 0.5004981465295001
vt 0.536789333723044 0.5167749033161149
vt 0.415320999494575 0.48727161909620254
vt 0.4192744395800433 0.47099486230958765
vt 0.662471875 0.96498125
vt 0.670190625 0.97038125
vt 0.656246875 0.98208125
vt 0.16367324511452086 0.9107858799044107
vt 0.1607021614910759 0.9229836466534922
vt 0.14323086514474928 0.9208850386526175
vt 0.1471981447527005 0.904614710348083
vt 0.1607021614910759 0.9229836466534922
vt 0.160702222147598 0.9355431114608126
vt 0.14323253255798407 0.9376291102515686
vt 0.14323253255798407 0.9208852389380849
vt 0.16069850646735345 0.939726167430341
vt 0.16070213830503116 0.9522915350482125
vt 0.14323253255798407 0.9543816681283631
vt 0.14323253255798407 0.937635238938085
vt 0.16069775669007208 0.7811014626858017
vt 0.1607048230566953 0.793659154118902
vt 0.14323210049566426 0.795755929334617
vt 0.14323210049566426 0.77900625
vt 0.1636643721718819 0.7688992722924507
vt 0.16069775669007208 0.7811014626858017
vt 0.14322950563520875 0.779005938715701
vt 0.1471908841042246 0.7627364798087424
vt 0.4613386725336294 0.7143137250769155
vt 0.4643005400512561 0.7021075792045269
vt 0.48177375411084344 0.7041998065888808
vt 0.4778182250820756 0.7204729956041777
vt 0.4643005400512561 0.7021075792045269
vt 0.46430204011186504 0.689547870337984
vt 0.4817709504419147 0.6874553557757443
vt 0.4817709504419147 0.704199470880013
vt 0.4642988581573182 0.6853572664627668
vt 0.46430006876987745 0.6727992931451126
vt 0.4817709504419147 0.6707030416897348
vt 0.4817709504419147 0.6874494708800131
vt 0.4018006856579689 0.46890467082714193
vt 0.4017985517551767 0.4563396448319854
vt 0.41926514080326416 0.45424407066538286
vt 0.41926514080326416 0.47099375
vt 0.4017996527377407 0.452157479821947
vt 0.40180068825896154 0.43959920787712137
vt 0.41926514080326416 0.43750118824177364
vt 0.41926514080326416 0.45425000000000004
vt 0.39884094723956964 0.481108531130634
vt 0.4018006856579689 0.46890467082714193
vt 0.4192744395800433 0.47099486230958765
vt 0.4153222304575487 0.487266551083408
vt 0.1607015359969019 0.797842899786922
vt 0.16070144268260148 0.8104056827435877
vt 0.14323210049566426 0.8124944860327213
vt 0.14323210049566426 0.79575
vt 0.6383176945505227 0.5132687499999999
vt 0.6329247192761482 0.5209897818814901
vt 0.625 0.5173748178402797
vt 0.6321916477828831 0.5070739414829277
vt 0.1692672353273399 0.9245499477873249
vt 0.16926746744201593 0.9339730017115377
vt 0.16070222214976093 0.93554355932223
vt 0.1607021614910759 0.9229836466534922
vt 0.6336375 0.4145953218904729
vt 0.6365 0.42357032189047295
vt 0.6288125 0.42767032189047294
vt 0.625 0.41570157189047285
vt 0.16926085075919667 0.7826664301258219
vt 0.16926789950433574 0.7920861251017853
vt 0.16070482311358297 0.7936592552143736
vt 0.16069775669007208 0.7811014626858017
vt 0.6365 0.42357032189047295
vt 0.6423578818285353 0.43094541363874395
vt 0.6366264192527318 0.4375
vt 0.6288156971371013 0.42766861675068557
vt 0.4241823054494773 0.36173124999999995
vt 0.42957528072385176 0.35401021811850986
vt 0.4375 0.3576251821597203
vt 0.430308352217117 0.3679260585170723
vt 0.4557290495580853 0.7005343473277895
vt 0.455730360854819 0.6911175323391375
vt 0.46430204013619536 0.6895476666252235
vt 0.4643005400512561 0.7021075792045269
vt 0.5538625 0.33541079869941093
vt 0.551 0.32643579869941086
vt 0.55868125 0.32233579869941087
vt 0.5625 0.33429829869941086
vt 0.3932382070994729 0.4673363392103287
vt 0.39323485919673584 0.45791664219203
vt 0.40179855298332046 0.4563468764914833
vt 0.4018006856579689 0.46890467082714193
vt 0.6460989445505226 0.5079625
vt 0.6383176945505227 0.5132687499999999
vt 0.6321926945505226 0.5070749999999999
vt 0.6425676945505227 0.5
vt 0.551 0.32643579869941086
vt 0.5451366750853376 0.3190650335588302
vt 0.5508639315999293 0.3125
vt 0.5586874929062421 0.32233246644026137
vt 0.41640105544947736 0.3670375
vt 0.4241823054494773 0.36173124999999995
vt 0.4303073054494774 0.36792499999999995
vt 0.41993230544947735 0.375
vn -0.5735764363510466 1.0276499756841474e-15 0.8191520442889915
vn -0.40957602214449557 -0.8660254037844394 -0.2867882181755221
vn 0.5735764363510466 -1.0276499756841474e-15 -0.8191520442889915
vn -0.5735764363510466 1.0276499756841474e-15 0.8191520442889915
vn -0.7094064799162221 -0.5000000000000009 -0.4967317648921539
vn 0.5735764363510466 -1.0276499756841474e-15 -0.8191520442889915
vn -0.5735764363510466 1.0276499756841474e-15 0.8191520442889915
vn -0.8191520442889915 -8.551014652470937e-16 -0.5735764363510467
vn 0.5735764363510466 -1.0276499756841474e-15 -0.8191520442889915
vn -0.5735764363510466 1.0276499756841474e-15 0.8191520442889915
vn -0.7094064799162222 0.4999999999999993 -0.4967317648921553
vn 0.5735764363510466 -1.0276499756841474e-15 -0.8191520442889915
vn -0.5735764363510466 1.0276499756841474e-15 0.8191520442889915
vn -0.4095760221444957 0.8660254037844383 -0.2867882181755245
vn 0.5735764363510466 -1.0276499756841474e-15 -0.8191520442889915
vn -0.5735764363510466 1.0276499756841474e-15 0.8191520442889915
vn -2.1498741596539352e-16 1 -1.505867865599471e-15
vn 0.5735764363510466 -1.0276499756841474e-15 -0.8191520442889915
vn -0.5735764363510466 1.0276499756841474e-15 0.8191520442889915
vn 0.40957602214449507 0.8660254037844395 0.28678821817552175
vn 0.5735764363510466 -1.0276499756841474e-15 -0.8191520442889915
vn -0.5735764363510466 1.0276499756841474e-15 0.8191520442889915
vn 0.7094064799162223 0.5000000000000004 0.4967317648921541
vn 0.5735764363510466 -1.0276499756841474e-15 -0.8191520442889915
vn -0.5735764363510466 1.0276499756841474e-15 0.8191520442889915
vn 0.8191520442889915 1.0622719020287878e-15 0.5735764363510467
vn 0.5735764363510466 -1.0276499756841474e-15 -0.8191520442889915
vn -0.5735764363510466 1.0276499756841474e-15 0.8191520442889915
vn 0.7094064799162225 -0.4999999999999989 0.49673176489215554
vn 0.5735764363510466 -1.0276499756841474e-15 -0.8191520442889915
vn -0.5735764363510466 1.0276499756841474e-15 0.8191520442889915
vn 0.4095760221444957 -0.8660254037844385 0.2867882181755245
vn 0.5735764363510466 -1.0276499756841474e-15 -0.8191520442889915
vn -0.5735764363510466 1.0276499756841474e-15 0.8191520442889915
vn 4.528332915942571e-17 -1 1.387039784752937e-15
vn 0.5735764363510466 -1.0276499756841474e-15 -0.8191520442889915
vn 0.9891830423698456 3.0524696103971856e-16 0.14668642980158833
vn 0.8910236255032093 0.4472135954999579 0.07795446616529933
vn 0.6228471113822244 0.7745966692414838 -0.1098247505930177
vn -0.10982475059301637 0.7745966692414825 -0.622847111382226
vn 0.25651118039460413 0.8944271909999155 -0.3663359309876217
vn -0.476160681580637 -1.224405042122022e-15 -0.8793582917768294
vn -0.3780012647140006 -0.44721359549995915 -0.8106263281405406
vn -0.10982475059301618 -0.7745966692414844 -0.6228471113822237
vn 0.6228471113822248 -0.7745966692414838 -0.10982475059301523
vn 0.8910236255032096 -0.4472135954999572 0.07795446616530075
vn 0.25651118039460435 -0.8944271909999164 -0.36633593098761935
vn -0.37800126471400064 0.4472135954999567 -0.8106263281405419
vn 0.9898944075338911 -7.902375225183144e-17 -0.14180642416028535
vn 0.9098309353346054 0.36476860207004225 -0.1978674709294692
vn 0.6910934614557774 0.631797751791188 -0.3510290990283746
vn 0.0934915692995517 0.631797751791187 -0.7694744487645506
vn 0.39229251537766474 0.7295372041400848 -0.5602517738964625
vn -0.20530937677856131 -1.3266804166767416e-15 -0.9786971236326379
vn -0.12524590457927565 -0.36476860207004397 -0.9226360768634537
vn 0.09349156929955192 -0.6317977517911891 -0.7694744487645488
vn 0.6910934614557778 -0.6317977517911886 -0.35102909902837265
vn 0.9098309353346056 -0.36476860207004247 -0.19786747092946824
vn 0.39229251537766496 -0.7295372041400863 -0.5602517738964606
vn -0.12524590457927562 0.3647686020700413 -0.9226360768634548
vn -1.7310735102408247e-15 -1 -1.6897005134607643e-15
vn 0.5000000000000002 -4.668200992762245e-17 0.8660254037844387
vn -4.528332915942571e-17 1 -1.387039784752937e-15
vn 1.821640168559679e-15 -1 -5.242414192261266e-15
vn 0.8660254037844385 7.441135821755461e-17 0.5000000000000006
vn -4.528332915942571e-17 1 -1.387039784752937e-15
vn 4.528332915942571e-17 -1 1.387039784752937e-15
vn 1 -4.435552512375519e-17 -3.885780586188047e-16
vn -4.528332915942571e-17 1 -1.387039784752937e-15
vn 4.528332915942571e-17 -1 1.387039784752937e-15
vn 0.8660254037844386 -3.9111436202825147e-17 -0.5000000000000001
vn -4.528332915942571e-17 1 -1.387039784752937e-15
vn 4.528332915942571e-17 -1 1.387039784752937e-15
vn 0.5000000000000004 8.48709557090753e-17 -0.8660254037844385
vn -4.528332915942571e-17 1 -1.387039784752937e-15
vn 4.528332915942571e-17 -1 1.387039784752937e-15
vn -1.6653345369377358e-16 1.3920572319673829e-18 -1
vn -4.528332915942571e-17 1 -1.387039784752937e-15
vn 4.528332915942571e-17 -1 1.387039784752937e-15
vn -0.4999999999999992 2.078570532991039e-17 -0.8660254037844392
vn -4.528332915942571e-17 1 -1.387039784752937e-15
vn 4.528332915942571e-17 -1 1.387039784752937e-15
vn -0.8660254037844389 2.5936822098578928e-17 -0.4999999999999999
vn -4.528332915942571e-17 1 -1.387039784752937e-15
vn 4.528332915942571e-17 -1 1.387039784752937e-15
vn -1 4.4355525123754514e-17 -2.7755575615628933e-16
vn -4.528332915942571e-17 1 -1.387039784752937e-15
vn -1.7310735102408236e-15 -1 -5.242414192261264e-15
vn -0.8660254037844389 -5.799970603859417e-17 0.49999999999999956
vn -4.528332915942571e-17 1 -1.387039784752937e-15
vn 1.8216401685596754e-15 -1 -1.6897005134607662e-15
vn -0.49999999999999983 -8.487095570907195e-17 0.8660254037844389
vn -4.528332915942571e-17 1 -1.387039784752937e-15
vn 4.5283329159426105e-17 -1 -2.165673894047563e-15
vn -1.1102230246251562e-16 7.629685656116861e-17 1
vn -4.528332915942571e-17 1 -1.387039784752937e-15
vn -0.894427190999916 0.4472135954999581 -5.647918980095912e-16
vn -0.7745966692414834 0.4472135954999578 -0.44721359549995837
vn -0.4472135954999572 0.4472135954999575 -0.7745966692414843
vn 0.447213595499958 0.44721359549995754 -0.7745966692414838
vn -7.576247168085271e-17 0.44721359549995726 -0.8944271909999164
vn 0.8944271909999162 0.44721359549995754 -1.1199034103221685e-15
vn 0.7745966692414828 0.4472135954999587 0.4472135954999584
vn 0.44721359549995887 0.44721359549995765 0.7745966692414832
vn -0.4472135954999575 0.4472135954999581 0.7745966692414836
vn -0.7745966692414844 0.44721359549995837 0.44721359549995615
vn -2.9780707660588403e-16 0.44721359549995887 0.8944271909999155
vn 0.7745966692414834 0.44721359549995804 -0.44721359549995815
vn -0.7295372041400905 0.683941128881324 -1.1598628771836502e-16
vn -0.6317977517911911 0.6839411288813246 -0.3647686020700462
vn -0.3647686020700439 0.6839411288813246 -0.6317977517911926
vn 0.36476860207004475 0.6839411288813249 -0.6317977517911919
vn -3.097113126480227e-17 0.6839411288813246 -0.72953720414009
vn 0.7295372041400899 0.6839411288813246 -1.2262093123435223e-15
vn 0.6317977517911922 0.6839411288813245 0.3647686020700448
vn 0.36476860207004524 0.6839411288813251 0.6317977517911911
vn -0.3647686020700449 0.6839411288813255 0.6317977517911909
vn -0.6317977517911926 0.6839411288813249 0.36476860207004347
vn -8.648228249606004e-17 0.683941128881325 0.7295372041400897
vn 0.6317977517911914 0.6839411288813246 -0.36476860207004586
usemtl m_1ec55e1c-24e5-a600-ccd8-b7aac5678be9
f 44/137/35 42/138/35 41/139/35
f 42/140/36 44/141/36 45/142/36 43/143/36
f 88/144/37 87/145/37 80/146/37
f 46/147/38 44/148/38 41/149/38
f 44/150/39 46/151/39 47/152/39 45/153/39
f 87/154/40 85/155/40 80/156/40
f 48/157/41 46/158/41 41/159/41
f 46/160/42 48/161/42 49/162/42 47/163/42
f 85/164/43 86/165/43 80/166/43
f 50/167/44 48/168/44 41/169/44
f 48/170/45 50/171/45 51/172/45 49/173/45
f 86/174/46 83/175/46 80/176/46
f 52/177/47 50/178/47 41/179/47
f 50/180/48 52/181/48 53/182/48 51/183/48
f 83/184/49 84/185/49 80/186/49
f 54/187/50 52/188/50 41/189/50
f 52/190/51 54/191/51 55/192/51 53/193/51
f 84/194/52 82/195/52 80/196/52
f 56/197/53 54/198/53 41/199/53
f 54/200/54 56/201/54 57/202/54 55/203/54
f 82/204/55 81/205/55 80/206/55
f 58/207/56 56/208/56 41/209/56
f 56/210/57 58/211/57 59/212/57 57/213/57
f 81/214/58 78/215/58 80/216/58
f 60/217/59 58/218/59 41/219/59
f 58/220/60 60/221/60 61/222/60 59/223/60
f 78/224/61 79/225/61 80/226/61
f 62/227/62 60/228/62 41/229/62
f 60/230/63 62/231/63 63/232/63 61/233/63
f 79/234/64 89/235/64 80/236/64
f 64/237/65 62/238/65 41/239/65
f 62/240/66 64/241/66 65/242/66 63/243/66
f 89/244/67 90/245/67 80/246/67
f 42/247/68 64/248/68 41/249/68
f 64/250/69 42/251/69 43/252/69 65/253/69
f 90/254/70 88/255/70 80/256/70
f 67/257/71 66/258/71 59/259/71 61/260/71
f 66/261/72 68/262/72 57/263/72 59/264/72
f 68/265/73 69/266/73 55/267/73 57/268/73
f 71/269/74 70/270/74 51/271/74 53/272/74
f 69/273/75 71/274/75 53/275/75 55/276/75
f 73/277/76 72/278/76 47/279/76 49/280/76
f 72/281/77 74/282/77 45/283/77 47/284/77
f 74/285/78 75/286/78 43/287/78 45/288/78
f 77/289/79 76/290/79 63/291/79 65/292/79
f 76/293/80 67/294/80 61/295/80 63/296/80
f 75/297/81 77/298/81 65/299/81 43/300/81
f 70/301/82 73/302/82 49/303/82 51/304/82
f 79/305/83 78/306/83 66/307/83 67/308/83
f 78/309/84 81/310/84 68/311/84 66/312/84
f 81/313/85 82/314/85 69/315/85 68/316/85
f 84/317/86 83/318/86 70/319/86 71/320/86
f 82/321/87 84/322/87 71/323/87 69/324/87
f 86/325/88 85/326/88 72/327/88 73/328/88
f 85/329/89 87/330/89 74/331/89 72/332/89
f 87/333/90 88/334/90 75/335/90 74/336/90
f 90/337/91 89/338/91 76/339/91 77/340/91
f 89/341/92 79/342/92 67/343/92 76/344/92
f 88/345/93 90/346/93 77/347/93 75/348/93
f 83/349/94 86/350/94 73/351/94 70/352/94
f 94/353/95 92/354/95 91/355/95
f 92/356/96 94/357/96 95/358/96 93/359/96
f 138/360/97 137/361/97 130/362/97
f 96/363/98 94/364/98 91/365/98
f 94/366/99 96/367/99 97/368/99 95/369/99
f 137/370/100 135/371/100 130/372/100
f 98/373/101 96/374/101 91/375/101
f 96/376/102 98/377/102 99/378/102 97/379/102
f 135/380/103 136/381/103 130/382/103
f 100/383/104 98/384/104 91/385/104
f 98/386/105 100/387/105 101/388/105 99/389/105
f 136/390/106 133/391/106 130/392/106
f 102/393/107 100/394/107 91/395/107
f 100/396/108 102/397/108 103/398/108 101/399/108
f 133/400/109 134/401/109 130/402/109
f 104/403/110 102/404/110 91/405/110
f 102/406/111 104/407/111 105/408/111 103/409/111
f 134/410/112 132/411/112 130/412/112
f 106/413/113 104/414/113 91/415/113
f 104/416/114 106/417/114 107/418/114 105/419/114
f 132/420/115 131/421/115 130/422/115
f 108/423/116 106/424/116 91/425/116
f 106/426/117 108/427/117 109/428/117 107/429/117
f 131/430/118 128/431/118 130/432/118
f 110/433/119 108/434/119 91/435/119
f 108/436/120 110/437/120 111/438/120 109/439/120
f 128/440/121 129/441/121 130/442/121
f 112/443/122 110/444/122 91/445/122
f 110/446/123 112/447/123 113/448/123 111/449/123
f 129/450/124 139/451/124 130/452/124
f 114/453/125 112/454/125 91/455/125
f 112/456/126 114/457/126 115/458/126 113/459/126
f 139/460/127 140/461/127 130/462/127
f 92/463/128 114/464/128 91/465/128
f 114/466/129 92/467/129 93/468/129 115/469/129
f 140/470/130 138/471/130 130/472/130
f 117/473/131 116/474/131 109/475/131 111/476/131
f 116/477/132 118/478/132 107/479/132 109/480/132
f 118/481/133 119/482/133 105/483/133 107/484/133
f 121/485/134 120/486/134 101/487/134 103/488/134
f 119/489/135 121/490/135 103/491/135 105/492/135
f 123/493/136 122/494/136 97/495/136 99/496/136
f 122/497/137 124/498/137 95/499/137 97/500/137
f 124/501/138 125/502/138 93/503/138 95/504/138
f 127/505/139 126/506/139 113/507/139 115/508/139
f 126/509/140 117/510/140 111/511/140 113/512/140
f 125/513/141 127/514/141 115/515/141 93/516/141
f 120/517/142 123/518/142 99/519/142 101/520/142
f 129/521/143 128/522/143 116/523/143 117/524/143
f 128/525/144 131/526/144 118/527/144 116/528/144
f 131/529/145 132/530/145 119/531/145 118/532/145
f 134/533/146 133/534/146 120/535/146 121/536/146
f 132/537/147 134/538/147 121/539/147 119/540/147
f 136/541/148 135/542/148 122/543/148 123/544/148
f 135/545/149 137/546/149 124/547/149 122/548/149
f 137/549/150 138/550/150 125/551/150 124/552/150
f 140/553/151 139/554/151 126/555/151 127/556/151
f 139/557/152 129/558/152 117/559/152 126/560/152
f 138/561/153 140/562/153 127/563/153 125/564/153
f 133/565/154 136/566/154 123/567/154 120/568/154
o Torso
v 0 0.82292 -0.0640625
v 0 0.9254899999999999 -0.0453125
v 0 0.9421875 0.0046875
v 0 0.9398018749999999 0.0421875
v 0 0.82292 0.0546875
v 0 0.715051875 0.05
v 0 0.715051875 -0.06875
v 0 0.703125 -0.0065475
v 0 0.703125 -0.053199375
v 0 0.703125 0.035863125
v 0 0.88374625 0.0515625
v 0 0.88136125 -0.0578125
v 0.094445 0.9144693749999999 0.0203125
v 0.0991325 0.9192400000000001 -0.034375
v 0.072304375 0.715051875 0.035863125
v 0.072304375 0.715051875 -0.054613125
v 0.037036875 0.9254899999999999 -0.0453125
v 0.032135 0.715051875 -0.063095
v 0.032135 0.715051875 0.05
v 0.037036875 0.93503125 0.0421875
v 0.1 0.924010625 -0.0078125
v 0.081945 0.715051875 -0.0065475
v 0.037036875 0.9421875 0.0046875
v 0.042593125 0.82292 -0.0640625
v 0.037036875 0.82292 0.0546875
v 0.0777775 0.82292 0.0328125
v 0.08888875 0.82292 -0.0140625
v 0.08333375 0.82292 -0.0484375
v 0.032135 0.703125 0.035863125
v 0.0694925 0.703125 -0.0065475
v 0.032135 0.703125 -0.0065475
v 0.063466875 0.703125 0.0270275
v 0.063466875 0.703125 -0.043656875
v 0.032135 0.703125 -0.048958125
v 0.09166625 0.905214375 -0.0078125
v 0.0972225 0.88136125 -0.0453125
v 0.037036875 0.88374625 0.0515625
v 0.094445 0.878975625 0.0296875
v 0.039815 0.88136125 -0.0578125
v -0.094445 0.9144693749999999 0.0203125
v -0.0991325 0.9192400000000001 -0.034375
v -0.072304375 0.715051875 0.035863125
v -0.072304375 0.715051875 -0.054613125
v -0.037036875 0.9254899999999999 -0.0453125
v -0.032135 0.715051875 -0.063095
v -0.032135 0.715051875 0.05
v -0.037036875 0.93503125 0.0421875
v -0.1 0.924010625 -0.0078125
v -0.081945 0.715051875 -0.0065475
v -0.037036875 0.9421875 0.0046875
v -0.042593125 0.82292 -0.0640625
v -0.037036875 0.82292 0.0546875
v -0.0777775 0.82292 0.0328125
v -0.08888875 0.82292 -0.0140625
v -0.08333375 0.82292 -0.0484375
v -0.032135 0.703125 0.035863125
v -0.0694925 0.703125 -0.0065475
v -0.032135 0.703125 -0.0065475
v -0.063466875 0.703125 0.0270275
v -0.063466875 0.703125 -0.043656875
v -0.032135 0.703125 -0.048958125
v -0.09166625 0.905214375 -0.0078125
v -0.0972225 0.88136125 -0.0453125
v -0.037036875 0.88374625 0.0515625
v -0.094445 0.878975625 0.0296875
v -0.039815 0.88136125 -0.0578125
vt 0.2834034375 0.7203803125
vt 0.28956125 0.8087671875
vt 0.251151875 0.8087671875
vt 0.2486521875 0.7203803125
vt 0.3176271875 0.4887734375
vt 0.31193 0.45992999999999995
vt 0.376501875 0.472749375
vt 0.376501875 0.5112075
vt 0.3815290625 0.23887187499999996
vt 0.3815290625 0.28236625000000004
vt 0.3432171875 0.28236625000000004
vt 0.3493965625 0.24793343749999996
vt 0.5421334375 0.7203803125
vt 0.5466178125 0.8087671875
vt 0.5132353125 0.8087671875
vt 0.50921875 0.7203803125
vt 0.0980703125 0.7198715625000001
vt 0.0895009375 0.808258125
vt 0.056118125 0.808258125
vt 0.065155625 0.7198715625000001
vt 0.322788125 0.7203803125
vt 0.3177278125 0.8087671875
vt 0.28956125 0.8087671875
vt 0.2834034375 0.7203803125
vt 0.3493965625 0.32042375
vt 0.3432171875 0.28236625000000004
vt 0.3815290625 0.28236625000000004
vt 0.3815290625 0.3258603125
vt 0.376501875 0.472749375
vt 0.31193 0.45992999999999995
vt 0.3128196875 0.43268874999999996
vt 0.376501875 0.42147187500000005
vt 0.5466178125 0.8087671875
vt 0.5602753125 0.8546990624999999
vt 0.5132353125 0.8586078125000001
vt 0.5132353125 0.8087671875
vt 0.28956125 0.8087671875
vt 0.28444 0.87619875
vt 0.2537125 0.8546990624999999
vt 0.251151875 0.8087671875
vt 0.3177278125 0.8087671875
vt 0.3151671875 0.85665375
vt 0.28444 0.87619875
vt 0.28956125 0.8087671875
vt 0.0895009375 0.808258125
vt 0.0917775 0.8561446875000001
vt 0.0447378125 0.8561446875000001
vt 0.056118125 0.808258125
vt 0.1244015625 0.808258125
vt 0.1244015625 0.8561446875000001
vt 0.0917775 0.8561446875000001
vt 0.0895009375 0.808258125
vt 0.376501875 0.42147187500000005
vt 0.414485 0.42147187500000005
vt 0.414485 0.472749375
vt 0.376501875 0.472749375
vt 0.414485 0.472749375
vt 0.414485 0.5112075
vt 0.376501875 0.5112075
vt 0.376501875 0.472749375
vt 0.5132353125 0.8087671875
vt 0.5132353125 0.8586078125000001
vt 0.4828875 0.8586078125000001
vt 0.4828875 0.8087671875
vt 0.5132353125 0.8087671875
vt 0.4828875 0.8087671875
vt 0.4828875 0.7203803125
vt 0.50921875 0.7203803125
vt 0.3815290625 0.23887187499999996
vt 0.414485 0.23887187499999996
vt 0.414485 0.28236625000000004
vt 0.3815290625 0.28236625000000004
vt 0.3815290625 0.28236625000000004
vt 0.414485 0.28236625000000004
vt 0.414485 0.33021
vt 0.3815290625 0.3258603125
vt 0.0980703125 0.7198715625000001
vt 0.1244015625 0.7198715625000001
vt 0.1244015625 0.808258125
vt 0.0895009375 0.808258125
vt 0.2558921875 0.7106075000000001
vt 0.2834034375 0.7106075000000001
vt 0.2834034375 0.7203803125
vt 0.2486521875 0.7203803125
vt 0.50921875 0.7106075000000001
vt 0.534891875 0.7106075000000001
vt 0.5421334375 0.7203803125
vt 0.50921875 0.7203803125
vt 0.2834034375 0.7106075000000001
vt 0.313810625 0.7106075000000001
vt 0.322788125 0.7203803125
vt 0.2834034375 0.7203803125
vt 0.0723971875 0.71009875
vt 0.0980703125 0.71009875
vt 0.0980703125 0.7198715625000001
vt 0.065155625 0.7198715625000001
vt 0.0980703125 0.71009875
vt 0.1244015625 0.71009875
vt 0.1244015625 0.7198715625000001
vt 0.0980703125 0.7198715625000001
vt 0.4828875 0.7106075000000001
vt 0.50921875 0.7106075000000001
vt 0.50921875 0.7203803125
vt 0.4828875 0.7203803125
vt 0.28444 0.87619875
vt 0.3151671875 0.85665375
vt 0.306205 0.88769125
vt 0.28444 0.8916003125
vt 0.0431728125 0.8871825
vt 0.0447378125 0.8561446875000001
vt 0.0917775 0.8561446875000001
vt 0.09405375 0.89230375
vt 0.09405375 0.89230375
vt 0.0917775 0.8561446875000001
vt 0.1244015625 0.8561446875000001
vt 0.1244015625 0.89230375
vt 0.4828875 0.9045396875
vt 0.4828875 0.8586078125000001
vt 0.5132353125 0.8586078125000001
vt 0.5132353125 0.900630625
vt 0.5132353125 0.900630625
vt 0.5132353125 0.8586078125000001
vt 0.5602753125 0.8546990624999999
vt 0.5602753125 0.8837825
vt 0.261394375 0.8837825
vt 0.2537125 0.8546990624999999
vt 0.28444 0.87619875
vt 0.28444 0.8916003125
vt 0.663410625 0.8087671875
vt 0.62500125 0.8087671875
vt 0.6311590625 0.7203803125
vt 0.6659103125 0.7203803125
vt 0.452468125 0.472749375
vt 0.51704 0.45992999999999995
vt 0.511343125 0.4887734375
vt 0.452468125 0.5112075
vt 0.485753125 0.28236625000000004
vt 0.44744125 0.28236625000000004
vt 0.44744125 0.23887187499999996
vt 0.4795734375 0.24793343749999996
vt 0.452539375 0.8087671875
vt 0.419156875 0.8087671875
vt 0.4236415625 0.7203803125
vt 0.4565559375 0.7203803125
vt 0.192685 0.808258125
vt 0.1593021875 0.808258125
vt 0.1507328125 0.7198715625000001
vt 0.1836475 0.7198715625000001
vt 0.62500125 0.8087671875
vt 0.5968346875 0.8087671875
vt 0.591774375 0.7203803125
vt 0.6311590625 0.7203803125
vt 0.44744125 0.28236625000000004
vt 0.485753125 0.28236625000000004
vt 0.4795734375 0.32042375
vt 0.44744125 0.3258603125
vt 0.5161503125 0.43268874999999996
vt 0.51704 0.45992999999999995
vt 0.452468125 0.472749375
vt 0.452468125 0.42147187500000005
vt 0.452539375 0.8586078125000001
vt 0.405499375 0.8546990624999999
vt 0.419156875 0.8087671875
vt 0.452539375 0.8087671875
vt 0.66085 0.8546990624999999
vt 0.6301225 0.87619875
vt 0.62500125 0.8087671875
vt 0.663410625 0.8087671875
vt 0.6301225 0.87619875
vt 0.5993953125 0.85665375
vt 0.5968346875 0.8087671875
vt 0.62500125 0.8087671875
vt 0.2040653125 0.8561446875000001
vt 0.1570259375 0.8561446875000001
vt 0.1593021875 0.808258125
vt 0.192685 0.808258125
vt 0.1570259375 0.8561446875000001
vt 0.1244015625 0.8561446875000001
vt 0.1244015625 0.808258125
vt 0.1593021875 0.808258125
vt 0.414485 0.472749375
vt 0.414485 0.42147187500000005
vt 0.452468125 0.42147187500000005
vt 0.452468125 0.472749375
vt 0.452468125 0.5112075
vt 0.414485 0.5112075
vt 0.414485 0.472749375
vt 0.452468125 0.472749375
vt 0.4828875 0.8586078125000001
vt 0.452539375 0.8586078125000001
vt 0.452539375 0.8087671875
vt 0.4828875 0.8087671875
vt 0.4828875 0.7203803125
vt 0.4828875 0.8087671875
vt 0.452539375 0.8087671875
vt 0.4565559375 0.7203803125
vt 0.414485 0.28236625000000004
vt 0.414485 0.23887187499999996
vt 0.44744125 0.23887187499999996
vt 0.44744125 0.28236625000000004
vt 0.414485 0.33021
vt 0.414485 0.28236625000000004
vt 0.44744125 0.28236625000000004
vt 0.44744125 0.3258603125
vt 0.1244015625 0.808258125
vt 0.1244015625 0.7198715625000001
vt 0.1507328125 0.7198715625000001
vt 0.1593021875 0.808258125
vt 0.6311590625 0.7203803125
vt 0.6311590625 0.7106075000000001
vt 0.6586703125 0.7106075000000001
vt 0.6659103125 0.7203803125
vt 0.4236415625 0.7203803125
vt 0.4308828125 0.7106075000000001
vt 0.4565559375 0.7106075000000001
vt 0.4565559375 0.7203803125
vt 0.591774375 0.7203803125
vt 0.600751875 0.7106075000000001
vt 0.6311590625 0.7106075000000001
vt 0.6311590625 0.7203803125
vt 0.1507328125 0.7198715625000001
vt 0.1507328125 0.71009875
vt 0.17640625 0.71009875
vt 0.1836475 0.7198715625000001
vt 0.1244015625 0.7198715625000001
vt 0.1244015625 0.71009875
vt 0.1507328125 0.71009875
vt 0.1507328125 0.7198715625000001
vt 0.4565559375 0.7203803125
vt 0.4565559375 0.7106075000000001
vt 0.4828875 0.7106075000000001
vt 0.4828875 0.7203803125
vt 0.6083575 0.88769125
vt 0.5993953125 0.85665375
vt 0.6301225 0.87619875
vt 0.6301225 0.8916003125
vt 0.1570259375 0.8561446875000001
vt 0.2040653125 0.8561446875000001
vt 0.2056303125 0.8871825
vt 0.154749375 0.89230375
vt 0.1244015625 0.8561446875000001
vt 0.1570259375 0.8561446875000001
vt 0.154749375 0.89230375
vt 0.1244015625 0.89230375
vt 0.452539375 0.8586078125000001
vt 0.4828875 0.8586078125000001
vt 0.4828875 0.9045396875
vt 0.452539375 0.900630625
vt 0.405499375 0.8546990624999999
vt 0.452539375 0.8586078125000001
vt 0.452539375 0.900630625
vt 0.405499375 0.8837825
vt 0.6301225 0.87619875
vt 0.66085 0.8546990624999999
vt 0.653168125 0.8837825
vt 0.6301225 0.8916003125
vn 0.9719837465553322 -0.046517573658652764 0.23039902728347594
vn 0.32408813103748724 0.8745633836671708 0.36070177608276044
vn 0 -1 0
vn 0.47305553167444964 0.0009141403856069414 0.8810321380628287
vn 0.3577590544252118 -0.04305250683107214 -0.9328209585082975
vn 0.9830589477399072 -0.09142136873153595 -0.15886232595476912
vn 0 -1 0
vn 0.23987131826720165 0.9541232111183277 -0.17919444376990673
vn 0.351766989638384 -0.05249081172965628 0.9346147332910557
vn 0.9953712704500474 -0.02658046423454964 -0.0923553619652628
vn 0.9282162839675443 -0.23597385191939238 0.28762974704958466
vn 0.21137273042597715 0.11386494774973668 -0.9707504017543424
vn 0 0.10633862784356055 -0.9943299735139985
vn 0 0.9485076780750628 -0.31675413909316674
vn 0.1274984732186054 0.98983781271602 0.06297018218561752
vn 0 0.05130817636817302 0.9986828681006661
vn 0 -0.04341486697418606 0.9990571301610404
vn 0 -1 0
vn 0 -1 0
vn 0.17315474559961463 0.042759069386332844 -0.9839660035090378
vn 0.6864318385405777 -0.7166833281497919 0.12319228137322599
vn 0.20032901419658783 -0.6747024090252529 0.7103836606556655
vn 0.7415133177315005 -0.6600462938568787 -0.12040302983156864
vn 0.10846045803909561 -0.7598122378976686 -0.6410317403864542
vn 0.08006437005894626 -0.7909424840806752 -0.6066297746759179
vn 0 -0.7643211487119661 0.6448357788085435
vn 0.9704684200560844 -0.11080638744394909 0.21427316718494846
vn 0.20532815596974005 0.26193518322810366 -0.9429900891066278
vn 0 0.2725390798577347 -0.9621447136217604
vn 0 0.16495356194445862 0.9863013344824368
vn 0.36316374133088697 0.16754486070842828 0.9165374060193867
vn 0.9956095166803886 -0.023903918992326318 -0.09050023730494743
vn -0.9719837465553322 -0.04651757365865276 0.230399027283476
vn -0.32408813103748724 0.8745633836671708 0.3607017760827604
vn 0 -1 0
vn -0.47305553167444964 0.0009141403856069495 0.8810321380628287
vn -0.3577590544252118 -0.04305250683107216 -0.9328209585082975
vn -0.9830589477399071 -0.09142136873153595 -0.1588623259547691
vn 0 -1 0
vn -0.23987131826720162 0.9541232111183275 -0.1791944437699066
vn -0.35176698963838393 -0.05249081172965625 0.9346147332910557
vn -0.9953712704500474 -0.02658046423454964 -0.0923553619652628
vn -0.9282162839675443 -0.23597385191939235 0.28762974704958466
vn -0.21137273042597715 0.11386494774973666 -0.9707504017543424
vn 0 0.10633862784356055 -0.9943299735139985
vn 0 0.9485076780750628 -0.31675413909316674
vn -0.1274984732186054 0.98983781271602 0.06297018218561752
vn 0 0.05130817636817302 0.9986828681006661
vn 0 -0.04341486697418606 0.9990571301610404
vn 0 -1 0
vn 0 -1 0
vn -0.17315474559961463 0.042759069386332844 -0.9839660035090376
vn -0.6864318385405777 -0.7166833281497919 0.123192281373226
vn -0.20032901419658783 -0.6747024090252529 0.7103836606556655
vn -0.7415133177315005 -0.6600462938568789 -0.12040302983156868
vn -0.10846045803909564 -0.7598122378976685 -0.6410317403864542
vn -0.08006437005894626 -0.7909424840806752 -0.6066297746759179
vn 0 -0.7643211487119661 0.6448357788085435
vn -0.9704684200560845 -0.11080638744394915 0.21427316718494852
vn -0.20532815596974005 0.26193518322810366 -0.9429900891066278
vn 0 0.2725390798577347 -0.9621447136217604
vn 0 0.16495356194445862 0.9863013344824368
vn -0.36316374133088697 0.16754486070842828 0.9165374060193867
vn -0.9956095166803886 -0.02390391899232632 -0.09050023730494743
usemtl m_7d8933a3-99bf-819d-20e5-6b9a6ad456ff
f 162/569/155 167/570/155 166/571/155 155/572/155
f 153/573/156 161/574/156 163/575/156 160/576/156
f 169/577/157 171/578/157 170/579/157 172/580/157
f 155/581/158 166/582/158 165/583/158 159/584/158
f 158/585/159 164/586/159 168/587/159 156/588/159
f 156/589/160 168/590/160 167/591/160 162/592/160
f 173/593/161 170/594/161 171/595/161 174/596/161
f 163/597/162 161/598/162 154/599/162 157/600/162
f 166/601/163 178/602/163 177/603/163 165/604/163
f 167/605/164 175/606/164 178/607/164 166/608/164
f 168/609/165 176/610/165 175/611/165 167/612/165
f 164/613/166 179/614/166 176/615/166 168/616/166
f 141/617/167 152/618/167 179/619/167 164/620/167
f 157/621/168 142/622/168 143/623/168 163/624/168
f 143/625/169 144/626/169 160/627/169 163/628/169
f 165/629/170 177/630/170 151/631/170 145/632/170
f 165/633/171 145/634/171 146/635/171 159/636/171
f 169/637/172 150/638/172 148/639/172 171/640/172
f 171/641/173 148/642/173 149/643/173 174/644/173
f 158/645/174 147/646/174 141/647/174 164/648/174
f 172/649/175 170/650/175 162/651/175 155/652/175
f 169/653/176 172/654/176 155/655/176 159/656/176
f 170/657/177 173/658/177 156/659/177 162/660/177
f 173/661/178 174/662/178 158/663/178 156/664/178
f 174/665/179 149/666/179 147/667/179 158/668/179
f 150/669/180 169/670/180 159/671/180 146/672/180
f 175/673/181 176/674/181 154/675/181 161/676/181
f 154/677/182 176/678/182 179/679/182 157/680/182
f 157/681/183 179/682/183 152/683/183 142/684/183
f 144/685/184 151/686/184 177/687/184 160/688/184
f 160/689/185 177/690/185 178/691/185 153/692/185
f 153/693/186 178/694/186 175/695/186 161/696/186
f 193/697/187 194/698/187 189/699/187 182/700/187
f 190/701/188 188/702/188 180/703/188 187/704/188
f 197/705/189 198/706/189 196/707/189 199/708/189
f 192/709/190 193/710/190 182/711/190 186/712/190
f 195/713/191 191/714/191 185/715/191 183/716/191
f 194/717/192 195/718/192 183/719/192 189/720/192
f 198/721/193 197/722/193 200/723/193 201/724/193
f 181/725/194 188/726/194 190/727/194 184/728/194
f 204/729/195 205/730/195 193/731/195 192/732/195
f 205/733/196 202/734/196 194/735/196 193/736/196
f 202/737/197 203/738/197 195/739/197 194/740/197
f 203/741/198 206/742/198 191/743/198 195/744/198
f 206/745/199 152/746/199 141/747/199 191/748/199
f 143/749/200 142/750/200 184/751/200 190/752/200
f 187/753/201 144/754/201 143/755/201 190/756/201
f 151/757/202 204/758/202 192/759/202 145/760/202
f 146/761/203 145/762/203 192/763/203 186/764/203
f 148/765/204 150/766/204 196/767/204 198/768/204
f 149/769/205 148/770/205 198/771/205 201/772/205
f 141/773/206 147/774/206 185/775/206 191/776/206
f 189/777/207 197/778/207 199/779/207 182/780/207
f 182/781/208 199/782/208 196/783/208 186/784/208
f 183/785/209 200/786/209 197/787/209 189/788/209
f 185/789/210 201/790/210 200/791/210 183/792/210
f 147/793/211 149/794/211 201/795/211 185/796/211
f 186/797/212 196/798/212 150/799/212 146/800/212
f 181/801/213 203/802/213 202/803/213 188/804/213
f 206/805/214 203/806/214 181/807/214 184/808/214
f 152/809/215 206/810/215 184/811/215 142/812/215
f 204/813/216 151/814/216 144/815/216 187/816/216
f 205/817/217 204/818/217 187/819/217 180/820/217
f 202/821/218 205/822/218 180/823/218 188/824/218
o cylinder
v 0.018811591459780605 0.78125 0.09160158908307556
v 0.018811591459780605 0.90625 0.09160158908307556
v 0.009957352393284921 0.78125 0.06727476718142568
v 0.009957352393284921 0.90625 0.06727476718142568
v 0.020898410916924452 0.78125 0.04381159145978061
v 0.020898410916924452 0.90625 0.04381159145978061
v 0.045225232818574324 0.78125 0.03495735239328493
v 0.045225232818574324 0.90625 0.03495735239328493
v 0.04227476718142567 0.78125 0.10254264760671508
v 0.04227476718142567 0.90625 0.10254264760671508
v 0.06660158908307554 0.78125 0.0936884085402194
v 0.06660158908307554 0.90625 0.0936884085402194
v 0.07754264760671507 0.78125 0.07022523281857433
v 0.07754264760671507 0.90625 0.07022523281857433
v 0.06868840854021939 0.78125 0.04589841091692446
v 0.06868840854021939 0.90625 0.04589841091692446
v 0.06909441967093291 0.921875 0.06985656622452247
v 0.060888757846410055 0.921875 0.08745366479457282
v 0.062453664794572816 0.921875 0.05161124215358995
v 0.044856566224522464 0.921875 0.04340558032906709
v 0.026611242153589943 0.921875 0.050046335205427186
v 0.018405580329067087 0.921875 0.06764343377547755
v 0.025046335205427178 0.921875 0.08588875784641006
v 0.04264343377547753 0.921875 0.09409441967093292
v 0.06275838078730309 0.928125 0.06957978305780013
v 0.05660400235070414 0.928125 0.08277789020652135
v 0.04375 0.928125 0.06875
v 0.05777789020652134 0.928125 0.05589599764929586
v 0.044579783057800124 0.928125 0.04974161921269692
v 0.030895997649295855 0.928125 0.05472210979347866
v 0.024741619212696915 0.928125 0.06792021694219988
v 0.029722109793478658 0.928125 0.08160400235070416
v 0.04292021694219987 0.928125 0.08775838078730308
v 0.060888757846410055 0.775 0.08745366479457282
v 0.06909441967093291 0.775 0.06985656622452247
v 0.04375 0.775 0.06875
v 0.04264343377547753 0.775 0.09409441967093292
v 0.025046335205427178 0.775 0.08588875784641006
v 0.018405580329067087 0.775 0.06764343377547755
v 0.026611242153589943 0.775 0.050046335205427186
v 0.044856566224522464 0.775 0.04340558032906709
v 0.062453664794572816 0.775 0.05161124215358995
v 0.09734800237193728 0.9169268749999999 -0.027085688104140276
v 0.099526894619487 0.9204375 -0.04292237245256665
v 0.08658120929745101 0.846754375 -0.04160847888440854
v 0.09154407591250385 0.85013 -0.05683589625331317
v 0.0676607729689266 0.805033125 -0.04510397672504274
v 0.0698390987741094 0.80854375 -0.060940925209882674
v 0.05104205241182663 0.9235187499999999 -0.05522291747052829
v 0.03124999893529768 0.85020375 -0.0696710811339396
v 0.027083116633365226 0.783550625 -0.07347125322181497
v 0.027083069587401164 0.78002625 -0.04507377558161052
v 0.031249951889333626 0.84668 -0.041273603493735156
v 0.05104174122944898 0.9199943749999999 -0.026824873387956957
v 0.032292007879594124 0.931714375 -0.018024308725854837
v 0.03229215331429793 0.93523875 -0.03392253749838947
v 0.0849878882865569 0.91875 0.034375374977365904
v 0.09374984605135145 0.925 -0.0437501665359763
v 0.08498815242297049 0.90625 0.034374808534999
v 0.09374984605135145 0.9125 -0.0437501665359763
v 0.05251199777474552 0.925 0.05312462975203534
v 0.05625012822737637 0.925 -0.05312467559797501
v 0.052511733638331934 0.9125 0.05312519619440224
v 0.05625012822737637 0.9125 -0.05312467559797501
v 0.09375025603504851 0.9296875 0.01718751827326171
v 0.04999990612346575 0.9375 0.029687055772393257
v 0.09375030818793845 0.9312499999999999 -0.00312495528434642
v 0.05624986593137404 0.94375 0.00937466508862203
v 0.0937497938984615 0.931250625 -0.023437692978368174
v 0.04375035139573807 0.9375 -0.02968769718171499
v 0.04999964198705216 0.925 0.029687622214760158
v 0.056249601794960455 0.9312499999999999 0.009375231530988931
v 0.04375008725932448 0.925 -0.02968713073934809
v 0.09375025603504851 0.9171868750000001 0.01718751827326171
v 0.09375030818793845 0.91875 -0.00312495528434642
v 0.0937497938984615 0.91875 -0.023437692978368174
v 0.09109790624622896 0.914724375 0.014150132413122463
v 0.0932768067999921 0.9154325 0.03035623631581713
v 0.08345618232521979 0.849345625 0.028767647686954098
v 0.08841892021998846 0.85002625 0.0443499298482247
v 0.06766062086328295 0.80765125 0.031215223779167633
v 0.06983921911109278 0.80835875 0.04742049710308183
v 0.05104206275315259 0.92258 0.06800440217504032
v 0.0312503310274899 0.847870625 0.06950226830912803
v 0.027082973794124537 0.774939375 0.0660121997967966
v 0.0270831186116871 0.7764 0.03743408961400717
v 0.03125021170863887 0.84933125 0.04092472456870551
v 0.051042207570715155 0.924040625 0.039426291992250895
v 0.03229166220677102 0.937110625 0.032795048198074855
v 0.03229211668847545 0.937820625 0.04906318831907736
v 0.08658125362623857 0.84934625 0.04126763650211604
v 0.06766053798944602 0.80765125 0.03746513143418598
v 0.03125021170863887 0.84933125 0.04092472456870551
v 0.05104172400218518 0.92404 0.033176120200818955
v 0.03229166220677102 0.937110625 0.032795048198074855
v 0.03229211668847545 0.937820625 0.04906318831907736
v -0.09734805886892701 0.9169268749999999 -0.027085258856338654
v -0.0995266618122352 0.9204375 -0.04292228198934597
v -0.0865813345823586 0.846754375 -0.04160892386909089
v -0.09154359011970266 0.85013 -0.05683583133573439
v -0.06766092049761964 0.805033125 -0.045104025128730935
v -0.06983952344092786 0.80854375 -0.06094104826173824
v -0.05104178595958543 0.9235187499999999 -0.05522291120813555
v -0.03125017233007983 0.85020375 -0.06967104112398861
v -0.027083189937483085 0.783550625 -0.07347102739112349
v -0.027082972847033565 0.78002625 -0.04507411619328591
v -0.031250219376043914 0.84668 -0.041273563483784165
v -0.051042097141963116 0.9199943749999999 -0.026824867125564214
v -0.03229185628888072 0.931714375 -0.018024938105174332
v -0.03229197499059047 0.93523875 -0.03392260043534209
v -0.08498817558094908 0.91875 0.034375387501575316
v -0.09374983716600065 0.925 -0.04375034881207668
v -0.08498791144453548 0.90625 0.034374821059208416
v -0.09375010130241425 0.9125 -0.04374978236970978
v -0.05251168759696516 0.925 0.05312470990869574
v -0.056250134856928424 0.925 -0.05312499627276611
v -0.05251195173337875 0.9125 0.05312527635106264
v -0.056250134856928424 0.9125 -0.05312499627276611
v -0.0937502577610841 0.9296875 0.01718763830311465
v -0.04999997520843545 0.9375 0.029687164981689607
v -0.09375020560819415 0.9312499999999999 -0.003124835254493488
v -0.05625009484697745 0.94375 0.009375174992611437
v -0.09374988931889063 0.931250625 -0.023437875254468526
v -0.04374971462612644 0.9375 -0.029687422224744797
v -0.05000023934484904 0.925 0.0296877314240565
v -0.05625009484697745 0.9312499999999999 0.009375174992611437
v -0.04374971462612644 0.925 -0.029687422224744797
v -0.0937502577610841 0.9171868750000001 0.01718763830311465
v -0.09375020560819415 0.91875 -0.003124835254493488
v -0.0937501534553042 0.91875 -0.023437308812101626
v -0.09109807554818504 0.914724375 0.01415016096623102
v -0.09327693432169341 0.9154325 0.030356492526711645
v -0.08345645389957147 0.849345625 0.028767285576108657
v -0.08841857402078614 0.85002625 0.04434951119727352
v -0.06766080846684971 0.80765125 0.03121460893311253
v -0.0698396672403581 0.80835875 0.04742094049359316
v -0.05104177561825948 0.92258 0.06800440843743308
v -0.03124984023788764 0.847870625 0.06950230831907901
v -0.027083068640310196 0.774939375 0.0660118591851212
v -0.027082923822747615 0.7764 0.03743374900233177
v -0.031249959556738663 0.84933125 0.040924764578656486
v -0.05104163080069693 0.924040625 0.03942629825464363
v -0.032291899655750494 0.937110625 0.03279524939753583
v -0.03229201161641297 0.937820625 0.04906312538212475
v -0.08658129025357104 0.84934625 0.04126719151743369
v -0.06766032489831975 0.80765125 0.03746478072454447
v -0.031249959556738663 0.84933125 0.040924764578656486
v -0.0510421143692269 0.92404 0.033176126463211705
v 0.05104206275315259 0.92258 0.06800440217504032
v -0.018811435112745592 0.78125 0.0916013925808412
v -0.018811435112745592 0.90625 0.0916013925808412
v -0.00995723122336798 0.78125 0.06727474874248043
v -0.00995723122336798 0.90625 0.06727474874248043
v -0.020898381955626613 0.78125 0.04381190818426485
v -0.020898381955626613 0.90625 0.04381190818426485
v -0.04522559223635425 0.78125 0.03495744015847366
v -0.04522559223635425 0.90625 0.03495744015847366
v -0.04227484211332806 0.78125 0.10254227917668624
v -0.04227484211332806 0.90625 0.10254227917668624
v -0.06660175008810242 0.78125 0.09368864172967553
v -0.06660175008810242 0.90625 0.09368864172967553
v -0.07754263668394747 0.78125 0.07022523472909305
v -0.07754263668394747 0.90625 0.07022523472909305
v -0.06868843279456986 0.78125 0.04589859089073228
v -0.06868843279456986 0.90625 0.04589859089073228
v -0.06909470166312184 0.921875 0.06985657036255066
v -0.060889046258622986 0.921875 0.08745377635770069
v -0.062453567422595 0.921875 0.05161129472021172
v -0.04485636142744498 0.921875 0.043405639315712854
v -0.02661138809105934 0.921875 0.05004594297745922
v -0.018405732686560497 0.921875 0.06764314897260923
v -0.025046300484720438 0.921875 0.08588868875136177
v -0.04264350647987046 0.921875 0.09409434415586063
v -0.06275841068460072 0.928125 0.0695797132899721
v -0.05660395194414654 0.928125 0.08277789146513312
v -0.043750066021864514 0.928125 0.0687502749569702
v -0.05777824897239435 0.928125 0.0558961248982746
v -0.04458007079723331 0.928125 0.0497416661578204
v -0.030895915963168916 0.928125 0.05472209200644036
v -0.024741457222714716 0.928125 0.06792027018160139
v -0.02972244951370158 0.928125 0.08160416087925221
v -0.042920363552449034 0.928125 0.08775805317733949
v -0.060889046258622986 0.775 0.08745377635770069
v -0.06909470166312184 0.775 0.06985657036255066
v -0.043750066021864514 0.775 0.0687502749569702
v -0.04264350647987046 0.775 0.09409434415586063
v -0.025046300484720438 0.775 0.08588868875136177
v -0.018405732686560497 0.775 0.06764314897260923
v -0.02661138809105934 0.775 0.05004594297745922
v -0.04485636142744498 0.775 0.043405639315712854
v -0.062453567422595 0.775 0.05161129472021172
vt 0.394745625 0.5957909375
vt 0.416475625 0.573521875
vt 0.3793803125 0.557775625
vt 0.75122875 0.92683875
vt 0.75122875 0.6827171875
vt 0.7215371875 0.6827171875
vt 0.7215371875 0.92683875
vt 0.0772015625 0.899585625
vt 0.060904375 0.9162871875
vt 0.0493803125 0.887775625
vt 0.416475625 0.573521875
vt 0.416475625 0.5420290624999999
vt 0.3793803125 0.557775625
vt 0.7932203125 0.92683875
vt 0.7932203125 0.6827171875
vt 0.75122875 0.6827171875
vt 0.75122875 0.92683875
vt 0.0772015625 0.8759653125
vt 0.0772015625 0.899585625
vt 0.0493803125 0.887775625
vt 0.416475625 0.5420290624999999
vt 0.394745625 0.51976
vt 0.3793803125 0.557775625
vt 0.822911875 0.92683875
vt 0.822911875 0.6827171875
vt 0.7932203125 0.6827171875
vt 0.7932203125 0.92683875
vt 0.060904375 0.8592640625
vt 0.0772015625 0.8759653125
vt 0.0493803125 0.887775625
vt 0.394745625 0.51976
vt 0.3640146875 0.51976
vt 0.3793803125 0.557775625
vt 0.0288928125 0.59683875
vt 0.0288928125 0.35271718750000003
vt 0.0698678125 0.35271718750000003
vt 0.0698678125 0.59683875
vt 0.0378559375 0.8592640625
vt 0.060904375 0.8592640625
vt 0.0493803125 0.887775625
vt 0.3640146875 0.5957909375
vt 0.394745625 0.5957909375
vt 0.3793803125 0.557775625
vt 0.7298678125 0.59683875
vt 0.7298678125 0.35271718750000003
vt 0.6888928125 0.35271718750000003
vt 0.6888928125 0.59683875
vt 0.060904375 0.9162871875
vt 0.0378559375 0.9162871875
vt 0.0493803125 0.887775625
vt 0.342285 0.573521875
vt 0.3640146875 0.5957909375
vt 0.3793803125 0.557775625
vt 0.3915371875 0.6827171875
vt 0.42122875 0.6827171875
vt 0.42122875 0.92683875
vt 0.3915371875 0.92683875
vt 0.0378559375 0.9162871875
vt 0.02155875 0.899585625
vt 0.0493803125 0.887775625
vt 0.342285 0.5420290624999999
vt 0.342285 0.573521875
vt 0.3793803125 0.557775625
vt 0.42122875 0.6827171875
vt 0.4632203125 0.6827171875
vt 0.4632203125 0.92683875
vt 0.42122875 0.92683875
vt 0.02155875 0.899585625
vt 0.02155875 0.8759653125
vt 0.0493803125 0.887775625
vt 0.3640146875 0.51976
vt 0.342285 0.5420290624999999
vt 0.3793803125 0.557775625
vt 0.4632203125 0.6827171875
vt 0.492911875 0.6827171875
vt 0.492911875 0.92683875
vt 0.4632203125 0.92683875
vt 0.02155875 0.8759653125
vt 0.0378559375 0.8592640625
vt 0.0493803125 0.887775625
vt 0.4632203125 0.92683875
vt 0.4579709375 0.95735375
vt 0.426478125 0.95735375
vt 0.42122875 0.92683875
vt 0.492911875 0.92683875
vt 0.48024 0.95735375
vt 0.4579709375 0.95735375
vt 0.4632203125 0.92683875
vt 0.0698678125 0.59683875
vt 0.064745625 0.6273537499999999
vt 0.0340146875 0.6273537499999999
vt 0.0288928125 0.59683875
vt 0.098840625 0.59683875
vt 0.086475625 0.6273537499999999
vt 0.064745625 0.6273537499999999
vt 0.0698678125 0.59683875
vt 0.75122875 0.92683875
vt 0.756478125 0.95735375
vt 0.7879709375 0.95735375
vt 0.7932203125 0.92683875
vt 0.7215371875 0.92683875
vt 0.7342090625 0.95735375
vt 0.756478125 0.95735375
vt 0.75122875 0.92683875
vt 0.6599196875 0.59683875
vt 0.672285 0.6273537499999999
vt 0.6940146875 0.6273537499999999
vt 0.6888928125 0.59683875
vt 0.6888928125 0.59683875
vt 0.6940146875 0.6273537499999999
vt 0.724745625 0.6273537499999999
vt 0.7298678125 0.59683875
vt 0.4579709375 0.95735375
vt 0.4540346875 0.96956
vt 0.430414375 0.96956
vt 0.426478125 0.95735375
vt 0.0340146875 0.84976
vt 0.0378559375 0.8592640625
vt 0.02155875 0.8759653125
vt 0.012285 0.8720290625
vt 0.064745625 0.6273537499999999
vt 0.060904375 0.63956
vt 0.0378559375 0.63956
vt 0.0340146875 0.6273537499999999
vt 0.086475625 0.8720290625
vt 0.0772015625 0.8759653125
vt 0.060904375 0.8592640625
vt 0.064745625 0.84976
vt 0.756478125 0.95735375
vt 0.760414375 0.96956
vt 0.7840346875 0.96956
vt 0.7879709375 0.95735375
vt 0.064745625 0.9257909375
vt 0.060904375 0.9162871875
vt 0.0772015625 0.899585625
vt 0.086475625 0.903521875
vt 0.012285 0.903521875
vt 0.02155875 0.899585625
vt 0.0378559375 0.9162871875
vt 0.0340146875 0.9257909375
vt 0.6940146875 0.6273537499999999
vt 0.6978559375 0.63956
vt 0.720904375 0.63956
vt 0.724745625 0.6273537499999999
vt 0.3299196875 0.57877125
vt 0.342285 0.573521875
vt 0.342285 0.5420290624999999
vt 0.3299196875 0.5367796874999999
vt 0.3588928125 0.6084628125
vt 0.3640146875 0.5957909375
vt 0.342285 0.573521875
vt 0.3299196875 0.57877125
vt 0.3998678125 0.6084628125
vt 0.394745625 0.5957909375
vt 0.3640146875 0.5957909375
vt 0.3588928125 0.6084628125
vt 0.428840625 0.57877125
vt 0.416475625 0.573521875
vt 0.394745625 0.5957909375
vt 0.3998678125 0.6084628125
vt 0.428840625 0.5367796874999999
vt 0.416475625 0.5420290624999999
vt 0.416475625 0.573521875
vt 0.428840625 0.57877125
vt 0.3998678125 0.507088125
vt 0.394745625 0.51976
vt 0.416475625 0.5420290624999999
vt 0.428840625 0.5367796874999999
vt 0.3588928125 0.507088125
vt 0.3640146875 0.51976
vt 0.394745625 0.51976
vt 0.3998678125 0.507088125
vt 0.3299196875 0.5367796874999999
vt 0.342285 0.5420290624999999
vt 0.3640146875 0.51976
vt 0.3588928125 0.507088125
vt 0.268278125 0.6305634375
vt 0.1218446875 0.6305634375
vt 0.159899375 0.48738250000000005
vt 0.2495521875 0.48738250000000005
vt 0.2495521875 0.48738250000000005
vt 0.159899375 0.48738250000000005
vt 0.1684184375 0.35720968750000004
vt 0.246116875 0.35720968750000004
vt 0.576116875 0.397261875
vt 0.4984184375 0.360131875
vt 0.47942375 0.40187656250000003
vt 0.5571221875 0.43900656250000003
vt 0.8871221875 0.3503271875
vt 0.80942375 0.3503271875
vt 0.8009046875 0.48049968750000005
vt 0.8905575 0.48049968750000005
vt 0.8905575 0.48049968750000005
vt 0.8009046875 0.48049968750000005
vt 0.7628496875 0.623680625
vt 0.909283125 0.623680625
vt 0.044068125 0.6853803125
vt 0.1218446875 0.7005340625
vt 0.1028496875 0.7422796875
vt 0.0366003125 0.710154375
vt 0.4212378125 0.374016875
vt 0.47942375 0.40187656250000003
vt 0.4984184375 0.360131875
vt 0.428705625 0.349243125
vt 0.6966003125 0.6176896875
vt 0.7628496875 0.623680625
vt 0.8009046875 0.48049968750000005
vt 0.7217590625 0.4806446875
vt 0.06482625 0.4872375
vt 0.159899375 0.48738250000000005
vt 0.1218446875 0.6305634375
vt 0.044068125 0.6245465625
vt 0.6446196875 0.9545465625
vt 0.619845625 0.9476896875
vt 0.633814375 0.8106446875
vt 0.6596003125 0.8172375000000001
vt 0.625983125 0.7291646875
vt 0.650756875 0.7360212500000001
vt 0.6596003125 0.8172375000000001
vt 0.633814375 0.8106446875
vt 0.7217590625 0.4806446875
vt 0.8009046875 0.48049968750000005
vt 0.80942375 0.3503271875
vt 0.7512378125 0.3991646875
vt 0.098705625 0.40602125
vt 0.1684184375 0.35720968750000004
vt 0.159899375 0.48738250000000005
vt 0.06482625 0.4872375
vt 0.7838590625 0.646569375
vt 0.8765009375 0.646569375
vt 0.909283125 0.623680625
vt 0.7628496875 0.623680625
vt 0.134493125 0.7446990625000001
vt 0.1238590625 0.7680690625
vt 0.1028496875 0.7422796875
vt 0.1218446875 0.7005340625
vt 0.2271346875 0.78897
vt 0.134493125 0.7446990625000001
vt 0.1218446875 0.7005340625
vt 0.268278125 0.7705109375
vt 0.2165009375 0.8123403124999999
vt 0.1238590625 0.7680690625
vt 0.134493125 0.7446990625000001
vt 0.2271346875 0.78897
vt 0.6418765625 0.9634565625
vt 0.612016875 0.9756634375
vt 0.6120165625 0.95125125
vt 0.64187625 0.9390440625
vt 0.959951875 0.9390446875
vt 0.91693 0.9634565625
vt 0.91693 0.98786875
vt 0.959951875 0.9634571875
vt 0.112970625 0.700048125
vt 0.115224375 0.74307
vt 0.0393215625 0.7179831249999999
vt 0.0529084375 0.6881234375
vt 0.3829084375 0.35812374999999996
vt 0.3693215625 0.3879834375
vt 0.445224375 0.41307000000000005
vt 0.442970625 0.37004812499999995
vt 0.521025 0.926838125
vt 0.521024375 0.9512503125
vt 0.4712 0.96345625
vt 0.471199375 0.9390453125
vt 0.112970625 0.6334571875
vt 0.0529084375 0.6334565624999999
vt 0.0529084375 0.6090440625
vt 0.112970625 0.6090446875
vt 0.013219375 0.808975625
vt 0.0121478125 0.7777034375
vt 0.06654375 0.8260684375
vt 0.0472634375 0.8588
vt 0.0121478125 0.7777034375
vt 0.0257346875 0.7478434375
vt 0.0711653125 0.791924375
vt 0.06654375 0.8260684375
vt 0.0257346875 0.7478434375
vt 0.0393215625 0.7179831249999999
vt 0.115224375 0.74307
vt 0.0711653125 0.791924375
vt 0.8012 0.96345625
vt 0.8339315625 0.9878690625
vt 0.8339315625 0.963456875
vt 0.801199375 0.9390453125
vt 0.8339315625 0.9878690625
vt 0.868075625 1.000075625
vt 0.868075625 0.9756634375
vt 0.8339315625 0.963456875
vt 0.868075625 1.000075625
vt 0.91693 0.98786875
vt 0.91693 0.9634565625
vt 0.868075625 0.9756634375
vt 0.377263125 0.528800625
vt 0.3965434375 0.49606843749999996
vt 0.3421475 0.44770343749999997
vt 0.3432196875 0.47897500000000004
vt 0.3965434375 0.49606843749999996
vt 0.401165 0.46192437500000005
vt 0.3557346875 0.41784343749999997
vt 0.3421475 0.44770343749999997
vt 0.401165 0.46192437500000005
vt 0.445224375 0.41307000000000005
vt 0.3693215625 0.3879834375
vt 0.3557346875 0.41784343749999997
vt 0.521025 0.926838125
vt 0.5522965625 0.9481984375
vt 0.5522965625 0.9726109375
vt 0.521024375 0.9512503125
vt 0.5522965625 0.9481984375
vt 0.5821565625 0.9512509375
vt 0.5821565625 0.975663125
vt 0.5522965625 0.9726109375
vt 0.5821565625 0.9512509375
vt 0.6120165625 0.95125125
vt 0.612016875 0.9756634375
vt 0.5821565625 0.975663125
vt 0.0859228125 0.4856775
vt 0.094235 0.343245
vt 0.1719334375 0.343245
vt 0.175575625 0.4856775
vt 0.0585346875 0.631583125
vt 0.0859228125 0.4856775
vt 0.175575625 0.4856775
vt 0.204968125 0.631583125
vt 0.0585346875 0.839670625
vt 0.0394190625 0.88168125
vt 0.0040178125 0.7973859375
vt 0.0179834375 0.77505625
vt 0.8045596875 0.8156775
vt 0.820329375 0.961583125
vt 0.88494375 0.94338875
vt 0.8582178125 0.8157065625
vt 0.44831875 0.9587306250000001
vt 0.43255 0.812825
vt 0.508713125 0.8170353125
vt 0.5326140625 0.94477125
vt 0.5282178125 0.8157065625
vt 0.55494375 0.94338875
vt 0.5326140625 0.94477125
vt 0.508713125 0.8170353125
vt 0.508713125 0.8170353125
vt 0.4914628125 0.73566
vt 0.5137925 0.73427875
vt 0.5282178125 0.8157065625
vt 0.094235 0.343245
vt 0.0859228125 0.4856775
vt 0.0191678125 0.4857065625
vt 0.04018875 0.40427875
vt 0.43255 0.812825
vt 0.434824375 0.6703934375
vt 0.4914628125 0.73566
vt 0.508713125 0.8170353125
vt 0.204968125 0.631583125
vt 0.182508125 0.65710875
vt 0.08986625 0.65710875
vt 0.0585346875 0.631583125
vt 0.0394190625 0.88168125
vt 0.0789846875 0.866689375
vt 0.1716265625 0.910960625
vt 0.1858525 0.9516578125
vt 0.0789846875 0.866689375
vt 0.08986625 0.842775
vt 0.182508125 0.88704625
vt 0.1716265625 0.910960625
vt 0.424235 0.5231646875
vt 0.405119375 0.565175625
vt 0.4828178125 0.6023056250000001
vt 0.5019334375 0.560295
vt 0.735119375 0.34039343749999995
vt 0.7268075 0.48282499999999995
vt 0.8164603125 0.48282499999999995
vt 0.8128178125 0.34039343749999995
vt 0.7268075 0.48282499999999995
vt 0.6994190625 0.628730625
vt 0.8458525 0.628730625
vt 0.8164603125 0.48282499999999995
vt 0.405119375 0.565175625
vt 0.424235 0.5231646875
vt 0.37018875 0.4862075
vt 0.3562234375 0.5085371875
vt 0.094235 0.343245
vt 0.1719334375 0.343245
vt 0.175575625 0.4856775
vt 0.0859228125 0.4856775
vt 0.0859228125 0.4856775
vt 0.175575625 0.4856775
vt 0.20914875 0.6315824999999999
vt 0.0627153125 0.6315824999999999
vt 0.182508125 0.65710875
vt 0.08986625 0.65710875
vt 0.0627153125 0.6315824999999999
vt 0.20914875 0.6315824999999999
vt 0.094235 0.343245
vt 0.0859228125 0.4856775
vt 0.0063240625 0.485706875
vt 0.036008125 0.40427812500000004
vt 0.0627153125 0.8304828125
vt 0.08986625 0.842775
vt 0.0789846875 0.866689375
vt 0.0394190625 0.88168125
vt 0.249283125 0.81225625
vt 0.268278125 0.7705109375
vt 0.3295996875 0.8218284375
vt 0.31588125 0.8436153125
vt 0.576116875 0.397261875
vt 0.5571221875 0.43900656250000003
vt 0.61534875 0.46677749999999996
vt 0.629066875 0.444990625
vt 0.8905575 0.48049968750000005
vt 0.909283125 0.623680625
vt 0.97588125 0.6176896875
vt 0.97015125 0.4806446875
vt 0.268278125 0.6305634375
vt 0.2495521875 0.48738250000000005
vt 0.327455 0.4872375
vt 0.3295996875 0.6245465625
vt 0.845114375 0.8106446875
vt 0.8163846875 0.9476896875
vt 0.8381715625 0.9545465625
vt 0.864096875 0.8172375000000001
vt 0.864096875 0.8172375000000001
vt 0.885009375 0.7360212500000001
vt 0.8632225 0.7291646875
vt 0.845114375 0.8106446875
vt 0.8871221875 0.3503271875
vt 0.8905575 0.48049968750000005
vt 0.97015125 0.4806446875
vt 0.94534875 0.3991646875
vt 0.2495521875 0.48738250000000005
vt 0.246116875 0.35720968750000004
vt 0.299066875 0.40602125
vt 0.327455 0.4872375
vt 0.249283125 0.81225625
vt 0.2165009375 0.8123403124999999
vt 0.2271346875 0.78897
vt 0.268278125 0.7705109375
vt 0.8134884375 0.95125125
vt 0.81348875 0.9756634375
vt 0.8433484375 0.9634565625
vt 0.843348125 0.9390440625
vt 0.240738125 0.65786875
vt 0.240738125 0.6334565624999999
vt 0.274345625 0.6090446875
vt 0.274345625 0.6334571875
vt 0.30828 0.84651125
vt 0.240738125 0.8030496874999999
vt 0.274345625 0.777165
vt 0.321866875 0.8166515625
vt 0.570738125 0.47304999999999997
vt 0.6382796875 0.5165115625000001
vt 0.6518665625 0.48665187499999996
vt 0.604345625 0.44716500000000003
vt 0.8579140625 0.63345625
vt 0.9170409375 0.6212503125
vt 0.91704125 0.596838125
vt 0.85791375 0.6090453124999999
vt 0.3218665625 0.6090440625
vt 0.321866875 0.6334565624999999
vt 0.274345625 0.6334571875
vt 0.274345625 0.6090446875
vt 0.209988125 0.8946165625
vt 0.2811059375 0.9062315625
vt 0.2570409375 0.9254915625
vt 0.1979140625 0.9307921875
vt 0.23254 0.86904125
vt 0.2946928125 0.8763715625
vt 0.2811059375 0.9062315625
vt 0.209988125 0.8946165625
vt 0.240738125 0.8030496874999999
vt 0.30828 0.84651125
vt 0.2946928125 0.8763715625
vt 0.23254 0.86904125
vt 0.435383125 0.963456875
vt 0.4353834375 0.9878690625
vt 0.3992078125 0.96345625
vt 0.3992075 0.9390453125
vt 0.46095875 0.9756634375
vt 0.46095875 1.000075625
vt 0.4353834375 0.9878690625
vt 0.435383125 0.963456875
vt 0.52695 0.9634565625
vt 0.5269503125 0.98786875
vt 0.46095875 1.000075625
vt 0.46095875 0.9756634375
vt 0.6111059375 0.5762315625000001
vt 0.5399878125 0.564616875
vt 0.52791375 0.6007925000000001
vt 0.58704125 0.5954909374999999
vt 0.6246928125 0.5463715625000001
vt 0.56254 0.53904125
vt 0.5399878125 0.564616875
vt 0.6111059375 0.5762315625000001
vt 0.6382796875 0.5165115625000001
vt 0.570738125 0.47304999999999997
vt 0.56254 0.53904125
vt 0.6246928125 0.5463715625000001
vt 0.9411059375 0.6426109375
vt 0.9411059375 0.6181984375
vt 0.91704125 0.596838125
vt 0.9170409375 0.6212503125
vt 0.7836284375 0.975663125
vt 0.7836284375 0.9512509375
vt 0.7537684375 0.9481984375
vt 0.7537684375 0.9726109375
vt 0.81348875 0.9756634375
vt 0.8134884375 0.95125125
vt 0.7836284375 0.9512509375
vt 0.7836284375 0.975663125
vt 0.27161875 0.9252653125
vt 0.1858525 0.9516578125
vt 0.204968125 0.9096471875
vt 0.27933375 0.89994875
vt 0.91529 0.4870353125
vt 0.8164603125 0.48282499999999995
vt 0.8458525 0.628730625
vt 0.93161875 0.61477125
vt 0.7347346875 0.94477125
vt 0.76005125 0.94338875
vt 0.7438021875 0.8157065625
vt 0.7174940625 0.8170353125
vt 0.751031875 0.73427875
vt 0.7257153125 0.73566
vt 0.7174940625 0.8170353125
vt 0.7438021875 0.8157065625
vt 0.8865846875 0.40566
vt 0.8128178125 0.34039343749999995
vt 0.8164603125 0.48282499999999995
vt 0.91529 0.4870353125
vt 0.564299375 0.5789681250000001
vt 0.5019334375 0.560295
vt 0.4828178125 0.6023056250000001
vt 0.5565846875 0.6042846875
vt 0.1716265625 0.910960625
vt 0.182508125 0.88704625
vt 0.20914875 0.9004593750000001
vt 0.1858525 0.9516578125
vt 0.27933375 0.6133887499999999
vt 0.204968125 0.631583125
vt 0.175575625 0.4856775
vt 0.258594375 0.4857065625
vt 0.258594375 0.4857065625
vt 0.175575625 0.4856775
vt 0.1719334375 0.343245
vt 0.234299375 0.40427875
vt 0.2547159375 0.485706875
vt 0.175575625 0.4856775
vt 0.1719334375 0.343245
vt 0.2301190625 0.40427812500000004
vt 0.4692790625 0.5987553125
vt 0.466600625 0.63012875
vt 0.5048940625 0.6177553124999999
vt 0.3657471875 0.6827171875
vt 0.4075775 0.6827171875
vt 0.4075775 0.92683875
vt 0.3657471875 0.92683875
vt 0.1461740625 0.957035
vt 0.1481828125 0.933505625
vt 0.1748940625 0.9477553125
vt 0.4928203125 0.5785121875
vt 0.4692790625 0.5987553125
vt 0.5048940625 0.6177553124999999
vt 0.1274071875 0.35271718750000003
vt 0.1587959375 0.35271718750000003
vt 0.1587959375 0.59683875
vt 0.1274071875 0.59683875
vt 0.1481828125 0.933505625
vt 0.16583875 0.9183228125
vt 0.1748940625 0.9477553125
vt 0.5234340625 0.581256875
vt 0.4928203125 0.5785121875
vt 0.5048940625 0.6177553124999999
vt 0.1587959375 0.35271718750000003
vt 0.19961375 0.35271718750000003
vt 0.19961375 0.59683875
vt 0.1587959375 0.59683875
vt 0.16583875 0.9183228125
vt 0.1887990625 0.92038125
vt 0.1748940625 0.9477553125
vt 0.5431875 0.605381875
vt 0.5234340625 0.581256875
vt 0.5048940625 0.6177553124999999
vt 0.760909375 0.6827171875
vt 0.7287421875 0.6827171875
vt 0.7287421875 0.92683875
vt 0.760909375 0.92683875
vt 0.1887990625 0.92038125
vt 0.203614375 0.938475625
vt 0.1748940625 0.9477553125
vt 0.466600625 0.63012875
vt 0.4863540625 0.6542537500000001
vt 0.5048940625 0.6177553124999999
vt 0.33358 0.6827171875
vt 0.3657471875 0.6827171875
vt 0.3657471875 0.92683875
vt 0.33358 0.92683875
vt 0.160989375 0.975129375
vt 0.1461740625 0.957035
vt 0.1748940625 0.9477553125
vt 0.4863540625 0.6542537500000001
vt 0.5169678125 0.6569984375
vt 0.5048940625 0.6177553124999999
vt 0.8509921875 0.59683875
vt 0.8509921875 0.35271718750000003
vt 0.810174375 0.35271718750000003
vt 0.810174375 0.59683875
vt 0.183949375 0.9771878125
vt 0.160989375 0.975129375
vt 0.1748940625 0.9477553125
vt 0.5169678125 0.6569984375
vt 0.5405090625 0.636755
vt 0.5048940625 0.6177553124999999
vt 0.8823809375 0.59683875
vt 0.8823809375 0.35271718750000003
vt 0.8509921875 0.35271718750000003
vt 0.8509921875 0.59683875
vt 0.201605625 0.962005
vt 0.183949375 0.9771878125
vt 0.1748940625 0.9477553125
vt 0.5405090625 0.636755
vt 0.5431875 0.605381875
vt 0.5048940625 0.6177553124999999
vt 0.7287421875 0.92683875
vt 0.7287421875 0.6827171875
vt 0.686911875 0.6827171875
vt 0.686911875 0.92683875
vt 0.203614375 0.938475625
vt 0.201605625 0.962005
vt 0.1748940625 0.9477553125
vt 0.8469678125 0.6273537499999999
vt 0.8705090625 0.6273537499999999
vt 0.8823809375 0.59683875
vt 0.8509921875 0.59683875
vt 0.693245 0.95735375
vt 0.724618125 0.95735375
vt 0.7287421875 0.92683875
vt 0.686911875 0.92683875
vt 0.724618125 0.95735375
vt 0.748743125 0.95735375
vt 0.760909375 0.92683875
vt 0.7287421875 0.92683875
vt 0.1934340625 0.6273537499999999
vt 0.1628203125 0.6273537499999999
vt 0.1587959375 0.59683875
vt 0.19961375 0.59683875
vt 0.1628203125 0.6273537499999999
vt 0.1392790625 0.6273537499999999
vt 0.1274071875 0.59683875
vt 0.1587959375 0.59683875
vt 0.4012446875 0.95735375
vt 0.36987125 0.95735375
vt 0.3657471875 0.92683875
vt 0.4075775 0.92683875
vt 0.8163540625 0.6273537499999999
vt 0.8469678125 0.6273537499999999
vt 0.8509921875 0.59683875
vt 0.810174375 0.59683875
vt 0.36987125 0.95735375
vt 0.34574625 0.95735375
vt 0.33358 0.92683875
vt 0.3657471875 0.92683875
vt 0.183949375 0.9771878125
vt 0.201605625 0.962005
vt 0.2105090625 0.966755
vt 0.1869678125 0.9869984375
vt 0.697995 0.96956
vt 0.721524375 0.96956
vt 0.724618125 0.95735375
vt 0.693245 0.95735375
vt 0.203614375 0.938475625
vt 0.1887990625 0.92038125
vt 0.1934340625 0.911256875
vt 0.2131875 0.935381875
vt 0.1887990625 0.63956
vt 0.16583875 0.63956
vt 0.1628203125 0.6273537499999999
vt 0.1934340625 0.6273537499999999
vt 0.16583875 0.9183228125
vt 0.1481828125 0.933505625
vt 0.1392790625 0.9287553125
vt 0.1628203125 0.9085121875
vt 0.396494375 0.96956
vt 0.372965 0.96956
vt 0.36987125 0.95735375
vt 0.4012446875 0.95735375
vt 0.820989375 0.63956
vt 0.843949375 0.63956
vt 0.8469678125 0.6273537499999999
vt 0.8163540625 0.6273537499999999
vt 0.1461740625 0.957035
vt 0.160989375 0.975129375
vt 0.1563540625 0.98425375
vt 0.136600625 0.96012875
vt 0.5405090625 0.636755
vt 0.5169678125 0.6569984375
vt 0.5209921875 0.6700796875
vt 0.5523809375 0.643088125
vt 0.5169678125 0.6569984375
vt 0.4863540625 0.6542537500000001
vt 0.480174375 0.66642
vt 0.5209921875 0.6700796875
vt 0.4863540625 0.6542537500000001
vt 0.466600625 0.63012875
vt 0.4538359375 0.6342528125
vt 0.480174375 0.66642
vt 0.466600625 0.63012875
vt 0.4692790625 0.5987553125
vt 0.4574071875 0.5924225000000001
vt 0.4538359375 0.6342528125
vt 0.4692790625 0.5987553125
vt 0.4928203125 0.5785121875
vt 0.4887959375 0.5654309375
vt 0.4574071875 0.5924225000000001
vt 0.4928203125 0.5785121875
vt 0.5234340625 0.581256875
vt 0.52961375 0.5690906250000001
vt 0.4887959375 0.5654309375
vt 0.5234340625 0.581256875
vt 0.5431875 0.605381875
vt 0.5559521875 0.6012578125
vt 0.52961375 0.5690906250000001
vt 0.5431875 0.605381875
vt 0.5405090625 0.636755
vt 0.5523809375 0.643088125
vt 0.5559521875 0.6012578125
vn 0 -1 0
vn -0.9396926207859084 0 0.34202014332566866
vn 0 1 0
vn 0 -1 0
vn -0.9063077870366499 0 -0.42261826174069944
vn 0 1 0
vn 0 -1 0
vn -0.34202014332566866 0 -0.9396926207859084
vn 0 1 0
vn 0 -1 0
vn 0.42261826174069944 0 -0.9063077870366499
vn 0 1 0
vn 0 -1 0
vn -0.42261826174069944 0 0.9063077870366499
vn 0 1 0
vn 0 -1 0
vn 0.34202014332566866 0 0.9396926207859084
vn 0 1 0
vn 0 -1 0
vn 0.9063077870366499 0 0.42261826174069944
vn 0 1 0
vn 0 -1 0
vn 0.9396926207859084 0 -0.34202014332566866
vn 0 1 0
vn 0.8106263281405408 0.447213595499958 0.3780012647140011
vn 0.8404834887518574 0.4472202837118044 -0.3059109722978885
vn 0.3780012647140011 0.447213595499958 -0.8106263281405408
vn -0.3059109722978885 0.4472202837118044 -0.8404834887518574
vn -0.8106263281405408 0.447213595499958 -0.3780012647140011
vn -0.8404834887518574 0.4472202837118044 0.3059109722978885
vn 0.3059109722978885 0.4472202837118044 0.8404834887518574
vn -0.3780012647140011 0.447213595499958 0.8106263281405408
vn 0.6611852490451043 0.6839411288813311 0.3083157450888521
vn 0.6855468260621284 0.6839342059924144 -0.24951863888228437
vn 0.3083157450888521 0.6839411288813311 -0.6611852490451043
vn -0.24951863888228437 0.6839342059924144 -0.6855468260621284
vn -0.6611852490451043 0.6839411288813311 -0.3083157450888521
vn -0.6855468260621284 0.6839342059924144 0.24951863888228437
vn 0.24951863888228437 0.6839342059924144 0.6855468260621284
vn -0.3083157450888521 0.6839411288813311 0.6611852490451043
vn 0.5661659861218051 -0.7808688094430305 0.2640075351154744
vn 0.21365585424498687 -0.7808745060236469 0.5870146350723893
vn -0.2640075351154744 -0.7808688094430305 0.5661659861218051
vn -0.5870146350723893 -0.7808745060236469 0.21365585424498687
vn -0.5661659861218051 -0.7808688094430305 -0.2640075351154744
vn -0.21365585424498687 -0.7808745060236469 -0.5870146350723893
vn 0.2640075351154744 -0.7808688094430305 -0.5661659861218051
vn 0.5870146350723893 -0.7808745060236469 -0.21365585424498687
vn -6.018797288342981e-8 0.19335092633557896 -0.9811296648685993
vn -6.391195372379422e-7 0.05692176191305567 -0.998378642109448
vn -5.134957698285648e-7 -0.9923863536505465 -0.12316381403605962
vn -0.000006278092793632341 -0.0569207988655252 0.9983786969968341
vn 6.280763363286647e-7 -0.19335995759254077 0.9811278850381415
vn 0.031804872375663526 0.9918845600145739 0.1230994301281
vn 0.5216838883602957 -0.8466434716654362 -0.10507498518477307
vn -0.007157312477129531 -0.1914945617971245 0.981467577498224
vn 0.20645639684336994 0.13523847414293247 -0.969064657963515
vn 0.9805534230546845 -0.1705458661845715 0.09710351210484183
vn 0.8855897378608675 -0.46408216241479605 0.018935752531305694
vn 0.006119157489625994 -0.057301422040740756 0.9983381706334414
vn 0.2601015393914126 0.0387469749209758 -0.964803534995955
vn -0.000007793006654488456 -0.6004255219000638 0.799680681641307
vn 0.5799222467955883 0.7953616080319738 0.17632385017447336
vn 4.697748518245337e-7 0.8761328565280772 -0.48206972287391286
vn -0.0000021091348596097297 0.9762983099034556 0.2164292264811019
vn 0.999999999996704 0 0.0000025675302318672877
vn -0.8823532682287462 -0.0000026799310949591215 -0.4705876220629569
vn 0.16242732071794974 0.9039859343059784 -0.39550827559146673
vn -0.15435828091572193 -0.944323944769261 0.2905611957026694
vn 0.49998167282759326 -0.000028679688545494964 0.866035984248921
vn 0.2425253888822558 0 -0.9701450591264744
vn 0.30579106255882066 0.72494355174349 0.6172103959304975
vn 0.33697881584210426 0.9387389178954325 0.07221164519775002
vn 0.1240205121655657 0.9922796540350445 0.000027391302337094476
vn -0.9943035445606202 0.000025840503469997497 0.10658546151542206
vn -0.9557796895747087 0.00000686998308451658 -0.29408363597670134
vn -0.9524288466529107 0.00003393605632346473 0.3047610390318139
vn -0.27617534300876123 -0.8600143062652831 -0.4290717573239202
vn -0.4040704303222461 -0.8319218711078804 -0.38030657069206486
vn -0.14627481320957889 -0.9684508241654969 0.20175896558436435
vn 0.8909070774241817 0 0.45418562218051706
vn 0.999999999996704 0 0.000002567530231922799
vn 0.999999999679485 0 -0.000025318570274934782
vn 0.000006281097960525452 0.04780690821847413 -0.998856596057281
vn -6.400287426711061e-7 -0.0200526187404773 -0.9997989260252482
vn 0.2097417374111036 0.9764822046655602 0.049908992769429845
vn -0.5101425905644414 0.11805951318495342 -0.8519486420194192
vn 0.4039266047504774 -0.08875239588360113 0.9104758701907879
vn 0.9817215974733804 -0.14286278424951138 -0.12574947288474758
vn 0.9055183156855184 -0.4114214566464741 -0.10377362366688048
vn -0.22641351369697033 0.0594687592289706 -0.9722141675017695
vn 0.4421017888844717 -0.06806190301159352 0.8943788825903654
vn -0.0000027782312361779304 -0.45244561631793623 -0.89179199607698
vn -6.109029372924901e-7 0.7791066587114773 0.6268913895971651
vn -1.358351114297274e-7 0.9990489770161425 -0.04360208163586949
vn 3.20974957924991e-7 -0.998696441240616 -0.051043297828667344
vn 6.39425727977372e-7 -0.04779956254619421 0.9988569476256266
vn 6.133325869406292e-8 0.020045194613059605 0.9997990749010128
vn 0.6057568213641459 -0.794612823594009 -0.04060953029478268
vn 0.000006281096179561185 0.047812825368690685 -0.9988563128352401
vn -6.367417649255637e-7 -0.10316470570713365 -0.9946642868304639
vn -0.0000031140118817996054 -0.029146922027518715 -0.9995751382095419
vn 0.006177495287578272 0.04745419255633925 -0.998854312780797
vn 0.5719864326308773 0.8194822950135957 -0.035781126944988785
vn -0.031804816150586106 0.9918846469833693 0.12309874389409696
vn -0.5216822102559862 -0.8466446156291108 -0.1050740992284236
vn 0.007166139207599011 -0.19149181158386583 0.9814680496812858
vn -0.20645893907119817 0.13523847368511124 -0.9690641164097022
vn -0.9805558694923326 -0.1705425735472324 0.09708458895222466
vn -0.8855965661843332 -0.4640683394919858 0.01895516403699155
vn -0.006127929873997184 -0.05730768132216405 0.9983377575434763
vn -0.26009362066283487 0.038744516974304394 -0.9648057684813691
vn -0.5799089722389046 0.7953697118886875 0.176330953967032
vn -0.9999999997356449 0.000021129445618695346 -0.000009069556714758065
vn 0.8823469894614864 0 -0.47059939458976363
vn -0.16242087421724977 0.9039908010589977 -0.39549979926570944
vn 0.15435996834742502 -0.9443234699998226 0.290561842263013
vn -0.4999730763369497 -0.00004980987029265436 0.866040946178149
vn -0.24252885301188948 -0.000038837605689442 -0.9701441923489403
vn -0.3057912639745886 0.7249441136861172 0.6172096361113245
vn -0.33698165272519626 0.9387380378519369 0.07220984708813027
vn -0.12401857548754837 0.9922798960555886 0.000028599815005407592
vn 0.9943076104084475 -0.000016182385002981422 0.10654752752632751
vn 0.9557753507452805 0 -0.29409773699866537
vn 0.9524216763382192 0 0.3047834484369137
vn 0.27617936854753944 -0.8600114845675707 -0.4290748219140403
vn 0.4040737782418292 -0.831922107927116 -0.38030249549467476
vn 0.14627559922252698 -0.9684502496608356 0.20176115335702233
vn -0.890900837212375 0 0.4541978624501548
vn -0.9999999999967041 0 -0.000002567530231756266
vn -0.999999999773471 0.00002112974024662487 -0.000002567530232533422
vn -0.20973769722000102 0.9764831785617784 0.04990691686267025
vn -0.40393185246801344 -0.08875452675615216 0.9104733343388212
vn -0.98172256174059 -0.14285970808796483 -0.12574543957740578
vn -0.9055229252034162 -0.4114090556519995 -0.1037825652919541
vn -0.4420856378317661 -0.06806247786490882 0.8943868223144668
vn -0.6057522871168425 -0.7946159582006445 -0.040615829741449457
vn -0.5719831215535759 0.8194851011365529 -0.0357697871539838
vn 0.5101363583085121 0.11805517380281311 -0.8519529751518667
vn 0.22641839480383685 0.05947386457260418 -0.972212718455819
vn -0.006168704917978886 0.04745990221204019 -0.9988540958326491
vn 0 -1 0
vn 0.9396922529012907 0 0.34202115407865774
vn 0 1 0
vn 0 -1 0
vn 0.9063041104560348 0 -0.4226261461037347
vn 0 1 0
vn 0 -1 0
vn 0.3420231312721442 0 -0.9396915332569501
vn 0 1 0
vn 0 -1 0
vn -0.4226261461037347 0 -0.9063041104560351
vn 0 1 0
vn 0 -1 0
vn 0.42260938511642104 0 0.9063119262216075
vn 0 1 0
vn 0 -1 0
vn -0.34199855377016836 0 0.9397004784606175
vn 0 1 0
vn 0 -1 0
vn -0.9063119262216077 0 0.422609385116421
vn 0 1 0
vn 0 -1 0
vn -0.9396922529012908 0 -0.34202115407865774
vn 0 1 0
vn -0.8106326766879346 0.44720178603865607 0.3780016217552392
vn -0.8404747519061151 0.447226368935597 -0.3059260798575946
vn -0.3779969887437966 0.4472237114925974 -0.8106227410944058
vn 0.3059029559557566 0.4471901934932626 -0.8405024166419685
vn 0.8106243397068473 0.44722018383195355 -0.37799773418388616
vn 0.8404867941182826 0.4472216174081235 0.3058999408885755
vn -0.3058999408885757 0.44722161740812383 0.8404867941182823
vn 0.37800162175523894 0.44720178603865596 0.8106326766879346
vn -0.6611710112596956 0.6839568199711098 0.3083114695966377
vn -0.6855752327227312 0.6839066597171156 -0.24951609381310572
vn -0.3083232543160382 0.6839270762022177 -0.6611962834782525
vn 0.24950499042789137 0.6839492906146369 -0.6855367441788315
vn 0.6611922169862781 0.683931862364689 -0.30832135806515076
vn 0.6855203973107592 0.6839557362230829 0.2495322339066432
vn -0.24950369168061912 0.6839453419251194 0.6855411563842643
vn 0.3082915812044186 0.6839609790491191 0.6611759826979879
vn -0.5661698909147032 -0.7808659773976133 0.264007537703951
vn -0.21365219251062278 -0.7808654218610123 0.5870280517805154
vn 0.26400753770395113 -0.780865977397613 0.5661698909147036
vn 0.5869995261376806 -0.7808897061337488 0.21364181044094807
vn 0.5661732949455085 -0.7808629726126294 -0.2640091250186519
vn 0.21364948542447598 -0.7808679011260182 -0.5870257391025573
vn -0.26400753770395113 -0.7808659773976134 -0.566169890914703
vn -0.5870259543797407 -0.7808613744367053 -0.2136727469692247
usemtl m_11644822-50ba-a6e7-02d8-c68a20721838
f 244/825/219 245/826/219 242/827/219
f 210/828/220 209/829/220 207/830/220 208/831/220
f 237/832/221 238/833/221 233/834/221
f 245/835/222 246/836/222 242/837/222
f 212/838/223 211/839/223 209/840/223 210/841/223
f 236/842/224 237/843/224 233/844/224
f 246/845/225 247/846/225 242/847/225
f 214/848/226 213/849/226 211/850/226 212/851/226
f 235/852/227 236/853/227 233/854/227
f 247/855/228 248/856/228 242/857/228
f 222/858/229 221/859/229 213/860/229 214/861/229
f 234/862/230 235/863/230 233/864/230
f 243/865/231 244/866/231 242/867/231
f 208/868/232 207/869/232 215/870/232 216/871/232
f 238/872/233 239/873/233 233/874/233
f 240/875/234 243/876/234 242/877/234
f 215/878/235 217/879/235 218/880/235 216/881/235
f 239/882/236 232/883/236 233/884/236
f 241/885/237 240/886/237 242/887/237
f 217/888/238 219/889/238 220/890/238 218/891/238
f 232/892/239 231/893/239 233/894/239
f 248/895/240 241/896/240 242/897/240
f 219/898/241 221/899/241 222/900/241 220/901/241
f 231/902/242 234/903/242 233/904/242
f 220/905/243 223/906/243 224/907/243 218/908/243
f 222/909/244 225/910/244 223/911/244 220/912/244
f 214/913/245 226/914/245 225/915/245 222/916/245
f 212/917/246 227/918/246 226/919/246 214/920/246
f 210/921/247 228/922/247 227/923/247 212/924/247
f 208/925/248 229/926/248 228/927/248 210/928/248
f 218/929/249 224/930/249 230/931/249 216/932/249
f 216/933/250 230/934/250 229/935/250 208/936/250
f 223/937/251 231/938/251 232/939/251 224/940/251
f 225/941/252 234/942/252 231/943/252 223/944/252
f 226/945/253 235/946/253 234/947/253 225/948/253
f 227/949/254 236/950/254 235/951/254 226/952/254
f 228/953/255 237/954/255 236/955/255 227/956/255
f 229/957/256 238/958/256 237/959/256 228/960/256
f 224/961/257 232/962/257 239/963/257 230/964/257
f 230/965/258 239/966/258 238/967/258 229/968/258
f 217/969/259 240/970/259 241/971/259 219/972/259
f 215/973/260 243/974/260 240/975/260 217/976/260
f 207/977/261 244/978/261 243/979/261 215/980/261
f 209/981/262 245/982/262 244/983/262 207/984/262
f 211/985/263 246/986/263 245/987/263 209/988/263
f 213/989/264 247/990/264 246/991/264 211/992/264
f 221/993/265 248/994/265 247/995/265 213/996/265
f 219/997/266 241/998/266 248/999/266 221/1000/266
f 309/1001/267 255/1002/267 256/1003/267 310/1004/267
f 310/1005/268 256/1006/268 257/1007/268 311/1008/268
f 311/1009/269 257/1010/269 258/1011/269 312/1012/269
f 312/1013/270 258/1014/270 259/1015/270 313/1016/270
f 313/1017/271 259/1018/271 260/1019/271 314/1020/271
f 250/1021/272 255/1022/272 260/1023/272 249/1024/272
f 253/1025/273 258/1026/273 257/1027/273 254/1028/273
f 249/1029/274 260/1030/274 259/1031/274 251/1032/274
f 252/1033/275 256/1034/275 255/1035/275 250/1036/275
f 250/1037/276 249/1038/276 251/1039/276 252/1040/276
f 253/1041/277 254/1042/277 252/1043/277 251/1044/277
f 251/1045/278 259/1046/278 258/1047/278 253/1048/278
f 254/1049/279 257/1050/279 256/1051/279 252/1052/279
f 261/1053/280 315/1054/280 314/1055/280 260/1056/280
f 262/1057/281 261/1058/281 260/1059/281 255/1060/281
f 316/1061/282 262/1062/282 255/1063/282 309/1064/282
f 315/1065/283 261/1066/283 262/1067/283 316/1068/283
f 264/1069/284 275/1070/284 282/1071/284 266/1072/284
f 270/1073/285 279/1074/285 276/1075/285 268/1076/285
f 268/1077/286 276/1078/286 275/1079/286 264/1080/286
f 266/1081/287 282/1082/287 279/1083/287 270/1084/287
f 265/1085/288 263/1086/288 267/1087/288 269/1088/288
f 268/1089/289 264/1090/289 266/1091/289 270/1092/289
f 263/1093/290 271/1094/290 272/1095/290 267/1096/290
f 271/1097/291 273/1098/291 274/1099/291 272/1100/291
f 273/1101/292 275/1102/292 276/1103/292 274/1104/292
f 267/1105/293 272/1106/293 277/1107/293 269/1108/293
f 272/1109/294 274/1110/294 278/1111/294 277/1112/294
f 274/1113/295 276/1114/295 279/1115/295 278/1116/295
f 269/1117/296 277/1118/296 280/1119/296 265/1120/296
f 277/1121/297 278/1122/297 281/1123/297 280/1124/297
f 278/1125/298 279/1126/298 282/1127/298 281/1128/298
f 265/1129/299 280/1130/299 271/1131/299 263/1132/299
f 280/1133/300 281/1134/300 273/1135/300 271/1136/300
f 281/1137/301 282/1138/301 275/1139/301 273/1140/301
f 293/1141/302 292/1142/302 346/1143/302 347/1144/302
f 294/1145/303 293/1146/303 347/1147/303 348/1148/303
f 294/1149/304 289/1150/304 284/1151/304 283/1152/304
f 293/1153/305 294/1154/305 283/1155/305 285/1156/305
f 289/1157/306 290/1158/306 286/1159/306 284/1160/306
f 285/1161/307 283/1162/307 284/1163/307 286/1164/307
f 286/1165/308 288/1166/308 287/1167/308 285/1168/308
f 292/1169/309 293/1170/309 285/1171/309 287/1172/309
f 290/1173/310 291/1174/310 288/1175/310 286/1176/310
f 348/1177/311 349/1178/311 295/1179/311 294/1180/311
f 289/1181/312 296/1182/312 350/1183/312 343/1184/312
f 296/1185/313 295/1186/313 349/1187/313 350/1188/313
f 292/1189/314 291/1190/314 345/1191/314 346/1192/314
f 291/1193/315 290/1194/315 344/1195/315 345/1196/315
f 290/1197/316 289/1198/316 343/1199/316 344/1200/316
f 291/1201/317 292/1202/317 287/1203/317 288/1204/317
f 292/1205/318 346/1206/318 353/1207/318 299/1208/318
f 299/1209/319 353/1210/319 354/1211/319 300/1212/319
f 349/1213/320 301/1214/320 300/1215/320 354/1216/320
f 292/1217/321 299/1218/321 297/1219/321 298/1220/321
f 300/1221/322 301/1222/322 302/1223/322 355/1224/322
f 314/1225/323 309/1226/323 304/1227/323 303/1228/323
f 311/1229/324 312/1230/324 307/1231/324 308/1232/324
f 313/1233/325 314/1234/325 303/1235/325 305/1236/325
f 309/1237/326 310/1238/326 306/1239/326 304/1240/326
f 305/1241/327 303/1242/327 304/1243/327 306/1244/327
f 306/1245/328 308/1246/328 307/1247/328 305/1248/328
f 312/1249/329 313/1250/329 305/1251/329 307/1252/329
f 310/1253/330 311/1254/330 308/1255/330 306/1256/330
f 314/1257/331 315/1258/331 316/1259/331 309/1260/331
f 336/1261/332 329/1262/332 318/1263/332 320/1264/332
f 330/1265/333 333/1266/333 324/1267/333 322/1268/333
f 329/1269/334 330/1270/334 322/1271/334 318/1272/334
f 333/1273/335 336/1274/335 320/1275/335 324/1276/335
f 321/1277/336 317/1278/336 319/1279/336 323/1280/336
f 320/1281/337 318/1282/337 322/1283/337 324/1284/337
f 326/1285/338 325/1286/338 317/1287/338 321/1288/338
f 328/1289/339 327/1290/339 325/1291/339 326/1292/339
f 330/1293/340 329/1294/340 327/1295/340 328/1296/340
f 331/1297/341 326/1298/341 321/1299/341 323/1300/341
f 332/1301/342 328/1302/342 326/1303/342 331/1304/342
f 333/1305/343 330/1306/343 328/1307/343 332/1308/343
f 334/1309/344 331/1310/344 323/1311/344 319/1312/344
f 335/1313/345 332/1314/345 331/1315/345 334/1316/345
f 336/1317/346 333/1318/346 332/1319/346 335/1320/346
f 325/1321/347 334/1322/347 319/1323/347 317/1324/347
f 327/1325/348 335/1326/348 334/1327/348 325/1328/348
f 329/1329/349 336/1330/349 335/1331/349 327/1332/349
f 338/1333/350 343/1334/350 348/1335/350 337/1336/350
f 340/1337/351 344/1338/351 343/1339/351 338/1340/351
f 338/1341/352 337/1342/352 339/1343/352 340/1344/352
f 341/1345/353 342/1346/353 340/1347/353 339/1348/353
f 342/1349/354 345/1350/354 344/1351/354 340/1352/354
f 341/1353/355 346/1354/355 345/1355/355 342/1356/355
f 350/1357/356 349/1358/356 354/1359/356 343/1360/356
f 337/1361/357 348/1362/357 347/1363/357 339/1364/357
f 339/1365/358 347/1366/358 346/1367/358 341/1368/358
f 351/1369/359 353/1370/359 346/1371/359 352/1372/359
f 394/1373/360 393/1374/360 391/1375/360
f 356/1376/361 358/1377/361 359/1378/361 357/1379/361
f 387/1380/362 386/1381/362 382/1382/362
f 395/1383/363 394/1384/363 391/1385/363
f 358/1386/364 360/1387/364 361/1388/364 359/1389/364
f 386/1390/365 385/1391/365 382/1392/365
f 396/1393/366 395/1394/366 391/1395/366
f 360/1396/367 362/1397/367 363/1398/367 361/1399/367
f 385/1400/368 384/1401/368 382/1402/368
f 397/1403/369 396/1404/369 391/1405/369
f 362/1406/370 370/1407/370 371/1408/370 363/1409/370
f 384/1410/371 383/1411/371 382/1412/371
f 393/1413/372 392/1414/372 391/1415/372
f 364/1416/373 356/1417/373 357/1418/373 365/1419/373
f 388/1420/374 387/1421/374 382/1422/374
f 392/1423/375 389/1424/375 391/1425/375
f 367/1426/376 366/1427/376 364/1428/376 365/1429/376
f 381/1430/377 388/1431/377 382/1432/377
f 389/1433/378 390/1434/378 391/1435/378
f 369/1436/379 368/1437/379 366/1438/379 367/1439/379
f 380/1440/380 381/1441/380 382/1442/380
f 390/1443/381 397/1444/381 391/1445/381
f 371/1446/382 370/1447/382 368/1448/382 369/1449/382
f 383/1450/383 380/1451/383 382/1452/383
f 373/1453/384 372/1454/384 369/1455/384 367/1456/384
f 372/1457/385 374/1458/385 371/1459/385 369/1460/385
f 374/1461/386 375/1462/386 363/1463/386 371/1464/386
f 375/1465/387 376/1466/387 361/1467/387 363/1468/387
f 376/1469/388 377/1470/388 359/1471/388 361/1472/388
f 377/1473/389 378/1474/389 357/1475/389 359/1476/389
f 379/1477/390 373/1478/390 367/1479/390 365/1480/390
f 378/1481/391 379/1482/391 365/1483/391 357/1484/391
f 381/1485/392 380/1486/392 372/1487/392 373/1488/392
f 380/1489/393 383/1490/393 374/1491/393 372/1492/393
f 383/1493/394 384/1494/394 375/1495/394 374/1496/394
f 384/1497/395 385/1498/395 376/1499/395 375/1500/395
f 385/1501/396 386/1502/396 377/1503/396 376/1504/396
f 386/1505/397 387/1506/397 378/1507/397 377/1508/397
f 388/1509/398 381/1510/398 373/1511/398 379/1512/398
f 387/1513/399 388/1514/399 379/1515/399 378/1516/399
f 390/1517/400 389/1518/400 366/1519/400 368/1520/400
f 389/1521/401 392/1522/401 364/1523/401 366/1524/401
f 392/1525/402 393/1526/402 356/1527/402 364/1528/402
f 393/1529/403 394/1530/403 358/1531/403 356/1532/403
f 394/1533/404 395/1534/404 360/1535/404 358/1536/404
f 395/1537/405 396/1538/405 362/1539/405 360/1540/405
f 396/1541/406 397/1542/406 370/1543/406 362/1544/406
f 397/1545/407 390/1546/407 368/1547/407 370/1548/407
o Head
v 0.042661170441585634 1.0865586709629622 -0.05198556001636066
v 0.0432528343784031 0.9668997873128968 -0.05114057634433361
v 0.11290424693138479 0.9668528864010391 0.048331949659979806
v 0.11934411445104515 1.080721524545733 0.05752903362186604
v 0.07553812882170807 0.9671948334403336 -0.0050323974380453666
v 0.07896038102251869 1.1143246126758648 -0.00014491477888887733
v 0.10218883743578433 1.1065507341282192 0.033028758947412515
v 0.08831801438344078 0.968724403478066 0.013219170653335508
v 0.05947835721232582 0.9703566576106052 -0.027968128250718226
v 0.06104238104212688 1.109682824237987 -0.025734470735690667
v 0.03736327769655509 1.0246526447205189 -0.05955173498010953
v 0.12152088036416273 1.0179962851458397 0.060637777521829084
v 0.03926565475561234 1.0647961803464303 -0.056834858975144995
v 0.12163879181554213 1.0585258934126631 0.060806172526088664
v 0.03793246114686387 1.047380991761506 -0.05873885677008045
v 0.1220963185776617 1.0409743942422223 0.0614595884594409
v 0.037995303186437415 0.9782479133729923 -0.058649109036523886
v 0.11915472177979569 0.9951544866349736 0.05725855285592958
v 0.14393199208657487 1.0814944055656126 0.018702404146281538
v 0.0875558170827589 1.0857857899430827 -0.06181111781316277
v 0.13449529133215588 0.9675584845159076 0.013484977967891193
v 0.08463888568964742 0.9711894303059376 -0.06012439460598788
v 0.0680484139962027 1.0863010166942186 -0.06255779966754037
v 0.06584802285347426 0.969162190320484 -0.06025201265576509
v 0.12947229301226765 0.9670881039474066 0.030154117513839625
v 0.13796171871563268 1.0809791788144767 0.03728874711226755
v 0.0972681846765843 0.9671948334403336 -0.020247946353347746
v 0.11879911665900264 0.9694254622808834 -0.03472250898352097
v 0.12683445254297238 1.0838536419176181 -0.03529080845232617
v 0.10312884302078318 1.1083303233463735 -0.017387350695046256
v 0.12635729943404883 1.100556444798728 0.015786323031255142
v 0.14388848771187845 1.082202866202777 -0.001075930489705789
v 0.13445402014956012 0.9682052782441842 -0.004570692937067564
v 0.10776058815463999 0.968724403478066 -0.0003946660634565752
v 0.10046060903544289 0.970542636577661 -0.053118315262059304
v 0.10612649281916159 1.0850773293059184 -0.05500564822634524
v 0.08521084304039137 1.103688534908496 -0.04297690665184804
v 0.06541605595886349 1.024118157114096 -0.07124679236621662
v 0.142368296202883 1.018281010696867 0.03807923801855967
v 0.1488986203550337 1.0188504890610384 0.01758385000073472
v 0.1491884369143991 1.0196335388505975 -0.004513416151896901
v 0.130390462022227 1.021413128068752 -0.04110884307520449
v 0.10804198052074165 1.0227656289603655 -0.06327664583500008
v 0.08859330463290843 1.0235486787499246 -0.07155287078320781
v 0.0666661416953376 1.0645175069854 -0.0682290859597597
v 0.08773223268490327 1.0639601330012223 -0.06739535837094374
v 0.10779572357443397 1.0631937676273304 -0.06001613337233834
v 0.1301832605061517 1.061870055531378 -0.038680621889223415
v 0.14806687585081113 1.060128306131763 -0.00250296751962217
v 0.148138961099469 1.0593619407578712 0.018874390408130506
v 0.14171738130286216 1.0588045667736936 0.03895519228925126
v 0.06599149417236247 1.0470962662104788 -0.0704249814286048
v 0.14267443818182196 1.0412591197932497 0.039089612209621885
v 0.14927234237762654 1.0418285981574211 0.01854690413579798
v 0.1492247706887504 1.0426116479469802 -0.0033141202221115516
v 0.130965900235726 1.0443912371651347 -0.040287032137592674
v 0.10807831429509293 1.0457437380567483 -0.062077349905214727
v 0.08755194149899201 1.0465267878463074 -0.0695989633543481
v 0.06488892204775187 0.984032022045299 -0.06953481970334752
v 0.1389902781341435 0.995427107806007 0.0357469675104414
v 0.14517189542216669 0.9959723501480736 0.01617339396385938
v 0.14539594367700867 0.9967220583684153 -0.004945579282477179
v 0.12729937848874226 0.9954287960226282 -0.04007509662590816
v 0.10592503835962934 0.9967237465850366 -0.06131587403579915
v 0.08719420205833917 0.9912294034204917 -0.06949530322799306
v 0.08120841306720204 0.9703566576106052 -0.043183677166020604
v 0.07444946780987187 1.0814944055656126 0.06735459141866816
v 0.01807329280605592 1.0857857899430827 -0.013158930540776163
v 0.07277423267509106 0.9675584845159076 0.056702528505851654
v 0.02065594345028965 0.9711894303059376 -0.01532305613315309
v 0.024043566176998085 1.0863010166942186 -0.031745273506762164
v 0.02696287531107583 0.969162190320484 -0.033024339222180926
v 0.09015606670656214 0.9670881039474066 0.057683635547053524
v 0.09395687089642807 1.0809791788144767 0.06810127327304576
v 0.05380807296683185 0.9671948334403336 0.010183151477257013
v 0.03284242083159267 0.9694254622808834 0.025465017394430634
v 0.02956014728365465 1.0838536419176181 0.032821393364360574
v 0.0544916903911243 1.1083303233463735 0.01666875021329712
v 0.07772014680438995 1.100556444798728 0.04984242393959852
v 0.055878792073469186 1.082202866202777 0.06054912183185063
v 0.055821567538149104 0.9682052782441842 0.05048834312936025
v 0.06887544061224156 0.968724403478066 0.02683300737012759
v 0.021828156424031867 0.970542636577661 0.0019407208043684988
v 0.018116797180752334 1.0850773293059184 0.006619404095211168
v 0.036573690410732496 1.103688534908496 -0.008920805743504671
v 0.01677890332920462 1.024118157114096 -0.03719069145787325
v 0.09319255110410411 1.018281010696867 0.07251246543380385
v 0.07169968382112843 1.0188504890610384 0.0716391273035482
v 0.05083592277678597 1.0196335388505975 0.06435375564913691
v 0.022876756209296863 1.021413128068752 0.03417306419587034
v 0.009689466383128523 1.0227656289603655 0.005590525966033728
v 0.008564197785984662 1.0235486787499246 -0.01551588689280146
v 0.019187065268292294 1.0645175069854 -0.03498387873830762
v 0.012765485471685475 1.0639601330012223 -0.014903076857186857
v 0.012837570720343347 1.0631937676273304 0.006474281070565819
v 0.02522940483162467 1.061870055531378 0.03480885901825438
v 0.053108722996720495 1.060128306131763 0.06398744692328198
v 0.0731722138862512 1.0593619407578712 0.07136667192188739
v 0.09423830487581684 1.0588045667736936 0.07220039951070335
v 0.0173543415427036 1.0470962662104788 -0.03636888052026144
v 0.0940372855521631 1.0412591197932497 0.07314571311796526
v 0.07247683822553357 1.0418285981574211 0.07231969504370857
v 0.05195046542943264 1.0426116479469802 0.06479808159457519
v 0.023452194422795843 1.0443912371651347 0.03499487513348215
v 0.010804009035775192 1.0457437380567483 0.006034851911472006
v 0.010756437346899045 1.0465267878463074 -0.015826172446437525
v 0.01856792182332012 0.984032022045299 -0.037100506168786726
v 0.09215628394197575 0.995427107806007 0.06854048328826703
v 0.07164890368700824 0.9959723501480736 0.06765474700854754
v 0.05172693135261784 0.9967220583684153 0.060642169243719526
v 0.024905372952618313 0.9954287960226282 0.03162195791797262
v 0.01225602603523851 0.9967237465850366 0.0042718744903975404
v 0.01097620009746994 0.9912294034204917 -0.016126883707709972
v 0.037748301357449596 0.9703566576106052 -0.012752579335415848
vt 0.11014375 0.83561625
vt 0.194304375 0.83561625
vt 0.194090625 0.87171625
vt 0.111719375 0.87171625
vt 0.438839375 0.83561625
vt 0.50008 0.83561625
vt 0.50008 0.87171625
vt 0.4402975 0.87171625
vt 0.451118125 0.437346875
vt 0.50008 0.437346875
vt 0.50008 0.483128125
vt 0.445358125 0.483128125
vt 0.822401875 0.5132950000000001
vt 0.8836425 0.5132950000000001
vt 0.882184375 0.5493950000000001
vt 0.822401875 0.5493950000000001
vt 0.17775875 0.39991
vt 0.239 0.39991
vt 0.239 0.484070625
vt 0.17775875 0.484070625
vt 0.40338375 0.83561625
vt 0.438839375 0.83561625
vt 0.4402975 0.87171625
vt 0.40568625 0.87171625
vt 0.401070625 0.41279625
vt 0.451118125 0.437346875
vt 0.445358125 0.483128125
vt 0.39184875 0.48231375
vt 0.8836425 0.5132950000000001
vt 0.919098125 0.5132950000000001
vt 0.916795 0.5493950000000001
vt 0.882184375 0.5493950000000001
vt 0.239 0.39991
vt 0.288575625 0.40600187499999996
vt 0.30024125 0.484070625
vt 0.239 0.484070625
vt 0.50008 0.54111625
vt 0.445358125 0.54111625
vt 0.445358125 0.483128125
vt 0.50008 0.483128125
vt 0.445358125 0.54111625
vt 0.401070625 0.535146875
vt 0.39184875 0.48231375
vt 0.445358125 0.483128125
vt 0.194304375 0.83561625
vt 0.258266875 0.83561625
vt 0.256691875 0.87171625
vt 0.194090625 0.87171625
vt 0.288575625 0.541941875
vt 0.239 0.54803375
vt 0.239 0.484070625
vt 0.30024125 0.484070625
vt 0.239 0.54803375
vt 0.17775875 0.54803375
vt 0.17775875 0.484070625
vt 0.239 0.484070625
vt 0.239 0.39991
vt 0.17775875 0.39991
vt 0.17775875 0.33594625
vt 0.2331675 0.34813125
vt 0.2652475 0.37249750000000004
vt 0.288575625 0.40600187499999996
vt 0.239 0.39991
vt 0.2331675 0.34813125
vt 0.073111875 0.83561625
vt 0.11014375 0.83561625
vt 0.111719375 0.87171625
vt 0.07547625 0.87171625
vt 0.451118125 0.437346875
vt 0.401070625 0.41279625
vt 0.422365 0.382208125
vt 0.450575625 0.35996312500000005
vt 0.50008 0.437346875
vt 0.451118125 0.437346875
vt 0.450575625 0.35996312500000005
vt 0.50008 0.34883875
vt 0.445358125 0.54111625
vt 0.50008 0.54111625
vt 0.50008 0.599104375
vt 0.451118125 0.5879806249999999
vt 0.401070625 0.535146875
vt 0.445358125 0.54111625
vt 0.451118125 0.5879806249999999
vt 0.419516875 0.5657356250000001
vt 0.377598125 0.83561625
vt 0.40338375 0.83561625
vt 0.40568625 0.87171625
vt 0.380514375 0.87171625
vt 0.438839375 0.955261875
vt 0.38926375 0.917099375
vt 0.412591875 0.917099375
vt 0.444671875 0.917099375
vt 0.50008 0.967639375
vt 0.438839375 0.955261875
vt 0.444671875 0.917099375
vt 0.50008 0.917099375
vt 0.50008 0.6705875
vt 0.50008 0.6931499999999999
vt 0.441755625 0.70565625
vt 0.451118125 0.675745
vt 0.87190625 0.35909625
vt 0.881371875 0.41840374999999996
vt 0.822401875 0.41840374999999996
vt 0.822401875 0.35909625
vt 0.900116875 0.35909625
vt 0.9149775 0.41840374999999996
vt 0.881371875 0.41840374999999996
vt 0.87190625 0.35909625
vt 0.12303 0.6814175
vt 0.113295 0.7407250000000001
vt 0.077839375 0.7407250000000001
vt 0.092441875 0.6814175
vt 0.192546875 0.680901875
vt 0.193875 0.73453625
vt 0.113295 0.7407250000000001
vt 0.12303 0.6814175
vt 0.245380625 0.680901875
vt 0.25511625 0.73453625
vt 0.193875 0.73453625
vt 0.192546875 0.680901875
vt 0.419516875 0.680901875
vt 0.40411125 0.7216437499999999
vt 0.3821375 0.73453625
vt 0.401070625 0.680901875
vt 0.451118125 0.675745
vt 0.441755625 0.70565625
vt 0.40411125 0.7216437499999999
vt 0.419516875 0.680901875
vt 0.4402975 0.87171625
vt 0.50008 0.87171625
vt 0.50008 0.917099375
vt 0.444671875 0.917099375
vt 0.40568625 0.87171625
vt 0.4402975 0.87171625
vt 0.444671875 0.917099375
vt 0.412591875 0.917099375
vt 0.380514375 0.87171625
vt 0.40568625 0.87171625
vt 0.412591875 0.917099375
vt 0.38926375 0.917099375
vt 0.194090625 0.87171625
vt 0.256691875 0.87171625
vt 0.252175 0.917099375
vt 0.194304375 0.917099375
vt 0.111719375 0.87171625
vt 0.194090625 0.87171625
vt 0.194304375 0.917099375
vt 0.116235625 0.917099375
vt 0.07547625 0.87171625
vt 0.111719375 0.87171625
vt 0.116235625 0.917099375
vt 0.08273125 0.917099375
vt 0.882184375 0.5493950000000001
vt 0.916795 0.5493950000000001
vt 0.90989 0.5947775
vt 0.87781 0.5947775
vt 0.822401875 0.5493950000000001
vt 0.882184375 0.5493950000000001
vt 0.87781 0.5947775
vt 0.822401875 0.5947775
vt 0.50008 0.83561625
vt 0.438839375 0.83561625
vt 0.438839375 0.788170625
vt 0.50008 0.78868625
vt 0.8836425 0.5132950000000001
vt 0.822401875 0.5132950000000001
vt 0.822401875 0.465849375
vt 0.884320625 0.465849375
vt 0.919098125 0.5132950000000001
vt 0.8836425 0.5132950000000001
vt 0.884320625 0.465849375
vt 0.919605625 0.465849375
vt 0.11014375 0.83561625
vt 0.073111875 0.83561625
vt 0.073111875 0.788170625
vt 0.11014375 0.788170625
vt 0.194304375 0.83561625
vt 0.11014375 0.83561625
vt 0.11014375 0.788170625
vt 0.194304375 0.788170625
vt 0.258266875 0.83561625
vt 0.194304375 0.83561625
vt 0.194304375 0.788170625
vt 0.258266875 0.788170625
vt 0.40338375 0.83561625
vt 0.377598125 0.83561625
vt 0.376240625 0.788170625
vt 0.3993125 0.788170625
vt 0.438839375 0.83561625
vt 0.40338375 0.83561625
vt 0.3993125 0.788170625
vt 0.438839375 0.788170625
vt 0.438839375 0.788170625
vt 0.441755625 0.70565625
vt 0.50008 0.6931499999999999
vt 0.50008 0.78868625
vt 0.822401875 0.465849375
vt 0.822401875 0.41840374999999996
vt 0.881371875 0.41840374999999996
vt 0.884320625 0.465849375
vt 0.884320625 0.465849375
vt 0.881371875 0.41840374999999996
vt 0.9149775 0.41840374999999996
vt 0.919605625 0.465849375
vt 0.073111875 0.788170625
vt 0.077839375 0.7407250000000001
vt 0.113295 0.7407250000000001
vt 0.11014375 0.788170625
vt 0.11014375 0.788170625
vt 0.113295 0.7407250000000001
vt 0.193875 0.73453625
vt 0.194304375 0.788170625
vt 0.194304375 0.788170625
vt 0.193875 0.73453625
vt 0.25511625 0.73453625
vt 0.258266875 0.788170625
vt 0.376240625 0.788170625
vt 0.3821375 0.73453625
vt 0.40411125 0.7216437499999999
vt 0.3993125 0.788170625
vt 0.3993125 0.788170625
vt 0.40411125 0.7216437499999999
vt 0.441755625 0.70565625
vt 0.438839375 0.788170625
vt 0.80607 0.87171625
vt 0.80585625 0.83561625
vt 0.890016875 0.83561625
vt 0.88844125 0.87171625
vt 0.50008 0.87171625
vt 0.50008 0.83561625
vt 0.56132125 0.83561625
vt 0.559863125 0.87171625
vt 0.50008 0.483128125
vt 0.50008 0.437346875
vt 0.549041875 0.437346875
vt 0.5548025 0.483128125
vt 0.76261875 0.5493950000000001
vt 0.761160625 0.5132950000000001
vt 0.822401875 0.5132950000000001
vt 0.822401875 0.5493950000000001
vt 0.116518125 0.484070625
vt 0.116518125 0.39991
vt 0.17775875 0.39991
vt 0.17775875 0.484070625
vt 0.559863125 0.87171625
vt 0.56132125 0.83561625
vt 0.596776875 0.83561625
vt 0.59447375 0.87171625
vt 0.5548025 0.483128125
vt 0.549041875 0.437346875
vt 0.599089375 0.41279625
vt 0.608311875 0.48231375
vt 0.728008125 0.5493950000000001
vt 0.725705 0.5132950000000001
vt 0.761160625 0.5132950000000001
vt 0.76261875 0.5493950000000001
vt 0.055276875 0.484070625
vt 0.0669425 0.40600187499999996
vt 0.116518125 0.39991
vt 0.116518125 0.484070625
vt 0.5548025 0.483128125
vt 0.5548025 0.54111625
vt 0.50008 0.54111625
vt 0.50008 0.483128125
vt 0.608311875 0.48231375
vt 0.599089375 0.535146875
vt 0.5548025 0.54111625
vt 0.5548025 0.483128125
vt 0.74346875 0.87171625
vt 0.74189375 0.83561625
vt 0.80585625 0.83561625
vt 0.80607 0.87171625
vt 0.116518125 0.484070625
vt 0.116518125 0.54803375
vt 0.0669425 0.541941875
vt 0.055276875 0.484070625
vt 0.17775875 0.484070625
vt 0.17775875 0.54803375
vt 0.116518125 0.54803375
vt 0.116518125 0.484070625
vt 0.17775875 0.33594625
vt 0.17775875 0.39991
vt 0.116518125 0.39991
vt 0.122350625 0.34813125
vt 0.116518125 0.39991
vt 0.0669425 0.40600187499999996
vt 0.090270625 0.37249750000000004
vt 0.122350625 0.34813125
vt 0.88844125 0.87171625
vt 0.890016875 0.83561625
vt 0.92704875 0.83561625
vt 0.924684375 0.87171625
vt 0.577795625 0.382208125
vt 0.599089375 0.41279625
vt 0.549041875 0.437346875
vt 0.549585 0.35996312500000005
vt 0.549585 0.35996312500000005
vt 0.549041875 0.437346875
vt 0.50008 0.437346875
vt 0.50008 0.34883875
vt 0.50008 0.599104375
vt 0.50008 0.54111625
vt 0.5548025 0.54111625
vt 0.549041875 0.5879806249999999
vt 0.549041875 0.5879806249999999
vt 0.5548025 0.54111625
vt 0.599089375 0.535146875
vt 0.58064375 0.5657356250000001
vt 0.59447375 0.87171625
vt 0.596776875 0.83561625
vt 0.6225625 0.83561625
vt 0.61964625 0.87171625
vt 0.58756875 0.917099375
vt 0.610896875 0.917099375
vt 0.56132125 0.955261875
vt 0.55548875 0.917099375
vt 0.55548875 0.917099375
vt 0.56132125 0.955261875
vt 0.50008 0.967639375
vt 0.50008 0.917099375
vt 0.558405 0.70565625
vt 0.50008 0.6931499999999999
vt 0.50008 0.6705875
vt 0.549041875 0.675745
vt 0.822401875 0.41840374999999996
vt 0.76343125 0.41840374999999996
vt 0.772896875 0.35909625
vt 0.822401875 0.35909625
vt 0.76343125 0.41840374999999996
vt 0.729825625 0.41840374999999996
vt 0.74468625 0.35909625
vt 0.772896875 0.35909625
vt 0.92232125 0.7407250000000001
vt 0.886865625 0.7407250000000001
vt 0.877130625 0.6814175
vt 0.90771875 0.6814175
vt 0.886865625 0.7407250000000001
vt 0.806285625 0.73453625
vt 0.80761375 0.680901875
vt 0.877130625 0.6814175
vt 0.806285625 0.73453625
vt 0.745044375 0.73453625
vt 0.75478 0.680901875
vt 0.80761375 0.680901875
vt 0.6180225 0.73453625
vt 0.596049375 0.7216437499999999
vt 0.58064375 0.680901875
vt 0.599089375 0.680901875
vt 0.596049375 0.7216437499999999
vt 0.558405 0.70565625
vt 0.549041875 0.675745
vt 0.58064375 0.680901875
vt 0.50008 0.917099375
vt 0.50008 0.87171625
vt 0.559863125 0.87171625
vt 0.55548875 0.917099375
vt 0.55548875 0.917099375
vt 0.559863125 0.87171625
vt 0.59447375 0.87171625
vt 0.58756875 0.917099375
vt 0.58756875 0.917099375
vt 0.59447375 0.87171625
vt 0.61964625 0.87171625
vt 0.610896875 0.917099375
vt 0.747985625 0.917099375
vt 0.74346875 0.87171625
vt 0.80607 0.87171625
vt 0.80585625 0.917099375
vt 0.80585625 0.917099375
vt 0.80607 0.87171625
vt 0.88844125 0.87171625
vt 0.883925 0.917099375
vt 0.883925 0.917099375
vt 0.88844125 0.87171625
vt 0.924684375 0.87171625
vt 0.917429375 0.917099375
vt 0.734913125 0.5947775
vt 0.728008125 0.5493950000000001
vt 0.76261875 0.5493950000000001
vt 0.766993125 0.5947775
vt 0.766993125 0.5947775
vt 0.76261875 0.5493950000000001
vt 0.822401875 0.5493950000000001
vt 0.822401875 0.5947775
vt 0.56132125 0.788170625
vt 0.56132125 0.83561625
vt 0.50008 0.83561625
vt 0.50008 0.78868625
vt 0.822401875 0.465849375
vt 0.822401875 0.5132950000000001
vt 0.761160625 0.5132950000000001
vt 0.7604825 0.465849375
vt 0.7604825 0.465849375
vt 0.761160625 0.5132950000000001
vt 0.725705 0.5132950000000001
vt 0.7251975 0.465849375
vt 0.92704875 0.788170625
vt 0.92704875 0.83561625
vt 0.890016875 0.83561625
vt 0.890016875 0.788170625
vt 0.890016875 0.788170625
vt 0.890016875 0.83561625
vt 0.80585625 0.83561625
vt 0.80585625 0.788170625
vt 0.80585625 0.788170625
vt 0.80585625 0.83561625
vt 0.74189375 0.83561625
vt 0.74189375 0.788170625
vt 0.62392 0.788170625
vt 0.6225625 0.83561625
vt 0.596776875 0.83561625
vt 0.600848125 0.788170625
vt 0.600848125 0.788170625
vt 0.596776875 0.83561625
vt 0.56132125 0.83561625
vt 0.56132125 0.788170625
vt 0.50008 0.6931499999999999
vt 0.558405 0.70565625
vt 0.56132125 0.788170625
vt 0.50008 0.78868625
vt 0.76343125 0.41840374999999996
vt 0.822401875 0.41840374999999996
vt 0.822401875 0.465849375
vt 0.7604825 0.465849375
vt 0.729825625 0.41840374999999996
vt 0.76343125 0.41840374999999996
vt 0.7604825 0.465849375
vt 0.7251975 0.465849375
vt 0.886865625 0.7407250000000001
vt 0.92232125 0.7407250000000001
vt 0.92704875 0.788170625
vt 0.890016875 0.788170625
vt 0.806285625 0.73453625
vt 0.886865625 0.7407250000000001
vt 0.890016875 0.788170625
vt 0.80585625 0.788170625
vt 0.745044375 0.73453625
vt 0.806285625 0.73453625
vt 0.80585625 0.788170625
vt 0.74189375 0.788170625
vt 0.596049375 0.7216437499999999
vt 0.6180225 0.73453625
vt 0.62392 0.788170625
vt 0.600848125 0.788170625
vt 0.558405 0.70565625
vt 0.596049375 0.7216437499999999
vt 0.600848125 0.788170625
vt 0.56132125 0.788170625
vn 0.8952541893197278 0.08036401589005963 -0.4382482874530141
vn -0.3801295373580452 0.12923104812569425 -0.9158607268729746
vn 0.039282947372767545 -0.9976519588588147 0.056101862989373294
vn 0.7349262640770055 0.04527210682947289 0.6766341867752741
vn 0.266643972219051 0.9630071719084901 0.038963815676319735
vn 0.04124497873954081 0.12337865789526287 -0.991502172718113
vn -0.00680768811061966 -0.9967402070780225 0.08039039107163025
vn 0.9501693707643607 0.055691484117854496 0.30671913122270283
vn 0.5755654674682291 0.7788259471452345 -0.24930811601592057
vn -0.0643619793935112 -0.9936843248036242 -0.09191843258082004
vn -0.014297545287423361 -0.9988203737131336 -0.04640518564029468
vn 0.6893184229806854 0.09598247243619329 -0.7180720553847341
vn 0.436948866371637 0.7802735685366025 -0.4474917277667792
vn 0.07674195582678961 0.9702245528602035 -0.22972807674095416
vn 0.49855792954576905 0.7475021621655874 0.43895387963293825
vn 0.7332826090696235 0.6795439917724168 0.02272836294270403
vn 0.9978229274916562 0.06594974541034787 0.0001909248320938195
vn -0.025019052760825257 -0.9990482215818578 -0.035730910330948384
vn -0.025019052760825257 -0.9990482215818578 -0.035730910330948384
vn 0.06957420769667423 -0.992616023299164 0.0993622660426671
vn 0.031214430432405668 -0.9986384817786631 0.041795239484747816
vn 0.3456514423793001 0.11415510016239991 -0.9313934149906913
vn 0.2643691157684642 0.715237935879149 -0.6469495078498282
vn -0.192454841783053 0.8114305763701527 -0.5518528369102237
vn -0.18562736061924992 -0.6005805403225576 -0.7777181350434075
vn 0.6892394192857668 -0.3560255301908023 0.6310268177779588
vn 0.8921380582915688 -0.3609307091873927 0.2716959847204872
vn 0.9336152048274966 -0.35826628780158454 -0.002813599080198126
vn 0.8350925397807952 -0.3588163250819441 -0.41697877027152086
vn 0.6503471500454631 -0.347277712597307 -0.6756084478164305
vn 0.4639692716877212 -0.42309448060507737 -0.7782824522055507
vn 0.1674375325961909 -0.5142846989760221 -0.8411158785073801
vn -0.3688809192049587 0.256618645204569 -0.8933497290422583
vn 0.0448776286368019 0.24902726093048894 -0.9674561601237524
vn 0.3433939880733333 0.2354035171991931 -0.9092116107075079
vn 0.6806989075968006 0.21244293898448777 -0.7010827304050183
vn 0.8821102292269405 0.20012614059570993 -0.42641654675148444
vn 0.9825870152861702 0.18577286712869848 0.003346525033305181
vn 0.9354338988293283 0.18017195377062611 0.3041405727545035
vn 0.7241603563130813 0.17282213742969613 0.6676258586654222
vn -0.3837538412064959 0.042601762228210716 -0.9224522097183738
vn 0.7355699907287898 -0.04260176222821071 0.676107889758949
vn 0.9519836702103353 -0.026096194636365186 0.30503455587582345
vn 0.9998658411361726 -0.016146649399395245 -0.0027541681552040176
vn 0.8968271189479902 0.021643447542508295 -0.44185142287642615
vn 0.6897741543791398 0.008618932190577888 -0.7239732936776307
vn 0.3452877744356351 0.048371858102372725 -0.9372494418077879
vn 0.04042090765742751 0.08647699302856432 -0.9954335135512001
vn -0.368525948544696 -0.03482750034730432 -0.9289648381229456
vn 0.7250868737755436 -0.17369730103199582 0.6663919815638608
vn 0.9412060083301002 -0.1689729868531525 0.29253953510123
vn 0.9869333190282299 -0.16105910433877488 0.004752757253832619
vn 0.8825751753805525 -0.1376108128030552 -0.44958238844695586
vn 0.6971278213558574 -0.11110801505210656 -0.7082851189195046
vn 0.4231161740349691 -0.10218102474767024 -0.9002953634510875
vn 0.02257763012866926 -0.06449237881264547 -0.9976627605021946
vn -0.7180136479356972 0.08036401589005955 0.6913740133445103
vn -0.7306156078606341 0.12923104812569422 -0.6704477382695618
vn 0.039282947372767545 -0.9976519588588147 0.056101862989373294
vn 0.38446856611078395 0.04527210682947288 0.9220273087148443
vn -0.05458359952658539 0.9630071719084901 0.2638897828934148
vn -0.945813888736368 0.12337865789526284 -0.3003561130547423
vn 0.07787062373541491 -0.9967402070780225 0.02109799879416423
vn -0.03675536010864811 0.05569148411785448 0.9977712674255732
vn -0.4311279805989867 0.7788259471452345 0.45558622498706935
vn -0.0643619793935112 -0.9936843248036242 -0.09191843258082004
vn -0.038716562023975325 -0.9988203737131336 -0.029306806045691917
vn -0.9105277974624825 0.09598247243619328 0.4021523281458858
vn -0.5699499883475948 0.7802735685366026 0.25754644052235065
vn -0.2421210732317842 0.9702245528602033 -0.006457780137758913
vn 0.24196486703702563 0.7475021621655874 0.6186222762538757
vn -0.22943974811240972 0.6795439917724169 0.6968338146445847
vn -0.3410961300184908 0.06594974541034784 0.9377121419533391
vn -0.025019052760825257 -0.9990482215818578 -0.035730910330948384
vn -0.025019052760825257 -0.9990482215818578 -0.035730910330948384
vn 0.06957420769667423 -0.992616023299164 0.0993622660426671
vn 0.028598714157476904 -0.9986384817786631 0.04362678373827076
vn -0.9934432749786323 0.1141551001623998 0.006250800480134213
vn -0.698353241413569 0.7152379358791489 0.027155943852052618
vn -0.4527486060339483 0.8114305763701527 -0.36959318103276567
vn -0.6673276960675073 -0.6005805403225576 -0.44042792900439165
vn 0.3572374792141438 -0.35602553019080235 0.8634970789163577
vn -0.04981847462416278 -0.36093070918739273 0.9312610497339655
vn -0.3219591244596357 -0.35826628780158454 0.8763490110692527
vn -0.6774503435945546 -0.358816325081944 0.6421151585333496
vn -0.8572960984237104 -0.347277712597307 0.3800547196926597
vn -0.8900331140260581 -0.4230944806050775 0.16980022502516887
vn -0.8476573931558875 -0.5142846989760221 -0.130338759497349
vn -0.7133094433055168 0.25661864520456906 -0.6521782800926028
vn -0.9244604675806356 0.24902726093048883 -0.28871831807845344
vn -0.9718271023327294 0.235403517199193 0.011716111207212053
vn -0.891615006259916 0.2124429389844878 0.39986332450946716
vn -0.7023999493926156 0.20012614059570993 0.683069424687943
vn -0.33291984691904436 0.18577286712869845 0.9244743465159989
vn -0.03413858425028866 0.1801719537706262 0.983042534247558
vn 0.3796856639767862 0.17282213742969607 0.9088296349617668
vn -0.7355699907287898 0.04260176222821071 -0.676107889758949
vn 0.3837538412064959 -0.042601762228210716 0.9224522097183738
vn -0.038958870087816344 -0.026096194636365207 0.9988999925252686
vn -0.34456232978368234 -0.01614664939939527 0.9386245717043712
vn -0.7219374613216695 0.02164344754250824 0.6916197388152668
vn -0.9162290168580342 0.008618932190577865 0.40056223321133827
vn -0.998821758403567 0.04837185810237271 0.0039061852657533693
vn -0.9492262917973995 0.08647699302856432 -0.30247508432480164
vn -0.7468981056132235 -0.03482750034730432 -0.6640258014948943
vn 0.3782093111341871 -0.17369730103199585 0.9092782657611498
vn -0.047014171445274824 -0.16897298685315248 0.9844987543909027
vn -0.33308494430709956 -0.16105910433877493 0.9290394958157207
vn -0.7243277408382417 -0.1376108128030552 0.6755831466606101
vn -0.9040020570375695 -0.1111080150521066 0.41283809158436907
vn -0.990715164049603 -0.10218102474767027 0.08967999723285124
vn -0.9452183383693729 -0.06449237881264544 -0.3200047279108984
usemtl m_701f8fa9-a594-5a64-f97d-e0ac3fdd07fd
f 452/1549/408 453/1550/408 445/1551/408 446/1552/408
f 449/1553/409 412/1554/409 410/1555/409 442/1556/409
f 431/1557/410 405/1558/410 402/1559/410 424/1560/410
f 413/1561/411 450/1562/411 448/1563/411 411/1564/411
f 404/1565/412 428/1566/412 427/1567/412 403/1568/412
f 455/1569/413 449/1570/413 442/1571/413 443/1572/413
f 430/1573/414 431/1574/414 424/1575/414 425/1576/414
f 450/1577/415 451/1578/415 447/1579/415 448/1580/415
f 428/1581/416 429/1582/416 426/1583/416 427/1584/416
f 406/1585/417 463/1586/417 424/1587/417 402/1588/417
f 463/1589/418 432/1590/418 425/1591/418 424/1592/418
f 453/1593/419 454/1594/419 444/1595/419 445/1596/419
f 433/1597/420 434/1598/420 427/1599/420 426/1600/420
f 434/1601/421 407/1602/421 403/1603/421 427/1604/421
f 428/1605/422 404/1606/422 401/1607/422 423/1608/422
f 416/1609/423 429/1610/423 428/1611/423 423/1612/423
f 451/1613/424 452/1614/424 446/1615/424 447/1616/424
f 431/1617/425 430/1618/425 418/1619/425 422/1620/425
f 405/1621/426 431/1622/426 422/1623/426 400/1624/426
f 463/1625/427 406/1626/427 399/1627/427 421/1628/427
f 432/1629/428 463/1630/428 421/1631/428 419/1632/428
f 454/1633/429 455/1634/429 443/1635/429 444/1636/429
f 434/1637/430 433/1638/430 417/1639/430 420/1640/430
f 407/1641/431 434/1642/431 420/1643/431 398/1644/431
f 399/1645/432 414/1646/432 456/1647/432 421/1648/432
f 422/1649/433 457/1650/433 415/1651/433 400/1652/433
f 418/1653/434 458/1654/434 457/1655/434 422/1656/434
f 430/1657/435 459/1658/435 458/1659/435 418/1660/435
f 425/1661/436 460/1662/436 459/1663/436 430/1664/436
f 432/1665/437 461/1666/437 460/1667/437 425/1668/437
f 419/1669/438 462/1670/438 461/1671/438 432/1672/438
f 421/1673/439 456/1674/439 462/1675/439 419/1676/439
f 442/1677/440 410/1678/440 398/1679/440 420/1680/440
f 443/1681/441 442/1682/441 420/1683/441 417/1684/441
f 444/1685/442 443/1686/442 417/1687/442 433/1688/442
f 445/1689/443 444/1690/443 433/1691/443 426/1692/443
f 446/1693/444 445/1694/444 426/1695/444 429/1696/444
f 447/1697/445 446/1698/445 429/1699/445 416/1700/445
f 448/1701/446 447/1702/446 416/1703/446 423/1704/446
f 411/1705/447 448/1706/447 423/1707/447 401/1708/447
f 412/1709/448 449/1710/448 435/1711/448 408/1712/448
f 450/1713/449 413/1714/449 409/1715/449 436/1716/449
f 451/1717/450 450/1718/450 436/1719/450 437/1720/450
f 452/1721/451 451/1722/451 437/1723/451 438/1724/451
f 453/1725/452 452/1726/452 438/1727/452 439/1728/452
f 454/1729/453 453/1730/453 439/1731/453 440/1732/453
f 455/1733/454 454/1734/454 440/1735/454 441/1736/454
f 449/1737/455 455/1738/455 441/1739/455 435/1740/455
f 435/1741/456 456/1742/456 414/1743/456 408/1744/456
f 409/1745/457 415/1746/457 457/1747/457 436/1748/457
f 436/1749/458 457/1750/458 458/1751/458 437/1752/458
f 437/1753/459 458/1754/459 459/1755/459 438/1756/459
f 438/1757/460 459/1758/460 460/1759/460 439/1760/460
f 439/1761/461 460/1762/461 461/1763/461 440/1764/461
f 440/1765/462 461/1766/462 462/1767/462 441/1768/462
f 441/1769/463 462/1770/463 456/1771/463 435/1772/463
f 493/1773/464 501/1774/464 500/1775/464 494/1776/464
f 410/1777/465 412/1778/465 497/1779/465 490/1780/465
f 402/1781/466 405/1782/466 479/1783/466 472/1784/466
f 496/1785/467 498/1786/467 413/1787/467 411/1788/467
f 475/1789/468 476/1790/468 404/1791/468 403/1792/468
f 490/1793/469 497/1794/469 503/1795/469 491/1796/469
f 472/1797/470 479/1798/470 478/1799/470 473/1800/470
f 495/1801/471 499/1802/471 498/1803/471 496/1804/471
f 474/1805/472 477/1806/472 476/1807/472 475/1808/472
f 472/1809/473 511/1810/473 406/1811/473 402/1812/473
f 473/1813/474 480/1814/474 511/1815/474 472/1816/474
f 492/1817/475 502/1818/475 501/1819/475 493/1820/475
f 475/1821/476 482/1822/476 481/1823/476 474/1824/476
f 403/1825/477 407/1826/477 482/1827/477 475/1828/477
f 401/1829/478 404/1830/478 476/1831/478 471/1832/478
f 476/1833/479 477/1834/479 464/1835/479 471/1836/479
f 494/1837/480 500/1838/480 499/1839/480 495/1840/480
f 466/1841/481 478/1842/481 479/1843/481 470/1844/481
f 470/1845/482 479/1846/482 405/1847/482 400/1848/482
f 399/1849/483 406/1850/483 511/1851/483 469/1852/483
f 469/1853/484 511/1854/484 480/1855/484 467/1856/484
f 491/1857/485 503/1858/485 502/1859/485 492/1860/485
f 465/1861/486 481/1862/486 482/1863/486 468/1864/486
f 468/1865/487 482/1866/487 407/1867/487 398/1868/487
f 504/1869/488 414/1870/488 399/1871/488 469/1872/488
f 415/1873/489 505/1874/489 470/1875/489 400/1876/489
f 505/1877/490 506/1878/490 466/1879/490 470/1880/490
f 506/1881/491 507/1882/491 478/1883/491 466/1884/491
f 507/1885/492 508/1886/492 473/1887/492 478/1888/492
f 508/1889/493 509/1890/493 480/1891/493 473/1892/493
f 509/1893/494 510/1894/494 467/1895/494 480/1896/494
f 510/1897/495 504/1898/495 469/1899/495 467/1900/495
f 398/1901/496 410/1902/496 490/1903/496 468/1904/496
f 468/1905/497 490/1906/497 491/1907/497 465/1908/497
f 465/1909/498 491/1910/498 492/1911/498 481/1912/498
f 481/1913/499 492/1914/499 493/1915/499 474/1916/499
f 474/1917/500 493/1918/500 494/1919/500 477/1920/500
f 477/1921/501 494/1922/501 495/1923/501 464/1924/501
f 464/1925/502 495/1926/502 496/1927/502 471/1928/502
f 471/1929/503 496/1930/503 411/1931/503 401/1932/503
f 483/1933/504 497/1934/504 412/1935/504 408/1936/504
f 409/1937/505 413/1938/505 498/1939/505 484/1940/505
f 484/1941/506 498/1942/506 499/1943/506 485/1944/506
f 485/1945/507 499/1946/507 500/1947/507 486/1948/507
f 486/1949/508 500/1950/508 501/1951/508 487/1952/508
f 487/1953/509 501/1954/509 502/1955/509 488/1956/509
f 488/1957/510 502/1958/510 503/1959/510 489/1960/510
f 489/1961/511 503/1962/511 497/1963/511 483/1964/511
f 414/1965/512 504/1966/512 483/1967/512 408/1968/512
f 505/1969/513 415/1970/513 409/1971/513 484/1972/513
f 506/1973/514 505/1974/514 484/1975/514 485/1976/514
f 507/1977/515 506/1978/515 485/1979/515 486/1980/515
f 508/1981/516 507/1982/516 486/1983/516 487/1984/516
f 509/1985/517 508/1986/517 487/1987/517 488/1988/517
f 510/1989/518 509/1990/518 488/1991/518 489/1992/518
f 504/1993/519 510/1994/519 489/1995/519 483/1996/519
o Right Upper Arm
v 0.06987166837084229 0.8781947273317129 0.01534
v 0.06987166837084229 0.8781947273317129 -0.030965
v 0.1438434271139363 0.7687331070785233 0.01093
v 0.1438434271139363 0.7687331070785233 -0.026555
v 0.11485642277547581 0.9016123082519276 0.01534
v 0.11485642277547581 0.9016123082519276 -0.030965
v 0.17318131042130597 0.784005442461272 0.01093
v 0.17318131042130597 0.784005442461272 -0.026555
v 0.06048709375581671 0.8733094270036862 -0.0078125
v 0.12424099739050139 0.9064976085799543 -0.0078125
v 0.1793016851702357 0.7871915078925937 -0.0078125
v 0.13772305236500657 0.7655470416472016 -0.0078125
v 0.09236404557315904 0.8899035177918202 -0.040625
v 0.15851236876762115 0.7763692747698976 -0.034375
v 0.15851236876762115 0.7763692747698976 -0.0078125
v 0.15851236876762115 0.7763692747698976 0.01875
v 0.09236404557315904 0.8899035177918202 0.025
v 0.09236404557315904 0.8899035177918202 -0.0078125
v 0.1214173997192767 0.8374764196395025 0.021875
v 0.1409759885908565 0.8476579765613349 0.013135
v 0.14913648825609613 0.8519060638030972 -0.0078125
v 0.1409759885908565 0.8476579765613349 -0.02876
v 0.1214173997192767 0.8374764196395025 -0.0375
v 0.10740262855506079 0.8301807915503889 -0.02876
v 0.09924212888982115 0.8259327043086265 -0.0078125
v 0.10740262855506079 0.8301807915503889 0.013135
vt 0.10061875 0.763690625
vt 0.1007265625 0.7815593750000001
vt 0.0950078125 0.7815593750000001
vt 0.0956359375 0.763671875
vt 0.00999375 0.7320296875000001
vt 0.005859375 0.733984375
vt 0.005859375 0.72734375
vt 0.01171875 0.72734375
vt 0.2253953125 0.841796875
vt 0.225384375 0.8596390625
vt 0.2194546875 0.8596390625
vt 0.22083125 0.84180625
vt 0.2235046875 0.9043015625
vt 0.22488125 0.9221375
vt 0.2189515625 0.9221375
vt 0.218940625 0.904296875
vt 0.2562078125 0.904296875
vt 0.256521875 0.92214375
vt 0.2508015625 0.92214375
vt 0.2512234375 0.904309375
vt 0.04686640625 0.935084375
vt 0.04052734375 0.9375
vt 0.04052734375 0.929296875
vt 0.04951171875 0.929296875
vt 0.2556125 0.9668046875
vt 0.256034375 0.9846421875
vt 0.2503140625 0.9846421875
vt 0.250628125 0.966796875
vt 0.01171875 0.72734375
vt 0.005859375 0.72734375
vt 0.005859375 0.720703125
vt 0.00999375 0.7226578125
vt 0.0371765625 0.763671875
vt 0.0378046875 0.7815624999999999
vt 0.0320859375 0.7815624999999999
vt 0.03219375 0.7636968749999999
vt 0.03154296875 0.929296875
vt 0.04052734375 0.929296875
vt 0.04052734375 0.9375
vt 0.03418828125 0.935084375
vt 0.19255 0.7793125
vt 0.193146875 0.797171875
vt 0.1886328125 0.797171875
vt 0.1879859375 0.779296875
vt 0.001725 0.7226578125
vt 0.005859375 0.720703125
vt 0.005859375 0.72734375
vt 0 0.72734375
vt 0 0.72734375
vt 0.005859375 0.72734375
vt 0.005859375 0.733984375
vt 0.001725 0.7320296875000001
vt 0.1948265625 0.841796875
vt 0.1941796875 0.8596734375
vt 0.189665625 0.8596734375
vt 0.1902625 0.8418171875
vt 0.03418828125 0.923509375
vt 0.04052734375 0.92109375
vt 0.04052734375 0.929296875
vt 0.03154296875 0.929296875
vt 0.04951171875 0.929296875
vt 0.04052734375 0.929296875
vt 0.04052734375 0.92109375
vt 0.04686640625 0.923509375
vt 0.218803125 0.8746296875
vt 0.2194546875 0.8596390625
vt 0.225384375 0.8596390625
vt 0.2255859375 0.8746328125
vt 0.250471875 0.9371359375
vt 0.2508015625 0.92214375
vt 0.256521875 0.92214375
vt 0.2568359375 0.9371390625
vt 0.25 0.9996390625
vt 0.2503140625 0.9846421875
vt 0.256034375 0.9846421875
vt 0.2563640625 0.999634375
vt 0.21875 0.9371328125
vt 0.2189515625 0.9221375
vt 0.22488125 0.9221375
vt 0.2255328125 0.937128125
vt 0.188596875 0.812178125
vt 0.1886328125 0.797171875
vt 0.193146875 0.797171875
vt 0.1953125 0.8122328125
vt 0.0326984375 0.7967953125
vt 0.0320859375 0.7815624999999999
vt 0.0378046875 0.7815624999999999
vt 0.0390625 0.7968125
vt 0.09375 0.796809375
vt 0.0950078125 0.7815593750000001
vt 0.1007265625 0.7815593750000001
vt 0.1001140625 0.7967921875
vt 0.1875 0.874765625
vt 0.189665625 0.8596734375
vt 0.1941796875 0.8596734375
vt 0.194215625 0.87465
vn -0.7814291782085134 -0.47781809323864305 0.4013207061916378
vn 0.4617486132350339 -0.8870108331782217 0
vn 0.3418978892232215 0.1407988111239707 0.9291294463802029
vn 0.33442587165889553 0.1554777826758456 -0.9295084698158435
vn 0.8299897343872135 0.3868805622204863 0.40179655472366016
vn -0.4617486132350339 0.8870108331782217 0
vn 0.8225471614724938 0.40224568288652435 -0.40201315619354655
vn 0.4617486132350339 -0.8870108331782217 0
vn -0.7726105761769734 -0.49234813609120687 -0.4008318980158638
vn -0.4617486132350339 0.8870108331782217 0
vn -0.40389959755961446 -0.27088252756337067 -0.8737778730043816
vn 0.4617486132350339 -0.8870108331782217 0
vn 0.4617486132350339 -0.8870108331782217 0
vn -0.3959897715933418 -0.28502458250626206 0.8728992428456929
vn -0.4617486132350339 0.8870108331782217 0
vn -0.4617486132350339 0.8870108331782217 0
vn 0.34453721368444884 0.13556051614857817 0.9289335039969695
vn 0.8305672698284371 0.38566215431092904 0.4017744554124735
vn 0.8332354498936412 0.37998202132779313 -0.4016619829012776
vn 0.34724808557993786 0.1301506363993793 -0.9286977866377765
vn -0.40176923383553464 -0.2747172362549081 -0.8735627755620501
vn -0.7147514529220409 -0.5768581836048059 -0.3954301411804567
vn -0.7110838185025796 -0.5816797110823207 0.39497913461216944
vn -0.37025662608421883 -0.32930752759828186 0.8686003586850732
usemtl m_939b02b2-df4c-255e-486f-2d355257d222
f 514/1997/520 537/1998/520 536/1999/520 523/2000/520
f 518/2001/521 527/2002/521 526/2003/521 522/2004/521
f 518/2005/522 531/2006/522 530/2007/522 527/2008/522
f 525/2009/523 534/2010/523 533/2011/523 519/2012/523
f 522/2013/524 532/2014/524 531/2015/524 518/2016/524
f 517/2017/525 524/2018/525 529/2019/525 521/2020/525
f 519/2021/526 533/2022/526 532/2023/526 522/2024/526
f 522/2025/527 526/2026/527 525/2027/527 519/2028/527
f 523/2029/528 536/2030/528 535/2031/528 515/2032/528
f 520/2033/529 529/2034/529 524/2035/529 513/2036/529
f 515/2037/530 535/2038/530 534/2039/530 525/2040/530
f 515/2041/531 525/2042/531 526/2043/531 523/2044/531
f 523/2045/532 526/2046/532 527/2047/532 514/2048/532
f 527/2049/533 530/2050/533 537/2051/533 514/2052/533
f 512/2053/534 528/2054/534 529/2055/534 520/2056/534
f 521/2057/535 529/2058/535 528/2059/535 516/2060/535
f 528/2061/536 530/2062/536 531/2063/536 516/2064/536
f 516/2065/537 531/2066/537 532/2067/537 521/2068/537
f 521/2069/538 532/2070/538 533/2071/538 517/2072/538
f 517/2073/539 533/2074/539 534/2075/539 524/2076/539
f 524/2077/540 534/2078/540 535/2079/540 513/2080/540
f 513/2081/541 535/2082/541 536/2083/541 520/2084/541
f 520/2085/542 536/2086/542 537/2087/542 512/2088/542
f 512/2089/543 537/2090/543 530/2091/543 528/2092/543
o sphere
v 0.10679368973675382 0.8621844292550008 -0.0078125
v 0.0779344014095642 0.9176226063286397 -0.0078125
v 0.09802669608178582 0.9177629250225636 0.008511874999999999
v 0.11480209336194361 0.901584026149367 0.01527375
v 0.11843309885794162 0.8785625900137936 0.008511874999999999
v 0.10459889197386571 0.9211841936537519 -0.0078125
v 0.12409574936656842 0.906421997244537 -0.0078125
v 0.1250052947500215 0.881983858644982 -0.0078125
v 0.09802669608178582 0.9177629250225636 -0.024136875
v 0.11480209336194361 0.901584026149367 -0.03089875
v 0.11843309885794162 0.8785625900137936 -0.024136875
v 0.08216084418508113 0.9095036852962052 -0.03089875
v 0.09236404557315901 0.8899035177918202 -0.04046125
v 0.10256724696123691 0.8703033502874352 -0.03089875
v 0.08216084418508113 0.9095036852962052 0.01527375
v 0.09236404557315901 0.8899035177918202 0.024836249999999997
v 0.10256724696123691 0.8703033502874352 0.01527375
v 0.06629499228837642 0.9012444455698468 0.008511874999999999
v 0.06992599778437443 0.8782230094342734 0.01527375
v 0.0867013950645322 0.8620441105610768 0.008511874999999999
v 0.05972279639629653 0.8978231769386585 -0.0078125
v 0.060632341779749604 0.8733850383391034 -0.0078125
v 0.08012919917245231 0.8586228419298885 -0.0078125
v 0.06629499228837642 0.9012444455698468 -0.024136875
v 0.06992599778437443 0.8782230094342734 -0.03089875
v 0.0867013950645322 0.8620441105610768 -0.024136875
vt 0.34375 0.69942921875
vt 0.343940625 0.6949520312499999
vt 0.35002078125 0.6978275
vt 0.032521875 0.671875
vt 0.031746875 0.65625
vt 0.0380859375 0.65625
vt 0.037003125 0.671875
vt 0.1254984375 0.671875
vt 0.126271875 0.65625
vt 0.130753125 0.65625
vt 0.1318359375 0.671875
vt 0.343940625 0.7308292187500001
vt 0.34375 0.72635203125
vt 0.35002078125 0.72795375
vt 0.343940625 0.6949520312499999
vt 0.34728046875 0.6919640625
vt 0.35002078125 0.6978275
vt 0.0010828125 0.671875
vt 0 0.65625
vt 0.0063390625 0.65625
vt 0.0055640625 0.671875
vt 0.09375 0.671875
vt 0.0948328125 0.65625
vt 0.0993140625 0.65625
vt 0.1000875 0.671875
vt 0.34728046875 0.7338171875
vt 0.343940625 0.7308292187500001
vt 0.35002078125 0.72795375
vt 0.34728046875 0.6919640625
vt 0.35206171875 0.6919640625
vt 0.35002109375 0.697828125
vt 0.094884375 0.703125
vt 0.09375 0.6875
vt 0.1005109375 0.6875
vt 0.099665625 0.703125
vt 0.21875 0.703125
vt 0.219884375 0.6875
vt 0.224665625 0.6875
vt 0.2255109375 0.703125
vt 0.35206171875 0.7338171875
vt 0.34728046875 0.7338171875
vt 0.35002109375 0.727953125
vt 0.0317278125 0.629464375
vt 0.0365075 0.629464375
vt 0.0337684375 0.6353268750000001
vt 0.157171875 0.6875
vt 0.1563265625 0.671875
vt 0.1630859375 0.671875
vt 0.1619515625 0.6875
vt 0.281325 0.75
vt 0.282171875 0.734375
vt 0.2869515625 0.734375
vt 0.2880859375 0.75
vt 0.3490075 0.671316875
vt 0.3442278125 0.671316875
vt 0.3462684375 0.6654543749999999
vt 0.3467834375 0.703125
vt 0.34375 0.69942921875
vt 0.3500215625 0.6978271875
vt 0.0634203125 0.703125
vt 0.062575 0.6875
vt 0.0693359375 0.6875
vt 0.0682015625 0.703125
vt 0.187575 0.703125
vt 0.1884203125 0.6875
vt 0.1932015625 0.6875
vt 0.1943359375 0.703125
vt 0.34375 0.72635203125
vt 0.3467834375 0.72265625
vt 0.3500215625 0.7279540625
vt 0.0400390625 0.63692984375
vt 0.03700734375 0.640625
vt 0.033769375 0.63532890625
vt 0.3125 0.8125
vt 0.319259375 0.8125
vt 0.3184140625 0.828125
vt 0.313634375 0.828125
vt 0.282384375 0.703125
vt 0.2871640625 0.703125
vt 0.2880109375 0.71875
vt 0.28125 0.71875
vt 0.34950734375 0.66015625
vt 0.3525390625 0.66385140625
vt 0.346269375 0.66545234375
vt 0.03984703125 0.63245265625
vt 0.0400390625 0.63692984375
vt 0.0337678125 0.6353284375
vt 0.25 0.65625
vt 0.2563375 0.65625
vt 0.2555640625 0.671875
vt 0.2510828125 0.671875
vt 0.3448328125 0.921875
vt 0.3493140625 0.921875
vt 0.3500875 0.9375
vt 0.34375 0.9375
vt 0.3525390625 0.66385140625
vt 0.35234703125 0.66832859375
vt 0.3462678125 0.6654528125
vt 0.0365075 0.629464375
vt 0.03984703125 0.63245265625
vt 0.0337678125 0.6353284375
vt 0.2192484375 0.65625
vt 0.2255859375 0.65625
vt 0.224503125 0.671875
vt 0.220021875 0.671875
vt 0.345021875 0.984375
vt 0.349503125 0.984375
vt 0.3505859375 1
vt 0.3442484375 1
vt 0.35234703125 0.66832859375
vt 0.3490075 0.671316875
vt 0.3462678125 0.6654528125
vn -0.1308435224978253 0.9795845370527898 0.15262407210998166
vn 0.558491293774105 0.7376548727742034 0.37941107449704226
vn 0.9245774944149543 0.03437755847244761 0.37943990340347505
vn 0.7273799147267579 -0.6690473468033945 0.1526240721099817
vn -0.1308435224978253 0.9795845370527898 -0.15262407210998166
vn 0.5585092561729638 0.7376392386509251 -0.37941502918520054
vn 0.9245739531818151 0.03441104842546344 -0.37944549653937293
vn 0.7273799147267579 -0.6690473468033945 -0.1526240721099817
vn -0.302730677654871 0.8803984191209616 -0.3650380259862451
vn 0.11746722206757487 0.4841762987717926 -0.8670494584782202
vn 0.4640013298151663 -0.18148536895652698 -0.8670443049720531
vn 0.5475409815483141 -0.752958241278475 -0.36503802598624513
vn -0.5475409815483141 0.7529582412784753 -0.3650380259862451
vn -0.46398738438400966 0.18147991446414494 -0.8670529094458839
vn -0.11748370625295304 -0.48417278821918297 -0.8670491854059561
vn 0.3027306776548709 -0.8803984191209615 -0.36503802598624513
vn -0.302730677654871 0.8803984191209616 0.3650380259862451
vn 0.11747258751612757 0.4841688170501006 0.8670529094458839
vn 0.46399701482072675 -0.1814730842971549 0.8670491854059561
vn 0.5475409815483141 -0.752958241278475 0.36503802598624513
vn -0.5475409815483141 0.7529582412784753 0.3650380259862451
vn -0.46398738438400966 0.18147991446414494 0.8670529094458839
vn -0.11748370625295301 -0.4841727882191831 0.8670491854059561
vn 0.3027306776548709 -0.8803984191209615 0.36503802598624513
vn -0.7273799147267578 0.6690473468033947 0.15262407210998166
vn -0.9245889430287613 -0.03438783182984995 0.3794110744970426
vn -0.5584763116772785 -0.7376513871745276 0.37943990340347516
vn 0.1308435224978251 -0.9795845370527897 0.1526240721099817
vn -0.7273799147267578 0.6690473468033947 -0.15262407210998166
vn -0.9245864391134428 -0.03441151313031072 -0.37941502918520076
vn -0.5585017138728703 -0.737629277318258 -0.379445496539373
vn 0.1308435224978251 -0.9795845370527897 -0.1526240721099817
usemtl m_939b02b2-df4c-255e-486f-2d355257d222
f 540/2093/544 543/2094/544 539/2095/544
f 540/2096/545 541/2097/545 544/2098/545 543/2099/545
f 541/2100/546 542/2101/546 545/2102/546 544/2103/546
f 545/2104/547 542/2105/547 538/2106/547
f 543/2107/548 546/2108/548 539/2109/548
f 543/2110/549 544/2111/549 547/2112/549 546/2113/549
f 544/2114/550 545/2115/550 548/2116/550 547/2117/550
f 548/2118/551 545/2119/551 538/2120/551
f 546/2121/552 549/2122/552 539/2123/552
f 546/2124/553 547/2125/553 550/2126/553 549/2127/553
f 547/2128/554 548/2129/554 551/2130/554 550/2131/554
f 551/2132/555 548/2133/555 538/2134/555
f 549/2135/556 561/2136/556 539/2137/556
f 549/2138/557 550/2139/557 562/2140/557 561/2141/557
f 550/2142/558 551/2143/558 563/2144/558 562/2145/558
f 563/2146/559 551/2147/559 538/2148/559
f 552/2149/560 540/2150/560 539/2151/560
f 552/2152/561 553/2153/561 541/2154/561 540/2155/561
f 553/2156/562 554/2157/562 542/2158/562 541/2159/562
f 542/2160/563 554/2161/563 538/2162/563
f 555/2163/564 552/2164/564 539/2165/564
f 556/2166/565 553/2167/565 552/2168/565 555/2169/565
f 557/2170/566 554/2171/566 553/2172/566 556/2173/566
f 554/2174/567 557/2175/567 538/2176/567
f 558/2177/568 555/2178/568 539/2179/568
f 559/2180/569 556/2181/569 555/2182/569 558/2183/569
f 560/2184/570 557/2185/570 556/2186/570 559/2187/570
f 557/2188/571 560/2189/571 538/2190/571
f 561/2191/572 558/2192/572 539/2193/572
f 562/2194/573 559/2195/573 558/2196/573 561/2197/573
f 563/2198/574 560/2199/574 559/2200/574 562/2201/574
f 560/2202/575 563/2203/575 538/2204/575
o sphere
v 0.17005608409849693 0.7541940039404421 -0.0078125
v 0.14408272460402627 0.8040883633067171 -0.0078125
v 0.15863120156888402 0.8013427531679221 0.005386874999999999
v 0.17310979517288094 0.78396821397933 0.010854375
v 0.17615167551232083 0.767686235866516 0.005386874999999999
v 0.16290659378480304 0.803568381483715 -0.0078125
v 0.17915643714630272 0.7871158965571765 -0.0078125
v 0.18042706772823985 0.7699118641823088 -0.0078125
v 0.15863120156888402 0.8013427531679221 -0.021011875
v 0.17310979517288094 0.78396821397933 -0.026479375
v 0.17615167551232083 0.767686235866516 -0.021011875
v 0.1483091673795432 0.7959694422742827 -0.026479375
v 0.1585123687676211 0.7763692747698977 -0.03421125
v 0.16582964132298 0.7623129249728765 -0.026479375
v 0.1483091673795432 0.7959694422742827 0.010854375
v 0.1585123687676211 0.7763692747698977 0.01858625
v 0.16582964132298 0.7623129249728765 0.010854375
v 0.1379871331902024 0.7905961313806432 0.005386874999999999
v 0.14391494236236124 0.7687703355604654 0.010854375
v 0.1555076071336392 0.7569396140792372 0.005386874999999999
v 0.13371174097428334 0.7883705030648505 -0.0078125
v 0.13786830038893944 0.7656226529826188 -0.0078125
v 0.15123221491772018 0.7547139857634443 -0.0078125
v 0.1379871331902024 0.7905961313806432 -0.021011875
v 0.14391494236236124 0.7687703355604654 -0.026479375
v 0.1555076071336392 0.7569396140792372 -0.021011875
vt 0.5 0.9375
vt 0.50094875 0.93411640625
vt 0.50489171875 0.93668734375
vt 0.0955109375 0.640625
vt 0.094640625 0.625
vt 0.099609375 0.625
vt 0.099025 0.640625
vt 0.219640625 0.640625
vt 0.2205109375 0.625
vt 0.224025 0.625
vt 0.224609375 0.640625
vt 0.2196996875 0.51314890625
vt 0.21875 0.509765625
vt 0.2236434375 0.5105765625
vt 0.50094875 0.93411640625
vt 0.5036621875 0.93188359375
vt 0.50489171875 0.93668734375
vt 0.188084375 0.640625
vt 0.1875 0.625
vt 0.19246875 0.625
vt 0.1915984375 0.640625
vt 0.375 1
vt 0.375584375 0.984375
vt 0.3790984375 0.984375
vt 0.37996875 1
vt 0.222413125 0.51538171875
vt 0.2196996875 0.51314890625
vt 0.2236434375 0.5105765625
vt 0.5036621875 0.93188359375
vt 0.5068778125 0.93188359375
vt 0.504891875 0.93668828125
vt 0.406759375 0.84375
vt 0.40625 0.828125
vt 0.410796875 0.828125
vt 0.4099734375 0.84375
vt 0.40625 0.71875
vt 0.406759375 0.703125
vt 0.409975 0.703125
vt 0.410796875 0.71875
vt 0.22562875 0.51538171875
vt 0.222413125 0.51538171875
vt 0.2236428125 0.51057859375
vt 0.50093546875 0.83813359375
vt 0.50415109375 0.83813359375
vt 0.50291984375 0.84293828125
vt 0.4074078125 0.90625
vt 0.4065859375 0.890625
vt 0.4111328125 0.890625
vt 0.4106234375 0.90625
vt 0.4065859375 0.78125
vt 0.4074078125 0.765625
vt 0.4106234375 0.765625
vt 0.4111328125 0.78125
vt 0.50415296875 0.749758125
vt 0.50093734375 0.749758125
vt 0.50292171875 0.744955
vt 0.438190625 0.30769531250000004
vt 0.44140625 0.30769531250000004
vt 0.4401765625 0.3125
vt 0.407409375 0.875
vt 0.4065859375 0.859375
vt 0.4111328125 0.859375
vt 0.4106234375 0.875
vt 0.4065859375 0.75
vt 0.4074078125 0.734375
vt 0.4106234375 0.734375
vt 0.4111328125 0.75
vt 0.50390625 0.3124203125
vt 0.500690625 0.3124203125
vt 0.5026765625 0.3076171875
vt 0.375 0.30769531250000004
vt 0.378215625 0.30769531250000004
vt 0.37623125 0.3125
vt 0.15625 0.578125
vt 0.160796875 0.578125
vt 0.159975 0.59375
vt 0.156759375 0.59375
vt 0.281759375 0.578125
vt 0.284975 0.578125
vt 0.285796875 0.59375
vt 0.28125 0.59375
vt 0.690715625 0.4999203125
vt 0.6875 0.4999203125
vt 0.68873125 0.4951171875
vt 0.50686484375 0.8403660937499999
vt 0.5078125 0.84375
vt 0.50292 0.8429378125
vt 0.125 0.625
vt 0.12996875 0.625
vt 0.1290984375 0.640625
vt 0.125584375 0.640625
vt 0.250584375 0.625
vt 0.2540984375 0.625
vt 0.25496875 0.640625
vt 0.25 0.640625
vt 0.5078125 0.744140625
vt 0.50686625 0.74752484375
vt 0.502921875 0.7449553125
vt 0.50415109375 0.83813359375
vt 0.50686484375 0.8403660937499999
vt 0.50292 0.8429378125
vt 0.360265625 0.796875
vt 0.365234375 0.796875
vt 0.36465 0.8125
vt 0.3611359375 0.8125
vt 0.3455109375 0.625
vt 0.349025 0.625
vt 0.349609375 0.640625
vt 0.344640625 0.640625
vt 0.50686625 0.74752484375
vt 0.50415296875 0.749758125
vt 0.502921875 0.7449553125
vn 0.027188046328719857 0.9842348419372305 0.17476437295290628
vn 0.6717553362069784 0.6634692793529942 0.3294742533677984
vn 0.9455028768728113 0.06984751012552548 0.3180340157192339
vn 0.8218324055579092 -0.5422627694404973 0.17476437295290623
vn 0.027188046328719857 0.9842348419372305 -0.17476437295290628
vn 0.6717494449059992 0.6634756577281061 -0.32947342058311624
vn 0.9455047357758675 0.0698317235439665 -0.31803195596085354
vn 0.8218324055579092 -0.5422627694404973 -0.17476437295290623
vn -0.22631729189597127 0.8734434449336483 -0.4311345867490971
vn 0.22017029391755955 0.45499710305048185 -0.8628456860249838
vn 0.531582876767622 -0.17870946565007373 -0.8279387489509863
vn 0.5856727177179067 -0.6863748508137567 -0.431134586749097
vn -0.5856727177179067 0.6863748508137565 -0.4311345867490971
vn -0.4989940105595896 0.08061632272323879 -0.862847602961403
vn -0.1585205086681016 -0.5379414142008916 -0.8279434058069133
vn 0.22631729189597133 -0.8734434449336483 -0.4311345867490969
vn -0.22631729189597127 0.8734434449336483 0.4311345867490971
vn 0.22017418077548354 0.4549915869371717 0.862847602961403
vn 0.5315794376007765 -0.1786981205857832 0.8279434058069135
vn 0.5856727177179067 -0.6863748508137567 0.431134586749097
vn -0.5856727177179067 0.6863748508137565 0.4311345867490971
vn -0.4989940105595896 0.08061632272323879 0.862847602961403
vn -0.1585205086681017 -0.5379414142008916 0.8279434058069133
vn 0.22631729189597133 -0.8734434449336483 0.4311345867490969
vn -0.8218324055579094 0.5422627694404971 0.17476437295290634
vn -0.9287852483463469 -0.16971941203629806 0.3294742533677984
vn -0.5995339013841893 -0.734447728525694 0.31803401571923395
vn -0.027188046328719635 -0.9842348419372305 0.17476437295290626
vn -0.8218324055579094 0.5422627694404972 -0.17476437295290634
vn -0.9287870940939379 -0.1697109276793911 -0.32947342058311624
vn -0.5995220359966235 -0.734458306061125 -0.31803195596085365
vn -0.02718804632871963 -0.9842348419372304 -0.17476437295290628
usemtl m_939b02b2-df4c-255e-486f-2d355257d222
f 566/2205/576 569/2206/576 565/2207/576
f 566/2208/577 567/2209/577 570/2210/577 569/2211/577
f 567/2212/578 568/2213/578 571/2214/578 570/2215/578
f 571/2216/579 568/2217/579 564/2218/579
f 569/2219/580 572/2220/580 565/2221/580
f 569/2222/581 570/2223/581 573/2224/581 572/2225/581
f 570/2226/582 571/2227/582 574/2228/582 573/2229/582
f 574/2230/583 571/2231/583 564/2232/583
f 572/2233/584 575/2234/584 565/2235/584
f 572/2236/585 573/2237/585 576/2238/585 575/2239/585
f 573/2240/586 574/2241/586 577/2242/586 576/2243/586
f 577/2244/587 574/2245/587 564/2246/587
f 575/2247/588 587/2248/588 565/2249/588
f 575/2250/589 576/2251/589 588/2252/589 587/2253/589
f 576/2254/590 577/2255/590 589/2256/590 588/2257/590
f 589/2258/591 577/2259/591 564/2260/591
f 578/2261/592 566/2262/592 565/2263/592
f 578/2264/593 579/2265/593 567/2266/593 566/2267/593
f 579/2268/594 580/2269/594 568/2270/594 567/2271/594
f 568/2272/595 580/2273/595 564/2274/595
f 581/2275/596 578/2276/596 565/2277/596
f 582/2278/597 579/2279/597 578/2280/597 581/2281/597
f 583/2282/598 580/2283/598 579/2284/598 582/2285/598
f 580/2286/599 583/2287/599 564/2288/599
f 584/2289/600 581/2290/600 565/2291/600
f 585/2292/601 582/2293/601 581/2294/601 584/2295/601
f 586/2296/602 583/2297/602 582/2298/602 585/2299/602
f 583/2300/603 586/2301/603 564/2302/603
f 587/2303/604 584/2304/604 565/2305/604
f 588/2306/605 585/2307/605 584/2308/605 587/2309/605
f 589/2310/606 586/2311/606 585/2312/606 588/2313/606
f 586/2314/607 589/2315/607 564/2316/607
o Right Lower Arm
v 0.14326667372842722 0.7682722723549946 0.01093
v 0.14326667372842722 0.7682722723549946 -0.026555
v 0.15166053310034822 0.6560315790889406 0.00652
v 0.15166053310034822 0.6560315790889406 -0.022145
v 0.17631019365724718 0.7697149835921031 0.01093
v 0.17631019365724718 0.7697149835921031 -0.026555
v 0.1714866450576402 0.6568972058312057 0.00652
v 0.1714866450576402 0.6568972058312057 -0.022145
v 0.13637324099951242 0.7679712985821738 -0.0078125
v 0.183203626386162 0.7700159573649239 -0.0078125
v 0.17562270469498908 0.6570777900948982 -0.0078125
v 0.14752447346299932 0.6558509948252481 -0.0078125
v 0.1597884336928372 0.7689936279735489 -0.034375
v 0.16157358907899422 0.6564643924600732 -0.028125
v 0.16157358907899422 0.6564643924600732 -0.0078125
v 0.16157358907899422 0.6564643924600732 0.0125
v 0.1597884336928372 0.7689936279735489 0.01875
v 0.1597884336928372 0.7689936279735489 -0.0078125
vt 0.1924921875 0.75
vt 0.1875 0.75
vt 0.1880390625 0.71875
vt 0.191759375 0.71875
vt 0.4126375 0.99791875
vt 0.41015625 0.9994140625
vt 0.41015625 0.9943359375
vt 0.413671875 0.9943359375
vt 0.3125 0.9482421875
vt 0.3125 0.9528156249999999
vt 0.28125 0.9528156249999999
vt 0.28125 0.949934375
vt 0 0.99834515625
vt 0 0.984375
vt 0.03125 0.984375
vt 0.03125 1
vt 0.2512625 0.734375
vt 0.2549921875 0.734375
vt 0.255859375 0.765625
vt 0.250878125 0.7655875
vt 0.04124375 0.7324203125
vt 0.037109375 0.734375
vt 0.037109375 0.727734375
vt 0.04296875 0.727734375
vt 0.28624015625 0.87392515625
vt 0.28125 0.874115625
vt 0.28125 0.84581703125
vt 0.28496875 0.845703125
vt 0.413671875 0.9943359375
vt 0.41015625 0.9943359375
vt 0.41015625 0.9892578125
vt 0.4126375 0.990753125
vt 0.2204453125 0.71875
vt 0.224175 0.71875
vt 0.224609375 0.75
vt 0.219628125 0.7499796875
vt 0.03125 0.727734375
vt 0.037109375 0.727734375
vt 0.037109375 0.734375
vt 0.032975 0.7324203125
vt 0.3095703125 0.7763671875
vt 0.30955046875 0.7809406249999999
vt 0.28141140625 0.77944515625
vt 0.28141140625 0.77656234375
vt 0.407675 0.990753125
vt 0.41015625 0.9892578125
vt 0.41015625 0.9943359375
vt 0.406640625 0.9943359375
vt 0.406640625 0.9943359375
vt 0.41015625 0.9943359375
vt 0.41015625 0.9994140625
vt 0.407675 0.99791875
vt 0.125178125 0.6875
vt 0.128075 0.6875
vt 0.12955 0.71875
vt 0.125 0.71875
vt 0.032975 0.7230484374999999
vt 0.037109375 0.72109375
vt 0.037109375 0.727734375
vt 0.03125 0.727734375
vt 0.04296875 0.727734375
vt 0.037109375 0.727734375
vt 0.037109375 0.72109375
vt 0.04124375 0.7230484374999999
vn -0.9339907250778677 -0.09289261039341999 0.34501056274093284
vn 0.04361938736533599 -0.9990482215818577 0
vn 0.42895670320744694 -0.043309053476494365 0.9022862476289709
vn 0.5173953941960445 -0.03927112242553686 -0.8548448894437858
vn 0.9590164795438757 -0.06437353294908665 0.275941008585031
vn -0.04361938736533599 0.9990482215818577 0
vn 0.9370015978180019 -0.06289579430290113 -0.34361624633523746
vn 0.04361938736533599 -0.9990482215818577 0
vn -0.9561197081060069 -0.09509350912147121 -0.2771142874235264
vn -0.04361938736533599 0.9990482215818577 0
vn -0.4250890647410824 -0.05691722228684813 -0.9033602364752953
vn 0.04361938736533599 -0.9990482215818577 0
vn 0.04361938736533599 -0.9990482215818577 0
vn -0.5139513846930028 -0.055697000000132446 0.8560092396482238
vn -0.04361938736533599 0.9990482215818577 0
vn -0.04361938736533599 0.9990482215818577 0
usemtl m_939b02b2-df4c-255e-486f-2d355257d222
f 590/2317/608 598/2318/608 601/2319/608 592/2320/608
f 596/2321/609 605/2322/609 604/2323/609 600/2324/609
f 594/2325/610 606/2326/610 605/2327/610 596/2328/610
f 597/2329/611 603/2330/611 602/2331/611 595/2332/611
f 596/2333/612 600/2334/612 599/2335/612 594/2336/612
f 595/2337/613 602/2338/613 607/2339/613 599/2340/613
f 595/2341/614 599/2342/614 600/2343/614 597/2344/614
f 600/2345/615 604/2346/615 603/2347/615 597/2348/615
f 593/2349/616 601/2350/616 598/2351/616 591/2352/616
f 598/2353/617 607/2354/617 602/2355/617 591/2356/617
f 591/2357/618 602/2358/618 603/2359/618 593/2360/618
f 593/2361/619 603/2362/619 604/2363/619 601/2364/619
f 601/2365/620 604/2366/620 605/2367/620 592/2368/620
f 592/2369/621 605/2370/621 606/2371/621 590/2372/621
f 590/2373/622 606/2374/622 607/2375/622 598/2376/622
f 599/2377/623 607/2378/623 606/2379/623 594/2380/623
o sphere
v 0.16115153954800396 0.7377733710491158 -0.0078125
v 0.15869794900870382 0.7939698335130954 -0.0078125
v 0.17072300198720253 0.7853330136182759 0.005386874999999999
v 0.17622964539438216 0.7697114667789968 0.010854375
v 0.172378085116546 0.7474253776606292 0.005386874999999999
v 0.1755384144152271 0.7855432590653768 -0.0078125
v 0.18304003223987797 0.7700088146902428 -0.0078125
v 0.17719349754457056 0.7476356231077301 -0.0078125
v 0.17072300198720253 0.7853330136182759 -0.021011875
v 0.17622964539438216 0.7697114667789968 -0.026479375
v 0.172378085116546 0.7474253776606292 -0.021011875
v 0.15909720271368216 0.7848254202599289 -0.026479375
v 0.1597884336928372 0.7689936279735489 -0.03421125
v 0.16075228584302562 0.7469177843022823 -0.026479375
v 0.15909720271368216 0.7848254202599289 0.010854375
v 0.1597884336928372 0.7689936279735489 0.01858625
v 0.16075228584302562 0.7469177843022823 0.010854375
v 0.14747140344016177 0.7843178269015819 0.005386874999999999
v 0.1433472219912923 0.7682757891681009 0.010854375
v 0.14912648656950525 0.7464101909439352 0.005386874999999999
v 0.14265599101213722 0.784107581454481 -0.0078125
v 0.13653683514579645 0.7679784412568549 -0.0078125
v 0.1443110741414807 0.7461999454968343 -0.0078125
v 0.14747140344016177 0.7843178269015819 -0.021011875
v 0.1433472219912923 0.7682757891681009 -0.026479375
v 0.14912648656950525 0.7464101909439352 -0.021011875
vt 0.1875 0.515625
vt 0.1884496875 0.51224171875
vt 0.1923934375 0.5148140625
vt 0.3767609375 0.84375
vt 0.375890625 0.828125
vt 0.380859375 0.828125
vt 0.380275 0.84375
vt 0.375890625 0.9375
vt 0.3767609375 0.921875
vt 0.380275 0.921875
vt 0.380859375 0.9375
vt 0.34469875 0.51314921875
vt 0.34375 0.509765625
vt 0.34864171875 0.5105782812499999
vt 0.1884496875 0.51224171875
vt 0.191163125 0.51000890625
vt 0.1923934375 0.5148140625
vt 0.375584375 0.75
vt 0.375 0.734375
vt 0.37996875 0.734375
vt 0.3790984375 0.75
vt 0.375 0.875
vt 0.375584375 0.859375
vt 0.3790984375 0.859375
vt 0.37996875 0.875
vt 0.3474121875 0.5153820312499999
vt 0.34469875 0.51314921875
vt 0.34864171875 0.5105782812499999
vt 0.191163125 0.51000890625
vt 0.19437875 0.51000890625
vt 0.1923928125 0.51481203125
vt 0.031759375 0.578125
vt 0.03125 0.5625
vt 0.035796875 0.5625
vt 0.0349734375 0.578125
vt 0.375 0.59375
vt 0.375509375 0.578125
vt 0.378725 0.578125
vt 0.379546875 0.59375
vt 0.3506278125 0.5153820312499999
vt 0.3474121875 0.5153820312499999
vt 0.348641875 0.5105773437500001
vt 0.50093734375 0.7131325
vt 0.50415296875 0.7131325
vt 0.50292171875 0.717935625
vt 0.4074078125 0.625
vt 0.4065859375 0.609375
vt 0.4111328125 0.609375
vt 0.4106234375 0.625
vt 0.4065859375 0.6875
vt 0.4074078125 0.671875
vt 0.4106234375 0.671875
vt 0.4111328125 0.6875
vt 0.50415109375 0.87475703125
vt 0.50093546875 0.87475703125
vt 0.50291984375 0.86995234375
vt 0.531940625 0.307696875
vt 0.53515625 0.307696875
vt 0.5339265625 0.3125
vt 0.407409375 0.59375
vt 0.4065859375 0.578125
vt 0.4111328125 0.578125
vt 0.4106234375 0.59375
vt 0.4065859375 0.65625
vt 0.4074078125 0.640625
vt 0.4106234375 0.640625
vt 0.4111328125 0.65625
vt 0.69140625 0.5624218750000001
vt 0.688190625 0.5624218750000001
vt 0.6901765625 0.5576171875
vt 0.6875 0.463946875
vt 0.690715625 0.463946875
vt 0.68873125 0.46875
vt 0 0.5625
vt 0.004546875 0.5625
vt 0.003725 0.578125
vt 0.000509375 0.578125
vt 0.313009375 0.578125
vt 0.316225 0.578125
vt 0.317046875 0.59375
vt 0.3125 0.59375
vt 0.690715625 0.6249218750000001
vt 0.6875 0.6249218750000001
vt 0.68873125 0.6201171875
vt 0.50686625 0.71536578125
vt 0.5078125 0.71875
vt 0.502921875 0.7179353125
vt 0.375 0.765625
vt 0.37996875 0.765625
vt 0.3790984375 0.78125
vt 0.375584375 0.78125
vt 0.375584375 0.890625
vt 0.3790984375 0.890625
vt 0.37996875 0.90625
vt 0.375 0.90625
vt 0.5078125 0.869140625
vt 0.50686484375 0.8725245312500001
vt 0.50292 0.8699528125
vt 0.50415296875 0.7131325
vt 0.50686625 0.71536578125
vt 0.502921875 0.7179353125
vt 0.282140625 0.609375
vt 0.287109375 0.609375
vt 0.286525 0.625
vt 0.2830109375 0.625
vt 0.1580109375 0.609375
vt 0.161525 0.609375
vt 0.162109375 0.625
vt 0.157140625 0.625
vt 0.50686484375 0.8725245312500001
vt 0.50415109375 0.87475703125
vt 0.50292 0.8699528125
vn 0.4405963561461765 0.8805295366409293 0.17476437295290628
vn 0.8537474404892799 0.4122640726677201 0.31804660388916023
vn 0.9134971939645788 -0.23870126981164996 0.32946104535915377
vn 0.5156629597685547 -0.8387783532430434 0.17476437295290623
vn 0.4405963561461765 0.8805295366409293 -0.17476437295290628
vn 0.8537429975070756 0.41227439701812585 -0.31804514737844114
vn 0.9134944887672081 -0.23871324763177948 -0.3294598676576953
vn 0.5156629597685547 -0.8387783532430434 -0.17476437295290623
vn 0.16402002644030153 0.8872544161824207 -0.431134586749097
vn 0.3709988721199971 0.420556602810594 -0.8279444309361
vn 0.4181829578350867 -0.28395446866803625 -0.8628400045777613
vn 0.24072519836921494 -0.8695828580295197 -0.4311345867490969
vn -0.240725198369215 0.8695828580295195 -0.431134586749097
vn -0.4062422187694808 0.3866132772832411 -0.8279477239038473
vn -0.3918450678196201 -0.31931158948368604 -0.86284271547417
vn -0.16402002644030145 -0.8872544161824207 -0.43113458674909677
vn 0.16402002644030153 0.8872544161824207 0.431134586749097
vn 0.3710007771414566 0.42054843935374936 0.8279477239038473
vn 0.418183817784692 -0.2839449645550705 0.86284271547417
vn 0.24072519836921494 -0.8695828580295197 0.4311345867490969
vn -0.240725198369215 0.8695828580295195 0.431134586749097
vn -0.4062422187694808 0.3866132772832411 0.8279477239038473
vn -0.3918450678196201 -0.319311589483686 0.86284271547417
vn -0.16402002644030145 -0.8872544161824207 0.43113458674909677
vn -0.5156629597685548 0.8387783532430432 0.1747643729529063
vn -0.8864298551863483 0.3362862911105377 0.31804660388916023
vn -0.8892168748839568 -0.3174094658520175 0.3294610453591539
vn -0.44059635614617615 -0.8805295366409291 0.17476437295290623
vn -0.5156629597685548 0.8387783532430433 -0.1747643729529063
vn -0.8864263289374608 0.3362969634050871 -0.31804514737844114
vn -0.8892131360448687 -0.31742116231943884 -0.3294598676576954
vn -0.44059635614617615 -0.880529536640929 -0.17476437295290626
usemtl m_939b02b2-df4c-255e-486f-2d355257d222
f 610/2381/624 613/2382/624 609/2383/624
f 610/2384/625 611/2385/625 614/2386/625 613/2387/625
f 611/2388/626 612/2389/626 615/2390/626 614/2391/626
f 615/2392/627 612/2393/627 608/2394/627
f 613/2395/628 616/2396/628 609/2397/628
f 613/2398/629 614/2399/629 617/2400/629 616/2401/629
f 614/2402/630 615/2403/630 618/2404/630 617/2405/630
f 618/2406/631 615/2407/631 608/2408/631
f 616/2409/632 619/2410/632 609/2411/632
f 616/2412/633 617/2413/633 620/2414/633 619/2415/633
f 617/2416/634 618/2417/634 621/2418/634 620/2419/634
f 621/2420/635 618/2421/635 608/2422/635
f 619/2423/636 631/2424/636 609/2425/636
f 619/2426/637 620/2427/637 632/2428/637 631/2429/637
f 620/2430/638 621/2431/638 633/2432/638 632/2433/638
f 633/2434/639 621/2435/639 608/2436/639
f 622/2437/640 610/2438/640 609/2439/640
f 622/2440/641 623/2441/641 611/2442/641 610/2443/641
f 623/2444/642 624/2445/642 612/2446/642 611/2447/642
f 612/2448/643 624/2449/643 608/2450/643
f 625/2451/644 622/2452/644 609/2453/644
f 626/2454/645 623/2455/645 622/2456/645 625/2457/645
f 627/2458/646 624/2459/646 623/2460/646 626/2461/646
f 624/2462/647 627/2463/647 608/2464/647
f 628/2465/648 625/2466/648 609/2467/648
f 629/2468/649 626/2469/649 625/2470/649 628/2471/649
f 630/2472/650 627/2473/650 626/2474/650 629/2475/650
f 627/2476/651 630/2477/651 608/2478/651
f 631/2479/652 628/2480/652 609/2481/652
f 632/2482/653 629/2483/653 628/2484/653 631/2485/653
f 633/2486/654 630/2487/654 629/2488/654 632/2489/654
f 630/2490/655 633/2491/655 608/2492/655
o sphere
v 0.1621188314210609 0.6439762896903 -0.0078125
v 0.1604831043948608 0.6814405979996196 -0.0078125
v 0.16774526809369888 0.6744281948771584 0.002261875
v 0.17139235988172838 0.6568930892515231 0.006435
v 0.1659689620974193 0.6452179117807884 -0.0021574999999999997
v 0.17062127816157766 0.6745537641885364 -0.0078125
v 0.17545911054870503 0.6570706474202171 -0.0078125
v 0.16758367378555097 0.6452884116156177 -0.0078125
v 0.16774526809369888 0.6744281948771584 -0.017886875
v 0.17139235988172838 0.6568930892515231 -0.02206
v 0.1659689620974193 0.6452179117807884 -0.0134675
v 0.16080250735884347 0.6741250673970864 -0.02206
v 0.1615735890789942 0.6564643924600732 -0.02796125
v 0.16207204962811156 0.6450477689079465 -0.015809999999999998
v 0.16080250735884347 0.6741250673970864 0.006435
v 0.1615735890789942 0.6564643924600732 0.01233625
v 0.16207204962811156 0.6450477689079465 0.0001849999999999994
v 0.15385974662398805 0.6738219399170144 0.002261875
v 0.15175481827626 0.6560356956686232 0.006435
v 0.15817513715880382 0.6448776260351046 -0.0021574999999999997
v 0.15098373655610928 0.6736963706056365 -0.0078125
v 0.14768806760928335 0.6558581374999292 -0.0078125
v 0.15656042547067217 0.6448071262002754 -0.0078125
v 0.15385974662398805 0.6738219399170144 -0.017886875
v 0.15175481827626 0.6560356956686232 -0.02206
v 0.15817513715880382 0.6448776260351046 -0.0134675
vt 0.3125 0.4375
vt 0.3137465625 0.43519703125
vt 0.31605390625 0.43721343749999997
vt 0.37635734375 0.5
vt 0.375 0.4956071875
vt 0.3786765625 0.49515109375
vt 0.37895625 0.49967765625000005
vt 0.06505125 0.51476984375
vt 0.066710625 0.51127296875
vt 0.0681809375 0.51127296875
vt 0.0687559375 0.51476984375
vt 0.71930890625 0.62352609375
vt 0.71889796875 0.622114375
vt 0.72050203125 0.6227834375
vt 0.3137465625 0.43519703125
vt 0.31586171875 0.433653125
vt 0.31605390625 0.43721343749999997
vt 0.37895625 0.49967765625000005
vt 0.3786765625 0.49515109375
vt 0.38238125 0.49515109375
vt 0.381575 0.49967765625000005
vt 0.0687559375 0.51476984375
vt 0.0681809375 0.51127296875
vt 0.06957390625 0.5108021875
vt 0.072265625 0.51358359375
vt 0.72039421875 0.62451796875
vt 0.71930890625 0.62352609375
vt 0.72050203125 0.6227834375
vt 0.31586171875 0.433653125
vt 0.31788828125 0.433653125
vt 0.31605390625 0.43721406249999994
vt 0.34383125 0.546875
vt 0.34375 0.53125
vt 0.3466171875 0.53125
vt 0.34585625 0.546875
vt 0.15625 0.53125
vt 0.1564140625 0.515625
vt 0.1575515625 0.515625
vt 0.159115625 0.53125
vt 0.72153171875 0.62451796875
vt 0.72039421875 0.62451796875
vt 0.72050203125 0.62278203125
vt 0.56297109375 0.683653125
vt 0.56499765625 0.683653125
vt 0.56480546875 0.6872140625000001
vt 0.4539484375 0.8125
vt 0.4531875 0.796875
vt 0.4560546875 0.796875
vt 0.4559734375 0.8125
vt 0.4688140625 0.84375
vt 0.470378125 0.828125
vt 0.471515625 0.828125
vt 0.4716796875 0.84375
vt 0.40753546875 0.28076796875
vt 0.40639796875 0.28076796875
vt 0.40742765625 0.27903203125
vt 0.719653125 0.5276890624999999
vt 0.7216796875 0.5276890624999999
vt 0.7214875 0.53125
vt 0.2195734375 0.546875
vt 0.2188125 0.53125
vt 0.2216796875 0.53125
vt 0.2215984375 0.546875
vt 0.0625175 0.51343125
vt 0.0657046875 0.5107421875
vt 0.066710625 0.51127296875
vt 0.06505203125 0.5147684375
vt 0.71889796875 0.622114375
vt 0.7194 0.62109375
vt 0.72050328125 0.62278390625
vt 0.5 0.27768906250000003
vt 0.5020265625 0.27768906250000003
vt 0.5001921875 0.28125
vt 0.25 0.53125
vt 0.2528671875 0.53125
vt 0.25210625 0.546875
vt 0.25008125 0.546875
vt 0.48993 0.96439796875
vt 0.4909359375 0.9638671875
vt 0.494123125 0.96655625
vt 0.49158859375 0.9678934375
vt 0.4085296875 0.27734375
vt 0.40903171875 0.278364375
vt 0.40742640625 0.27903390625
vt 0.5671128125 0.68519703125
vt 0.568359375 0.6875
vt 0.56480546875 0.6872134375000001
vt 0.5041359375 0.62015109375
vt 0.5078125 0.6206071875
vt 0.50645515625 0.625
vt 0.50385625 0.62467765625
vt 0.4884596875 0.96439796875
vt 0.48993 0.96439796875
vt 0.491589375 0.96789484375
vt 0.4878846875 0.96789484375
vt 0.40903171875 0.278364375
vt 0.40862078125 0.27977609375
vt 0.40742765625 0.2790334375
vt 0.56499765625 0.683653125
vt 0.5671128125 0.68519703125
vt 0.56480546875 0.6872134375000001
vt 0.50043125 0.62015109375
vt 0.5041359375 0.62015109375
vt 0.50385625 0.62467765625
vt 0.5012375 0.62467765625
vt 0.48706671875 0.9639271875
vt 0.4884596875 0.96439796875
vt 0.4878846875 0.96789484375
vt 0.484375 0.96670859375
vt 0.40862078125 0.27977609375
vt 0.40753546875 0.28076796875
vt 0.40742765625 0.2790334375
vn 0.5538983032633189 0.8153989774714656 0.16828896927756412
vn 0.928461131585976 0.2569412503206728 0.26821842035501336
vn 0.8101005020557348 -0.5415802235114242 0.22456188026992133
vn 0.23312064562351023 -0.9709216465780773 0.05446026799597026
vn 0.5538983032633189 0.8153989774714656 -0.16828896927756412
vn 0.9284665851263255 0.25692019194364213 -0.2682197145541355
vn 0.8101423849493387 -0.5415122585926042 -0.22457468669138647
vn 0.23312064562351023 -0.9709216465780773 -0.05446026799597026
vn 0.22704216989388537 0.8684133457556836 -0.44080620912516155
vn 0.48242999115010937 0.29649512358745056 -0.8242280905961457
vn 0.4094887159960304 -0.6564730502545404 -0.6335314718002747
vn 0.12258764331560856 -0.9835740106588383 -0.132493151758167
vn -0.30186541605284944 0.8453207418417844 -0.44080620912516155
vn -0.5064372664587948 0.25330271252830944 -0.8242323889338153
vn -0.35073028659315514 -0.6896352521131767 -0.633554642559802
vn -0.03639703687630717 -0.9905154317040256 -0.132493151758167
vn 0.22704216989388537 0.8684133457556836 0.44080620912516155
vn 0.48243333371192665 0.29647773534626937 0.8242323889338153
vn 0.40950132458719196 -0.6564428231401854 0.633554642559802
vn 0.12258764331560856 -0.9835740106588383 0.132493151758167
vn -0.30186541605284944 0.8453207418417844 0.44080620912516155
vn -0.5064372664587948 0.25330271252830944 0.8242323889338153
vn -0.35073028659315536 -0.6896352521131767 0.633554642559802
vn -0.03639703687630717 -0.9905154317040256 0.132493151758167
vn -0.6228572565101387 0.7640207201589224 0.16828896927756412
vn -0.9473219621844219 0.1750427917548113 0.26821842035501336
vn -0.7598159984318031 -0.6101242582103417 0.22456188026992124
vn -0.14761215392857402 -0.9875447996027188 0.05446026799597026
vn -0.6228572565101387 0.7640207201589224 -0.16828896927756412
vn -0.9473255596139128 0.17502133820390317 -0.2682197145541355
vn -0.7598636454813328 -0.6100602022532573 -0.22457468669138655
vn -0.14761215392857402 -0.9875447996027188 -0.05446026799597026
usemtl m_939b02b2-df4c-255e-486f-2d355257d222
f 636/2493/656 639/2494/656 635/2495/656
f 636/2496/657 637/2497/657 640/2498/657 639/2499/657
f 637/2500/658 638/2501/658 641/2502/658 640/2503/658
f 641/2504/659 638/2505/659 634/2506/659
f 639/2507/660 642/2508/660 635/2509/660
f 639/2510/661 640/2511/661 643/2512/661 642/2513/661
f 640/2514/662 641/2515/662 644/2516/662 643/2517/662
f 644/2518/663 641/2519/663 634/2520/663
f 642/2521/664 645/2522/664 635/2523/664
f 642/2524/665 643/2525/665 646/2526/665 645/2527/665
f 643/2528/666 644/2529/666 647/2530/666 646/2531/666
f 647/2532/667 644/2533/667 634/2534/667
f 645/2535/668 657/2536/668 635/2537/668
f 645/2538/669 646/2539/669 658/2540/669 657/2541/669
f 646/2542/670 647/2543/670 659/2544/670 658/2545/670
f 659/2546/671 647/2547/671 634/2548/671
f 648/2549/672 636/2550/672 635/2551/672
f 648/2552/673 649/2553/673 637/2554/673 636/2555/673
f 649/2556/674 650/2557/674 638/2558/674 637/2559/674
f 638/2560/675 650/2561/675 634/2562/675
f 651/2563/676 648/2564/676 635/2565/676
f 652/2566/677 649/2567/677 648/2568/677 651/2569/677
f 653/2570/678 650/2571/678 649/2572/678 652/2573/678
f 650/2574/679 653/2575/679 634/2576/679
f 654/2577/680 651/2578/680 635/2579/680
f 655/2580/681 652/2581/681 651/2582/681 654/2583/681
f 656/2584/682 653/2585/682 652/2586/682 655/2587/682
f 653/2588/683 656/2589/683 634/2590/683
f 657/2591/684 654/2592/684 635/2593/684
f 658/2594/685 655/2595/685 654/2596/685 657/2597/685
f 659/2598/686 656/2599/686 655/2600/686 658/2601/686
f 656/2602/687 659/2603/687 634/2604/687
o sphere
v 0.16107650640178858 0.6626912007911152 -0.007471723536208311
v 0.16271067657830718 0.6252625502018949 -0.009107450562408415
v 0.16920340181103227 0.6333083854193156 -0.01885283402572447
v 0.17218578285754033 0.6513584445091501 -0.023627094340491542
v 0.1649469561331503 0.6620345909080141 -0.01316812302220304
v 0.1720517495127304 0.6329928902539891 -0.00878804759842574
v 0.1743341184135906 0.6507700406322657 -0.008016965878275013
v 0.16654557789147253 0.6618574856091889 -0.007518505329157633
v 0.16924173784944424 0.6324303457834721 0.0012767388288729906
v 0.1722452406998568 0.6499966360287179 0.007593162583941517
v 0.16496847511544147 0.6615417251827761 -0.0018688876361122268
v 0.16241868563464124 0.6319502423178848 0.00544589193856178
v 0.16165987739146714 0.6493298084157608 0.012276201122606478
v 0.16113846011984265 0.6612722273579513 0.0004713828229432754
v 0.1623644695957034 0.633191993762682 -0.023021987135413258
v 0.16158109575039784 0.6511342046523335 -0.02909063930226733
v 0.16110802721783138 0.6619692554105757 -0.015508393481258542
v 0.15554204178603886 0.6327119175592117 -0.01885283402572447
v 0.1509978432932046 0.6504333590894826 -0.023627094340491542
v 0.15727863662737104 0.6616997848478681 -0.01316812302220304
v 0.1537910212376295 0.632195609639302 -0.00878804759842574
v 0.14796049417410653 0.649618543330055 -0.008016965878275011
v 0.1557009094462015 0.6613839971593382 -0.007518505329157633
v 0.15558037782445083 0.6318338779233683 0.0012767388288729906
v 0.15105730113552107 0.6490715506090505 0.007593162583941519
v 0.15730015560966223 0.66120691912263 -0.0018688876361122268
vt 0.5625 0.625
vt 0.56377515625 0.6227162500000001
vt 0.56604125 0.62473140625
vt 0.50145703125 0.6875
vt 0.5 0.6830045312499999
vt 0.50393796875 0.68282296875
vt 0.50404078125 0.6872917187500001
vt 0.31551625 0.530595625
vt 0.317456875 0.526926875
vt 0.318925625 0.526926875
vt 0.319419375 0.5302534375
vt 0.46917640625 0.4946075
vt 0.46875 0.49320203124999995
vt 0.47034515625 0.49386921875
vt 0.56377515625 0.6227162500000001
vt 0.565894375 0.621183125
vt 0.56604125 0.62473140625
vt 0.50404109375 0.68730734375
vt 0.50393796875 0.68282296875
vt 0.50788015625 0.68282296875
vt 0.50663171875 0.6873682812499999
vt 0.31942328125 0.5302795312499999
vt 0.318925625 0.526926875
vt 0.3203315625 0.526501875
vt 0.3232421875 0.5294237500000001
vt 0.4702625 0.49559624999999996
vt 0.46917640625 0.4946075
vt 0.47034515625 0.49386921875
vt 0.565894375 0.621183125
vt 0.5678959375 0.621183125
vt 0.56604125 0.6247315625000001
vt 0.453425 0.96875
vt 0.453125 0.953125
vt 0.4560234375 0.953125
vt 0.4554109375 0.9686578125
vt 0.4701171875 0.4997446875
vt 0.4702625 0.49559624999999996
vt 0.4713859375 0.49559624999999996
vt 0.472990625 0.4994696875
vt 0.4713859375 0.49559624999999996
vt 0.4702625 0.49559624999999996
vt 0.4703453125 0.493868125
vt 0.7196765625 0.4652015625
vt 0.7216796875 0.4652015625
vt 0.7215328125 0.46875
vt 0.03189375 0.5467953125
vt 0.03128125 0.53125
vt 0.0341796875 0.53125
vt 0.0338796875 0.546875
vt 0.12505625 0.5466171875
vt 0.1266609375 0.53125
vt 0.127784375 0.53125
vt 0.1279296875 0.546875
vt 0.71875 0.5596090625
vt 0.71923078125 0.55859375
vt 0.72034671875 0.56027515625
vt 0.719678125 0.4027015625
vt 0.7216796875 0.4027015625
vt 0.7215328125 0.40625
vt 0.4079578125 0.562453125
vt 0.4071734375 0.546875
vt 0.41015625 0.546875
vt 0.40995625 0.5625
vt 0.31301203125 0.5289825
vt 0.3164828125 0.5263671875
vt 0.317456875 0.526926875
vt 0.31551671875 0.53059484375
vt 0.46875 0.49320203124999995
vt 0.46923265625 0.4921875
vt 0.47034609375 0.49386953125
vt 0.5625 0.2777015625
vt 0.564503125 0.2777015625
vt 0.562646875 0.28125
vt 0.4375 0.546875
vt 0.4404828125 0.546875
vt 0.4396984375 0.562453125
vt 0.4377015625 0.5625
vt 0.2871040625 0.5269270312500001
vt 0.288078125 0.5263671875
vt 0.29154859375 0.5289804687499999
vt 0.2890440625 0.53059328125
vt 0.721388125 0.56200203125
vt 0.7202646875 0.56200203125
vt 0.7203459375 0.56027390625
vt 0.44170234375 0.653451875
vt 0.44426015625 0.653439375
vt 0.44208953125 0.65625
vt 0.44145859375 0.64886125
vt 0.44543984375 0.64886125
vt 0.44426015625 0.653439375
vt 0.44170390625 0.653451875
vt 0.2856353125 0.5269270312500001
vt 0.2871040625 0.5269270312500001
vt 0.28904625 0.53059734375
vt 0.2850775 0.53039734375
vt 0.7202646875 0.56200203125
vt 0.71917765625 0.56101421875
vt 0.72034578125 0.56027484375
vt 0.4392371875 0.65413421875
vt 0.44170234375 0.653451875
vt 0.44208953125 0.65625
vt 0.4375 0.64928546875
vt 0.44145859375 0.64886125
vt 0.44170390625 0.653451875
vt 0.439160625 0.6537103125
vt 0.28424046875 0.52646734375
vt 0.2856353125 0.5269270312500001
vt 0.28507609375 0.5304065625000001
vt 0.28125 0.5293365624999999
vt 0.71917765625 0.56101421875
vt 0.71875 0.5596090625
vt 0.72034578125 0.56027484375
vn 0.6285680534207471 -0.7512168312858072 -0.2014335488734794
vn 0.9701013702693583 -0.19757147531776617 -0.14095688540215057
vn 0.7210512747543374 0.6682562981006717 -0.1830807997140369
vn 0.1505934898491575 0.988527437165747 -0.01162354444960235
vn 0.6292047164004315 -0.7657988109058669 0.1328668735035674
vn 0.9833714453969998 -0.13167761831778366 0.1250664032103419
vn 0.796950874912207 0.5484502516965672 0.25312373336105826
vn 0.15080051302258324 0.9837858269385132 0.09708064682021614
vn 0.30664126877372727 -0.8625292925838016 0.40251006412228457
vn 0.3952731498647995 -0.3699117530686595 0.8407879827504857
vn 0.327889425391983 0.7138312004299792 0.6188162425218089
vn 0.03798064767459314 0.983756490287585 0.1754441170836781
vn -0.23032304700993803 -0.8859678783362546 0.40250740685410213
vn -0.370694755196748 -0.35368918445917563 0.8587720065688136
vn -0.41141031568420744 0.6315991558842277 0.6571332120924586
vn -0.12358917192548637 0.9767011538420038 0.17544393026397606
vn 0.3049658035310394 -0.8241548294807326 -0.47724697560094853
vn 0.4455628106165708 -0.26932282923835876 -0.853779242806071
vn 0.3404178949901328 0.7407862270233443 -0.5790953484729481
vn 0.037476523624600744 0.9953028293359363 -0.08926246743674074
vn -0.2319985011916342 -0.8475936685715462 -0.47724382493884954
vn -0.42041514429059745 -0.30712904624917187 -0.8537697906351515
vn -0.4037377507353078 0.7082792923627075 -0.5790822675936268
vn -0.12409329543866789 0.9882474805953654 -0.08926237238660256
vn -0.6103643766056074 -0.7785259990475787 -0.14612527699825953
vn -0.9355136067775517 -0.29304830263114734 -0.19732456476338694
vn -0.7765043653190519 0.6029074972598993 -0.18314890223056543
vn -0.23617604493429772 0.9716405055407096 -0.011644904112403718
vn -0.6099335365082484 -0.7883938596263528 0.08010120564638334
vn -0.9315695457535329 -0.3194303278073868 0.17361580314424754
vn -0.8143099824121444 0.5252659106868001 0.24697160892357645
vn -0.23596894059293277 0.9668970362620242 0.09710190700065013
usemtl m_939b02b2-df4c-255e-486f-2d355257d222
f 662/2605/688 665/2606/688 661/2607/688
f 662/2608/689 663/2609/689 666/2610/689 665/2611/689
f 663/2612/690 664/2613/690 667/2614/690 666/2615/690
f 667/2616/691 664/2617/691 660/2618/691
f 665/2619/692 668/2620/692 661/2621/692
f 665/2622/693 666/2623/693 669/2624/693 668/2625/693
f 666/2626/694 667/2627/694 670/2628/694 669/2629/694
f 670/2630/695 667/2631/695 660/2632/695
f 668/2633/696 671/2634/696 661/2635/696
f 668/2636/697 669/2637/697 672/2638/697 671/2639/697
f 669/2640/698 670/2641/698 673/2642/698 672/2643/698
f 673/2644/699 670/2645/699 660/2646/699
f 671/2647/700 683/2648/700 661/2649/700
f 671/2650/701 672/2651/701 684/2652/701 683/2653/701
f 672/2654/702 673/2655/702 685/2656/702 684/2657/702
f 685/2658/703 673/2659/703 660/2660/703
f 674/2661/704 662/2662/704 661/2663/704
f 674/2664/705 675/2665/705 663/2666/705 662/2667/705
f 675/2668/706 676/2669/706 664/2670/706 663/2671/706
f 664/2672/707 676/2673/707 660/2674/707
f 677/2675/708 674/2676/708 661/2677/708
f 678/2678/709 675/2679/709 674/2680/709 677/2681/709
f 679/2682/710 676/2683/710 675/2684/710 678/2685/710
f 676/2686/711 679/2687/711 660/2688/711
f 680/2689/712 677/2690/712 661/2691/712
f 681/2692/713 678/2693/713 677/2694/713 680/2695/713
f 682/2696/714 679/2697/714 678/2698/714 681/2699/714
f 679/2700/715 682/2701/715 660/2702/715
f 683/2703/716 680/2704/716 661/2705/716
f 684/2706/717 681/2707/717 680/2708/717 683/2709/717
f 685/2710/718 682/2711/718 681/2712/718 684/2713/718
f 682/2714/719 685/2715/719 660/2716/719
o sphere
v 0.17006113715327556 0.6079029628494259 -0.00601248406566683
v 0.16951641100960982 0.6203792427320475 -0.006557651800885719
v 0.1662363395558717 0.6179594369104414 -0.016678994231936754
v 0.1650370321431623 0.6133036158531263 -0.02071219185016805
v 0.1666215089437098 0.609137607554965 -0.016293171401932018
v 0.16481699245753142 0.6183433532241659 -0.006477979348278642
v 0.163030212267863 0.613846031253295 -0.006285380135845519
v 0.1652021618453695 0.6095215238686895 -0.006092156518273907
v 0.16619747800017431 0.6188495128709818 0.0037230355353794686
v 0.16498209373441222 0.6145619122867418 0.008141458840594112
v 0.16658264619885557 0.610027710751675 0.004108233960245715
v 0.16956870656506381 0.6191814775907042 0.007948859628160988
v 0.1697543259818149 0.6149300939882006 0.011806286627177122
v 0.16995387476374504 0.6103596754713975 0.008334058053027234
v 0.17295603921917557 0.6191445980265082 0.0037230355353794686
v 0.17454048759439664 0.6149792407753597 0.008141458840594112
v 0.17334120741785683 0.6103227959072015 0.004108233960245715
v 0.17437538631751587 0.6187606817127838 -0.006477979348278642
v 0.17654733470586553 0.614436201564348 -0.006285380135845519
v 0.17476055570535395 0.6099388523573074 -0.006092156518273907
v 0.17299490077487298 0.618254522065968 -0.016678994231936754
v 0.1745954260031467 0.6137209443417442 -0.02071219185016805
v 0.17338007016271106 0.6094326927104916 -0.016293171401932018
v 0.16962364497381388 0.6179231811570887 -0.02090479106260117
v 0.16982760780639206 0.6132516642591243 -0.026687382641044637
v 0.17000884159782156 0.6091007279907691 -0.02051899549471354
vt 0.37613546875 0.46772953125000005
vt 0.37856828125 0.46688578125
vt 0.378830625 0.46813906250000004
vt 0.62784484375 0.31208437499999997
vt 0.626823125 0.31089390625
vt 0.63046671875 0.31083000000000005
vt 0.63041984375 0.3120396875
vt 0.5646496875 0.56119265625
vt 0.565760625 0.56008484375
vt 0.5683246875 0.56032859375
vt 0.5682778125 0.56153953125
vt 0.0041425 0.29581640625000005
vt 0.0015728125 0.29602078125
vt 0.00387796875 0.29456375
vt 0.37856828125 0.46688578125
vt 0.3811359375 0.46668171875
vt 0.378830625 0.46813906250000004
vt 0.63041984375 0.312039375
vt 0.63046671875 0.31083000000000005
vt 0.63409484375 0.31117531249999997
vt 0.63298390625 0.31228468750000005
vt 0.5682778125 0.561538125
vt 0.5683246875 0.56032859375
vt 0.57089984375 0.5602835937499999
vt 0.5719215625 0.5614742187499999
vt 0.00657515625 0.29496750000000005
vt 0.0041425 0.29581640625000005
vt 0.00387796875 0.29456359374999996
vt 0.3811359375 0.46668171875
vt 0.3823609375 0.46725671874999997
vt 0.3788296875 0.46813953124999996
vt 0.3811359375 0.46668171875
vt 0.3823075 0.46563828124999995
vt 0.383544375 0.4664975
vt 0.382343125 0.4672484375
vt 0.5719209375 0.5614734375
vt 0.57089984375 0.5602835937499999
vt 0.57218796875 0.55986859375
vt 0.5732421875 0.5608020312499999
vt 0.0074646875 0.2939453125
vt 0.00657515625 0.29496750000000005
vt 0.00387828125 0.29456359374999996
vt 0.062848125 0.29538171874999997
vt 0.064073125 0.29480671875
vt 0.066379375 0.29626453124999996
vt 0.40785625 0.24991093750000004
vt 0.4072109375 0.24862656250000004
vt 0.4087140625 0.24852656250000005
vt 0.4091796875 0.25
vt 0.5625 0.59210359375
vt 0.56355390625 0.5911299999999999
vt 0.56484609375 0.5915335937499999
vt 0.5638453125 0.59269984375
vt 0.68873734375 0.31059250000000005
vt 0.6878478125 0.3095703125
vt 0.69143421875 0.31018859374999996
vt 0.064073125 0.29480671875
vt 0.06664078125 0.29501078125
vt 0.0663784375 0.29626406250000004
vt 0.65803296875 0.31228625
vt 0.65692203125 0.311176875
vt 0.66055015625 0.3108315625
vt 0.66059703125 0.31204093749999995
vt 0.563824375 0.5927242187499999
vt 0.56484609375 0.5915335937499999
vt 0.56742125 0.59157859375
vt 0.56746796875 0.592788125
vt 0.69117 0.31144140625000005
vt 0.68873734375 0.31059250000000005
vt 0.69143453125 0.31018859374999996
vt 0.06664078125 0.29501078125
vt 0.06907359375 0.29585453125000005
vt 0.0663784375 0.29626406250000004
vt 0.66059703125 0.31204109375
vt 0.66055015625 0.3108315625
vt 0.66419375 0.3108953125
vt 0.66317203125 0.3120859375
vt 0.567468125 0.59278953125
vt 0.56742125 0.59157859375
vt 0.5699853125 0.59133484375
vt 0.57109625 0.59244265625
vt 0.6937396875 0.31164578125
vt 0.69117 0.31144140625000005
vt 0.69143453125 0.31018875
vt 0.06907359375 0.29585453125000005
vt 0.069964375 0.296875
vt 0.0663771875 0.29626421875
vt 0.66317234375 0.31208562500000003
vt 0.66419375 0.3108953125
vt 0.666015625 0.31147984375000004
vt 0.66446234375 0.3125
vt 0.57109640625 0.59244296875
vt 0.5699853125 0.59133484375
vt 0.57123640625 0.5908203125
vt 0.5728675 0.591715625
vt 0.6949646875 0.31107078125
vt 0.6937396875 0.31164578125
vt 0.6914334375 0.31018796875
vt 0.3752446875 0.46875
vt 0.37613546875 0.46772953125000005
vt 0.378831875 0.46813921875
vt 0.626555625 0.3125
vt 0.625 0.31147953125000005
vt 0.626823125 0.31089390625
vt 0.62784546875 0.31208515625
vt 0.56287875 0.56046421875
vt 0.56450953125 0.5595703125
vt 0.565760625 0.56008484375
vt 0.564649375 0.56119296875
vt 0.0015728125 0.29602078125
vt 0.0003478125 0.29544578125
vt 0.0038790625 0.29456296875
vn -0.3971999739416303 0.9133438397541118 -0.08963933893098434
vn -0.9219834595648984 0.3603326220687785 -0.14179880733553654
vn -0.8866158182514609 -0.45009628734128143 -0.10642237992023723
vn -0.3159024317737666 -0.9487558343285798 -0.00824744972105547
vn -0.39738984707439756 0.9176128208647075 0.008247449721055318
vn -0.9224928659157741 0.3710616698879167 0.10639619107135669
vn -0.8871151806323917 -0.4392083664075914 0.1418543872043947
vn -0.3160852389123096 -0.9444858338520359 0.08964726094294785
vn -0.1981745283518991 0.9767838066792608 0.0813649268522692
vn -0.4713229340889552 0.6942029162133886 0.5440009218030846
vn -0.5686156459393136 -0.6496150684014811 0.504654842539687
vn -0.1127424922321411 -0.9795086695144157 0.1668888755770892
vn 0.11228809626597802 0.9903388976079287 0.0813649268522692
vn 0.4824496530997134 0.6000456670251065 0.6381124741833222
vn 0.7116806590358725 -0.4050076704465446 0.5740029846906107
vn 0.19768327863060833 -0.9659551876554462 0.16688887557708915
vn 0.3159024317737667 0.9487558343285797 0.008247449721055325
vn 0.8866129019954704 0.45010972069674376 0.10638985548194987
vn 0.9219781294458194 -0.360325062345574 0.1418526639483595
vn 0.39719980351352124 -0.9133431363371858 0.08964726094294784
vn 0.31608534738506366 0.9444865494460363 -0.08963933893098433
vn 0.8871120331378255 0.4392322004961815 -0.14180026343189975
vn 0.9224851701494338 -0.37107218427858846 -0.10642624163751865
vn 0.3973898470743973 -0.9176128208647075 -0.008247449721055462
vn 0.11285580174113598 0.9795046009819665 -0.16683616115376307
vn 0.5685255012990468 0.6496810111826693 -0.5046715150286691
vn 0.6249196209348296 -0.6391179403544599 -0.44833439048074625
vn 0.19817452835189955 -0.9767838066792606 -0.08136492685226912
vn -0.19779580236674488 0.9659412590305744 -0.16683616115376304
vn -0.6230446477550908 0.5975575831205163 -0.5047180418400973
vn -0.5669031413148021 -0.6910645312370549 -0.44838671036675365
vn -0.1122880962659785 -0.9903388976079287 -0.08136492685226913
usemtl m_939b02b2-df4c-255e-486f-2d355257d222
f 688/2717/720 691/2718/720 687/2719/720
f 688/2720/721 689/2721/721 692/2722/721 691/2723/721
f 689/2724/722 690/2725/722 693/2726/722 692/2727/722
f 693/2728/723 690/2729/723 686/2730/723
f 691/2731/724 694/2732/724 687/2733/724
f 691/2734/725 692/2735/725 695/2736/725 694/2737/725
f 692/2738/726 693/2739/726 696/2740/726 695/2741/726
f 696/2742/727 693/2743/727 686/2744/727
f 694/2745/728 697/2746/728 687/2747/728
f 694/2748/729 695/2749/729 698/2750/729 697/2751/729
f 695/2752/730 696/2753/730 699/2754/730 698/2755/730
f 699/2756/731 696/2757/731 686/2758/731
f 697/2759/732 700/2760/732 687/2761/732
f 697/2762/733 698/2763/733 701/2764/733 700/2765/733
f 698/2766/734 699/2767/734 702/2768/734 701/2769/734
f 702/2770/735 699/2771/735 686/2772/735
f 700/2773/736 703/2774/736 687/2775/736
f 700/2776/737 701/2777/737 704/2778/737 703/2779/737
f 701/2780/738 702/2781/738 705/2782/738 704/2783/738
f 705/2784/739 702/2785/739 686/2786/739
f 703/2787/740 706/2788/740 687/2789/740
f 703/2790/741 704/2791/741 707/2792/741 706/2793/741
f 704/2794/742 705/2795/742 708/2796/742 707/2797/742
f 708/2798/743 705/2799/743 686/2800/743
f 706/2801/744 709/2802/744 687/2803/744
f 706/2804/745 707/2805/745 710/2806/745 709/2807/745
f 707/2808/746 708/2809/746 711/2810/746 710/2811/746
f 711/2812/747 708/2813/747 686/2814/747
f 709/2815/748 688/2816/748 687/2817/748
f 709/2818/749 710/2819/749 689/2820/749 688/2821/749
f 710/2822/750 711/2823/750 690/2824/750 689/2825/750
f 690/2826/751 711/2827/751 686/2828/751
o Palm
v 0.1509516373129564 0.650431341692817 -0.02362709434049154
v 0.1510110951552729 0.6490695332123848 0.007593162583941521
v 0.163450787484781 0.6134694802860436 -0.025089236738191793
v 0.16338232198419517 0.6150375980596174 0.0106032000534232
v 0.1721814120215709 0.6513582536743304 -0.02362709434049154
v 0.17224086986388737 0.6499964451938982 0.007593162583941521
v 0.17593889025455423 0.6140147226281103 -0.025089236738191793
v 0.17587042475396839 0.6155828404016841 0.0106032000534232
v 0.16155611954485827 0.6511331141676493 -0.02909063930226733
v 0.17028924024305878 0.6139120801169248 -0.028384847059134948
v 0.1696326497389167 0.6151664667274563 0.013898810374366355
v 0.1616349011859276 0.6493287179310767 0.012276201122606481
v 0.1743341184135906 0.6507700406322656 -0.008016965878275011
v 0.17752038275998336 0.6136138166078686 -0.014335731443140072
v 0.1703159962721012 0.6132992663007303 -0.014335731443140072
v 0.16191025429776684 0.6129322636802852 -0.014335731443140072
v 0.14779690002782248 0.6496114006553739 -0.008016965878275011
v 0.1621277411791662 0.6502200436368901 -0.007626712666719598
v 0.17905370826679654 0.6322267300014524 -0.008849190709560303
v 0.1749495305818362 0.6328060920407197 -0.02620640474926811
v 0.16294676500392158 0.6323926658921726 -0.028737743180701138
v 0.15156493374029736 0.6317850984930827 -0.02620640474926811
v 0.15682756454071223 0.6218813156091515 -0.009258122466110328
v 0.15821554960932055 0.6227458620391331 0.008167246866355813
v 0.16255025551671057 0.6305845730526068 0.012238844032617255
v 0.17501564294586475 0.6312918699551576 0.0085080233301475
vt 0.322265 0.7094325
vt 0.321341875 0.7116465625
vt 0.3170078125 0.7110528125
vt 0.31609515625 0.70833171875
vt 0.34906046875 0.76055203125
vt 0.34459796875 0.76055203125
vt 0.34393234375 0.75664109375
vt 0.35006359375 0.75591453125
vt 0.43812890625 0.748828125
vt 0.43759765625 0.744921875
vt 0.44065234375 0.7450203125
vt 0.44078515625 0.75
vt 0.439453125 0.5205078125
vt 0.439303125 0.5275828124999999
vt 0.4375 0.5275828124999999
vt 0.437890625 0.5213281249999999
vt 0.314053125 0.5530937499999999
vt 0.3157109375 0.55778125
vt 0.3126421875 0.55778125
vt 0.3125 0.5530984375
vt 0.5349984375 0.9913296875
vt 0.53515625 0.99529375
vt 0.5318984375 0.99529375
vt 0.5332640625 0.991271875
vt 0.3159015625 0.5529489062499999
vt 0.31862234375 0.5576876562499999
vt 0.3157046875 0.5577634375
vt 0.314053125 0.5530937499999999
vt 0.441015625 0.5213265625
vt 0.44140625 0.5275828124999999
vt 0.439303125 0.5275828124999999
vt 0.439453125 0.5205078125
vt 0.0046528125 0.5068359375
vt 0.0029909375 0.51076078125
vt 0.001503125 0.5088025
vt 0.0028903125 0.5068515625000001
vt 0.44078515625 0.75
vt 0.44065234375 0.7450203125
vt 0.44423828125 0.744921875
vt 0.44344140625 0.748828125
vt 0.353515625 0.76032453125
vt 0.34906046875 0.76055203125
vt 0.35008953125 0.75579484375
vt 0.35279609375 0.75567234375
vt 0.437890625 0.5302734375
vt 0.4375 0.5275828124999999
vt 0.439303125 0.5275828124999999
vt 0.439303125 0.5310984375000001
vt 0.439303125 0.5310984375000001
vt 0.439303125 0.5275828124999999
vt 0.44140625 0.5275828124999999
vt 0.441015625 0.5302734375
vt 0.31601421875 0.70836
vt 0.31700703125 0.7110531250000001
vt 0.3125 0.7133965625
vt 0.31334375 0.7080078125
vt 0.44344140625 0.741015625
vt 0.44423828125 0.744921875
vt 0.44065234375 0.7450203125
vt 0.44078515625 0.7396484375
vt 0.44078515625 0.7396484375
vt 0.44065234375 0.7450203125
vt 0.43759765625 0.744921875
vt 0.43812890625 0.741015625
vt 0.34883328125 0.765334375
vt 0.34906046875 0.76055203125
vt 0.35350203125 0.7609671875
vt 0.352748125 0.765625
vt 0.3130296875 0.5625
vt 0.3126421875 0.55778125
vt 0.3157109375 0.55778125
vt 0.3159109375 0.5624109374999999
vt 0.315903125 0.5624582812500001
vt 0.3157046875 0.5577634375
vt 0.31862234375 0.5576876562499999
vt 0.31878984375 0.56233171875
vt 0.3129390625 0.7180856250000001
vt 0.3125 0.7133965625
vt 0.3170078125 0.7110528125
vt 0.316503125 0.718110625
vt 0.31648734375 0.71833234375
vt 0.3170078125 0.7110528125
vt 0.32134390625 0.711646875
vt 0.32045671875 0.71840359375
vt 0 0.5154603125
vt 0.001503125 0.5088025
vt 0.002990625 0.5107603125
vt 0.0028640625 0.5154259375
vt 0.53193125 0.999984375
vt 0.5318984375 0.99529375
vt 0.53515625 0.99529375
vt 0.5348125 1
vt 0.34490890625 0.76527390625
vt 0.34459796875 0.76055203125
vt 0.34906046875 0.76055203125
vt 0.34883390625 0.76531921875
vn -0.840429472329825 -0.5338067548981593 0.0934272469063949
vn 0.969591385615716 0.08344342089082672 0.2300646440673412
vn -0.043577871373829215 0.9980973490458729 0.04361938736533607
vn 0.0435214501986 -0.996805091676456 0.06697382011281046
vn 0.20389879978967293 0.06235413225195828 -0.9770042178186521
vn 0.2764359617458079 0.14181534220304826 0.9505112139104422
vn -0.20341347230282034 -0.19058226950991602 -0.9603652210665273
vn 0.04347430706188557 -0.9957253363259312 0.08149257158846064
vn -0.5207412940891637 -0.1486965575274927 0.8406651166842931
vn -0.043577871373829215 0.9980973490458729 0.04361938736533607
vn 0.9730009551811402 -0.012217487456381734 -0.23047749177922378
vn 0.043577871373829215 -0.9980973490458729 -0.04361938736533607
vn 0.043577871373829215 -0.9980973490458729 -0.04361938736533607
vn -0.872848150561621 -0.4877906757744107 -0.01401294718115131
vn -0.043577871373829215 0.9980973490458729 0.04361938736533607
vn -0.043577871373829215 0.9980973490458729 0.04361938736533607
vn 0.9441136740695031 0.24993765548254987 -0.21489657700128828
vn 0.19815693059634806 0.16392055384076107 -0.9663663295485685
vn -0.21522180465530177 -0.03434870093353255 -0.9759609323866882
vn -0.9633403413711596 -0.06759912146950106 0.25962616482829554
vn -0.9457158839956761 -0.3120493109224575 0.09081131158119293
vn -0.5430672899348667 -0.13054076376493645 0.8294799741997793
vn 0.2860786716336161 0.012060853958748506 0.958130225719934
vn 0.9605360000433869 0.15382799907203754 0.23174887124243743
usemtl m_939b02b2-df4c-255e-486f-2d355257d222
f 715/2829/752 735/2830/752 734/2831/752 727/2832/752
f 730/2833/753 737/2834/753 719/2835/753 725/2836/753
f 717/2837/754 724/2838/754 729/2839/754 723/2840/754
f 722/2841/755 726/2842/755 725/2843/755 719/2844/755
f 721/2845/756 732/2846/756 731/2847/756 718/2848/756
f 719/2849/757 737/2850/757 736/2851/757 722/2852/757
f 714/2853/758 733/2854/758 732/2855/758 721/2856/758
f 715/2857/759 727/2858/759 726/2859/759 722/2860/759
f 722/2861/760 736/2862/760 735/2863/760 715/2864/760
f 723/2865/761 729/2866/761 728/2867/761 713/2868/761
f 731/2869/762 730/2870/762 725/2871/762 718/2872/762
f 718/2873/763 725/2874/763 726/2875/763 721/2876/763
f 721/2877/764 726/2878/764 727/2879/764 714/2880/764
f 727/2881/765 734/2882/765 733/2883/765 714/2884/765
f 712/2885/766 728/2886/766 729/2887/766 720/2888/766
f 720/2889/767 729/2890/767 724/2891/767 716/2892/767
f 724/2893/768 730/2894/768 731/2895/768 716/2896/768
f 716/2897/769 731/2898/769 732/2899/769 720/2900/769
f 720/2901/770 732/2902/770 733/2903/770 712/2904/770
f 712/2905/771 733/2906/771 734/2907/771 728/2908/771
f 728/2909/772 734/2910/772 735/2911/772 713/2912/772
f 713/2913/773 735/2914/773 736/2915/773 723/2916/773
f 723/2917/774 736/2918/774 737/2919/774 717/2920/774
f 717/2921/775 737/2922/775 730/2923/775 724/2924/775
o sphere
v 0.15804650362291303 0.6353315785634851 -0.022525369010759046
v 0.16017129615624795 0.6472206482076134 -0.019302749007198052
v 0.15664991401373482 0.6469303759139076 -0.02301076872026881
v 0.15456881880374312 0.6433280443701668 -0.025490714020380244
v 0.15514747321341368 0.6385236147685445 -0.02528948332478679
v 0.15514908918663603 0.6463091989013743 -0.01972953849823865
v 0.1524467362287484 0.6424494510265978 -0.02085019089183753
v 0.1536466483863149 0.6379024377560112 -0.022008253102756628
v 0.15640816290491522 0.6452019496436024 -0.01647476657602929
v 0.1542269187692078 0.6408835922872187 -0.016247077580615034
v 0.15490572210459408 0.6367951884982394 -0.018753481180547267
v 0.1596891702724734 0.6442572679167567 -0.015152883486836955
v 0.1588671487807609 0.6395476871152441 -0.014378056864739027
v 0.15818672947215226 0.6358505067713937 -0.017431598091354937
v 0.1630703265657473 0.644028612002554 -0.01653863469317031
v 0.16364898097541786 0.6392241824009317 -0.016337403997576855
v 0.16156788576542616 0.6356218508571909 -0.018817349297688288
v 0.1645711513928461 0.6446497890150873 -0.01981986491520047
v 0.16577106355041257 0.6401027757445007 -0.02097792712611957
v 0.16306871059252495 0.6362430278697242 -0.02209857951971845
v 0.1633120776745669 0.6457570382728591 -0.02307463683740983
v 0.16399088100995318 0.6416686344838798 -0.025581040437342065
v 0.16180963687424577 0.637350277127496 -0.02535335144192781
v 0.16003107030700872 0.6467017199997048 -0.02439651992660216
v 0.1593506509984001 0.6430045396558544 -0.02745006115321807
v 0.15852862950668759 0.6382949588543417 -0.026675234531120143
vt 0.65742125 0.27898421875
vt 0.658103125 0.2795953125
vt 0.6569634375 0.28018109375
vt 0.0008484375 0.421875
vt 0.000659375 0.40625
vt 0.001953125 0.40625
vt 0.0017640625 0.421875
vt 0.094409375 0.421875
vt 0.0945984375 0.40625
vt 0.0955140625 0.40625
vt 0.095703125 0.421875
vt 0.34385 0.26435
vt 0.34375 0.26343984374999996
vt 0.3449896875 0.26376421875
vt 0.658103125 0.2795953125
vt 0.658203125 0.28050546875000004
vt 0.6569634375 0.28018109375
vt 0.5626890625 0.46875
vt 0.5625 0.453125
vt 0.56379375 0.453125
vt 0.5636046875 0.46875
vt 0.578125 0.96875
vt 0.5783140625 0.953125
vt 0.5792296875 0.953125
vt 0.57941875 0.96875
vt 0.344531875 0.26496109375
vt 0.34385 0.26435
vt 0.3449896875 0.26376421875
vt 0.658203125 0.28050546875000004
vt 0.65767015625 0.28125
vt 0.6569634375 0.28018109375
vt 0.2189390625 0.421875
vt 0.21875 0.40625
vt 0.22004375 0.40625
vt 0.2198546875 0.421875
vt 0.59375 0.9375
vt 0.5939390625 0.921875
vt 0.5948546875 0.921875
vt 0.59504375 0.9375
vt 0.3454475 0.26496109375
vt 0.344531875 0.26496109375
vt 0.3449896875 0.26376421875
vt 0.719005625 0.37273421875
vt 0.71992125 0.37273421875
vt 0.7194634375 0.37393109375
vt 0.1883484375 0.421875
vt 0.188159375 0.40625
vt 0.189453125 0.40625
vt 0.1892640625 0.421875
vt 0.344409375 0.421875
vt 0.3445984375 0.40625
vt 0.3455140625 0.40625
vt 0.345703125 0.421875
vt 0.75 0.99781484375
vt 0.75053296875 0.9970703125
vt 0.7512396875 0.99813921875
vt 0.71992125 0.37273421875
vt 0.720603125 0.3733453125
vt 0.7194634375 0.37393109375
vt 0.0320984375 0.421875
vt 0.031909375 0.40625
vt 0.033203125 0.40625
vt 0.0330140625 0.421875
vt 0.125659375 0.421875
vt 0.1258484375 0.40625
vt 0.1267640625 0.40625
vt 0.126953125 0.421875
vt 0.7501 0.998725
vt 0.75 0.99781484375
vt 0.7512396875 0.99813921875
vt 0.720603125 0.3733453125
vt 0.720703125 0.37425546875000004
vt 0.7194634375 0.37393109375
vt 0.5626890625 0.4375
vt 0.5625 0.421875
vt 0.56379375 0.421875
vt 0.5636046875 0.4375
vt 0.0625 0.421875
vt 0.0626890625 0.40625
vt 0.0636046875 0.40625
vt 0.06379375 0.421875
vt 0.750781875 0.99933609375
vt 0.7501 0.998725
vt 0.7512396875 0.99813921875
vt 0.720703125 0.37425546875000004
vt 0.72017015625 0.375
vt 0.7194634375 0.37393109375
vt 0.2501890625 0.421875
vt 0.25 0.40625
vt 0.25129375 0.40625
vt 0.2511046875 0.421875
vt 0.59375 0.90625
vt 0.5939390625 0.890625
vt 0.5948546875 0.890625
vt 0.59504375 0.90625
vt 0.7516975 0.99933609375
vt 0.750781875 0.99933609375
vt 0.7512396875 0.99813921875
vt 0.656505625 0.27898421875
vt 0.65742125 0.27898421875
vt 0.6569634375 0.28018109375
vt 0.5789734375 0.8125
vt 0.578784375 0.796875
vt 0.580078125 0.796875
vt 0.5798890625 0.8125
vt 0.594409375 1
vt 0.5945984375 0.984375
vt 0.5955140625 0.984375
vt 0.595703125 1
vt 0.34375 0.26343984374999996
vt 0.34428296875 0.2626953125
vt 0.3449896875 0.26376421875
vn -0.18589390940467315 0.9774659408326887 0.10001894299738347
vn -0.7628889987995291 0.6023803845593203 -0.2348153483246305
vn -0.8929668429832005 -0.12565420615012954 -0.4322282242165556
vn -0.4999823789913739 -0.7799854953661007 -0.3763512291950496
vn -0.1963616965446758 0.9026253397984918 0.383026866007796
vn -0.7881861992405278 0.42168743153675525 0.4482657977257527
vn -0.9182548854680012 -0.3062529025542634 0.2510321194413911
vn -0.5104501661313767 -0.8548260964002978 -0.09334330618463708
vn 0.00017470561743013888 0.8137989233585509 0.5811465235363718
vn -0.31358172506951093 0.20725249162785372 0.9266676353561054
vn -0.4437670634018135 -0.5207729002157158 0.7292916973616546
vn -0.31391376396927057 -0.9436525128402387 0.10477635134393859
vn 0.28864540357600793 0.7629935776051473 0.5783810435411432
vn 0.3826889237231279 0.08456403948986164 0.9199989733063788
vn 0.2526730812015659 -0.6433587621321091 0.7226657714489786
vn -0.025443066010692805 -0.9944578585936421 0.10201087134871005
vn 0.4999823789913739 0.7799854953661006 0.3763512291950496
vn 0.8930022057445721 0.12565539056764552 0.43215481410788603
vn 0.76284962843518 -0.6024039931289156 0.23488268020151104
vn 0.18589390940467304 -0.9774659408326887 -0.1000189429973835
vn 0.5104501661313765 0.8548260964002977 0.09334330618463708
vn 0.9182800569073292 0.30624007658862357 -0.2509556785116976
vn 0.7881650349316426 -0.4216521840630579 -0.44833616114033864
vn 0.1963616965446759 -0.9026253397984916 -0.383026866007796
vn 0.3139137639692706 0.9436525128402387 -0.1047763513439387
vn 0.4436949320145539 0.5207832834991122 -0.72932816957285
vn 0.31364984885379316 -0.20728529906332935 -0.926637241376699
vn -0.00017470561743017016 -0.813798923358551 -0.5811465235363718
vn 0.025443066010692832 0.9944578585936423 -0.10201087134870995
vn -0.2525950660563266 0.6433634686355172 -0.7226888540923238
vn -0.3827629317379246 -0.08454632448521236 -0.9199698131479264
vn -0.28864540357600793 -0.7629935776051472 -0.5783810435411432
usemtl m_939b02b2-df4c-255e-486f-2d355257d222
f 740/2925/776 743/2926/776 739/2927/776
f 740/2928/777 741/2929/777 744/2930/777 743/2931/777
f 741/2932/778 742/2933/778 745/2934/778 744/2935/778
f 745/2936/779 742/2937/779 738/2938/779
f 743/2939/780 746/2940/780 739/2941/780
f 743/2942/781 744/2943/781 747/2944/781 746/2945/781
f 744/2946/782 745/2947/782 748/2948/782 747/2949/782
f 748/2950/783 745/2951/783 738/2952/783
f 746/2953/784 749/2954/784 739/2955/784
f 746/2956/785 747/2957/785 750/2958/785 749/2959/785
f 747/2960/786 748/2961/786 751/2962/786 750/2963/786
f 751/2964/787 748/2965/787 738/2966/787
f 749/2967/788 752/2968/788 739/2969/788
f 749/2970/789 750/2971/789 753/2972/789 752/2973/789
f 750/2974/790 751/2975/790 754/2976/790 753/2977/790
f 754/2978/791 751/2979/791 738/2980/791
f 752/2981/792 755/2982/792 739/2983/792
f 752/2984/793 753/2985/793 756/2986/793 755/2987/793
f 753/2988/794 754/2989/794 757/2990/794 756/2991/794
f 757/2992/795 754/2993/795 738/2994/795
f 755/2995/796 758/2996/796 739/2997/796
f 755/2998/797 756/2999/797 759/3000/797 758/3001/797
f 756/3002/798 757/3003/798 760/3004/798 759/3005/798
f 760/3006/799 757/3007/799 738/3008/799
f 758/3009/800 761/3010/800 739/3011/800
f 758/3012/801 759/3013/801 762/3014/801 761/3015/801
f 759/3016/802 760/3017/802 763/3018/802 762/3019/802
f 763/3020/803 760/3021/803 738/3022/803
f 761/3023/804 740/3024/804 739/3025/804
f 761/3026/805 762/3027/805 741/3028/805 740/3029/805
f 762/3030/806 763/3031/806 742/3032/806 741/3033/806
f 742/3034/807 763/3035/807 738/3036/807
o Thumb
v 0.1546601661368002 0.6432867591112653 -0.025398630812677632
v 0.1543251451988573 0.6408914898896674 -0.01634097817376477
v 0.15041058107013033 0.6195086198230088 -0.03184387081979963
v 0.15007556013218742 0.6171133506014108 -0.02278621818088676
v 0.16389265458030364 0.6416607368814309 -0.02548713984419235
v 0.16355763364236073 0.6392654676598329 -0.016429487205279487
v 0.15964306951363377 0.6178825975931743 -0.03193237985131434
v 0.15930804857569086 0.6154873283715764 -0.02287472721240148
v 0.16587939141481634 0.6400836970836705 -0.020978965632089352
v 0.16162980634814644 0.616305557795414 -0.027424205639211347
v 0.14808882329767473 0.6186903903991712 -0.02729439239298976
v 0.15233840836434462 0.6424685296874277 -0.020849152385867768
v 0.15886321786842234 0.639519582623044 -0.014271780407109127
v 0.15461363280175244 0.6157414433347873 -0.02071702041423112
v 0.1548593148229106 0.6174979740972926 -0.02735929901610055
v 0.15510499684406873 0.6192545048597978 -0.034001577617969986
v 0.1593545819107386 0.6430326441480544 -0.02755633761084799
v 0.15910889988958046 0.6412761133855491 -0.02091405900897856
vt 0.015625 0.921875
vt 0 0.921875
vt 0 0.90625
vt 0.015625 0.90625
vt 0.078125 0.90625
vt 0.09375 0.90625
vt 0.09375 0.921875
vt 0.078125 0.921875
vt 0.159375 0.28070312500000005
vt 0.158203125 0.28125
vt 0.158203125 0.27953125
vt 0.159921875 0.27953125
vt 0.722421875 0.8415625
vt 0.720703125 0.8415625
vt 0.720703125 0.83984375
vt 0.721875 0.840390625
vt 0.046875 0.890625
vt 0.03125 0.890625
vt 0.03125 0.875
vt 0.046875 0.875
vt 0.0625 0.875
vt 0.078125 0.875
vt 0.078125 0.890625
vt 0.0625 0.890625
vt 0.109375 1
vt 0.09375 1
vt 0.09375 0.984375
vt 0.109375 0.984375
vt 0.721875 0.842734375
vt 0.720703125 0.84328125
vt 0.720703125 0.8415625
vt 0.722421875 0.8415625
vt 0 0.875
vt 0.015625 0.875
vt 0.015625 0.890625
vt 0 0.890625
vt 0.159921875 0.27953125
vt 0.158203125 0.27953125
vt 0.158203125 0.2778125
vt 0.159375 0.27835937499999996
vt 0.125 0.9375
vt 0.109375 0.9375
vt 0.109375 0.921875
vt 0.125 0.921875
vt 0.71953125 0.840390625
vt 0.720703125 0.83984375
vt 0.720703125 0.8415625
vt 0.718984375 0.8415625
vt 0.718984375 0.8415625
vt 0.720703125 0.8415625
vt 0.720703125 0.84328125
vt 0.71953125 0.842734375
vt 0.09375 0.875
vt 0.109375 0.875
vt 0.109375 0.890625
vt 0.09375 0.890625
vt 0.15703125 0.27835937499999996
vt 0.158203125 0.2778125
vt 0.158203125 0.27953125
vt 0.156484375 0.27953125
vt 0.156484375 0.27953125
vt 0.158203125 0.27953125
vt 0.158203125 0.28125
vt 0.15703125 0.28070312500000005
vn -0.9075200909804385 0.04912526832689687 0.41712587126509804
vn 0.8772959874630714 -0.26521583672557264 0.40001538761796274
vn 0.16998340266679518 0.9511255715302628 0.2578096002848797
vn -0.16998340266679518 -0.9511255715302628 -0.2578096002848797
vn -0.3840741169158306 0.30487186684415746 -0.8715160454760907
vn -0.4488400530244744 -0.15817935115300494 0.8795009378447539
vn 0.9075200909804385 -0.04912526832689687 -0.41712587126509804
vn -0.16998340266679518 -0.9511255715302628 -0.2578096002848797
vn -0.8772959874630714 0.26521583672557264 -0.40001538761796274
vn 0.16998340266679518 0.9511255715302628 0.2578096002848797
vn 0.3840741169158306 -0.30487186684415746 0.8715160454760907
vn -0.16998340266679518 -0.9511255715302628 -0.2578096002848797
vn -0.16998340266679518 -0.9511255715302628 -0.2578096002848797
vn 0.4488400530244744 0.15817935115300494 -0.8795009378447539
vn 0.16998340266679518 0.9511255715302628 0.2578096002848797
vn 0.16998340266679518 0.9511255715302628 0.2578096002848797
usemtl m_939b02b2-df4c-255e-486f-2d355257d222
f 765/3037/808 775/3038/808 774/3039/808 767/3040/808
f 771/3041/809 773/3042/809 772/3043/809 769/3044/809
f 765/3045/810 776/3046/810 781/3047/810 775/3048/810
f 774/3049/811 778/3050/811 777/3051/811 767/3052/811
f 764/3053/812 780/3054/812 779/3055/812 766/3056/812
f 767/3057/813 777/3058/813 776/3059/813 765/3060/813
f 768/3061/814 772/3062/814 773/3063/814 770/3064/814
f 766/3065/815 779/3066/815 778/3067/815 774/3068/815
f 766/3069/816 774/3070/816 775/3071/816 764/3072/816
f 775/3073/817 781/3074/817 780/3075/817 764/3076/817
f 769/3077/818 776/3078/818 777/3079/818 771/3080/818
f 771/3081/819 777/3082/819 778/3083/819 773/3084/819
f 773/3085/820 778/3086/820 779/3087/820 770/3088/820
f 770/3089/821 779/3090/821 780/3091/821 768/3092/821
f 768/3093/822 780/3094/822 781/3095/822 772/3096/822
f 772/3097/823 781/3098/823 776/3099/823 769/3100/823
o sphere
v 0.15379691855624314 0.6115534392752285 -0.028970609017881017
v 0.15592171108957806 0.6234425089193568 -0.025747989014320023
v 0.15240032894706493 0.623152236625651 -0.029456008727390782
v 0.15031923373707323 0.6195499050819102 -0.03193595402750221
v 0.1508978881467438 0.6147454754802879 -0.031734723331908764
v 0.15089950411996614 0.6225310596131177 -0.02617477850536062
v 0.14819715116207852 0.6186713117383412 -0.0272954308989595
v 0.149397063319645 0.6141242984677546 -0.0284534931098786
v 0.15215857783824532 0.6214238103553459 -0.02292000658315126
v 0.1499773337025379 0.6171054529989621 -0.02269231758773701
v 0.1506561370379242 0.6130170492099828 -0.025198721187669238
v 0.1554395852058035 0.6204791286285002 -0.021598123493958926
v 0.154617563714091 0.6157695478269876 -0.020823296871860998
v 0.15393714440548237 0.6120723674831371 -0.023876838098476908
v 0.1588207414990774 0.6202504727142975 -0.02298387470029228
v 0.15939939590874797 0.6154460431126751 -0.02278264400469883
v 0.15731830069875627 0.6118437115689344 -0.02526258930481026
v 0.1603215663261762 0.6208716497268307 -0.02626510492232244
v 0.16152147848374268 0.6163246364562441 -0.02742316713324154
v 0.15881912552585506 0.6124648885814676 -0.02854381952684042
v 0.159062492607897 0.6219788989846026 -0.029519876844531803
v 0.1597412959432833 0.6178904951956232 -0.03202628044446403
v 0.15756005180757587 0.6135721378392395 -0.031798591449049785
v 0.15578148524033883 0.6229235807114483 -0.030841759933724133
v 0.1551010659317302 0.6192264003675978 -0.03389530116034004
v 0.1542790444400177 0.6145168195660852 -0.033120474538242115
vt 0.68867125 0.27898421875
vt 0.689353125 0.2795953125
vt 0.6882134375 0.28018109375
vt 0.5945984375 0.84375
vt 0.594409375 0.828125
vt 0.595703125 0.828125
vt 0.5955140625 0.84375
vt 0.594409375 0.71875
vt 0.5945984375 0.703125
vt 0.5955140625 0.703125
vt 0.595703125 0.71875
vt 0.7501 0.936225
vt 0.75 0.93531484375
vt 0.7512396875 0.93563921875
vt 0.689353125 0.2795953125
vt 0.689453125 0.28050546875000004
vt 0.6882134375 0.28018109375
vt 0.5939390625 0.875
vt 0.59375 0.859375
vt 0.59504375 0.859375
vt 0.5948546875 0.875
vt 0.59375 0.75
vt 0.5939390625 0.734375
vt 0.5948546875 0.734375
vt 0.59504375 0.75
vt 0.750781875 0.93683609375
vt 0.7501 0.936225
vt 0.7512396875 0.93563921875
vt 0.689453125 0.28050546875000004
vt 0.68892015625 0.28125
vt 0.6882134375 0.28018109375
vt 0.3751890625 0.40625
vt 0.375 0.390625
vt 0.37629375 0.390625
vt 0.3761046875 0.40625
vt 0.4375 0.40625
vt 0.4376890625 0.390625
vt 0.4386046875 0.390625
vt 0.43879375 0.40625
vt 0.7516975 0.93683609375
vt 0.750781875 0.93683609375
vt 0.7512396875 0.93563921875
vt 0.719005625 0.34148421875
vt 0.71992125 0.34148421875
vt 0.7194634375 0.34268109375
vt 0.5945984375 0.6875
vt 0.594409375 0.671875
vt 0.595703125 0.671875
vt 0.5955140625 0.6875
vt 0.406909375 0.40625
vt 0.4070984375 0.390625
vt 0.4080140625 0.390625
vt 0.408203125 0.40625
vt 0.75 0.90406484375
vt 0.75053296875 0.9033203125
vt 0.7512396875 0.90438921875
vt 0.71992125 0.34148421875
vt 0.720603125 0.3420953125
vt 0.7194634375 0.34268109375
vt 0.5945984375 0.78125
vt 0.594409375 0.765625
vt 0.595703125 0.765625
vt 0.5955140625 0.78125
vt 0.313159375 0.40625
vt 0.3133484375 0.390625
vt 0.3142640625 0.390625
vt 0.314453125 0.40625
vt 0.7501 0.904975
vt 0.75 0.90406484375
vt 0.7512396875 0.90438921875
vt 0.720603125 0.3420953125
vt 0.720703125 0.34300546875000004
vt 0.7194634375 0.34268109375
vt 0.1564390625 0.40625
vt 0.15625 0.390625
vt 0.15754375 0.390625
vt 0.1573546875 0.40625
vt 0.28125 0.40625
vt 0.2814390625 0.390625
vt 0.2823546875 0.390625
vt 0.28254375 0.40625
vt 0.750781875 0.90558609375
vt 0.7501 0.904975
vt 0.7512396875 0.90438921875
vt 0.720703125 0.34300546875000004
vt 0.72017015625 0.34375
vt 0.7194634375 0.34268109375
vt 0.5939390625 0.625
vt 0.59375 0.609375
vt 0.59504375 0.609375
vt 0.5948546875 0.625
vt 0.59375 0.5625
vt 0.5939390625 0.546875
vt 0.5948546875 0.546875
vt 0.59504375 0.5625
vt 0.7516975 0.90558609375
vt 0.750781875 0.90558609375
vt 0.7512396875 0.90438921875
vt 0.687755625 0.27898421875
vt 0.68867125 0.27898421875
vt 0.6882134375 0.28018109375
vt 0.5945984375 0.65625
vt 0.594409375 0.640625
vt 0.595703125 0.640625
vt 0.5955140625 0.65625
vt 0.594409375 0.59375
vt 0.5945984375 0.578125
vt 0.5955140625 0.578125
vt 0.595703125 0.59375
vt 0.75 0.93531484375
vt 0.75053296875 0.9345703125
vt 0.7512396875 0.93563921875
vn -0.18589390940467315 0.9774659408326887 0.10001894299738347
vn -0.7628889987995291 0.6023803845593203 -0.2348153483246305
vn -0.8929668429832005 -0.12565420615012954 -0.4322282242165556
vn -0.4999823789913739 -0.7799854953661007 -0.3763512291950496
vn -0.1963616965446758 0.9026253397984918 0.383026866007796
vn -0.7881861992405278 0.42168743153675525 0.4482657977257527
vn -0.9182548854680012 -0.3062529025542634 0.2510321194413911
vn -0.5104501661313767 -0.8548260964002978 -0.09334330618463708
vn 0.00017470561743013888 0.8137989233585509 0.5811465235363718
vn -0.31358172506951093 0.20725249162785372 0.9266676353561054
vn -0.4437670634018135 -0.5207729002157158 0.7292916973616546
vn -0.31391376396927057 -0.9436525128402387 0.10477635134393859
vn 0.28864540357600793 0.7629935776051473 0.5783810435411432
vn 0.3826889237231279 0.08456403948986164 0.9199989733063788
vn 0.2526730812015659 -0.6433587621321091 0.7226657714489786
vn -0.025443066010692805 -0.9944578585936421 0.10201087134871005
vn 0.4999823789913739 0.7799854953661006 0.3763512291950496
vn 0.8930022057445721 0.12565539056764552 0.43215481410788603
vn 0.76284962843518 -0.6024039931289156 0.23488268020151104
vn 0.18589390940467304 -0.9774659408326887 -0.1000189429973835
vn 0.5104501661313765 0.8548260964002977 0.09334330618463708
vn 0.9182800569073292 0.30624007658862357 -0.2509556785116976
vn 0.7881650349316426 -0.4216521840630579 -0.44833616114033864
vn 0.1963616965446759 -0.9026253397984916 -0.383026866007796
vn 0.3139137639692706 0.9436525128402387 -0.1047763513439387
vn 0.4436949320145539 0.5207832834991122 -0.72932816957285
vn 0.31364984885379316 -0.20728529906332935 -0.926637241376699
vn -0.00017470561743017016 -0.813798923358551 -0.5811465235363718
vn 0.025443066010692832 0.9944578585936423 -0.10201087134870995
vn -0.2525950660563266 0.6433634686355172 -0.7226888540923238
vn -0.3827629317379246 -0.08454632448521236 -0.9199698131479264
vn -0.28864540357600793 -0.7629935776051472 -0.5783810435411432
usemtl m_939b02b2-df4c-255e-486f-2d355257d222
f 784/3101/824 787/3102/824 783/3103/824
f 784/3104/825 785/3105/825 788/3106/825 787/3107/825
f 785/3108/826 786/3109/826 789/3110/826 788/3111/826
f 789/3112/827 786/3113/827 782/3114/827
f 787/3115/828 790/3116/828 783/3117/828
f 787/3118/829 788/3119/829 791/3120/829 790/3121/829
f 788/3122/830 789/3123/830 792/3124/830 791/3125/830
f 792/3126/831 789/3127/831 782/3128/831
f 790/3129/832 793/3130/832 783/3131/832
f 790/3132/833 791/3133/833 794/3134/833 793/3135/833
f 791/3136/834 792/3137/834 795/3138/834 794/3139/834
f 795/3140/835 792/3141/835 782/3142/835
f 793/3143/836 796/3144/836 783/3145/836
f 793/3146/837 794/3147/837 797/3148/837 796/3149/837
f 794/3150/838 795/3151/838 798/3152/838 797/3153/838
f 798/3154/839 795/3155/839 782/3156/839
f 796/3157/840 799/3158/840 783/3159/840
f 796/3160/841 797/3161/841 800/3162/841 799/3163/841
f 797/3164/842 798/3165/842 801/3166/842 800/3167/842
f 801/3168/843 798/3169/843 782/3170/843
f 799/3171/844 802/3172/844 783/3173/844
f 799/3174/845 800/3175/845 803/3176/845 802/3177/845
f 800/3178/846 801/3179/846 804/3180/846 803/3181/846
f 804/3182/847 801/3183/847 782/3184/847
f 802/3185/848 805/3186/848 783/3187/848
f 802/3188/849 803/3189/849 806/3190/849 805/3191/849
f 803/3192/850 804/3193/850 807/3194/850 806/3195/850
f 807/3196/851 804/3197/851 782/3198/851
f 805/3199/852 784/3200/852 783/3201/852
f 805/3202/853 806/3203/853 785/3204/853 784/3205/853
f 806/3206/854 807/3207/854 786/3208/854 785/3209/854
f 786/3210/855 807/3211/855 782/3212/855
o sphere
v 0.15351974744126068 0.6099702289694156 -0.028797112194519546
v 0.15567538649575713 0.6220924057382584 -0.026639323824067328
v 0.15209891507423373 0.6214843104060671 -0.030254966592458424
v 0.14998596396784933 0.6176820433932322 -0.03238477449477287
v 0.15057466269879932 0.6129127192128184 -0.03178073874920519
v 0.1506486620531211 0.6211468178936048 -0.026910168722439145
v 0.14793540330767682 0.6172046549948855 -0.027654349892152416
v 0.14912440967768667 0.6125752267003561 -0.028435940879185908
v 0.1519583075773864 0.620323253135904 -0.023591829152240666
v 0.14978710776295842 0.6160400012007288 -0.022961335106852186
v 0.15043405520195197 0.6117516619426553 -0.02511760130898743
v 0.15526026505378068 0.6194960918542096 -0.022243612236959715
v 0.15445695947166158 0.6148702600836738 -0.02105508056907568
v 0.15373601267834625 0.6109245006609609 -0.023769384393706478
v 0.15862047123821849 0.6191499154948555 -0.023655697269381687
v 0.15920916996916848 0.6143805913144418 -0.023051661523814007
v 0.15709621886278408 0.6105783243016069 -0.02518146942612845
v 0.16007072425933114 0.6194874080073178 -0.027000495139400966
v 0.16125973062934099 0.6148579797127884 -0.027782086126434458
v 0.1585464718838967 0.6109158168140691 -0.02852626729614773
v 0.15876107873506584 0.6203109727650187 -0.030318834709599445
v 0.1594080261740594 0.6160226335069452 -0.03247510091173469
v 0.1572368263596314 0.61173938157177 -0.03184460686634621
v 0.15545912125867156 0.621138134046713 -0.0316670516248804
v 0.15473817446535623 0.6171923746240001 -0.034381355449511194
v 0.15393486888323712 0.6125665428534643 -0.03319282378162716
vt 0.71992125 0.27898421875
vt 0.720603125 0.2795953125
vt 0.7194634375 0.28018109375
vt 0.5008484375 0.40625
vt 0.500659375 0.390625
vt 0.501953125 0.390625
vt 0.5017640625 0.40625
vt 0.563159375 0.40625
vt 0.5633484375 0.390625
vt 0.5642640625 0.390625
vt 0.564453125 0.40625
vt 0.7501 0.873725
vt 0.75 0.8728148437500001
vt 0.7512396875 0.87313921875
vt 0.720603125 0.2795953125
vt 0.720703125 0.28050546875000004
vt 0.7194634375 0.28018109375
vt 0.4689390625 0.40625
vt 0.46875 0.390625
vt 0.47004375 0.390625
vt 0.4698546875 0.40625
vt 0.53125 0.40625
vt 0.5314390625 0.390625
vt 0.5323546875 0.390625
vt 0.53254375 0.40625
vt 0.750781875 0.87433609375
vt 0.7501 0.873725
vt 0.7512396875 0.87313921875
vt 0.720703125 0.28050546875000004
vt 0.72017015625 0.28125
vt 0.7194634375 0.28018109375
vt 0.0314390625 0.390625
vt 0.03125 0.375
vt 0.03254375 0.375
vt 0.0323546875 0.390625
vt 0.125 0.390625
vt 0.1251890625 0.375
vt 0.1261046875 0.375
vt 0.12629375 0.390625
vt 0.7516975 0.87433609375
vt 0.750781875 0.87433609375
vt 0.7512396875 0.87313921875
vt 0.719005625 0.31023421875
vt 0.71992125 0.31023421875
vt 0.7194634375 0.31143109375
vt 0.5945984375 0.40625
vt 0.594409375 0.390625
vt 0.595703125 0.390625
vt 0.5955140625 0.40625
vt 0.063159375 0.390625
vt 0.0633484375 0.375
vt 0.0642640625 0.375
vt 0.064453125 0.390625
vt 0.15625 0.24781484374999996
vt 0.15678296875 0.2470703125
vt 0.1574896875 0.24813921875
vt 0.71992125 0.31023421875
vt 0.720603125 0.3108453125
vt 0.7194634375 0.31143109375
vt 0.5945984375 0.5
vt 0.594409375 0.484375
vt 0.595703125 0.484375
vt 0.5955140625 0.5
vt 0.594409375 0.4375
vt 0.5945984375 0.421875
vt 0.5955140625 0.421875
vt 0.595703125 0.4375
vt 0.15635 0.24872499999999997
vt 0.15625 0.24781484374999996
vt 0.1574896875 0.24813921875
vt 0.720603125 0.3108453125
vt 0.720703125 0.31175546875000004
vt 0.7194634375 0.31143109375
vt 0.5939390625 0.53125
vt 0.59375 0.515625
vt 0.59504375 0.515625
vt 0.5948546875 0.53125
vt 0.59375 0.46875
vt 0.5939390625 0.453125
vt 0.5948546875 0.453125
vt 0.59504375 0.46875
vt 0.157031875 0.24933609375
vt 0.15635 0.24872499999999997
vt 0.1574896875 0.24813921875
vt 0.720703125 0.31175546875000004
vt 0.72017015625 0.3125
vt 0.7194634375 0.31143109375
vt 0.6095640625 0.96875
vt 0.609375 0.953125
vt 0.61066875 0.953125
vt 0.6104796875 0.96875
vt 0.1875 0.390625
vt 0.1876890625 0.375
vt 0.1886046875 0.375
vt 0.18879375 0.390625
vt 0.1579475 0.24933609375
vt 0.157031875 0.24933609375
vt 0.1574896875 0.24813921875
vt 0.719005625 0.27898421875
vt 0.71992125 0.27898421875
vt 0.7194634375 0.28018109375
vt 0.0008484375 0.390625
vt 0.000659375 0.375
vt 0.001953125 0.375
vt 0.0017640625 0.390625
vt 0.094409375 0.390625
vt 0.0945984375 0.375
vt 0.0955140625 0.375
vt 0.095703125 0.390625
vt 0.75 0.8728148437500001
vt 0.75053296875 0.8720703125
vt 0.7512396875 0.87313921875
vn -0.1858037828360446 0.982411481474476 0.01856435700318057
vn -0.7672298757958762 0.5798693548615068 -0.27406176124870907
vn -0.8991977419150997 -0.16244601872906214 -0.40626926038510813
vn -0.5044520089503541 -0.8094980295258132 -0.30040158265191874
vn -0.19189206658569558 0.9321378739582042 0.30707721946466515
vn -0.7819564187952696 0.458472639747471 0.42231149369613774
vn -0.9139125643306026 -0.2837334417239116 0.2902742820267857
vn -0.5105402927000053 -0.8597716370420849 -0.01188872019043416
vn 0.007740460854602821 0.8606792919187592 0.5090886383803725
vn -0.29987577927434683 0.28597581181430887 0.9101056818093985
vn -0.4319505836839422 -0.4563272448019914 0.7779358192720819
vn -0.3109077652597068 -0.9312302190815299 0.19012269872527313
vn 0.29621115881318066 0.8098739461653556 0.5063231583851439
vn 0.39639505472526215 0.16328812507949383 0.9034422775127251
vn 0.26449022008007805 -0.5789090223120968 0.7713036155546297
vn -0.02243706730112895 -0.9820355648349336 0.18735721873004454
vn 0.5044520089503544 0.8094980295258132 0.30040158265191874
vn 0.8992319917654259 0.16244090357735813 0.40619549213470685
vn 0.7671915601624878 -0.5798871035287164 0.27413145966219105
vn 0.18580378283604448 -0.982411481474476 -0.018564357003180598
vn 0.5105402927000051 0.8597716370420849 0.011888720190434188
vn 0.9139389045848368 0.2837272289156793 -0.2901974125627211
vn 0.7819341438447028 -0.45844356581618756 -0.42238429380315556
vn 0.1918920665856957 -0.9321378739582042 -0.30707721946466515
vn 0.31090776525970687 0.9312302190815299 -0.19012269872527318
vn 0.4318778952438964 0.45633444662455613 -0.7779719509234008
vn 0.29994440193133026 -0.2860058774557873 -0.910073619994999
vn -0.007740460854602851 -0.8606792919187592 -0.5090886383803724
vn 0.022437067301128974 0.9820355648349336 -0.1873572187300445
vn -0.26441256893569476 0.5789117435836565 -0.7713281963793087
vn -0.39646864056597797 -0.16326798522800234 -0.9034136273309997
vn -0.2962111588131807 -0.8098739461653556 -0.5063231583851439
usemtl m_939b02b2-df4c-255e-486f-2d355257d222
f 810/3213/856 813/3214/856 809/3215/856
f 810/3216/857 811/3217/857 814/3218/857 813/3219/857
f 811/3220/858 812/3221/858 815/3222/858 814/3223/858
f 815/3224/859 812/3225/859 808/3226/859
f 813/3227/860 816/3228/860 809/3229/860
f 813/3230/861 814/3231/861 817/3232/861 816/3233/861
f 814/3234/862 815/3235/862 818/3236/862 817/3237/862
f 818/3238/863 815/3239/863 808/3240/863
f 816/3241/864 819/3242/864 809/3243/864
f 816/3244/865 817/3245/865 820/3246/865 819/3247/865
f 817/3248/866 818/3249/866 821/3250/866 820/3251/866
f 821/3252/867 818/3253/867 808/3254/867
f 819/3255/868 822/3256/868 809/3257/868
f 819/3258/869 820/3259/869 823/3260/869 822/3261/869
f 820/3262/870 821/3263/870 824/3264/870 823/3265/870
f 824/3266/871 821/3267/871 808/3268/871
f 822/3269/872 825/3270/872 809/3271/872
f 822/3272/873 823/3273/873 826/3274/873 825/3275/873
f 823/3276/874 824/3277/874 827/3278/874 826/3279/874
f 827/3280/875 824/3281/875 808/3282/875
f 825/3283/876 828/3284/876 809/3285/876
f 825/3286/877 826/3287/877 829/3288/877 828/3289/877
f 826/3290/878 827/3291/878 830/3292/878 829/3293/878
f 830/3294/879 827/3295/879 808/3296/879
f 828/3297/880 831/3298/880 809/3299/880
f 828/3300/881 829/3301/881 832/3302/881 831/3303/881
f 829/3304/882 830/3305/882 833/3306/882 832/3307/882
f 833/3308/883 830/3309/883 808/3310/883
f 831/3311/884 810/3312/884 809/3313/884
f 831/3314/885 832/3315/885 811/3316/885 810/3317/885
f 832/3318/886 833/3319/886 812/3320/886 811/3321/886
f 812/3322/887 833/3323/887 808/3324/887
o Thumb
v 0.15007875033603613 0.6176488304575036 -0.03229088245155835
v 0.1498838951574783 0.6160398264800049 -0.023057044535513785
v 0.1479231112815397 0.6055266536886609 -0.03444867082201057
v 0.14772825610298188 0.6039176497111621 -0.025214832905966003
v 0.1593112387795396 0.6160228082276692 -0.03237939148307307
v 0.15911638360098174 0.6144138042501704 -0.023145553567028503
v 0.15715559972504314 0.6039006314588264 -0.034537179853525286
v 0.15696074454648531 0.6022916274813277 -0.02530334193748072
v 0.1613680584937448 0.6148389010519585 -0.02778312463240422
v 0.15921241943924835 0.6027167242831157 -0.029940913002856437
v 0.14567143638877664 0.6051015568868728 -0.029811099756634853
v 0.1478270754432731 0.6172237336557156 -0.027653311386182634
v 0.15445467317089986 0.6148513811036712 -0.020946736870860745
v 0.15229903411640341 0.6027292043348285 -0.023104525241312963
v 0.1524419279140125 0.6039091405849943 -0.029876006379745645
v 0.15258482171162158 0.6050890768351601 -0.036647487518178326
v 0.15474046076611803 0.6172112536040029 -0.03448969914772611
v 0.15459756696850893 0.616031317353837 -0.027718218009293426
vt 0.140625 1
vt 0.125 1
vt 0.125 0.984375
vt 0.140625 0.984375
vt 0.125 0.953125
vt 0.140625 0.953125
vt 0.140625 0.96875
vt 0.125 0.96875
vt 0.721875 0.780703125
vt 0.720703125 0.78125
vt 0.720703125 0.77953125
vt 0.722421875 0.77953125
vt 0.722421875 0.7478125
vt 0.720703125 0.7478125
vt 0.720703125 0.74609375
vt 0.721875 0.746640625
vt 0.015625 0.859375
vt 0 0.859375
vt 0 0.84375
vt 0.015625 0.84375
vt 0.03125 0.84375
vt 0.046875 0.84375
vt 0.046875 0.859375
vt 0.03125 0.859375
vt 0.140625 0.90625
vt 0.125 0.90625
vt 0.125 0.890625
vt 0.140625 0.890625
vt 0.721875 0.748984375
vt 0.720703125 0.74953125
vt 0.720703125 0.7478125
vt 0.722421875 0.7478125
vt 0.125 0.859375
vt 0.140625 0.859375
vt 0.140625 0.875
vt 0.125 0.875
vt 0.722421875 0.77953125
vt 0.720703125 0.77953125
vt 0.720703125 0.7778125
vt 0.721875 0.778359375
vt 0.078125 0.859375
vt 0.0625 0.859375
vt 0.0625 0.84375
vt 0.078125 0.84375
vt 0.71953125 0.746640625
vt 0.720703125 0.74609375
vt 0.720703125 0.7478125
vt 0.718984375 0.7478125
vt 0.718984375 0.7478125
vt 0.720703125 0.7478125
vt 0.720703125 0.74953125
vt 0.71953125 0.748984375
vt 0.140625 0.921875
vt 0.15625 0.921875
vt 0.15625 0.9375
vt 0.140625 0.9375
vt 0.71953125 0.778359375
vt 0.720703125 0.7778125
vt 0.720703125 0.77953125
vt 0.718984375 0.77953125
vt 0.718984375 0.77953125
vt 0.720703125 0.77953125
vt 0.720703125 0.78125
vt 0.71953125 0.780703125
vn -0.9011975243264602 0.08459195031351906 0.42507319850822695
vn 0.8836185541170497 -0.2297491547389504 0.40796271486109154
vn 0.172451124359715 0.9697741415074201 0.1726230696361774
vn -0.172451124359715 -0.9697741415074201 -0.1726230696361774
vn -0.3976224740314984 0.22887183401568129 -0.8885460324256527
vn -0.43529169590880645 -0.08217931832452884 0.8965309247943158
vn 0.9011975243264602 -0.08459195031351906 -0.42507319850822695
vn -0.172451124359715 -0.9697741415074201 -0.1726230696361774
vn -0.8836185541170497 0.2297491547389504 -0.40796271486109154
vn 0.172451124359715 0.9697741415074201 0.1726230696361774
vn 0.3976224740314984 -0.22887183401568129 0.8885460324256527
vn -0.172451124359715 -0.9697741415074201 -0.1726230696361774
vn -0.172451124359715 -0.9697741415074201 -0.1726230696361774
vn 0.43529169590880645 0.08217931832452884 -0.8965309247943158
vn 0.172451124359715 0.9697741415074201 0.1726230696361774
vn 0.172451124359715 0.9697741415074201 0.1726230696361774
usemtl m_939b02b2-df4c-255e-486f-2d355257d222
f 835/3325/888 845/3326/888 844/3327/888 837/3328/888
f 841/3329/889 843/3330/889 842/3331/889 839/3332/889
f 835/3333/890 846/3334/890 851/3335/890 845/3336/890
f 844/3337/891 848/3338/891 847/3339/891 837/3340/891
f 834/3341/892 850/3342/892 849/3343/892 836/3344/892
f 837/3345/893 847/3346/893 846/3347/893 835/3348/893
f 838/3349/894 842/3350/894 843/3351/894 840/3352/894
f 836/3353/895 849/3354/895 848/3355/895 844/3356/895
f 836/3357/896 844/3358/896 845/3359/896 834/3360/896
f 845/3361/897 851/3362/897 850/3363/897 834/3364/897
f 839/3365/898 846/3366/898 847/3367/898 841/3368/898
f 841/3369/899 847/3370/899 848/3371/899 843/3372/899
f 843/3373/900 848/3374/900 849/3375/900 840/3376/900
f 840/3377/901 849/3378/901 850/3379/901 838/3380/901
f 838/3381/902 850/3382/902 851/3383/902 842/3384/902
f 842/3385/903 851/3386/903 846/3387/903 839/3388/903
o sphere
v 0.15136410838676426 0.5978480522005729 -0.030954900564971757
v 0.1535197474412607 0.6099702289694156 -0.02879711219451954
v 0.1499432760197373 0.6093621336372244 -0.032412754962910635
v 0.1478303249133529 0.6055598666243894 -0.03454256286522508
v 0.1484190236443029 0.6007905424439757 -0.0339385271196574
v 0.14849302299862469 0.6090246411247621 -0.029067957092891356
v 0.1457797642531804 0.6050824782260428 -0.029812138262604627
v 0.14696877062319025 0.6004530499315134 -0.03059372924963812
v 0.14980266852288998 0.6082010763670612 -0.025749617522692878
v 0.147631468708462 0.603917824431886 -0.025119123477304398
v 0.14827841614745554 0.5996294851738125 -0.02727538967943964
v 0.15310462599928426 0.6073739150853669 -0.024401400607411926
v 0.15230132041716515 0.6027480833148311 -0.02321286893952789
v 0.15158037362384982 0.5988023238921182 -0.02592717276415869
v 0.15646483218372206 0.6070277387260128 -0.0258134856398339
v 0.15705353091467206 0.602258414545599 -0.02520944989426622
v 0.15494057980828765 0.5984561475327641 -0.02733925779658066
v 0.15791508520483472 0.6073652312384751 -0.029158283509853177
v 0.15910409157484456 0.6027358029439457 -0.02993987449688667
v 0.15639083282940028 0.5987936400452264 -0.03068405566659994
v 0.15660543968056942 0.6081887959961759 -0.032476623080051656
v 0.15725238711956296 0.6039004567381024 -0.0346328892821869
v 0.15508118730513498 0.5996172048029272 -0.03400239523679842
v 0.15330348220417514 0.6090159572778703 -0.0338248399953326
v 0.1525825354108598 0.6050701978551574 -0.036539143819963406
v 0.1517792298287407 0.6004443660846216 -0.035350612152079366
vt 0.03242125 0.26335921875
vt 0.033103125 0.2639703125
vt 0.0319634375 0.26455609375
vt 0.2508484375 0.390625
vt 0.250659375 0.375
vt 0.251953125 0.375
vt 0.2517640625 0.390625
vt 0.625659375 0.90625
vt 0.6258484375 0.890625
vt 0.6267640625 0.890625
vt 0.626953125 0.90625
vt 0.7501 0.842475
vt 0.75 0.8415648437500001
vt 0.7512396875 0.84188921875
vt 0.033103125 0.2639703125
vt 0.033203125 0.26488046875000004
vt 0.0319634375 0.26455609375
vt 0.6095640625 0.8125
vt 0.609375 0.796875
vt 0.61066875 0.796875
vt 0.6104796875 0.8125
vt 0.625 1
vt 0.6251890625 0.984375
vt 0.6261046875 0.984375
vt 0.62629375 1
vt 0.750781875 0.84308609375
vt 0.7501 0.842475
vt 0.7512396875 0.84188921875
vt 0.033203125 0.26488046875000004
vt 0.03267015625 0.265625
vt 0.0319634375 0.26455609375
vt 0.6251890625 0.78125
vt 0.625 0.765625
vt 0.62629375 0.765625
vt 0.6261046875 0.78125
vt 0.3125 0.375
vt 0.3126890625 0.359375
vt 0.3136046875 0.359375
vt 0.31379375 0.375
vt 0.7516975 0.84308609375
vt 0.750781875 0.84308609375
vt 0.7512396875 0.84188921875
vt 0.000255625 0.26335921875
vt 0.00117125 0.26335921875
vt 0.0007134375 0.26455609375
vt 0.1570984375 0.375
vt 0.156909375 0.359375
vt 0.158203125 0.359375
vt 0.1580140625 0.375
vt 0.281909375 0.375
vt 0.2820984375 0.359375
vt 0.2830140625 0.359375
vt 0.283203125 0.375
vt 0.75 0.7790648437500001
vt 0.75053296875 0.7783203125
vt 0.7512396875 0.77938921875
vt 0.00117125 0.26335921875
vt 0.001853125 0.2639703125
vt 0.0007134375 0.26455609375
vt 0.3445984375 0.390625
vt 0.344409375 0.375
vt 0.345703125 0.375
vt 0.3455140625 0.390625
vt 0.625659375 0.875
vt 0.6258484375 0.859375
vt 0.6267640625 0.859375
vt 0.626953125 0.875
vt 0.7501 0.779975
vt 0.75 0.7790648437500001
vt 0.7512396875 0.77938921875
vt 0.001853125 0.2639703125
vt 0.001953125 0.26488046875000004
vt 0.0007134375 0.26455609375
vt 0.2189390625 0.390625
vt 0.21875 0.375
vt 0.22004375 0.375
vt 0.2198546875 0.390625
vt 0.625 0.9375
vt 0.6251890625 0.921875
vt 0.6261046875 0.921875
vt 0.62629375 0.9375
vt 0.750781875 0.78058609375
vt 0.7501 0.779975
vt 0.7512396875 0.77938921875
vt 0.001953125 0.26488046875000004
vt 0.00142015625 0.265625
vt 0.0007134375 0.26455609375
vt 0.6251890625 0.75
vt 0.625 0.734375
vt 0.62629375 0.734375
vt 0.6261046875 0.75
vt 0.625 0.6875
vt 0.6251890625 0.671875
vt 0.6261046875 0.671875
vt 0.62629375 0.6875
vt 0.7516975 0.78058609375
vt 0.750781875 0.78058609375
vt 0.7512396875 0.77938921875
vt 0.031505625 0.26335921875
vt 0.03242125 0.26335921875
vt 0.0319634375 0.26455609375
vt 0.6258484375 0.84375
vt 0.625659375 0.828125
vt 0.626953125 0.828125
vt 0.6267640625 0.84375
vt 0.625659375 0.71875
vt 0.6258484375 0.703125
vt 0.6267640625 0.703125
vt 0.626953125 0.71875
vt 0.75 0.8415648437500001
vt 0.75053296875 0.8408203125
vt 0.7512396875 0.84188921875
vn -0.1858037828360446 0.982411481474476 0.01856435700318057
vn -0.7672298757958762 0.5798693548615068 -0.27406176124870907
vn -0.8991977419150997 -0.16244601872906214 -0.40626926038510813
vn -0.5044520089503541 -0.8094980295258132 -0.30040158265191874
vn -0.19189206658569558 0.9321378739582042 0.30707721946466515
vn -0.7819564187952696 0.458472639747471 0.42231149369613774
vn -0.9139125643306026 -0.2837334417239116 0.2902742820267857
vn -0.5105402927000053 -0.8597716370420849 -0.01188872019043416
vn 0.007740460854602821 0.8606792919187592 0.5090886383803725
vn -0.29987577927434683 0.28597581181430887 0.9101056818093985
vn -0.4319505836839422 -0.4563272448019914 0.7779358192720819
vn -0.3109077652597068 -0.9312302190815299 0.19012269872527313
vn 0.29621115881318066 0.8098739461653556 0.5063231583851439
vn 0.39639505472526215 0.16328812507949383 0.9034422775127251
vn 0.26449022008007805 -0.5789090223120968 0.7713036155546297
vn -0.02243706730112895 -0.9820355648349336 0.18735721873004454
vn 0.5044520089503544 0.8094980295258132 0.30040158265191874
vn 0.8992319917654259 0.16244090357735813 0.40619549213470685
vn 0.7671915601624878 -0.5798871035287164 0.27413145966219105
vn 0.18580378283604448 -0.982411481474476 -0.018564357003180598
vn 0.5105402927000051 0.8597716370420849 0.011888720190434188
vn 0.9139389045848368 0.2837272289156793 -0.2901974125627211
vn 0.7819341438447028 -0.45844356581618756 -0.42238429380315556
vn 0.1918920665856957 -0.9321378739582042 -0.30707721946466515
vn 0.31090776525970687 0.9312302190815299 -0.19012269872527318
vn 0.4318778952438964 0.45633444662455613 -0.7779719509234008
vn 0.29994440193133026 -0.2860058774557873 -0.910073619994999
vn -0.007740460854602851 -0.8606792919187592 -0.5090886383803724
vn 0.022437067301128974 0.9820355648349336 -0.1873572187300445
vn -0.26441256893569476 0.5789117435836565 -0.7713281963793087
vn -0.39646864056597797 -0.16326798522800234 -0.9034136273309997
vn -0.2962111588131807 -0.8098739461653556 -0.5063231583851439
usemtl m_939b02b2-df4c-255e-486f-2d355257d222
f 854/3389/904 857/3390/904 853/3391/904
f 854/3392/905 855/3393/905 858/3394/905 857/3395/905
f 855/3396/906 856/3397/906 859/3398/906 858/3399/906
f 859/3400/907 856/3401/907 852/3402/907
f 857/3403/908 860/3404/908 853/3405/908
f 857/3406/909 858/3407/909 861/3408/909 860/3409/909
f 858/3410/910 859/3411/910 862/3412/910 861/3413/910
f 862/3414/911 859/3415/911 852/3416/911
f 860/3417/912 863/3418/912 853/3419/912
f 860/3420/913 861/3421/913 864/3422/913 863/3423/913
f 861/3424/914 862/3425/914 865/3426/914 864/3427/914
f 865/3428/915 862/3429/915 852/3430/915
f 863/3431/916 866/3432/916 853/3433/916
f 863/3434/917 864/3435/917 867/3436/917 866/3437/917
f 864/3438/918 865/3439/918 868/3440/918 867/3441/918
f 868/3442/919 865/3443/919 852/3444/919
f 866/3445/920 869/3446/920 853/3447/920
f 866/3448/921 867/3449/921 870/3450/921 869/3451/921
f 867/3452/922 868/3453/922 871/3454/922 870/3455/922
f 871/3456/923 868/3457/923 852/3458/923
f 869/3459/924 872/3460/924 853/3461/924
f 869/3462/925 870/3463/925 873/3464/925 872/3465/925
f 870/3466/926 871/3467/926 874/3468/926 873/3469/926
f 874/3470/927 871/3471/927 852/3472/927
f 872/3473/928 875/3474/928 853/3475/928
f 872/3476/929 873/3477/929 876/3478/929 875/3479/929
f 873/3480/930 874/3481/930 877/3482/930 876/3483/930
f 877/3484/931 874/3485/931 852/3486/931
f 875/3487/932 854/3488/932 853/3489/932
f 875/3490/933 876/3491/933 855/3492/933 854/3493/933
f 876/3494/934 877/3495/934 856/3496/934 855/3497/934
f 856/3498/935 877/3499/935 852/3500/935
o sphere
v 0.17092149799749085 0.5881974597864691 -0.006476085937830639
v 0.17037677460531797 0.6006736766495424 -0.007021328279897338
v 0.16709590758101042 0.5982720923897362 -0.016728403679572946
v 0.16589629941122477 0.593623159801982 -0.02058989581374214
v 0.16748108149161586 0.589450159445857 -0.016342862819497584
v 0.16567735241610948 0.5986378704456364 -0.00694147753890167
v 0.16389057508240315 0.5941404830624792 -0.006748707108863989
v 0.16606252632671492 0.5898159375017572 -0.006555936678826308
v 0.1670586298921917 0.5991258918346279 0.002845448601769605
v 0.16584357814244277 0.5948306753815812 0.007093106001152653
v 0.1674438038027971 0.5903039588907488 0.003230989461844967
v 0.17043018811713226 0.5994503060978298 0.006900335571114972
v 0.17061607893023328 0.5951927064969564 0.010609131335982302
v 0.1708153620277377 0.5906283731539506 0.007285876431190334
v 0.17381719111119295 0.5994209769901545 0.002845448601769605
v 0.1754019720024272 0.595248003870199 0.007093106001152653
v 0.1742023650217984 0.5905990440462753 0.003230989461844967
v 0.1752357462760939 0.5990551989342543 -0.00694147753890167
v 0.17740769752040567 0.5947306533735323 -0.006748707108863989
v 0.17562092018669934 0.5902332659903751 -0.006555936678826308
v 0.17385446880001168 0.5985671775452628 -0.016728403679572946
v 0.17545469327120922 0.5940404882905999 -0.02058989581374214
v 0.17423964271061712 0.5897452446013836 -0.016342862819497584
v 0.1704829093859143 0.5982427905182306 -0.02078266624377982
v 0.17068641517938 0.5935817415369444 -0.02632318379534503
v 0.1708680832965197 0.5894208575743514 -0.02039712538370446
vt 0.001685 0.44881703125000005
vt 0.00381546875 0.45007359375
vt 0.0030246875 0.45108203125
vt 0.69029765625 0.71821625
vt 0.68920921875 0.717125625
vt 0.6926840625 0.7167203125
vt 0.692754375 0.7179296875000001
vt 0.56420921875 0.52994453125
vt 0.56529765625 0.5288540625
vt 0.56775453125 0.5291406249999999
vt 0.56768421875 0.53035
vt 0.22256546875 0.45129359375
vt 0.220435 0.45255015624999995
vt 0.2217746875 0.45028515625
vt 0.00381546875 0.45007359375
vt 0.00554390625 0.45184296874999996
vt 0.0030246875 0.45108203125
vt 0.692754375 0.7179296875000001
vt 0.6926840625 0.7167203125
vt 0.6961825 0.7167203125
vt 0.6952278125 0.7179296875000001
vt 0.56768421875 0.53035
vt 0.56775453125 0.5291406249999999
vt 0.57022796875 0.5291406249999999
vt 0.57118265625 0.53035
vt 0.22429390625 0.44952421875000004
vt 0.22256546875 0.45129359375
vt 0.2217746875 0.45028515625
vt 0.00554390625 0.45184296874999996
vt 0.005859375 0.453125
vt 0.003025 0.45108218749999995
vt 0.53125 0.90625
vt 0.53156875 0.890625
vt 0.533053125 0.890625
vt 0.5325328125 0.906034375
vt 0.57118265625 0.53035
vt 0.57022796875 0.5291406249999999
vt 0.57148921875 0.52875046875
vt 0.57249296875 0.5297059375
vt 0.224609375 0.4482421875
vt 0.22429390625 0.44952421875000004
vt 0.221775 0.45028500000000005
vt 0.53125 0.46875
vt 0.53156546875 0.46746796874999996
vt 0.534084375 0.46670718749999995
vt 0.5319203125 0.8748281250000001
vt 0.5314 0.859375
vt 0.532884375 0.859375
vt 0.533203125 0.875
vt 0.0625 0.32606609374999995
vt 0.0636128125 0.3251953125
vt 0.064825 0.32571859375
vt 0.0637603125 0.32678546875000003
vt 0.54719046875 0.80889921875
vt 0.546875 0.8076171875
vt 0.549709375 0.80966
vt 0.53156546875 0.46746796874999996
vt 0.53329390625 0.46569859375
vt 0.5340846875 0.46670703125
vt 0.3448384375 0.29677140625
vt 0.34375 0.2956809375
vt 0.34722484375 0.29527546875
vt 0.34729515625 0.29648484374999995
vt 0.06373671875 0.32680921875
vt 0.064825 0.32571859375
vt 0.067281875 0.3260053125
vt 0.0672115625 0.32721468750000005
vt 0.54891890625 0.81066859375
vt 0.54719046875 0.80889921875
vt 0.5497096875 0.80966015625
vt 0.53329390625 0.46569859375
vt 0.535424375 0.46444203125000005
vt 0.5340846875 0.46670703125
vt 0.34729515625 0.29648484374999995
vt 0.34722484375 0.29527546875
vt 0.35072328125 0.29527546875
vt 0.34976859375 0.29648484374999995
vt 0.0672115625 0.32721468750000005
vt 0.067281875 0.3260053125
vt 0.0697553125 0.3260053125
vt 0.07071 0.32721468750000005
vt 0.551049375 0.8119251562500001
vt 0.54891890625 0.81066859375
vt 0.5497096875 0.80966015625
vt 0.535424375 0.46444203125000005
vt 0.5367446875 0.46444203125000005
vt 0.5340853125 0.46670609375000005
vt 0.34976859375 0.29648484374999995
vt 0.35072328125 0.29527546875
vt 0.35250859375 0.29582765624999996
vt 0.35103 0.296875
vt 0.07071 0.32721468750000005
vt 0.0697553125 0.3260053125
vt 0.0710165625 0.32561515625000004
vt 0.0724953125 0.32666249999999997
vt 0.5523696875 0.8119251562500001
vt 0.551049375 0.8119251562500001
vt 0.5497103125 0.80966109375
vt 0.0003646875 0.44881703125000005
vt 0.001685 0.44881703125000005
vt 0.0030240625 0.45108109375000005
vt 0.68909 0.71875
vt 0.6875 0.71788109375
vt 0.68920921875 0.717125625
vt 0.69029765625 0.71821625
vt 0.5625 0.52918921875
vt 0.56409 0.5283203125
vt 0.56529765625 0.5288540625
vt 0.56420921875 0.5299446875
vt 0.220435 0.45255015624999995
vt 0.2191146875 0.45255015624999995
vt 0.2217740625 0.45028609374999995
vn -0.3971440098999841 0.9131643608704572 -0.09169234121021826
vn -0.9213735445360485 0.3598224212353755 -0.1469646780875949
vn -0.8859994787968748 -0.45005601775969645 -0.11159975111956998
vn -0.3158509566236197 -0.9487526720875115 -0.010321841248116963
vn -0.39733829219526856 0.9176141570118652 0.010321841248116978
vn -0.9218891739272793 0.3710417556375679 0.11157224820299279
vn -0.8865309173374096 -0.43869706661341756 0.14699597392334937
vn -0.31604523891890435 -0.9443028759461034 0.09169234121021828
vn -0.1980476720407242 0.9763630582928471 0.08655806144021606
vn -0.4647967283986945 0.6855831868886038 0.5603032171293826
vn -0.5631817563029347 -0.6424668576268538 0.5196755201263747
vn -0.1126908005915841 -0.9786307133258334 0.17199625111437283
vn 0.11219839331949391 0.9899086940401303 0.08655806144021608
vn 0.47350534763418173 0.5902002546795925 0.6538014569714397
vn 0.7024452557417182 -0.3986342052079038 0.5896282160176997
vn 0.197555264768634 -0.9650850775785504 0.17199625111437283
vn 0.3158509566236197 0.9487526720875115 0.010321841248116978
vn 0.8860099417227442 0.45004402897392415 0.11156502656915912
vn 0.9213544221789975 -0.3598593522770492 0.14699413359025035
vn 0.3971440098999841 -0.9131643608704572 0.09169234121021828
vn 0.3160452389189043 0.9443028759461034 -0.09169234121021826
vn 0.8865343943766262 0.4387001592318878 -0.14696577110737355
vn 0.9218848707244874 -0.37104159297437433 -0.11160833934941516
vn 0.3973382921952686 -0.9176141570118654 -0.010321841248116964
vn 0.11267413206327108 0.9786315510757421 -0.1720024046427138
vn 0.5631324809200313 0.6424474677139147 -0.5197528837446013
vn 0.6188835816596081 -0.633820060832291 -0.4639560785664156
vn 0.19803116309005128 -0.9763658754717927 -0.08656405523888977
vn -0.19753873268381916 0.9650873648985335 -0.17200240464271385
vn -0.6169967442907972 0.5908974885127362 -0.5197645386171487
vn -0.5613104614855038 -0.6853154723730513 -0.4639755049062743
vn -0.11218170165703896 -0.9899100616490014 -0.08656405523888977
usemtl m_939b02b2-df4c-255e-486f-2d355257d222
f 880/3501/936 883/3502/936 879/3503/936
f 880/3504/937 881/3505/937 884/3506/937 883/3507/937
f 881/3508/938 882/3509/938 885/3510/938 884/3511/938
f 885/3512/939 882/3513/939 878/3514/939
f 883/3515/940 886/3516/940 879/3517/940
f 883/3518/941 884/3519/941 887/3520/941 886/3521/941
f 884/3522/942 885/3523/942 888/3524/942 887/3525/942
f 888/3526/943 885/3527/943 878/3528/943
f 886/3529/944 889/3530/944 879/3531/944
f 886/3532/945 887/3533/945 890/3534/945 889/3535/945
f 887/3536/946 888/3537/946 891/3538/946 890/3539/946
f 891/3540/947 888/3541/947 878/3542/947
f 889/3543/948 892/3544/948 879/3545/948
f 889/3546/949 890/3547/949 893/3548/949 892/3549/949
f 890/3550/950 891/3551/950 894/3552/950 893/3553/950
f 894/3554/951 891/3555/951 878/3556/951
f 892/3557/952 895/3558/952 879/3559/952
f 892/3560/953 893/3561/953 896/3562/953 895/3563/953
f 893/3564/954 894/3565/954 897/3566/954 896/3567/954
f 897/3568/955 894/3569/955 878/3570/955
f 895/3571/956 898/3572/956 879/3573/956
f 895/3574/957 896/3575/957 899/3576/957 898/3577/957
f 896/3578/958 897/3579/958 900/3580/958 899/3581/958
f 900/3582/959 897/3583/959 878/3584/959
f 898/3585/960 901/3586/960 879/3587/960
f 898/3588/961 899/3589/961 902/3590/961 901/3591/961
f 899/3592/962 900/3593/962 903/3594/962 902/3595/962
f 903/3596/963 900/3597/963 878/3598/963
f 901/3599/964 880/3600/964 879/3601/964
f 901/3602/965 902/3603/965 881/3604/965 880/3605/965
f 902/3606/966 903/3607/966 882/3608/966 881/3609/966
f 882/3610/967 903/3611/967 878/3612/967
o Index
v 0.1651740729658597 0.6123714525960083 -0.020725284510474083
v 0.16512081300902628 0.6135913061604402 0.007240572832156074
v 0.16599189889883426 0.593640159167732 -0.020296425398652472
v 0.16594180685583948 0.5947874555763265 0.0060060166550438936
v 0.17454015004318962 0.6127803843525583 -0.020725284510474083
v 0.1744868900863562 0.6140002379169902 0.007240572832156074
v 0.17535797597616418 0.594049090924282 -0.020296425398652472
v 0.1753078839331694 0.5951963873328765 0.0060060166550438936
v 0.17669893804948322 0.613485728544636 -0.006742355839159005
v 0.17751834675022024 0.5947181837746106 -0.0071445799666658
v 0.1637814337034697 0.5941184171983371 -0.0071445799666658
v 0.16296202500273269 0.6128859619683625 -0.006742355839159005
v 0.16979581165825322 0.6139799157814393 0.011462175973477914
v 0.17061728473527546 0.5951650890209732 0.009975984525554801
v 0.17064989022684499 0.5944183004864738 -0.0071445799666658
v 0.17068662447098495 0.5935769479710933 -0.026433079099719033
v 0.16986953938272564 0.6122912732657034 -0.02725094261281908
v 0.16983048152610794 0.6131858452564993 -0.006742355839159005
vt 0.4778625 0.6560546875
vt 0.4743203125 0.6560546875
vt 0.47401875 0.6513671875
vt 0.4773546875 0.6513671875
vt 0.46925625 0.6203037499999999
vt 0.4725921875 0.6203037499999999
vt 0.472290625 0.62499125
vt 0.46875 0.62499125
vt 0.440625 0.49894375
vt 0.439453125 0.5
vt 0.439453125 0.49544374999999996
vt 0.441171875 0.49544374999999996
vt 0.034921875 0.47889375
vt 0.033203125 0.47889375
vt 0.033203125 0.474609375
vt 0.034375 0.475603125
vt 0.4707796875 0.65605546875
vt 0.46876890625 0.65606359375
vt 0.46875 0.6513760937499999
vt 0.47068125 0.6513684375
vt 0.125 0.46875
vt 0.1265359375 0.46875
vt 0.126909375 0.484375
vt 0.12533125 0.484375
vt 0.47583125 0.62499125
vt 0.472290625 0.62499125
vt 0.4725921875 0.6203037499999999
vt 0.475928125 0.6203037499999999
vt 0.034375 0.482184375
vt 0.033203125 0.4837203125
vt 0.033203125 0.47889375
vt 0.034921875 0.47889375
vt 0.47068125 0.6513684375
vt 0.47401875 0.6513671875
vt 0.4743203125 0.65605609375
vt 0.4707796875 0.6560557812500001
vt 0.441171875 0.49544374999999996
vt 0.439453125 0.49544374999999996
vt 0.439453125 0.49031250000000004
vt 0.440625 0.49194531249999995
vt 0.064109375 0.484375
vt 0.06253125 0.484375
vt 0.0629171875 0.46875
vt 0.064453125 0.46875
vt 0.03203125 0.475603125
vt 0.033203125 0.474609375
vt 0.033203125 0.47889375
vt 0.031484375 0.47889375
vt 0.031484375 0.47889375
vt 0.033203125 0.47889375
vt 0.033203125 0.4837203125
vt 0.03203125 0.482184375
vt 0.475928125 0.6203042187500001
vt 0.477859375 0.6203125
vt 0.4778390625 0.625
vt 0.47583125 0.62499125
vt 0.43828125 0.49194531249999995
vt 0.439453125 0.49031250000000004
vt 0.439453125 0.49544374999999996
vt 0.437734375 0.4954453125
vt 0.437734375 0.4954453125
vt 0.439453125 0.49544374999999996
vt 0.439453125 0.5
vt 0.43828125 0.49894375
vn -0.9868709567091709 -0.04640325642000057 0.1547011719333294
vn 0.9856293463119536 0.03951361708910627 0.16423600626295812
vn -0.043577871373829215 0.9980973490458729 -0.04361938736533594
vn 0.043577871373829215 -0.9980973490458729 0.04361938736533594
vn -0.8105620043524978 -0.06084590814228846 -0.5824834869439662
vn -0.6405780559392165 -0.08822280472776867 0.762808292413697
vn 0.9868709567091709 0.04640325642000055 -0.1547011719333294
vn 0.043577871373829215 -0.9980973490458729 0.04361938736533594
vn -0.9856318572057022 -0.03951405192390737 -0.16422083230148776
vn -0.043577871373829215 0.9980973490458729 -0.04361938736533594
vn 0.6687122427082083 -0.029488260079890673 0.7429363222845007
vn 0.043577871373829215 -0.9980973490458729 0.04361938736533594
vn 0.043577871373829215 -0.9980973490458729 0.04361938736533594
vn 0.7953611925641507 0.008238995245796467 -0.6060797738914175
vn -0.043577871373829215 0.9980973490458729 -0.04361938736533594
vn -0.043577871373829215 0.9980973490458729 -0.04361938736533594
usemtl m_939b02b2-df4c-255e-486f-2d355257d222
f 905/3613/968 915/3614/968 914/3615/968 907/3616/968
f 911/3617/969 913/3618/969 912/3619/969 909/3620/969
f 905/3621/970 916/3622/970 921/3623/970 915/3624/970
f 914/3625/971 918/3626/971 917/3627/971 907/3628/971
f 904/3629/972 920/3630/972 919/3631/972 906/3632/972
f 907/3633/973 917/3634/973 916/3635/973 905/3636/973
f 908/3637/974 912/3638/974 913/3639/974 910/3640/974
f 906/3641/975 919/3642/975 918/3643/975 914/3644/975
f 906/3645/976 914/3646/976 915/3647/976 904/3648/976
f 915/3649/977 921/3650/977 920/3651/977 904/3652/977
f 909/3653/978 916/3654/978 917/3655/978 911/3656/978
f 911/3657/979 917/3658/979 918/3659/979 913/3660/979
f 913/3661/980 918/3662/980 919/3663/980 910/3664/980
f 910/3665/981 919/3666/981 920/3667/981 908/3668/981
f 908/3669/982 920/3670/982 921/3671/982 912/3672/982
f 912/3673/983 921/3674/983 916/3675/983 909/3676/983
o sphere
v 0.17010283727641015 0.6069478730058108 -0.0064666126424332135
v 0.16955811388423728 0.6194240898688842 -0.007011854984499913
v 0.16627803527091883 0.6170044480286274 -0.017132910990993504
v 0.1650787529301091 0.6123480527304005 -0.021165490133108592
v 0.16666320918152427 0.6081825150847482 -0.016747370130918142
v 0.1648586916950288 0.6173882836649781 -0.006932004243504245
v 0.16307191436132243 0.6128908962818209 -0.006739233813466563
v 0.1652438656056342 0.6085663507210989 -0.006546463383428881
v 0.16623918076012187 0.6178943626344202 0.003268902503985014
v 0.16502380318139706 0.6136066088918463 0.0076876469113139525
v 0.1666243546707273 0.609072429690541 0.003654443364060376
v 0.16961041315608655 0.6182262396080948 0.007494876481276272
v 0.16979602094985816 0.6139751222155883 0.011352280669103907
v 0.169995587066692 0.6094043066642155 0.007880417341351635
v 0.17299774197912313 0.6181894477899467 0.003268902503985014
v 0.17458219704138148 0.6140239373804641 0.0076876469113139525
v 0.17338291588972857 0.6093675148460675 0.003654443364060376
v 0.1744170855550132 0.617805612153596 -0.006932004243504245
v 0.17658903679932497 0.6134810665928739 -0.006739233813466563
v 0.17480225946561864 0.6089836792097167 -0.006546463383428881
v 0.17303659648992012 0.6172995331841539 -0.017132910990993504
v 0.1746371467900935 0.6127653812190182 -0.021165490133108592
v 0.17342177040052553 0.6084776002402748 -0.016747370130918142
v 0.16966536290479858 0.616967683446649 -0.021358260563146273
v 0.16986933009112068 0.6122960668315547 -0.02714104730844508
v 0.17005053681540402 0.6081457505027698 -0.02097271970307091
vt 0.53265921875 0.5893668750000001
vt 0.53489578125 0.59064609375
vt 0.5341240625 0.591668125
vt 0.69038765625 0.84321703125
vt 0.6892596875 0.8421259375
vt 0.69288109375 0.84172203125
vt 0.69294828125 0.84293140625
vt 0.56425984375 0.77994421875
vt 0.56538765625 0.778853125
vt 0.5679484375 0.77913875
vt 0.56788109375 0.780348125
vt 0.53489578125 0.52947109375
vt 0.53265921875 0.5307503124999999
vt 0.5341240625 0.5284490625
vt 0.53489578125 0.59064609375
vt 0.53673828125 0.5924471875
vt 0.5341240625 0.591668125
vt 0.69294828125 0.84292984375
vt 0.69288109375 0.84172203125
vt 0.69652484375 0.84172203125
vt 0.69552484375 0.84292984375
vt 0.56788125 0.7803465625
vt 0.5679484375 0.77913875
vt 0.570525 0.77913875
vt 0.571525 0.780348125
vt 0.53673828125 0.52767
vt 0.53489578125 0.52947109375
vt 0.5341240625 0.5284490625
vt 0.53673828125 0.5924471875
vt 0.537109375 0.59375
vt 0.5341234375 0.5916679687499999
vt 0.515625 0.8125
vt 0.515990625 0.796875
vt 0.5174984375 0.796875
vt 0.5169390625 0.8122765625
vt 0.571525 0.78034828125
vt 0.570525 0.77913875
vt 0.571821875 0.7787471875
vt 0.5728578125 0.77970265625
vt 0.537109375 0.5263671875
vt 0.53673828125 0.52767
vt 0.5341234375 0.5284492187500001
vt 0.40625 0.46875
vt 0.40662109375 0.4674471875
vt 0.4092359375 0.46666796875000005
vt 0.2193890625 0.48419687499999997
vt 0.2188296875 0.46875
vt 0.2203375 0.46875
vt 0.220703125 0.484375
vt 0.28125 0.43544421874999995
vt 0.28238984375 0.4345703125
vt 0.28364015625 0.43509171874999997
vt 0.28253609375 0.43616
vt 0.46912109375 0.46517
vt 0.46875 0.4638671875
vt 0.4717359375 0.46594921874999995
vt 0.40662109375 0.4674471875
vt 0.40846359375 0.46564609375
vt 0.4092353125 0.466668125
vt 0.2198778125 0.29676875
vt 0.21875 0.29567765625
vt 0.22237125 0.2952740625
vt 0.2224384375 0.29648343749999995
vt 0.28251234375 0.43618296874999996
vt 0.28364015625 0.43509171874999997
vt 0.28620078125 0.4353771875
vt 0.28613359375 0.43658656250000005
vt 0.47096359375 0.46697109375
vt 0.46912109375 0.46517
vt 0.4717353125 0.4659490625
vt 0.40846359375 0.46564609375
vt 0.41070015625 0.46436687499999996
vt 0.4092353125 0.466668125
vt 0.2224384375 0.29648343749999995
vt 0.22237125 0.2952740625
vt 0.226015 0.2952740625
vt 0.225015 0.29648343749999995
vt 0.28613359375 0.43658656250000005
vt 0.28620078125 0.4353771875
vt 0.28877734375 0.4353771875
vt 0.28977734375 0.43658656250000005
vt 0.47320015625 0.46825031250000004
vt 0.47096359375 0.46697109375
vt 0.4717353125 0.4659490625
vt 0.41070015625 0.46436687499999996
vt 0.41205484375 0.46436687499999996
vt 0.40923609375 0.46666687500000004
vt 0.225015 0.29648343749999995
vt 0.226015 0.2952740625
vt 0.2278475 0.29582718750000003
vt 0.226311875 0.296875
vt 0.2897775 0.43658671875
vt 0.28877734375 0.4353771875
vt 0.29007421875 0.43498562500000004
vt 0.29160984375 0.4360334375
vt 0.47455484375 0.46825031250000004
vt 0.47320015625 0.46825031250000004
vt 0.47173609375 0.46595031249999996
vt 0.53130453125 0.5893668750000001
vt 0.53265921875 0.5893668750000001
vt 0.53412328125 0.591666875
vt 0.6891421875 0.84375
vt 0.6875 0.84287890625
vt 0.6892596875 0.8421259375
vt 0.69038765625 0.8432171875
vt 0.5625 0.77919140625
vt 0.5641421875 0.7783203125
vt 0.56538765625 0.778853125
vt 0.5642596875 0.779944375
vt 0.53265921875 0.5307503124999999
vt 0.53130453125 0.5307503124999999
vt 0.53412328125 0.5284503125
vn -0.3971891188681601 0.9133493175034396 -0.08963162426697345
vn -0.9219997346748549 0.36028397740366913 -0.1418165888945639
vn -0.8866047082332512 -0.45011769150262415 -0.10642441042815376
vn -0.3158876390898245 -0.9487607140800746 -0.008252689775097398
vn -0.39737553597944975 0.9176189713146309 0.008252689775097391
vn -0.9224930105301071 0.37105999221633473 0.10640078805870427
vn -0.8871119407034893 -0.4392185752430927 0.14184303938761647
vn -0.316074056201114 -0.9444910602688833 0.08963162426697345
vn -0.19815869575656678 0.976786625253065 0.08136965050179865
vn -0.4713380791127529 0.6942054980515922 0.5439845049753175
vn -0.5686357795190927 -0.649609301902226 0.5046395794354785
vn -0.11274483189966142 -0.9795124871111112 0.16686488687954193
vn 0.11227207826355753 0.9903403255546028 0.08136965050179865
vn 0.4824506420355597 0.6000630401002126 0.6380953893464261
vn 0.7117238357896722 -0.4049254409002548 0.5740074641331505
vn 0.1976859421204629 -0.9659587868095734 0.16686488687954193
vn 0.3158876390898245 0.9487607140800746 0.008252689775097391
vn 0.886613298420161 0.450107847671359 0.10639447602756194
vn 0.9219826256054128 -0.3603179117906719 0.14184160364490742
vn 0.3971891188681602 -0.9133493175034396 0.08963162426697345
vn 0.316074056201114 0.9444910602688833 -0.08963162426697345
vn 0.8871147670877374 0.4392211363270134 -0.14181742988249646
vn 0.9224894635110238 -0.3710599128249557 -0.10643181293898826
vn 0.39737553597944963 -0.9176189713146309 -0.008252689775097398
vn 0.11272883450261258 0.979513360450935 -0.1668705683150853
vn 0.5686059539109267 0.6495876761963392 -0.504701020516984
vn 0.6248831306257662 -0.6391264702171215 -0.44837309032450257
vn 0.19814285668937792 -0.9767893782632333 -0.08137517345664351
vn -0.19767008171492056 0.9659610510910972 -0.1668705683150853
vn -0.6230631533031857 0.5975489293630464 -0.504705442820828
vn -0.5668107945376377 -0.6911443232452854 -0.44838047196708763
vn -0.11225605952815527 -0.9903416876230713 -0.08137517345664354
usemtl m_939b02b2-df4c-255e-486f-2d355257d222
f 924/3677/984 927/3678/984 923/3679/984
f 924/3680/985 925/3681/985 928/3682/985 927/3683/985
f 925/3684/986 926/3685/986 929/3686/986 928/3687/986
f 929/3688/987 926/3689/987 922/3690/987
f 927/3691/988 930/3692/988 923/3693/988
f 927/3694/989 928/3695/989 931/3696/989 930/3697/989
f 928/3698/990 929/3699/990 932/3700/990 931/3701/990
f 932/3702/991 929/3703/991 922/3704/991
f 930/3705/992 933/3706/992 923/3707/992
f 930/3708/993 931/3709/993 934/3710/993 933/3711/993
f 931/3712/994 932/3713/994 935/3714/994 934/3715/994
f 935/3716/995 932/3717/995 922/3718/995
f 933/3719/996 936/3720/996 923/3721/996
f 933/3722/997 934/3723/997 937/3724/997 936/3725/997
f 934/3726/998 935/3727/998 938/3728/998 937/3729/998
f 938/3730/999 935/3731/999 922/3732/999
f 936/3733/1000 939/3734/1000 923/3735/1000
f 936/3736/1001 937/3737/1001 940/3738/1001 939/3739/1001
f 937/3740/1002 938/3741/1002 941/3742/1002 940/3743/1002
f 941/3744/1003 938/3745/1003 922/3746/1003
f 939/3747/1004 942/3748/1004 923/3749/1004
f 939/3750/1005 940/3751/1005 943/3752/1005 942/3753/1005
f 940/3754/1006 941/3755/1006 944/3756/1006 943/3757/1006
f 944/3758/1007 941/3759/1007 922/3760/1007
f 942/3761/1008 945/3762/1008 923/3763/1008
f 942/3764/1009 943/3765/1009 946/3766/1009 945/3767/1009
f 943/3768/1010 944/3769/1010 947/3770/1010 946/3771/1010
f 947/3772/1011 944/3773/1011 922/3774/1011
f 945/3775/1012 924/3776/1012 923/3777/1012
f 945/3778/1013 946/3779/1013 925/3780/1013 924/3781/1013
f 946/3782/1014 947/3783/1014 926/3784/1014 925/3785/1014
f 926/3786/1015 947/3787/1015 922/3788/1015
o sphere
v 0.1718132436013477 0.567773127546887 -0.009039905522122109
v 0.17126852020917482 0.5802493444099605 -0.009585147864188808
v 0.16876712385236495 0.5779055605002625 -0.01874836638824079
v 0.1678860308675021 0.5733835891398564 -0.020022948033651462
v 0.1691522977629704 0.5690836275563833 -0.018362825528165427
v 0.16767304630481428 0.5782617376290932 -0.009505297123193139
v 0.16634333353248165 0.5737843061156556 -0.009312526693155458
v 0.16805822021541972 0.5694398046852139 -0.009119756263117777
v 0.16873191767477252 0.578711914537696 -0.00026222785814548726
v 0.16777714522871032 0.5758774802823348 0.001329739354582209
v 0.16904900116135635 0.571449508701701 0.00005515770917153759
v 0.17132340114053748 0.5789923644249507 0.0035660000459284934
v 0.17144208269484004 0.5762741099302815 0.006743956310417392
v 0.1716404846271213 0.5717299585889557 0.0038833856132455182
v 0.17392946604755213 0.5789388444004642 -0.00026222785814548726
v 0.17512764251899882 0.5761984099248753 0.001329739354582209
v 0.17424654953413596 0.5716764385644691 0.00005515770917153759
v 0.1750235435951028 0.5785826672716335 -0.009505297123193139
v 0.17673843027804087 0.5742381658411919 -0.009312526693155458
v 0.17540871750570824 0.5697607343277543 -0.009119756263117777
v 0.17396467222514456 0.5781324903630307 -0.01874836638824079
v 0.17523652815779062 0.5737045187823969 -0.020022948033651462
v 0.17434984613575 0.5693105574191515 -0.018362825528165427
v 0.1713731887593796 0.577852040475776 -0.02257659429231477
v 0.17157159069166086 0.5733078891344502 -0.025437164989486647
v 0.17175836266998504 0.5690301075318968 -0.02219105343223941
vt 0.67238375 0.81146
vt 0.67422078125 0.8100296875
vt 0.6747646875 0.81090140625
vt 0.12718296875 0.29631125
vt 0.12685796875 0.29516125000000004
vt 0.12956421875 0.29516125000000004
vt 0.12951109375 0.296326875
vt 0.72050875 0.87437375
vt 0.720843125 0.8732253125
vt 0.72317125 0.8732253125
vt 0.723215 0.8743909375
vt 0.69085515625 0.93592421875
vt 0.68876328125 0.9369459375
vt 0.69031125 0.93505265625
vt 0.67422078125 0.8100296875
vt 0.6763128125 0.809008125
vt 0.6747646875 0.81090140625
vt 0.1295109375 0.29632765625
vt 0.12956421875 0.29516125000000004
vt 0.13222875 0.29577515624999995
vt 0.13183125 0.29652078125000003
vt 0.723215 0.87439359375
vt 0.72317125 0.8732253125
vt 0.72552453125 0.87341859375
vt 0.725945 0.874535625
vt 0.6928221875 0.934619375
vt 0.69085515625 0.93592421875
vt 0.6903109375 0.9350521875
vt 0.6763128125 0.809008125
vt 0.677470625 0.809008125
vt 0.674764375 0.810901875
vt 0.1318296875 0.29652359375000004
vt 0.13222875 0.29577515624999995
vt 0.1337890625 0.29627203125
vt 0.1329328125 0.296875
vt 0.72594515625 0.87453625
vt 0.72552453125 0.87341859375
vt 0.7266515625 0.87315296875
vt 0.7275390625 0.87416078125
vt 0.693359375 0.93359375
vt 0.6928221875 0.934619375
vt 0.69031125 0.9350521875
vt 0.21901375 0.32463312499999997
vt 0.2201715625 0.32463312499999997
vt 0.22172 0.326526875
vt 0.1883553125 0.296875
vt 0.1875 0.29627078124999995
vt 0.1890609375 0.29577609375
vt 0.1894590625 0.29652515625
vt 0.68768015625 0.7488942187500001
vt 0.68847234375 0.74781
vt 0.68961875 0.74797171875
vt 0.68930171875 0.749123125
vt 0.6880371875 0.997119375
vt 0.6875 0.99609375
vt 0.690548125 0.9975521875
vt 0.2201715625 0.32463312499999997
vt 0.22226359375 0.32565468750000004
vt 0.2217196875 0.32652640624999996
vt 0.18945875 0.29652484375
vt 0.1890609375 0.29577609375
vt 0.19172578125 0.29516234374999994
vt 0.19177890625 0.29632859375
vt 0.6893015625 0.7491232812499999
vt 0.68961875 0.74797171875
vt 0.6919453125 0.74756390625
vt 0.6920078125 0.74872953125
vt 0.69000421875 0.99842421875
vt 0.6880371875 0.997119375
vt 0.6905484375 0.9975521875
vt 0.22226359375 0.32565468750000004
vt 0.224100625 0.32708499999999996
vt 0.2217196875 0.32652640624999996
vt 0.19177890625 0.29632953124999994
vt 0.19172578125 0.29516234374999994
vt 0.19443203125 0.29516234374999994
vt 0.19410703125 0.29631078125
vt 0.69200796875 0.748731875
vt 0.6919453125 0.74756390625
vt 0.69426390625 0.74735234375
vt 0.69470109375 0.7484640625000001
vt 0.69209609375 0.9994459375
vt 0.69000421875 0.99842421875
vt 0.690548125 0.99755265625
vt 0.224100625 0.32708499999999996
vt 0.224609375 0.328125
vt 0.2217190625 0.32652625
vt 0.194106875 0.29631140624999996
vt 0.19443203125 0.29516234374999994
vt 0.196051875 0.2954025
vt 0.1952521875 0.29648125000000003
vt 0.6947009375 0.74846375
vt 0.69426390625 0.74735234375
vt 0.69538671875 0.7470703125
vt 0.6962890625 0.7480648437499999
vt 0.69325390625 0.9994459375
vt 0.69209609375 0.9994459375
vt 0.69054765625 0.9975521875
vt 0.671875 0.8125
vt 0.67238375 0.81146
vt 0.6747653125 0.81090125
vt 0.12603734375 0.29647984375
vt 0.12523796875 0.29540078125
vt 0.12685796875 0.29516125000000004
vt 0.12718265625 0.29631046875
vt 0.71889125 0.87411953125
vt 0.7196990625 0.873046875
vt 0.720843125 0.8732253125
vt 0.72050921875 0.874371875
vt 0.68876328125 0.9369459375
vt 0.68760546875 0.9369459375
vt 0.69031171875 0.9350521875
vn -0.48335059508235373 0.8707088315916053 -0.09076526219824581
vn -0.962244504289785 0.22897123101217534 -0.14716551679274345
vn -0.9434483178580658 -0.31623969204827307 -0.09948732936409405
vn -0.405426851247119 -0.9140383278666163 -0.012767281568389268
vn -0.4835477690414534 0.8752248577230807 0.012767281568389268
vn -0.9552573813006352 0.2868057784993489 0.07228956280152461
vn -0.9181571001870752 -0.354574691237294 0.17681721553638113
vn -0.398326214453869 -0.886069317568563 0.23710206946045706
vn -0.2423500326468169 0.9656911536450938 0.09331161475236992
vn -0.7319075030179312 0.5040641780995105 0.45850922715134335
vn -0.7557292337353151 -0.3721762125401842 0.5388489510958312
vn -0.3073946847059021 -0.9110311218299165 0.2748286791291679
vn 0.15726228784433915 0.9831386043555963 0.09331161475236992
vn 0.6851786803056409 0.5659566896637297 0.45850103759914584
vn 0.7852837435415395 -0.30491966325631403 0.5388445425992936
vn 0.38562654921492234 -0.8807731613013128 0.2748286791291679
vn 0.405426851247119 0.9140383278666163 0.012767281568389268
vn 0.901986258195683 0.4278909243211859 0.05770742508301798
vn 0.9571119126782327 -0.23446106793948587 0.17019046456864448
vn 0.47403649244849905 -0.8479811392269836 0.23710206946045706
vn 0.4056240252062187 0.9095223017351409 -0.09076526219824581
vn 0.9222471997039009 0.35750607116755384 -0.1471377304319097
vn 0.9531387760250135 -0.2871631460998191 -0.09520399760300706
vn 0.4835477690414534 -0.8752248577230807 -0.012767281568389268
vn 0.15777892103245048 0.9713057589405547 -0.1779632960100164
vn 0.7557410813261167 0.3721750613982311 -0.5388331297064564
vn 0.7872830361661906 -0.35052468049810503 -0.5072650878255336
vn 0.2423500326468169 -0.9656911536450938 -0.09331161475236992
vn -0.24183339945870555 0.9538583082300525 -0.17796329601001643
vn -0.7852974980674244 0.3049099160744327 -0.538830012720641
vn -0.7537277369883794 -0.4178317124820185 -0.5072584731068769
vn -0.15726228784433915 -0.9831386043555963 -0.09331161475236992
usemtl m_939b02b2-df4c-255e-486f-2d355257d222
f 950/3789/1016 953/3790/1016 949/3791/1016
f 950/3792/1017 951/3793/1017 954/3794/1017 953/3795/1017
f 951/3796/1018 952/3797/1018 955/3798/1018 954/3799/1018
f 955/3800/1019 952/3801/1019 948/3802/1019
f 953/3803/1020 956/3804/1020 949/3805/1020
f 953/3806/1021 954/3807/1021 957/3808/1021 956/3809/1021
f 954/3810/1022 955/3811/1022 958/3812/1022 957/3813/1022
f 958/3814/1023 955/3815/1023 948/3816/1023
f 956/3817/1024 959/3818/1024 949/3819/1024
f 956/3820/1025 957/3821/1025 960/3822/1025 959/3823/1025
f 957/3824/1026 958/3825/1026 961/3826/1026 960/3827/1026
f 961/3828/1027 958/3829/1027 948/3830/1027
f 959/3831/1028 962/3832/1028 949/3833/1028
f 959/3834/1029 960/3835/1029 963/3836/1029 962/3837/1029
f 960/3838/1030 961/3839/1030 964/3840/1030 963/3841/1030
f 964/3842/1031 961/3843/1031 948/3844/1031
f 962/3845/1032 965/3846/1032 949/3847/1032
f 962/3848/1033 963/3849/1033 966/3850/1033 965/3851/1033
f 963/3852/1034 964/3853/1034 967/3854/1034 966/3855/1034
f 967/3856/1035 964/3857/1035 948/3858/1035
f 965/3859/1036 968/3860/1036 949/3861/1036
f 965/3862/1037 966/3863/1037 969/3864/1037 968/3865/1037
f 966/3866/1038 967/3867/1038 970/3868/1038 969/3869/1038
f 970/3870/1039 967/3871/1039 948/3872/1039
f 968/3873/1040 971/3874/1040 949/3875/1040
f 968/3876/1041 969/3877/1041 972/3878/1041 971/3879/1041
f 969/3880/1042 970/3881/1042 973/3882/1042 972/3883/1042
f 973/3884/1043 970/3885/1043 948/3886/1043
f 971/3887/1044 950/3888/1044 949/3889/1044
f 971/3890/1045 972/3891/1045 951/3892/1045 950/3893/1045
f 972/3894/1046 973/3895/1046 952/3896/1046 951/3897/1046
f 952/3898/1047 973/3899/1047 948/3900/1047
o Index
v 0.16605975030232975 0.5920861065299392 -0.020102764673057917
v 0.16600863677360397 0.5932567988082276 0.00673604139460021
v 0.16794347247497837 0.5733718527119772 -0.020348887515942545
v 0.16783338340945808 0.5758933068580994 0.0016356978724416538
v 0.17542582737965967 0.5924950382864892 -0.020102764673057917
v 0.1753747138509339 0.5936657305647776 0.00673604139460021
v 0.17518032803006195 0.5736878206492048 -0.020348887515942545
v 0.17507023896454166 0.576209274795327 0.0016356978724416538
v 0.17758568800542868 0.5931758154535799 -0.006683049436659608
v 0.17684834460892443 0.5742425281950884 -0.009322517175371277
v 0.1662334572546172 0.5737790722043317 -0.009322517175371277
v 0.1638487749586781 0.5925760488773065 -0.006683049436659608
v 0.17068396006264994 0.5936379729549234 0.010787181933114643
v 0.17144201372374296 0.5762756896281188 0.006780171808449734
v 0.17154090093177082 0.5740108001997101 -0.009322517175371277
v 0.17157169771577707 0.5733054378791854 -0.02549336145195063
v 0.17075471489500654 0.5920174208632092 -0.026364923806960698
v 0.1707172314820534 0.5928759321654432 -0.006683049436659608
vt 0.38425375 0.56224703125
vt 0.3808534375 0.5623353125
vt 0.3799390625 0.5576403125
vt 0.38274046875 0.55795984375
vt 0.470264375 0.5579534374999999
vt 0.47306609375 0.5576365624999999
vt 0.4721503125 0.56233078125
vt 0.46875 0.56224078125
vt 0.503125 0.4989859375
vt 0.501953125 0.5
vt 0.501953125 0.495628125
vt 0.503671875 0.495628125
vt 0.15904296875 0.43277656249999996
vt 0.15771484375 0.43277656249999996
vt 0.15771484375 0.4287109375
vt 0.15862109375 0.42999374999999995
vt 0.3774515625 0.56233265625
vt 0.3754940625 0.5623040625
vt 0.37557359375 0.5576171875
vt 0.377146875 0.5576403125
vt 0.382745625 0.55797421875
vt 0.38431 0.5578062500000001
vt 0.3857421875 0.56202921875
vt 0.38425375 0.56224703125
vt 0.475551875 0.56233078125
vt 0.4721503125 0.56233078125
vt 0.4730659375 0.5576370312500001
vt 0.475858125 0.55763859375
vt 0.15861953125 0.43553437500000003
vt 0.15771484375 0.436821875
vt 0.15771484375 0.43277656249999996
vt 0.15904296875 0.43277656249999996
vt 0.377146875 0.5576403125
vt 0.3799390625 0.5576403125
vt 0.380853125 0.5623340625
vt 0.3774515625 0.5623325
vt 0.503671875 0.495628125
vt 0.501953125 0.495628125
vt 0.501953125 0.490703125
vt 0.503125 0.4922703125
vt 0.7209234375 0.6558359375
vt 0.7193734375 0.6558359375
vt 0.720153125 0.651446875
vt 0.7216796875 0.6513671875
vt 0.15680109375 0.429991875
vt 0.15771484375 0.4287109375
vt 0.15771484375 0.43277609375000003
vt 0.15639859375 0.432775625
vt 0.15638671875 0.43277656249999996
vt 0.15771484375 0.43277656249999996
vt 0.15771484375 0.436821875
vt 0.15680859375 0.43553437500000003
vt 0.475858125 0.55763875
vt 0.47743296875 0.5576171875
vt 0.47750796875 0.5623040625
vt 0.475551875 0.56233078125
vt 0.50078125 0.4922703125
vt 0.501953125 0.490703125
vt 0.501953125 0.495628125
vt 0.500234375 0.495628125
vt 0.500234375 0.495628125
vt 0.501953125 0.495628125
vt 0.501953125 0.5
vt 0.50078125 0.4989859375
vn -0.9753962856668912 -0.1468349398096478 0.1644432618209994
vn 0.9833632458480828 -0.062094496808628954 0.17070735245210292
vn -0.043577871373829215 0.9980973490458729 -0.04361938736533594
vn 0.0431934206246227 -0.9892919792211281 0.13941200903612153
vn -0.798855197384178 -0.06274355179000506 -0.5982421084486289
vn -0.8011980275992197 -0.16755987537425798 0.5744609723346604
vn 0.9872916753775155 -0.01641317819151714 -0.1580688309310612
vn 0.043577871373829215 -0.9980973490458729 0.04361938736533594
vn -0.9834143206913023 -0.10388409147537896 -0.14867538262133256
vn -0.043577871373829215 0.9980973490458729 -0.04361938736533594
vn 0.6472551098366385 -0.14447525163297806 0.7484568955230146
vn 0.1780194086824395 -0.9742840698713625 0.13812907488016002
vn 0.043577871373829215 -0.9980973490458729 0.04361938736533594
vn 0.8183247844150151 0.008961232037016537 -0.5746862131045932
vn -0.043577871373829215 0.9980973490458729 -0.04361938736533594
vn -0.043577871373829215 0.9980973490458729 -0.04361938736533594
usemtl m_939b02b2-df4c-255e-486f-2d355257d222
f 975/3901/1048 985/3902/1048 984/3903/1048 977/3904/1048
f 981/3905/1049 983/3906/1049 982/3907/1049 979/3908/1049
f 975/3909/1050 986/3910/1050 991/3911/1050 985/3912/1050
f 984/3913/1051 988/3914/1051 987/3915/1051 977/3916/1051
f 974/3917/1052 990/3918/1052 989/3919/1052 976/3920/1052
f 977/3921/1053 987/3922/1053 986/3923/1053 975/3924/1053
f 978/3925/1054 982/3926/1054 983/3927/1054 980/3928/1054
f 976/3929/1055 989/3930/1055 988/3931/1055 984/3932/1055
f 976/3933/1056 984/3934/1056 985/3935/1056 974/3936/1056
f 985/3937/1057 991/3938/1057 990/3939/1057 974/3940/1057
f 979/3941/1058 986/3942/1058 987/3943/1058 981/3944/1058
f 981/3945/1059 987/3946/1059 988/3947/1059 983/3948/1059
f 983/3949/1060 988/3950/1060 989/3951/1060 980/3952/1060
f 980/3953/1061 989/3954/1061 990/3955/1061 978/3956/1061
f 978/3957/1062 990/3958/1062 991/3959/1062 982/3960/1062
f 982/3961/1063 991/3962/1063 986/3963/1063 979/3964/1063
o sphere
v 0.17098958842151243 0.586637932678585 -0.0064079306450723055
v 0.17044486502933956 0.5991141495416583 -0.006953172987139005
v 0.167163998005032 0.5967125652818521 -0.01666024838681461
v 0.16596438983524636 0.5920636326940979 -0.02052174052098381
v 0.16754917191563745 0.5878906323379729 -0.01627470752673925
v 0.16574544284013107 0.5970783433377523 -0.006873322246143337
v 0.16395866550642474 0.5925809559545951 -0.006680551816105655
v 0.1661306167507365 0.5882564103938731 -0.006487781386067974
v 0.16712672031621328 0.5975663647267438 0.0029136038945279386
v 0.16591166856646436 0.5932711482736971 0.007161261293910986
v 0.1675118942268187 0.5887444317828647 0.0032991447546033004
v 0.17049827854115385 0.5978907789899457 0.006968490863873305
v 0.17068416935425487 0.5936331793890723 0.010677286628740635
v 0.1708834524517593 0.5890688460460665 0.007354031723948667
v 0.17388528153521454 0.5978614498822704 0.0029136038945279386
v 0.17547006242644878 0.593688476762315 0.007161261293910986
v 0.17427045544581998 0.5890395169383912 0.0032991447546033004
v 0.17530383670011548 0.5974956718263702 -0.006873322246143337
v 0.17747578794442725 0.5931711262656482 -0.006680551816105655
v 0.17568901061072092 0.588673738882491 -0.006487781386067974
v 0.17392255922403327 0.5970076504373787 -0.01666024838681461
v 0.1755227836952308 0.5924809611827158 -0.02052174052098381
v 0.1743077331346387 0.5881857174934995 -0.01627470752673925
v 0.17055099980993588 0.5966832634103465 -0.02071451095102149
v 0.17075450560340158 0.5920222144290603 -0.026255028502586694
v 0.1709361737205413 0.5878613304664673 -0.020328970090946127
vt 0.54856 0.9644420312499999
vt 0.55069046875 0.96569859375
vt 0.5498996875 0.96670703125
vt 0.31529765625 0.31196625
vt 0.31420921875 0.310875625
vt 0.3176840625 0.3104703125
vt 0.317754375 0.31167968749999997
vt 0.50170921875 0.43619453124999996
vt 0.50279765625 0.4351040625
vt 0.50525453125 0.43539062500000003
vt 0.50518421875 0.4366
vt 0.34756546875 0.45129359375
vt 0.345435 0.45255015624999995
vt 0.3467746875 0.45028515625
vt 0.55069046875 0.96569859375
vt 0.55241890625 0.96746796875
vt 0.5498996875 0.96670703125
vt 0.317754375 0.31167968749999997
vt 0.3176840625 0.3104703125
vt 0.3211825 0.3104703125
vt 0.3202278125 0.31167968749999997
vt 0.50518421875 0.4366
vt 0.50525453125 0.43539062500000003
vt 0.50772796875 0.43539062500000003
vt 0.50868265625 0.4366
vt 0.34929390625 0.44952421875000004
vt 0.34756546875 0.45129359375
vt 0.3467746875 0.45028515625
vt 0.55241890625 0.96746796875
vt 0.552734375 0.96875
vt 0.5499 0.9667071875
vt 0.15625 0.46875
vt 0.15656875 0.453125
vt 0.158053125 0.453125
vt 0.1575328125 0.46853437499999995
vt 0.50868265625 0.4366
vt 0.50772796875 0.43539062500000003
vt 0.50898921875 0.43500046875
vt 0.50999296875 0.43595593749999995
vt 0.349609375 0.4482421875
vt 0.34929390625 0.44952421875000004
vt 0.346775 0.45028500000000005
vt 0.03125 0.453125
vt 0.03156546875 0.45184296874999996
vt 0.034084375 0.45108218749999995
vt 0.5319203125 0.8435781250000001
vt 0.5314 0.828125
vt 0.532884375 0.828125
vt 0.533203125 0.84375
vt 0.09375 0.32606609374999995
vt 0.0948628125 0.3251953125
vt 0.096075 0.32571859375
vt 0.0950103125 0.32678546875000003
vt 0.25031546875 0.44952421875000004
vt 0.25 0.4482421875
vt 0.252834375 0.45028500000000005
vt 0.03156546875 0.45184296874999996
vt 0.03329390625 0.45007359375
vt 0.0340846875 0.45108203125
vt 0.7198384375 0.99989640625
vt 0.71875 0.9988059375
vt 0.72222484375 0.99840046875
vt 0.72229515625 0.99960984375
vt 0.09498671875 0.32680921875
vt 0.096075 0.32571859375
vt 0.098531875 0.3260053125
vt 0.0984615625 0.32721468750000005
vt 0.25204390625 0.45129359375
vt 0.25031546875 0.44952421875000004
vt 0.2528346875 0.45028515625
vt 0.03329390625 0.45007359375
vt 0.035424375 0.44881703125000005
vt 0.0340846875 0.45108203125
vt 0.72229515625 0.99960984375
vt 0.72222484375 0.99840046875
vt 0.72572328125 0.99840046875
vt 0.72476859375 0.99960984375
vt 0.0984615625 0.32721468750000005
vt 0.098531875 0.3260053125
vt 0.1010053125 0.3260053125
vt 0.10196 0.32721468750000005
vt 0.254174375 0.45255015624999995
vt 0.25204390625 0.45129359375
vt 0.2528346875 0.45028515625
vt 0.035424375 0.44881703125000005
vt 0.0367446875 0.44881703125000005
vt 0.0340853125 0.45108109375000005
vt 0.72476859375 0.99960984375
vt 0.72572328125 0.99840046875
vt 0.72750859375 0.99895265625
vt 0.72603 1
vt 0.10196 0.32721468750000005
vt 0.1010053125 0.3260053125
vt 0.1022665625 0.32561515625000004
vt 0.1037453125 0.32666249999999997
vt 0.2554946875 0.45255015624999995
vt 0.254174375 0.45255015624999995
vt 0.2528353125 0.45028609374999995
vt 0.5472396875 0.9644420312499999
vt 0.54856 0.9644420312499999
vt 0.5498990625 0.96670609375
vt 0.31409 0.3125
vt 0.3125 0.31163109375
vt 0.31420921875 0.310875625
vt 0.31529765625 0.31196625
vt 0.5 0.43543921875
vt 0.50159 0.4345703125
vt 0.50279765625 0.4351040625
vt 0.50170921875 0.4361946875
vt 0.345435 0.45255015624999995
vt 0.3441146875 0.45255015624999995
vt 0.3467740625 0.45028609374999995
vn -0.3971440098999841 0.9131643608704572 -0.09169234121021826
vn -0.9213735445360485 0.3598224212353755 -0.1469646780875949
vn -0.8859994787968748 -0.45005601775969645 -0.11159975111956998
vn -0.3158509566236197 -0.9487526720875115 -0.010321841248116963
vn -0.39733829219526856 0.9176141570118652 0.010321841248116978
vn -0.9218891739272793 0.3710417556375679 0.11157224820299279
vn -0.8865309173374096 -0.43869706661341756 0.14699597392334937
vn -0.31604523891890435 -0.9443028759461034 0.09169234121021828
vn -0.1980476720407242 0.9763630582928471 0.08655806144021606
vn -0.4647967283986945 0.6855831868886038 0.5603032171293826
vn -0.5631817563029347 -0.6424668576268538 0.5196755201263747
vn -0.1126908005915841 -0.9786307133258334 0.17199625111437283
vn 0.11219839331949391 0.9899086940401303 0.08655806144021608
vn 0.47350534763418173 0.5902002546795925 0.6538014569714397
vn 0.7024452557417182 -0.3986342052079038 0.5896282160176997
vn 0.197555264768634 -0.9650850775785504 0.17199625111437283
vn 0.3158509566236197 0.9487526720875115 0.010321841248116978
vn 0.8860099417227442 0.45004402897392415 0.11156502656915912
vn 0.9213544221789975 -0.3598593522770492 0.14699413359025035
vn 0.3971440098999841 -0.9131643608704572 0.09169234121021828
vn 0.3160452389189043 0.9443028759461034 -0.09169234121021826
vn 0.8865343943766262 0.4387001592318878 -0.14696577110737355
vn 0.9218848707244874 -0.37104159297437433 -0.11160833934941516
vn 0.3973382921952686 -0.9176141570118654 -0.010321841248116964
vn 0.11267413206327108 0.9786315510757421 -0.1720024046427138
vn 0.5631324809200313 0.6424474677139147 -0.5197528837446013
vn 0.6188835816596081 -0.633820060832291 -0.4639560785664156
vn 0.19803116309005128 -0.9763658754717927 -0.08656405523888977
vn -0.19753873268381916 0.9650873648985335 -0.17200240464271385
vn -0.6169967442907972 0.5908974885127362 -0.5197645386171487
vn -0.5613104614855038 -0.6853154723730513 -0.4639755049062743
vn -0.11218170165703896 -0.9899100616490014 -0.08656405523888977
usemtl m_939b02b2-df4c-255e-486f-2d355257d222
f 994/3965/1064 997/3966/1064 993/3967/1064
f 994/3968/1065 995/3969/1065 998/3970/1065 997/3971/1065
f 995/3972/1066 996/3973/1066 999/3974/1066 998/3975/1066
f 999/3976/1067 996/3977/1067 992/3978/1067
f 997/3979/1068 1000/3980/1068 993/3981/1068
f 997/3982/1069 998/3983/1069 1001/3984/1069 1000/3985/1069
f 998/3986/1070 999/3987/1070 1002/3988/1070 1001/3989/1070
f 1002/3990/1071 999/3991/1071 992/3992/1071
f 1000/3993/1072 1003/3994/1072 993/3995/1072
f 1000/3996/1073 1001/3997/1073 1004/3998/1073 1003/3999/1073
f 1001/4000/1074 1002/4001/1074 1005/4002/1074 1004/4003/1074
f 1005/4004/1075 1002/4005/1075 992/4006/1075
f 1003/4007/1076 1006/4008/1076 993/4009/1076
f 1003/4010/1077 1004/4011/1077 1007/4012/1077 1006/4013/1077
f 1004/4014/1078 1005/4015/1078 1008/4016/1078 1007/4017/1078
f 1008/4018/1079 1005/4019/1079 992/4020/1079
f 1006/4021/1080 1009/4022/1080 993/4023/1080
f 1006/4024/1081 1007/4025/1081 1010/4026/1081 1009/4027/1081
f 1007/4028/1082 1008/4029/1082 1011/4030/1082 1010/4031/1082
f 1011/4032/1083 1008/4033/1083 992/4034/1083
f 1009/4035/1084 1012/4036/1084 993/4037/1084
f 1009/4038/1085 1010/4039/1085 1013/4040/1085 1012/4041/1085
f 1010/4042/1086 1011/4043/1086 1014/4044/1086 1013/4045/1086
f 1014/4046/1087 1011/4047/1087 992/4048/1087
f 1012/4049/1088 1015/4050/1088 993/4051/1088
f 1012/4052/1089 1013/4053/1089 1016/4054/1089 1015/4055/1089
f 1013/4056/1090 1014/4057/1090 1017/4058/1090 1016/4059/1090
f 1017/4060/1091 1014/4061/1091 992/4062/1091
f 1015/4063/1092 994/4064/1092 993/4065/1092
f 1015/4066/1093 1016/4067/1093 995/4068/1093 994/4069/1093
f 1016/4070/1094 1017/4071/1094 996/4072/1094 995/4073/1094
f 996/4074/1095 1017/4075/1095 992/4076/1095
o sphere
v -0.10679368973675382 0.8621844292550008 -0.0078125
v -0.0779344014095642 0.9176226063286397 -0.0078125
v -0.09802669608178582 0.9177629250225636 0.008511874999999999
v -0.11480209336194361 0.901584026149367 0.01527375
v -0.11843309885794162 0.8785625900137936 0.008511874999999999
v -0.10459889197386571 0.9211841936537519 -0.0078125
v -0.12409574936656842 0.906421997244537 -0.0078125
v -0.1250052947500215 0.881983858644982 -0.0078125
v -0.09802669608178582 0.9177629250225636 -0.024136875
v -0.11480209336194361 0.901584026149367 -0.03089875
v -0.11843309885794162 0.8785625900137936 -0.024136875
v -0.08216084418508113 0.9095036852962052 -0.03089875
v -0.09236404557315901 0.8899035177918202 -0.04046125
v -0.10256724696123691 0.8703033502874352 -0.03089875
v -0.08216084418508113 0.9095036852962052 0.01527375
v -0.09236404557315901 0.8899035177918202 0.024836249999999997
v -0.10256724696123691 0.8703033502874352 0.01527375
v -0.06629499228837642 0.9012444455698468 0.008511874999999999
v -0.06992599778437443 0.8782230094342734 0.01527375
v -0.0867013950645322 0.8620441105610768 0.008511874999999999
v -0.05972279639629653 0.8978231769386585 -0.0078125
v -0.060632341779749604 0.8733850383391034 -0.0078125
v -0.08012919917245231 0.8586228419298885 -0.0078125
v -0.06629499228837642 0.9012444455698468 -0.024136875
v -0.06992599778437443 0.8782230094342734 -0.03089875
v -0.0867013950645322 0.8620441105610768 -0.024136875
vt 0.3210984375 0.6480770312499999
vt 0.3212890625 0.65255421875
vt 0.31501828125 0.6509525
vt 0.0625 0.65625
vt 0.0688390625 0.65625
vt 0.0680640625 0.671875
vt 0.0635828125 0.671875
vt 0.3292078125 0.78125
vt 0.3336890625 0.78125
vt 0.3344625 0.796875
vt 0.328125 0.796875
vt 0.2900390625 0.64822703125
vt 0.2898484375 0.6527042187500001
vt 0.28376828125 0.64982875
vt 0.31775859375 0.6450890625
vt 0.3210984375 0.6480770312499999
vt 0.31501828125 0.6509525
vt 0.328621875 0.953125
vt 0.3349609375 0.953125
vt 0.333878125 0.96875
vt 0.329396875 0.96875
vt 0.188771875 0.65625
vt 0.193253125 0.65625
vt 0.1943359375 0.671875
vt 0.1879984375 0.671875
vt 0.2898484375 0.6527042187500001
vt 0.28650859375 0.6556921875
vt 0.28376828125 0.64982875
vt 0.31297734375 0.6450890625
vt 0.31775859375 0.6450890625
vt 0.31501796875 0.650953125
vt 0.312575 0.90625
vt 0.3193359375 0.90625
vt 0.3182015625 0.921875
vt 0.3134203125 0.921875
vt 0.3134203125 0.84375
vt 0.3182015625 0.84375
vt 0.3193359375 0.859375
vt 0.312575 0.859375
vt 0.28650859375 0.6556921875
vt 0.28172734375 0.6556921875
vt 0.28376796875 0.649828125
vt 0.3629065625 0.957589375
vt 0.36768625 0.957589375
vt 0.365645625 0.963451875
vt 0.3125 0.734375
vt 0.319259375 0.734375
vt 0.3184140625 0.75
vt 0.313634375 0.75
vt 0.032384375 0.6875
vt 0.0371640625 0.6875
vt 0.0380109375 0.703125
vt 0.03125 0.703125
vt 0.00831125 0.640066875
vt 0.0035315625 0.640066875
vt 0.006270625 0.6342043749999999
vt 0.3212890625 0.65255421875
vt 0.318255625 0.65625
vt 0.3150175 0.6509521875
vt 0.3125 0.984375
vt 0.3192609375 0.984375
vt 0.318415625 1
vt 0.313634375 1
vt 0.313634375 0.875
vt 0.318415625 0.875
vt 0.3192609375 0.890625
vt 0.3125 0.890625
vt 0.287005625 0.64453125
vt 0.2900390625 0.64822703125
vt 0.2837675 0.6498290625
vt 0.36240671875 0.96875
vt 0.359375 0.96505484375
vt 0.3656446875 0.96345390625
vt 0.282171875 0.6875
vt 0.2813265625 0.671875
vt 0.2880859375 0.671875
vt 0.2869515625 0.6875
vt 0.000075 0.703125
vt 0.000921875 0.6875
vt 0.0057015625 0.6875
vt 0.0068359375 0.703125
vt 0 0.63260140625
vt 0.00303171875 0.62890625
vt 0.0062696875 0.63420234375
vt 0.359375 0.96505484375
vt 0.35956703125 0.96057765625
vt 0.36564625 0.9634534375
vt 0.345021875 0.875
vt 0.3442484375 0.859375
vt 0.3505859375 0.859375
vt 0.349503125 0.875
vt 0.3442484375 0.84375
vt 0.345021875 0.828125
vt 0.349503125 0.828125
vt 0.3505859375 0.84375
vt 0.00019203125 0.63707859375
vt 0 0.63260140625
vt 0.00627125 0.6342028125
vt 0.35956703125 0.96057765625
vt 0.3629065625 0.957589375
vt 0.36564625 0.9634534375
vt 0.3448328125 0.90625
vt 0.34375 0.890625
vt 0.3500875 0.890625
vt 0.3493140625 0.90625
vt 0.15625 0.65625
vt 0.1573328125 0.640625
vt 0.1618140625 0.640625
vt 0.1625875 0.65625
vt 0.0035315625 0.640066875
vt 0.00019203125 0.63707859375
vt 0.00627125 0.6342028125
vn 0.1308435224978253 0.9795845370527898 0.15262407210998166
vn -0.558491293774105 0.7376548727742034 0.37941107449704226
vn -0.9245774944149544 0.0343775584724475 0.37943990340347516
vn -0.7273799147267579 -0.6690473468033945 0.1526240721099817
vn 0.1308435224978253 0.9795845370527898 -0.15262407210998166
vn -0.5585092561729638 0.7376392386509251 -0.37941502918520054
vn -0.9245739531818151 0.0344110484254635 -0.379445496539373
vn -0.7273799147267579 -0.6690473468033945 -0.1526240721099817
vn 0.302730677654871 0.8803984191209616 -0.3650380259862451
vn -0.11746722206757484 0.48417629877179263 -0.8670494584782202
vn -0.46400132981516623 -0.18148536895652695 -0.8670443049720531
vn -0.5475409815483141 -0.752958241278475 -0.36503802598624513
vn 0.5475409815483141 0.7529582412784753 -0.3650380259862451
vn 0.46398738438400966 0.18147991446414494 -0.8670529094458839
vn 0.11748370625295301 -0.4841727882191831 -0.8670491854059561
vn -0.3027306776548709 -0.8803984191209615 -0.36503802598624513
vn 0.302730677654871 0.8803984191209616 0.3650380259862451
vn -0.11747258751612757 0.4841688170501006 0.8670529094458839
vn -0.46399701482072675 -0.18147308429715495 0.8670491854059561
vn -0.5475409815483141 -0.752958241278475 0.36503802598624513
vn 0.5475409815483141 0.7529582412784753 0.3650380259862451
vn 0.46398738438400966 0.18147991446414494 0.8670529094458839
vn 0.11748370625295304 -0.48417278821918297 0.8670491854059561
vn -0.3027306776548709 -0.8803984191209615 0.36503802598624513
vn 0.7273799147267578 0.6690473468033947 0.15262407210998166
vn 0.9245889430287612 -0.03438783182985 0.3794110744970424
vn 0.5584763116772786 -0.7376513871745275 0.37943990340347505
vn -0.1308435224978251 -0.9795845370527897 0.1526240721099817
vn 0.7273799147267578 0.6690473468033947 -0.15262407210998166
vn 0.9245864391134428 -0.03441151313031072 -0.37941502918520076
vn 0.5585017138728703 -0.737629277318258 -0.3794454965393729
vn -0.1308435224978251 -0.9795845370527897 -0.1526240721099817
usemtl m_939b02b2-df4c-255e-486f-2d355257d222
f 1023/4077/1096 1020/4078/1096 1019/4079/1096
f 1024/4080/1097 1021/4081/1097 1020/4082/1097 1023/4083/1097
f 1025/4084/1098 1022/4085/1098 1021/4086/1098 1024/4087/1098
f 1022/4088/1099 1025/4089/1099 1018/4090/1099
f 1026/4091/1100 1023/4092/1100 1019/4093/1100
f 1027/4094/1101 1024/4095/1101 1023/4096/1101 1026/4097/1101
f 1028/4098/1102 1025/4099/1102 1024/4100/1102 1027/4101/1102
f 1025/4102/1103 1028/4103/1103 1018/4104/1103
f 1029/4105/1104 1026/4106/1104 1019/4107/1104
f 1030/4108/1105 1027/4109/1105 1026/4110/1105 1029/4111/1105
f 1031/4112/1106 1028/4113/1106 1027/4114/1106 1030/4115/1106
f 1028/4116/1107 1031/4117/1107 1018/4118/1107
f 1041/4119/1108 1029/4120/1108 1019/4121/1108
f 1042/4122/1109 1030/4123/1109 1029/4124/1109 1041/4125/1109
f 1043/4126/1110 1031/4127/1110 1030/4128/1110 1042/4129/1110
f 1031/4130/1111 1043/4131/1111 1018/4132/1111
f 1020/4133/1112 1032/4134/1112 1019/4135/1112
f 1021/4136/1113 1033/4137/1113 1032/4138/1113 1020/4139/1113
f 1022/4140/1114 1034/4141/1114 1033/4142/1114 1021/4143/1114
f 1034/4144/1115 1022/4145/1115 1018/4146/1115
f 1032/4147/1116 1035/4148/1116 1019/4149/1116
f 1032/4150/1117 1033/4151/1117 1036/4152/1117 1035/4153/1117
f 1033/4154/1118 1034/4155/1118 1037/4156/1118 1036/4157/1118
f 1037/4158/1119 1034/4159/1119 1018/4160/1119
f 1035/4161/1120 1038/4162/1120 1019/4163/1120
f 1035/4164/1121 1036/4165/1121 1039/4166/1121 1038/4167/1121
f 1036/4168/1122 1037/4169/1122 1040/4170/1122 1039/4171/1122
f 1040/4172/1123 1037/4173/1123 1018/4174/1123
f 1038/4175/1124 1041/4176/1124 1019/4177/1124
f 1038/4178/1125 1039/4179/1125 1042/4180/1125 1041/4181/1125
f 1039/4182/1126 1040/4183/1126 1043/4184/1126 1042/4185/1126
f 1043/4186/1127 1040/4187/1127 1018/4188/1127
o Left Upper Arm
v -0.06987166837084229 0.8781947273317129 0.01534
v -0.06987166837084229 0.8781947273317129 -0.030965
v -0.1438434271139363 0.7687331070785233 0.01093
v -0.1438434271139363 0.7687331070785233 -0.026555
v -0.11485642277547581 0.9016123082519276 0.01534
v -0.11485642277547581 0.9016123082519276 -0.030965
v -0.17318131042130597 0.784005442461272 0.01093
v -0.17318131042130597 0.784005442461272 -0.026555
v -0.06048709375581671 0.8733094270036862 -0.0078125
v -0.12424099739050139 0.9064976085799543 -0.0078125
v -0.1793016851702357 0.7871915078925937 -0.0078125
v -0.13772305236500657 0.7655470416472016 -0.0078125
v -0.09236404557315904 0.8899035177918202 -0.040625
v -0.15851236876762115 0.7763692747698976 -0.034375
v -0.15851236876762115 0.7763692747698976 -0.0078125
v -0.15851236876762115 0.7763692747698976 0.01875
v -0.09236404557315904 0.8899035177918202 0.025
v -0.09236404557315904 0.8899035177918202 -0.0078125
v -0.1214173997192767 0.8374764196395025 0.021875
v -0.1409759885908565 0.8476579765613349 0.013135
v -0.14913648825609613 0.8519060638030972 -0.0078125
v -0.1409759885908565 0.8476579765613349 -0.02876
v -0.1214173997192767 0.8374764196395025 -0.0375
v -0.10740262855506079 0.8301807915503889 -0.02876
v -0.09924212888982115 0.8259327043086265 -0.0078125
v -0.10740262855506079 0.8301807915503889 0.013135
vt 0.2253046875 0.9846843750000001
vt 0.2195859375 0.9846843750000001
vt 0.21969375 0.966815625
vt 0.2246765625 0.966796875
vt 0.068359375 0.72734375
vt 0.068359375 0.733984375
vt 0.064225 0.7320296875000001
vt 0.0625 0.72734375
vt 0.22488125 0.7971390625
vt 0.2189515625 0.7971390625
vt 0.218940625 0.779296875
vt 0.2235046875 0.77930625
vt 0.131634375 0.7658875
vt 0.1257046875 0.7658875
vt 0.12708125 0.7480515624999999
vt 0.1316453125 0.748046875
vt 0.162284375 0.73464375
vt 0.1565640625 0.73464375
vt 0.156878125 0.716796875
vt 0.1618625 0.716809375
vt 0.08740234375 0.960546875
vt 0.08740234375 0.96875
vt 0.08106328125 0.966334375
vt 0.07841796875 0.960546875
vt 0.256521875 0.8596421875
vt 0.2508015625 0.8596421875
vt 0.2512234375 0.8418046875
vt 0.2562078125 0.841796875
vt 0.068359375 0.720703125
vt 0.068359375 0.72734375
vt 0.0625 0.72734375
vt 0.064225 0.7226578125
vt 0.0694765625 0.7815624999999999
vt 0.0637578125 0.7815624999999999
vt 0.0643859375 0.763671875
vt 0.06936875 0.7636968749999999
vt 0.08740234375 0.96875
vt 0.08740234375 0.960546875
vt 0.09638671875 0.960546875
vt 0.09374140625 0.966334375
vt 0.0066796875 0.781546875
vt 0.002165625 0.781546875
vt 0.0027625 0.7636875
vt 0.0073265625 0.763671875
vt 0.068359375 0.72734375
vt 0.068359375 0.720703125
vt 0.07249375 0.7226578125
vt 0.07421875 0.72734375
vt 0.068359375 0.733984375
vt 0.068359375 0.72734375
vt 0.07421875 0.72734375
vt 0.07249375 0.7320296875000001
vt 0.161896875 0.7971734375
vt 0.1573828125 0.7971734375
vt 0.1567359375 0.779296875
vt 0.1613 0.7793171875
vt 0.08740234375 0.960546875
vt 0.08740234375 0.95234375
vt 0.09374140625 0.954759375
vt 0.09638671875 0.960546875
vt 0.08740234375 0.95234375
vt 0.08740234375 0.960546875
vt 0.07841796875 0.960546875
vt 0.08106328125 0.954759375
vt 0.2189515625 0.7971390625
vt 0.22488125 0.7971390625
vt 0.2255328125 0.8121296875
vt 0.21875 0.8121328125
vt 0.1565640625 0.73464375
vt 0.162284375 0.73464375
vt 0.1626140625 0.7496359375
vt 0.15625 0.7496390625
vt 0.2508015625 0.8596421875
vt 0.256521875 0.8596421875
vt 0.2568359375 0.8746390625
vt 0.250471875 0.874634375
vt 0.1257046875 0.7658875
vt 0.131634375 0.7658875
vt 0.1318359375 0.7808828125
vt 0.125053125 0.780878125
vt 0.002165625 0.781546875
vt 0.0066796875 0.781546875
vt 0.006715625 0.796553125
vt 0 0.7966078125
vt 0.0637578125 0.7815624999999999
vt 0.0694765625 0.7815624999999999
vt 0.0688640625 0.7967953125
vt 0.0625 0.7968125
vt 0.2195859375 0.9846843750000001
vt 0.2253046875 0.9846843750000001
vt 0.2265625 0.999934375
vt 0.2201984375 0.9999171875
vt 0.1573828125 0.7971734375
vt 0.161896875 0.7971734375
vt 0.1640625 0.812265625
vt 0.157346875 0.81215
vn 0.7814291782085133 -0.47781809323864294 0.40132070619163773
vn -0.4617486132350339 -0.8870108331782217 0
vn -0.34189788922322156 0.14079881112397072 0.9291294463802029
vn -0.33442587165889553 0.1554777826758456 -0.9295084698158433
vn -0.8299897343872137 0.3868805622204864 0.4017965547236602
vn 0.4617486132350339 0.8870108331782217 0
vn -0.8225471614724938 0.40224568288652435 -0.40201315619354644
vn -0.4617486132350339 -0.8870108331782217 0
vn 0.7726105761769734 -0.49234813609120687 -0.4008318980158637
vn 0.4617486132350339 0.8870108331782217 0
vn 0.40389959755961446 -0.27088252756337067 -0.8737778730043816
vn -0.4617486132350339 -0.8870108331782217 0
vn -0.4617486132350339 -0.8870108331782217 0
vn 0.3959897715933418 -0.28502458250626206 0.8728992428456929
vn 0.4617486132350339 0.8870108331782217 0
vn 0.4617486132350339 0.8870108331782217 0
vn -0.34453721368444884 0.13556051614857817 0.9289335039969695
vn -0.8305672698284371 0.38566215431092904 0.4017744554124735
vn -0.8332354498936412 0.37998202132779313 -0.4016619829012776
vn -0.34724808557993786 0.1301506363993793 -0.9286977866377765
vn 0.40176923383553464 -0.2747172362549081 -0.8735627755620501
vn 0.7147514529220408 -0.5768581836048058 -0.3954301411804567
vn 0.7110838185025797 -0.5816797110823206 0.39497913461216944
vn 0.3702566260842189 -0.3293075275982819 0.8686003586850733
usemtl m_939b02b2-df4c-255e-486f-2d355257d222
f 1068/4189/1128 1069/4190/1128 1046/4191/1128 1055/4192/1128
f 1058/4193/1129 1059/4194/1129 1050/4195/1129 1054/4196/1129
f 1062/4197/1130 1063/4198/1130 1050/4199/1130 1059/4200/1130
f 1065/4201/1131 1066/4202/1131 1057/4203/1131 1051/4204/1131
f 1063/4205/1132 1064/4206/1132 1054/4207/1132 1050/4208/1132
f 1061/4209/1133 1056/4210/1133 1049/4211/1133 1053/4212/1133
f 1064/4213/1134 1065/4214/1134 1051/4215/1134 1054/4216/1134
f 1057/4217/1135 1058/4218/1135 1054/4219/1135 1051/4220/1135
f 1067/4221/1136 1068/4222/1136 1055/4223/1136 1047/4224/1136
f 1056/4225/1137 1061/4226/1137 1052/4227/1137 1045/4228/1137
f 1066/4229/1138 1067/4230/1138 1047/4231/1138 1057/4232/1138
f 1058/4233/1139 1057/4234/1139 1047/4235/1139 1055/4236/1139
f 1059/4237/1140 1058/4238/1140 1055/4239/1140 1046/4240/1140
f 1069/4241/1141 1062/4242/1141 1059/4243/1141 1046/4244/1141
f 1061/4245/1142 1060/4246/1142 1044/4247/1142 1052/4248/1142
f 1060/4249/1143 1061/4250/1143 1053/4251/1143 1048/4252/1143
f 1063/4253/1144 1062/4254/1144 1060/4255/1144 1048/4256/1144
f 1064/4257/1145 1063/4258/1145 1048/4259/1145 1053/4260/1145
f 1065/4261/1146 1064/4262/1146 1053/4263/1146 1049/4264/1146
f 1066/4265/1147 1065/4266/1147 1049/4267/1147 1056/4268/1147
f 1067/4269/1148 1066/4270/1148 1056/4271/1148 1045/4272/1148
f 1068/4273/1149 1067/4274/1149 1045/4275/1149 1052/4276/1149
f 1069/4277/1150 1068/4278/1150 1052/4279/1150 1044/4280/1150
f 1062/4281/1151 1069/4282/1151 1044/4283/1151 1060/4284/1151
o sphere
v -0.17005608409849693 0.7541940039404421 -0.0078125
v -0.14408272460402627 0.8040883633067171 -0.0078125
v -0.15863120156888402 0.8013427531679221 0.005386874999999999
v -0.17310979517288094 0.78396821397933 0.010854375
v -0.17615167551232083 0.767686235866516 0.005386874999999999
v -0.16290659378480304 0.803568381483715 -0.0078125
v -0.17915643714630272 0.7871158965571765 -0.0078125
v -0.18042706772823985 0.7699118641823088 -0.0078125
v -0.15863120156888402 0.8013427531679221 -0.021011875
v -0.17310979517288094 0.78396821397933 -0.026479375
v -0.17615167551232083 0.767686235866516 -0.021011875
v -0.1483091673795432 0.7959694422742827 -0.026479375
v -0.1585123687676211 0.7763692747698977 -0.03421125
v -0.16582964132298 0.7623129249728765 -0.026479375
v -0.1483091673795432 0.7959694422742827 0.010854375
v -0.1585123687676211 0.7763692747698977 0.01858625
v -0.16582964132298 0.7623129249728765 0.010854375
v -0.1379871331902024 0.7905961313806432 0.005386874999999999
v -0.14391494236236124 0.7687703355604654 0.010854375
v -0.1555076071336392 0.7569396140792372 0.005386874999999999
v -0.13371174097428334 0.7883705030648505 -0.0078125
v -0.13786830038893944 0.7656226529826188 -0.0078125
v -0.15123221491772018 0.7547139857634443 -0.0078125
v -0.1379871331902024 0.7905961313806432 -0.021011875
v -0.14391494236236124 0.7687703355604654 -0.026479375
v -0.1555076071336392 0.7569396140792372 -0.021011875
vt 0.50686375 0.90286640625
vt 0.5078125 0.90625
vt 0.50292078125 0.90543734375
vt 0.375 0.703125
vt 0.37996875 0.703125
vt 0.3790984375 0.71875
vt 0.375584375 0.71875
vt 0.375584375 0.609375
vt 0.3790984375 0.609375
vt 0.37996875 0.625
vt 0.375 0.625
vt 0.2578125 0.509765625
vt 0.2568628125 0.51314890625
vt 0.2529190625 0.5105765625
vt 0.5041503125 0.90063359375
vt 0.50686375 0.90286640625
vt 0.50292078125 0.90543734375
vt 0.375890625 0.671875
vt 0.380859375 0.671875
vt 0.380275 0.6875
vt 0.3767609375 0.6875
vt 0.0330109375 0.59375
vt 0.036525 0.59375
vt 0.037109375 0.609375
vt 0.032140625 0.609375
vt 0.2568628125 0.51314890625
vt 0.254149375 0.51538171875
vt 0.2529190625 0.5105765625
vt 0.5009346875 0.90063359375
vt 0.5041503125 0.90063359375
vt 0.502920625 0.90543828125
vt 0.1253359375 0.5625
vt 0.1298828125 0.5625
vt 0.1293734375 0.578125
vt 0.126159375 0.578125
vt 0.2511578125 0.5625
vt 0.2543734375 0.5625
vt 0.2548828125 0.578125
vt 0.2503359375 0.578125
vt 0.254149375 0.51538171875
vt 0.25093375 0.51538171875
vt 0.2529196875 0.51057859375
vt 0.50366140625 0.77563359375
vt 0.50687703125 0.77563359375
vt 0.50489265625 0.78043828125
vt 0.421875 0.953125
vt 0.426421875 0.953125
vt 0.4256 0.96875
vt 0.422384375 0.96875
vt 0.188009375 0.5625
vt 0.191225 0.5625
vt 0.192046875 0.578125
vt 0.1875 0.578125
vt 0.28812515625 0.49975812500000005
vt 0.28490953125 0.49975812500000005
vt 0.28614078125 0.49495500000000003
vt 0.46875 0.30769531250000004
vt 0.471965625 0.30769531250000004
vt 0.4699796875 0.3125
vt 0.0625 0.5625
vt 0.067046875 0.5625
vt 0.0662234375 0.578125
vt 0.063009375 0.578125
vt 0.422384375 0.796875
vt 0.4256 0.796875
vt 0.426421875 0.8125
vt 0.421875 0.8125
vt 0.565715625 0.3124203125
vt 0.5625 0.3124203125
vt 0.5637296875 0.3076171875
vt 0.406940625 0.30769531250000004
vt 0.41015625 0.30769531250000004
vt 0.408925 0.3125
vt 0.0949078125 0.578125
vt 0.0940859375 0.5625
vt 0.0986328125 0.5625
vt 0.0981234375 0.578125
vt 0.2190859375 0.578125
vt 0.2199078125 0.5625
vt 0.2231234375 0.5625
vt 0.2236328125 0.578125
vt 0.69140625 0.4374203125
vt 0.688190625 0.4374203125
vt 0.690175 0.4326171875
vt 0.5 0.78125
vt 0.50094765625 0.7778660937499999
vt 0.5048925 0.7804378125
vt 0.3142609375 0.625
vt 0.313390625 0.609375
vt 0.318359375 0.609375
vt 0.317775 0.625
vt 0.000890625 0.609375
vt 0.0017609375 0.59375
vt 0.005275 0.59375
vt 0.005859375 0.609375
vt 0.28219625 0.49752484374999995
vt 0.28125 0.494140625
vt 0.286140625 0.4949553125
vt 0.50094765625 0.7778660937499999
vt 0.50366140625 0.77563359375
vt 0.5048925 0.7804378125
vt 0.375584375 0.65625
vt 0.375 0.640625
vt 0.37996875 0.640625
vt 0.3790984375 0.65625
vt 0.390625 0.96875
vt 0.391209375 0.953125
vt 0.3947234375 0.953125
vt 0.39559375 0.96875
vt 0.28490953125 0.49975812500000005
vt 0.28219625 0.49752484374999995
vt 0.286140625 0.4949553125
vn -0.027188046328719857 0.9842348419372305 0.17476437295290628
vn -0.6717553362069784 0.6634692793529942 0.3294742533677984
vn -0.9455028768728113 0.06984751012552554 0.31803401571923384
vn -0.8218324055579092 -0.5422627694404973 0.17476437295290623
vn -0.027188046328719857 0.9842348419372305 -0.17476437295290628
vn -0.6717494449059992 0.6634756577281061 -0.32947342058311624
vn -0.9455047357758675 0.0698317235439665 -0.3180319559608535
vn -0.8218324055579092 -0.5422627694404973 -0.17476437295290623
vn 0.22631729189597127 0.8734434449336483 -0.4311345867490971
vn -0.2201702939175596 0.4549971030504818 -0.8628456860249838
vn -0.531582876767622 -0.17870946565007367 -0.8279387489509863
vn -0.5856727177179067 -0.6863748508137567 -0.431134586749097
vn 0.5856727177179067 0.6863748508137565 -0.4311345867490971
vn 0.4989940105595896 0.08061632272323879 -0.862847602961403
vn 0.1585205086681017 -0.5379414142008916 -0.8279434058069133
vn -0.22631729189597133 -0.8734434449336483 -0.4311345867490969
vn 0.22631729189597127 0.8734434449336483 0.4311345867490971
vn -0.22017418077548354 0.4549915869371717 0.862847602961403
vn -0.5315794376007765 -0.17869812058578308 0.8279434058069133
vn -0.5856727177179067 -0.6863748508137567 0.431134586749097
vn 0.5856727177179067 0.6863748508137565 0.4311345867490971
vn 0.4989940105595896 0.08061632272323879 0.862847602961403
vn 0.1585205086681016 -0.5379414142008916 0.8279434058069133
vn -0.22631729189597133 -0.8734434449336483 0.4311345867490969
vn 0.8218324055579094 0.5422627694404972 0.17476437295290634
vn 0.9287852483463469 -0.16971941203629806 0.3294742533677984
vn 0.5995339013841893 -0.734447728525694 0.318034015719234
vn 0.02718804632871963 -0.9842348419372304 0.17476437295290628
vn 0.8218324055579094 0.5422627694404971 -0.17476437295290634
vn 0.9287870940939379 -0.1697109276793911 -0.32947342058311624
vn 0.5995220359966233 -0.734458306061125 -0.31803195596085365
vn 0.027188046328719635 -0.9842348419372305 -0.17476437295290626
usemtl m_939b02b2-df4c-255e-486f-2d355257d222
f 1075/4285/1152 1072/4286/1152 1071/4287/1152
f 1076/4288/1153 1073/4289/1153 1072/4290/1153 1075/4291/1153
f 1077/4292/1154 1074/4293/1154 1073/4294/1154 1076/4295/1154
f 1074/4296/1155 1077/4297/1155 1070/4298/1155
f 1078/4299/1156 1075/4300/1156 1071/4301/1156
f 1079/4302/1157 1076/4303/1157 1075/4304/1157 1078/4305/1157
f 1080/4306/1158 1077/4307/1158 1076/4308/1158 1079/4309/1158
f 1077/4310/1159 1080/4311/1159 1070/4312/1159
f 1081/4313/1160 1078/4314/1160 1071/4315/1160
f 1082/4316/1161 1079/4317/1161 1078/4318/1161 1081/4319/1161
f 1083/4320/1162 1080/4321/1162 1079/4322/1162 1082/4323/1162
f 1080/4324/1163 1083/4325/1163 1070/4326/1163
f 1093/4327/1164 1081/4328/1164 1071/4329/1164
f 1094/4330/1165 1082/4331/1165 1081/4332/1165 1093/4333/1165
f 1095/4334/1166 1083/4335/1166 1082/4336/1166 1094/4337/1166
f 1083/4338/1167 1095/4339/1167 1070/4340/1167
f 1072/4341/1168 1084/4342/1168 1071/4343/1168
f 1073/4344/1169 1085/4345/1169 1084/4346/1169 1072/4347/1169
f 1074/4348/1170 1086/4349/1170 1085/4350/1170 1073/4351/1170
f 1086/4352/1171 1074/4353/1171 1070/4354/1171
f 1084/4355/1172 1087/4356/1172 1071/4357/1172
f 1084/4358/1173 1085/4359/1173 1088/4360/1173 1087/4361/1173
f 1085/4362/1174 1086/4363/1174 1089/4364/1174 1088/4365/1174
f 1089/4366/1175 1086/4367/1175 1070/4368/1175
f 1087/4369/1176 1090/4370/1176 1071/4371/1176
f 1087/4372/1177 1088/4373/1177 1091/4374/1177 1090/4375/1177
f 1088/4376/1178 1089/4377/1178 1092/4378/1178 1091/4379/1178
f 1092/4380/1179 1089/4381/1179 1070/4382/1179
f 1090/4383/1180 1093/4384/1180 1071/4385/1180
f 1090/4386/1181 1091/4387/1181 1094/4388/1181 1093/4389/1181
f 1091/4390/1182 1092/4391/1182 1095/4392/1182 1094/4393/1182
f 1095/4394/1183 1092/4395/1183 1070/4396/1183
o Left Lower Arm
v -0.14326667372842722 0.7682722723549946 0.01093
v -0.14326667372842722 0.7682722723549946 -0.026555
v -0.15166053310034822 0.6560315790889406 0.00652
v -0.15166053310034822 0.6560315790889406 -0.022145
v -0.17631019365724718 0.7697149835921031 0.01093
v -0.17631019365724718 0.7697149835921031 -0.026555
v -0.1714866450576402 0.6568972058312057 0.00652
v -0.1714866450576402 0.6568972058312057 -0.022145
v -0.13637324099951242 0.7679712985821738 -0.0078125
v -0.183203626386162 0.7700159573649239 -0.0078125
v -0.17562270469498908 0.6570777900948982 -0.0078125
v -0.14752447346299932 0.6558509948252481 -0.0078125
v -0.1597884336928372 0.7689936279735489 -0.034375
v -0.16157358907899422 0.6564643924600732 -0.028125
v -0.16157358907899422 0.6564643924600732 -0.0078125
v -0.16157358907899422 0.6564643924600732 0.0125
v -0.1597884336928372 0.7689936279735489 0.01875
v -0.1597884336928372 0.7689936279735489 -0.0078125
vt 0.2553203125 0.78125
vt 0.255859375 0.8125
vt 0.2508671875 0.8125
vt 0.2516 0.78125
vt 0.41015625 0.9318359375
vt 0.41015625 0.9369140625
vt 0.407675 0.93541875
vt 0.406640625 0.9318359375
vt 0.015625 0.9375
vt 0.015625 0.96875
vt 0 0.96875
vt 0.0016921875 0.9375
vt 0.28158109375 0.921875
vt 0.28158109375 0.890625
vt 0.28447796875 0.890625
vt 0.2861328125 0.921875
vt 0.05952 0.96875
vt 0.03125 0.96749796875
vt 0.03130078125 0.953125
vt 0.0595503125 0.953125
vt 0.099609375 0.727734375
vt 0.099609375 0.734375
vt 0.095475 0.7324203125
vt 0.09375 0.727734375
vt 0.2860296875 0.7998046875
vt 0.287109375 0.8280828124999999
vt 0.282115625 0.8280828124999999
vt 0.282309375 0.7998328125
vt 0.41015625 0.9267578125
vt 0.41015625 0.9318359375
vt 0.406640625 0.9318359375
vt 0.407675 0.928253125
vt 0.07501609375 1
vt 0.046875 0.9987484375
vt 0.04698328125 0.984375
vt 0.07514046875 0.984375
vt 0.099609375 0.734375
vt 0.099609375 0.727734375
vt 0.10546875 0.727734375
vt 0.10374375 0.7324203125
vt 0.28445 0.96875
vt 0.2858234375 1
vt 0.28125 1
vt 0.2815671875 0.96875
vt 0.41015625 0.9318359375
vt 0.41015625 0.9267578125
vt 0.4126375 0.928253125
vt 0.413671875 0.9318359375
vt 0.41015625 0.9369140625
vt 0.41015625 0.9318359375
vt 0.413671875 0.9318359375
vt 0.4126375 0.93541875
vt 0.25033828125 0.7177840625
vt 0.25033828125 0.6896046874999999
vt 0.25323109375 0.689453125
vt 0.2548828125 0.71756140625
vt 0.099609375 0.727734375
vt 0.099609375 0.72109375
vt 0.10374375 0.7230484374999999
vt 0.10546875 0.727734375
vt 0.099609375 0.72109375
vt 0.099609375 0.727734375
vt 0.09375 0.727734375
vt 0.095475 0.7230484374999999
vn 0.9339907250778677 -0.09289261039341998 0.34501056274093284
vn -0.04361938736533599 -0.9990482215818577 0
vn -0.42895670320744694 -0.043309053476494365 0.9022862476289709
vn -0.5173953941960444 -0.03927112242553686 -0.8548448894437858
vn -0.9590164795438756 -0.06437353294908667 0.27594100858503084
vn 0.04361938736533599 0.9990482215818577 0
vn -0.9370015978180019 -0.06289579430290115 -0.3436162463352376
vn -0.04361938736533599 -0.9990482215818577 0
vn 0.9561197081060069 -0.0950935091214712 -0.27711428742352634
vn 0.04361938736533599 0.9990482215818577 0
vn 0.42508906474108255 -0.056917222286848146 -0.9033602364752954
vn -0.04361938736533599 -0.9990482215818577 0
vn -0.04361938736533599 -0.9990482215818577 0
vn 0.5139513846930028 -0.05569700000013246 0.8560092396482241
vn 0.04361938736533599 0.9990482215818577 0
vn 0.04361938736533599 0.9990482215818577 0
usemtl m_939b02b2-df4c-255e-486f-2d355257d222
f 1107/4397/1184 1104/4398/1184 1096/4399/1184 1098/4400/1184
f 1110/4401/1185 1111/4402/1185 1102/4403/1185 1106/4404/1185
f 1111/4405/1186 1112/4406/1186 1100/4407/1186 1102/4408/1186
f 1108/4409/1187 1109/4410/1187 1103/4411/1187 1101/4412/1187
f 1105/4413/1188 1106/4414/1188 1102/4415/1188 1100/4416/1188
f 1113/4417/1189 1108/4418/1189 1101/4419/1189 1105/4420/1189
f 1106/4421/1190 1105/4422/1190 1101/4423/1190 1103/4424/1190
f 1109/4425/1191 1110/4426/1191 1106/4427/1191 1103/4428/1191
f 1104/4429/1192 1107/4430/1192 1099/4431/1192 1097/4432/1192
f 1108/4433/1193 1113/4434/1193 1104/4435/1193 1097/4436/1193
f 1109/4437/1194 1108/4438/1194 1097/4439/1194 1099/4440/1194
f 1110/4441/1195 1109/4442/1195 1099/4443/1195 1107/4444/1195
f 1111/4445/1196 1110/4446/1196 1107/4447/1196 1098/4448/1196
f 1112/4449/1197 1111/4450/1197 1098/4451/1197 1096/4452/1197
f 1113/4453/1198 1112/4454/1198 1096/4455/1198 1104/4456/1198
f 1112/4457/1199 1113/4458/1199 1105/4459/1199 1100/4460/1199
o sphere
v -0.16115153954800396 0.7377733710491158 -0.0078125
v -0.15869794900870382 0.7939698335130954 -0.0078125
v -0.17072300198720253 0.7853330136182759 0.005386874999999999
v -0.17622964539438216 0.7697114667789968 0.010854375
v -0.172378085116546 0.7474253776606292 0.005386874999999999
v -0.1755384144152271 0.7855432590653768 -0.0078125
v -0.18304003223987797 0.7700088146902428 -0.0078125
v -0.17719349754457056 0.7476356231077301 -0.0078125
v -0.17072300198720253 0.7853330136182759 -0.021011875
v -0.17622964539438216 0.7697114667789968 -0.026479375
v -0.172378085116546 0.7474253776606292 -0.021011875
v -0.15909720271368216 0.7848254202599289 -0.026479375
v -0.1597884336928372 0.7689936279735489 -0.03421125
v -0.16075228584302562 0.7469177843022823 -0.026479375
v -0.15909720271368216 0.7848254202599289 0.010854375
v -0.1597884336928372 0.7689936279735489 0.01858625
v -0.16075228584302562 0.7469177843022823 0.010854375
v -0.14747140344016177 0.7843178269015819 0.005386874999999999
v -0.1433472219912923 0.7682757891681009 0.010854375
v -0.14912648656950525 0.7464101909439352 0.005386874999999999
v -0.14265599101213722 0.784107581454481 -0.0078125
v -0.13653683514579645 0.7679784412568549 -0.0078125
v -0.1443110741414807 0.7461999454968343 -0.0078125
v -0.14747140344016177 0.7843178269015819 -0.021011875
v -0.1433472219912923 0.7682757891681009 -0.026479375
v -0.14912648656950525 0.7464101909439352 -0.021011875
vt 0.4912378125 0.80911671875
vt 0.4921875 0.8125
vt 0.4872940625 0.8116890625
vt 0.390625 0.796875
vt 0.39559375 0.796875
vt 0.3947234375 0.8125
vt 0.391209375 0.8125
vt 0.063084375 0.59375
vt 0.0665984375 0.59375
vt 0.06746875 0.609375
vt 0.0625 0.609375
vt 0.5078125 0.994140625
vt 0.50686375 0.99752421875
vt 0.50292078125 0.99495328125
vt 0.488524375 0.80688390625
vt 0.4912378125 0.80911671875
vt 0.4872940625 0.8116890625
vt 0.250890625 0.59375
vt 0.255859375 0.59375
vt 0.255275 0.609375
vt 0.2517609375 0.609375
vt 0.1267609375 0.59375
vt 0.130275 0.59375
vt 0.130859375 0.609375
vt 0.125890625 0.609375
vt 0.50686375 0.99752421875
vt 0.5041503125 0.99975703125
vt 0.50292078125 0.99495328125
vt 0.48530875 0.80688390625
vt 0.488524375 0.80688390625
vt 0.4872946875 0.81168703125
vt 0.4378359375 0.765625
vt 0.4423828125 0.765625
vt 0.4418734375 0.78125
vt 0.438659375 0.78125
vt 0.4386578125 0.890625
vt 0.4418734375 0.890625
vt 0.4423828125 0.90625
vt 0.4378359375 0.90625
vt 0.5041503125 0.99975703125
vt 0.5009346875 0.99975703125
vt 0.502920625 0.99495234375
vt 0.31615953125 0.49438249999999995
vt 0.31937515625 0.49438249999999995
vt 0.31739078125 0.49918562499999997
vt 0.4375 0.859375
vt 0.442046875 0.859375
vt 0.441225 0.875
vt 0.438009375 0.875
vt 0.344259375 0.5625
vt 0.347475 0.5625
vt 0.348296875 0.578125
vt 0.34375 0.578125
vt 0.16312703125 0.49975703125000004
vt 0.15991140625 0.49975703125000004
vt 0.16114265625 0.49495234374999997
vt 0.59375 0.307696875
vt 0.596965625 0.307696875
vt 0.5949796875 0.3125
vt 0.15625 0.546875
vt 0.160796875 0.546875
vt 0.1599734375 0.5625
vt 0.156759375 0.5625
vt 0.438009375 0.984375
vt 0.441225 0.984375
vt 0.442046875 1
vt 0.4375 1
vt 0.690715625 0.5311718750000001
vt 0.6875 0.5311718750000001
vt 0.6887296875 0.5263671875
vt 0.688190625 0.401446875
vt 0.69140625 0.401446875
vt 0.690175 0.40625
vt 0.4386578125 0.84375
vt 0.4378359375 0.828125
vt 0.4423828125 0.828125
vt 0.4418734375 0.84375
vt 0.4378359375 0.9375
vt 0.4386578125 0.921875
vt 0.4418734375 0.921875
vt 0.4423828125 0.9375
vt 0.69140625 0.5936718750000001
vt 0.688190625 0.5936718750000001
vt 0.690175 0.5888671875
vt 0.3125 0.5
vt 0.31344625 0.49661578125000005
vt 0.317390625 0.4991853125
vt 0.2205109375 0.609375
vt 0.219640625 0.59375
vt 0.224609375 0.59375
vt 0.224025 0.609375
vt 0.094640625 0.609375
vt 0.0955109375 0.59375
vt 0.099025 0.59375
vt 0.099609375 0.609375
vt 0.15719765625 0.49752453124999996
vt 0.15625 0.494140625
vt 0.1611425 0.4949528125
vt 0.31344625 0.49661578125000005
vt 0.31615953125 0.49438249999999995
vt 0.317390625 0.4991853125
vt 0.344334375 0.609375
vt 0.34375 0.59375
vt 0.34871875 0.59375
vt 0.3478484375 0.609375
vt 0.1875 0.609375
vt 0.188084375 0.59375
vt 0.1915984375 0.59375
vt 0.19246875 0.609375
vt 0.15991140625 0.49975703125000004
vt 0.15719765625 0.49752453124999996
vt 0.1611425 0.4949528125
vn -0.4405963561461765 0.8805295366409293 0.17476437295290628
vn -0.8537474404892799 0.4122640726677201 0.31804660388916023
vn -0.9134971939645788 -0.23870126981164996 0.32946104535915377
vn -0.5156629597685547 -0.8387783532430434 0.17476437295290623
vn -0.4405963561461765 0.8805295366409293 -0.17476437295290628
vn -0.8537429975070756 0.41227439701812585 -0.31804514737844114
vn -0.9134944887672081 -0.23871324763177948 -0.3294598676576953
vn -0.5156629597685547 -0.8387783532430434 -0.17476437295290623
vn -0.16402002644030153 0.8872544161824207 -0.431134586749097
vn -0.37099887211999716 0.4205566028105939 -0.8279444309361
vn -0.41818295783508674 -0.2839544686680363 -0.8628400045777613
vn -0.24072519836921494 -0.8695828580295197 -0.4311345867490969
vn 0.240725198369215 0.8695828580295195 -0.431134586749097
vn 0.4062422187694808 0.3866132772832411 -0.8279477239038473
vn 0.3918450678196201 -0.319311589483686 -0.86284271547417
vn 0.16402002644030145 -0.8872544161824207 -0.43113458674909677
vn -0.16402002644030153 0.8872544161824207 0.431134586749097
vn -0.3710007771414566 0.42054843935374936 0.8279477239038473
vn -0.418183817784692 -0.28394496455507046 0.86284271547417
vn -0.24072519836921494 -0.8695828580295197 0.4311345867490969
vn 0.240725198369215 0.8695828580295195 0.431134586749097
vn 0.4062422187694808 0.3866132772832411 0.8279477239038473
vn 0.3918450678196201 -0.31931158948368604 0.86284271547417
vn 0.16402002644030145 -0.8872544161824207 0.43113458674909677
vn 0.5156629597685548 0.8387783532430433 0.1747643729529063
vn 0.8864298551863483 0.3362862911105377 0.31804660388916023
vn 0.8892168748839568 -0.3174094658520175 0.3294610453591539
vn 0.44059635614617615 -0.880529536640929 0.17476437295290626
vn 0.5156629597685548 0.8387783532430432 -0.1747643729529063
vn 0.8864263289374608 0.3362969634050871 -0.31804514737844114
vn 0.8892131360448687 -0.3174211623194389 -0.3294598676576954
vn 0.44059635614617615 -0.8805295366409291 -0.17476437295290623
usemtl m_939b02b2-df4c-255e-486f-2d355257d222
f 1119/4461/1200 1116/4462/1200 1115/4463/1200
f 1120/4464/1201 1117/4465/1201 1116/4466/1201 1119/4467/1201
f 1121/4468/1202 1118/4469/1202 1117/4470/1202 1120/4471/1202
f 1118/4472/1203 1121/4473/1203 1114/4474/1203
f 1122/4475/1204 1119/4476/1204 1115/4477/1204
f 1123/4478/1205 1120/4479/1205 1119/4480/1205 1122/4481/1205
f 1124/4482/1206 1121/4483/1206 1120/4484/1206 1123/4485/1206
f 1121/4486/1207 1124/4487/1207 1114/4488/1207
f 1125/4489/1208 1122/4490/1208 1115/4491/1208
f 1126/4492/1209 1123/4493/1209 1122/4494/1209 1125/4495/1209
f 1127/4496/1210 1124/4497/1210 1123/4498/1210 1126/4499/1210
f 1124/4500/1211 1127/4501/1211 1114/4502/1211
f 1137/4503/1212 1125/4504/1212 1115/4505/1212
f 1138/4506/1213 1126/4507/1213 1125/4508/1213 1137/4509/1213
f 1139/4510/1214 1127/4511/1214 1126/4512/1214 1138/4513/1214
f 1127/4514/1215 1139/4515/1215 1114/4516/1215
f 1116/4517/1216 1128/4518/1216 1115/4519/1216
f 1117/4520/1217 1129/4521/1217 1128/4522/1217 1116/4523/1217
f 1118/4524/1218 1130/4525/1218 1129/4526/1218 1117/4527/1218
f 1130/4528/1219 1118/4529/1219 1114/4530/1219
f 1128/4531/1220 1131/4532/1220 1115/4533/1220
f 1128/4534/1221 1129/4535/1221 1132/4536/1221 1131/4537/1221
f 1129/4538/1222 1130/4539/1222 1133/4540/1222 1132/4541/1222
f 1133/4542/1223 1130/4543/1223 1114/4544/1223
f 1131/4545/1224 1134/4546/1224 1115/4547/1224
f 1131/4548/1225 1132/4549/1225 1135/4550/1225 1134/4551/1225
f 1132/4552/1226 1133/4553/1226 1136/4554/1226 1135/4555/1226
f 1136/4556/1227 1133/4557/1227 1114/4558/1227
f 1134/4559/1228 1137/4560/1228 1115/4561/1228
f 1134/4562/1229 1135/4563/1229 1138/4564/1229 1137/4565/1229
f 1135/4566/1230 1136/4567/1230 1139/4568/1230 1138/4569/1230
f 1139/4570/1231 1136/4571/1231 1114/4572/1231
o sphere
v -0.1621188314210609 0.6439762896903 -0.0078125
v -0.1604831043948608 0.6814405979996196 -0.0078125
v -0.16774526809369888 0.6744281948771584 0.002261875
v -0.17139235988172838 0.6568930892515231 0.006435
v -0.1659689620974193 0.6452179117807884 -0.0021574999999999997
v -0.17062127816157766 0.6745537641885364 -0.0078125
v -0.17545911054870503 0.6570706474202171 -0.0078125
v -0.16758367378555097 0.6452884116156177 -0.0078125
v -0.16774526809369888 0.6744281948771584 -0.017886875
v -0.17139235988172838 0.6568930892515231 -0.02206
v -0.1659689620974193 0.6452179117807884 -0.0134675
v -0.16080250735884347 0.6741250673970864 -0.02206
v -0.1615735890789942 0.6564643924600732 -0.02796125
v -0.16207204962811156 0.6450477689079465 -0.015809999999999998
v -0.16080250735884347 0.6741250673970864 0.006435
v -0.1615735890789942 0.6564643924600732 0.01233625
v -0.16207204962811156 0.6450477689079465 0.0001849999999999994
v -0.15385974662398805 0.6738219399170144 0.002261875
v -0.15175481827626 0.6560356956686232 0.006435
v -0.15817513715880382 0.6448776260351046 -0.0021574999999999997
v -0.15098373655610928 0.6736963706056365 -0.0078125
v -0.14768806760928335 0.6558581374999292 -0.0078125
v -0.15656042547067217 0.6448071262002754 -0.0078125
v -0.15385974662398805 0.6738219399170144 -0.017886875
v -0.15175481827626 0.6560356956686232 -0.02206
v -0.15817513715880382 0.6448776260351046 -0.0134675
vt 0.5671128125 0.65394703125
vt 0.568359375 0.65625
vt 0.56480546875 0.6559634375000001
vt 0.4103859375 0.49515109375
vt 0.4140625 0.4956071875
vt 0.41270515625 0.5
vt 0.41010625 0.49967765625000005
vt 0.0978346875 0.51127296875
vt 0.099305 0.51127296875
vt 0.100964375 0.51476984375
vt 0.0972596875 0.51476984375
vt 0.72153171875 0.590864375
vt 0.72112078125 0.59227609375
vt 0.71992765625 0.5915334375
vt 0.56499765625 0.652403125
vt 0.5671128125 0.65394703125
vt 0.56480546875 0.6559634375000001
vt 0.40668125 0.49515109375
vt 0.4103859375 0.49515109375
vt 0.41010625 0.49967765625000005
vt 0.4074875 0.49967765625000005
vt 0.09644171875 0.5108021875
vt 0.0978346875 0.51127296875
vt 0.0972596875 0.51476984375
vt 0.09375 0.51358359375
vt 0.72112078125 0.59227609375
vt 0.72003546875 0.59326796875
vt 0.71992765625 0.5915334375
vt 0.56297109375 0.652403125
vt 0.56499765625 0.652403125
vt 0.56480546875 0.6559640625000001
vt 0.4688125 0.859375
vt 0.4716796875 0.859375
vt 0.4715984375 0.875
vt 0.4695734375 0.875
vt 0.470378125 0.765625
vt 0.471515625 0.765625
vt 0.4716796875 0.78125
vt 0.4688140625 0.78125
vt 0.72003546875 0.59326796875
vt 0.71889796875 0.59326796875
vt 0.71992765625 0.59153203125
vt 0.37836171875 0.433653125
vt 0.38038828125 0.433653125
vt 0.37855390625 0.43721406249999994
vt 0.46875 0.984375
vt 0.4716171875 0.984375
vt 0.47085625 1
vt 0.46883125 1
vt 0.4689140625 0.734375
vt 0.4700515625 0.734375
vt 0.471615625 0.75
vt 0.46875 0.75
vt 0.44028171875 0.28076796875
vt 0.43914421875 0.28076796875
vt 0.43925203125 0.27903203125
vt 0.71875 0.49643906250000003
vt 0.7207765625 0.49643906250000003
vt 0.7189421875 0.5
vt 0.46875 0.921875
vt 0.4716171875 0.921875
vt 0.47085625 0.9375
vt 0.46883125 0.9375
vt 0.099305 0.51127296875
vt 0.1003109375 0.5107421875
vt 0.103498125 0.51343125
vt 0.10096359375 0.5147684375
vt 0.7210296875 0.58984375
vt 0.72153171875 0.590864375
vt 0.71992640625 0.59153390625
vt 0.532153125 0.27768906250000003
vt 0.5341796875 0.27768906250000003
vt 0.5339875 0.28125
vt 0.4695734375 0.90625
vt 0.4688125 0.890625
vt 0.4716796875 0.890625
vt 0.4715984375 0.90625
vt 0.1250175 0.51343125
vt 0.1282046875 0.5107421875
vt 0.129210625 0.51127296875
vt 0.12755203125 0.5147684375
vt 0.43764796875 0.278364375
vt 0.43815 0.27734375
vt 0.43925328125 0.27903390625
vt 0.375 0.4375
vt 0.3762465625 0.43519703125
vt 0.37855390625 0.43721343749999997
vt 0.50135734375 0.59375
vt 0.5 0.5893571875
vt 0.5036765625 0.58890109375
vt 0.50395625 0.59342765625
vt 0.12755125 0.51476984375
vt 0.129210625 0.51127296875
vt 0.1306809375 0.51127296875
vt 0.1312559375 0.51476984375
vt 0.43805890625 0.27977609375
vt 0.43764796875 0.278364375
vt 0.43925203125 0.2790334375
vt 0.3762465625 0.43519703125
vt 0.37836171875 0.433653125
vt 0.37855390625 0.43721343749999997
vt 0.50395625 0.59342765625
vt 0.5036765625 0.58890109375
vt 0.50738125 0.58890109375
vt 0.506575 0.59342765625
vt 0.1312559375 0.51476984375
vt 0.1306809375 0.51127296875
vt 0.13207390625 0.5108021875
vt 0.134765625 0.51358359375
vt 0.43914421875 0.28076796875
vt 0.43805890625 0.27977609375
vt 0.43925203125 0.2790334375
vn -0.5538983032633189 0.8153989774714656 0.16828896927756412
vn -0.928461131585976 0.2569412503206728 0.26821842035501336
vn -0.8101005020557346 -0.5415802235114242 0.22456188026992124
vn -0.23312064562351023 -0.9709216465780773 0.05446026799597026
vn -0.5538983032633189 0.8153989774714656 -0.16828896927756412
vn -0.9284665851263255 0.25692019194364213 -0.2682197145541355
vn -0.8101423849493385 -0.5415122585926041 -0.2245746866913865
vn -0.23312064562351023 -0.9709216465780773 -0.05446026799597026
vn -0.22704216989388537 0.8684133457556836 -0.44080620912516155
vn -0.48242999115010937 0.2964951235874505 -0.8242280905961455
vn -0.40948871599603043 -0.6564730502545404 -0.6335314718002747
vn -0.12258764331560856 -0.9835740106588383 -0.132493151758167
vn 0.30186541605284944 0.8453207418417844 -0.44080620912516155
vn 0.5064372664587948 0.25330271252830944 -0.8242323889338153
vn 0.35073028659315536 -0.6896352521131767 -0.633554642559802
vn 0.03639703687630717 -0.9905154317040256 -0.132493151758167
vn -0.22704216989388537 0.8684133457556836 0.44080620912516155
vn -0.48243333371192665 0.29647773534626937 0.8242323889338153
vn -0.4095013245871922 -0.6564428231401854 0.633554642559802
vn -0.12258764331560856 -0.9835740106588383 0.132493151758167
vn 0.30186541605284944 0.8453207418417844 0.44080620912516155
vn 0.5064372664587948 0.25330271252830944 0.8242323889338153
vn 0.35073028659315514 -0.6896352521131767 0.633554642559802
vn 0.03639703687630717 -0.9905154317040256 0.132493151758167
vn 0.6228572565101387 0.7640207201589224 0.16828896927756412
vn 0.9473219621844219 0.1750427917548113 0.26821842035501336
vn 0.7598159984318031 -0.6101242582103416 0.22456188026992127
vn 0.14761215392857402 -0.9875447996027188 0.05446026799597026
vn 0.6228572565101387 0.7640207201589224 -0.16828896927756412
vn 0.9473255596139128 0.17502133820390317 -0.2682197145541355
vn 0.7598636454813327 -0.6100602022532573 -0.22457468669138647
vn 0.14761215392857402 -0.9875447996027188 -0.05446026799597026
usemtl m_939b02b2-df4c-255e-486f-2d355257d222
f 1145/4573/1232 1142/4574/1232 1141/4575/1232
f 1146/4576/1233 1143/4577/1233 1142/4578/1233 1145/4579/1233
f 1147/4580/1234 1144/4581/1234 1143/4582/1234 1146/4583/1234
f 1144/4584/1235 1147/4585/1235 1140/4586/1235
f 1148/4587/1236 1145/4588/1236 1141/4589/1236
f 1149/4590/1237 1146/4591/1237 1145/4592/1237 1148/4593/1237
f 1150/4594/1238 1147/4595/1238 1146/4596/1238 1149/4597/1238
f 1147/4598/1239 1150/4599/1239 1140/4600/1239
f 1151/4601/1240 1148/4602/1240 1141/4603/1240
f 1152/4604/1241 1149/4605/1241 1148/4606/1241 1151/4607/1241
f 1153/4608/1242 1150/4609/1242 1149/4610/1242 1152/4611/1242
f 1150/4612/1243 1153/4613/1243 1140/4614/1243
f 1163/4615/1244 1151/4616/1244 1141/4617/1244
f 1164/4618/1245 1152/4619/1245 1151/4620/1245 1163/4621/1245
f 1165/4622/1246 1153/4623/1246 1152/4624/1246 1164/4625/1246
f 1153/4626/1247 1165/4627/1247 1140/4628/1247
f 1142/4629/1248 1154/4630/1248 1141/4631/1248
f 1143/4632/1249 1155/4633/1249 1154/4634/1249 1142/4635/1249
f 1144/4636/1250 1156/4637/1250 1155/4638/1250 1143/4639/1250
f 1156/4640/1251 1144/4641/1251 1140/4642/1251
f 1154/4643/1252 1157/4644/1252 1141/4645/1252
f 1154/4646/1253 1155/4647/1253 1158/4648/1253 1157/4649/1253
f 1155/4650/1254 1156/4651/1254 1159/4652/1254 1158/4653/1254
f 1159/4654/1255 1156/4655/1255 1140/4656/1255
f 1157/4657/1256 1160/4658/1256 1141/4659/1256
f 1157/4660/1257 1158/4661/1257 1161/4662/1257 1160/4663/1257
f 1158/4664/1258 1159/4665/1258 1162/4666/1258 1161/4667/1258
f 1162/4668/1259 1159/4669/1259 1140/4670/1259
f 1160/4671/1260 1163/4672/1260 1141/4673/1260
f 1160/4674/1261 1161/4675/1261 1164/4676/1261 1163/4677/1261
f 1161/4678/1262 1162/4679/1262 1165/4680/1262 1164/4681/1262
f 1165/4682/1263 1162/4683/1263 1140/4684/1263
o sphere
v -0.16107650640178858 0.6626912007911152 -0.007471723536208311
v -0.16271067657830718 0.6252625502018949 -0.009107450562408415
v -0.16920340181103227 0.6333083854193156 -0.01885283402572447
v -0.17218578285754033 0.6513584445091501 -0.023627094340491542
v -0.1649469561331503 0.6620345909080141 -0.01316812302220304
v -0.1720517495127304 0.6329928902539891 -0.00878804759842574
v -0.1743341184135906 0.6507700406322657 -0.008016965878275013
v -0.16654557789147253 0.6618574856091889 -0.007518505329157633
v -0.16924173784944424 0.6324303457834721 0.0012767388288729906
v -0.1722452406998568 0.6499966360287179 0.007593162583941517
v -0.16496847511544147 0.6615417251827761 -0.0018688876361122268
v -0.16241868563464124 0.6319502423178848 0.00544589193856178
v -0.16165987739146714 0.6493298084157608 0.012276201122606478
v -0.16113846011984265 0.6612722273579513 0.0004713828229432754
v -0.1623644695957034 0.633191993762682 -0.023021987135413258
v -0.16158109575039784 0.6511342046523335 -0.02909063930226733
v -0.16110802721783138 0.6619692554105757 -0.015508393481258542
v -0.15554204178603886 0.6327119175592117 -0.01885283402572447
v -0.1509978432932046 0.6504333590894826 -0.023627094340491542
v -0.15727863662737104 0.6616997848478681 -0.01316812302220304
v -0.1537910212376295 0.632195609639302 -0.00878804759842574
v -0.14796049417410653 0.649618543330055 -0.008016965878275011
v -0.1557009094462015 0.6613839971593382 -0.007518505329157633
v -0.15558037782445083 0.6318338779233683 0.0012767388288729906
v -0.15105730113552107 0.6490715506090505 0.007593162583941519
v -0.15730015560966223 0.66120691912263 -0.0018688876361122268
vt 0.40752515625 0.43521624999999997
vt 0.409644375 0.43368312499999995
vt 0.40979125 0.43723140625
vt 0.50485109375 0.65157296875
vt 0.5087890625 0.6517545312499999
vt 0.50733203125 0.65625
vt 0.50474828125 0.6560417187500001
vt 0.4730665625 0.683176875
vt 0.4745353125 0.683176875
vt 0.4764759375 0.686845625
vt 0.4725728125 0.6865034375
vt 0.5048828125 0.5244520312500001
vt 0.50445640625 0.5258575
vt 0.50328765625 0.52511921875
vt 0.40625 0.4375
vt 0.40752515625 0.43521624999999997
vt 0.40979125 0.43723140625
vt 0.50090890625 0.65157296875
vt 0.50485109375 0.65157296875
vt 0.50474796875 0.65605734375
vt 0.50215734375 0.6561182812499999
vt 0.471660625 0.682751875
vt 0.4730665625 0.683176875
vt 0.47256890625 0.6865295312499999
vt 0.46875 0.6856737500000001
vt 0.50445640625 0.5258575
vt 0.5033703125 0.52684625
vt 0.50328765625 0.52511921875
vt 0.625928125 0.2777015625
vt 0.6279296875 0.2777015625
vt 0.6277828125 0.28125
vt 0.09378125 0.53125
vt 0.0966796875 0.53125
vt 0.0963796875 0.546875
vt 0.09439375 0.5467828125
vt 0.502246875 0.52684625
vt 0.5033703125 0.52684625
vt 0.503515625 0.5309946875
vt 0.5006421875 0.5307196875
vt 0.5033703125 0.52684625
vt 0.502246875 0.52684625
vt 0.5032875 0.525118125
vt 0.71875 0.4339515625
vt 0.720753125 0.4339515625
vt 0.718896875 0.4375
vt 0.0625 0.53125
vt 0.0653984375 0.53125
vt 0.0647859375 0.5467953125
vt 0.0628 0.546875
vt 0.1876453125 0.53125
vt 0.18876875 0.53125
vt 0.1903734375 0.5466171875
vt 0.1875 0.546875
vt 0.471388125 0.28075203125000003
vt 0.4702646875 0.28075203125000003
vt 0.4703459375 0.27902390624999995
vt 0.409644375 0.43368312499999995
vt 0.4116459375 0.43368312499999995
vt 0.40979125 0.43723156249999995
vt 0.4375 0.578125
vt 0.4404828125 0.578125
vt 0.4396984375 0.593703125
vt 0.4377 0.59375
vt 0.4745353125 0.683176875
vt 0.475509375 0.6826171875
vt 0.47898015625 0.6852325
vt 0.47647546875 0.68684484375
vt 0.50440015625 0.5234375
vt 0.5048828125 0.5244520312500001
vt 0.50328671875 0.52511953125
vt 0.5946765625 0.2777015625
vt 0.5966796875 0.2777015625
vt 0.5965328125 0.28125
vt 0.0017078125 0.546828125
vt 0.0009234375 0.53125
vt 0.00390625 0.53125
vt 0.0037046875 0.546875
vt 0.46919359375 0.7164804687499999
vt 0.4726640625 0.7138671875
vt 0.473638125 0.7144270312500001
vt 0.471698125 0.71809328125
vt 0.46875 0.2783590625
vt 0.46923078125 0.27734375
vt 0.47034671875 0.27902515625
vt 0.43952890625 0.6846640625
vt 0.44208671875 0.6846765625
vt 0.44169953125 0.6874746875
vt 0.43952890625 0.6846640625
vt 0.43834921875 0.6800859375
vt 0.44233046875 0.6800859375
vt 0.44208515625 0.6846765625
vt 0.4716959375 0.71809734375
vt 0.473638125 0.7144270312500001
vt 0.475106875 0.7144270312500001
vt 0.4756646875 0.71789734375
vt 0.46917765625 0.27976421875
vt 0.46875 0.2783590625
vt 0.47034578125 0.27902484375000003
vt 0.44208515625 0.6846765625
vt 0.44462984375 0.68493515625
vt 0.44217359375 0.6875
vt 0.44208515625 0.6846765625
vt 0.44233046875 0.6800859375
vt 0.4462890625 0.6805103125
vt 0.4446284375 0.6849350000000001
vt 0.47566609375 0.7179065625000001
vt 0.475106875 0.7144270312500001
vt 0.47650171875 0.71396734375
vt 0.4794921875 0.7168365624999999
vt 0.4702646875 0.28075203125000003
vt 0.46917765625 0.27976421875
vt 0.47034578125 0.27902484375000003
vn -0.6285680534207472 -0.7512168312858071 -0.20143354887347942
vn -0.9701013702693583 -0.19757147531776617 -0.14095688540215057
vn -0.7210512747543374 0.6682562981006717 -0.18308079971403682
vn -0.15059348984915755 0.988527437165747 -0.011623544449602364
vn -0.6292047164004314 -0.765798810905867 0.13286687350356738
vn -0.9833714453969998 -0.13167761831778366 0.1250664032103419
vn -0.796950874912207 0.5484502516965674 0.25312373336105826
vn -0.15080051302258318 0.9837858269385132 0.09708064682021611
vn -0.30664126877372727 -0.8625292925838016 0.4025100641222846
vn -0.39527314986479944 -0.3699117530686594 0.8407879827504857
vn -0.32788942539198296 0.7138312004299789 0.618816242521809
vn -0.03798064767459314 0.983756490287585 0.1754441170836781
vn 0.23032304700993803 -0.8859678783362546 0.40250740685410213
vn 0.370694755196748 -0.35368918445917563 0.8587720065688136
vn 0.41141031568420733 0.6315991558842275 0.6571332120924585
vn 0.12358917192548634 0.9767011538420038 0.17544393026397603
vn -0.3049658035310394 -0.8241548294807326 -0.4772469756009485
vn -0.4455628106165708 -0.2693228292383589 -0.853779242806071
vn -0.34041789499013264 0.7407862270233443 -0.5790953484729481
vn -0.037476523624600744 0.9953028293359363 -0.08926246743674074
vn 0.2319985011916342 -0.8475936685715462 -0.47724382493884954
vn 0.42041514429059745 -0.30712904624917187 -0.8537697906351515
vn 0.40373775073530793 0.7082792923627075 -0.5790822675936268
vn 0.12409329543866791 0.9882474805953654 -0.08926237238660259
vn 0.6103643766056074 -0.7785259990475787 -0.14612527699825953
vn 0.9355136067775517 -0.29304830263114734 -0.19732456476338697
vn 0.7765043653190519 0.6029074972598993 -0.18314890223056543
vn 0.23617604493429772 0.9716405055407096 -0.011644904112403718
vn 0.6099335365082484 -0.7883938596263528 0.08010120564638334
vn 0.9315695457535329 -0.3194303278073868 0.17361580314424752
vn 0.8143099824121444 0.5252659106868002 0.2469716089235764
vn 0.23596894059293277 0.9668970362620242 0.09710190700065013
usemtl m_939b02b2-df4c-255e-486f-2d355257d222
f 1171/4685/1264 1168/4686/1264 1167/4687/1264
f 1172/4688/1265 1169/4689/1265 1168/4690/1265 1171/4691/1265
f 1173/4692/1266 1170/4693/1266 1169/4694/1266 1172/4695/1266
f 1170/4696/1267 1173/4697/1267 1166/4698/1267
f 1174/4699/1268 1171/4700/1268 1167/4701/1268
f 1175/4702/1269 1172/4703/1269 1171/4704/1269 1174/4705/1269
f 1176/4706/1270 1173/4707/1270 1172/4708/1270 1175/4709/1270
f 1173/4710/1271 1176/4711/1271 1166/4712/1271
f 1177/4713/1272 1174/4714/1272 1167/4715/1272
f 1178/4716/1273 1175/4717/1273 1174/4718/1273 1177/4719/1273
f 1179/4720/1274 1176/4721/1274 1175/4722/1274 1178/4723/1274
f 1176/4724/1275 1179/4725/1275 1166/4726/1275
f 1189/4727/1276 1177/4728/1276 1167/4729/1276
f 1190/4730/1277 1178/4731/1277 1177/4732/1277 1189/4733/1277
f 1191/4734/1278 1179/4735/1278 1178/4736/1278 1190/4737/1278
f 1179/4738/1279 1191/4739/1279 1166/4740/1279
f 1168/4741/1280 1180/4742/1280 1167/4743/1280
f 1169/4744/1281 1181/4745/1281 1180/4746/1281 1168/4747/1281
f 1170/4748/1282 1182/4749/1282 1181/4750/1282 1169/4751/1282
f 1182/4752/1283 1170/4753/1283 1166/4754/1283
f 1180/4755/1284 1183/4756/1284 1167/4757/1284
f 1180/4758/1285 1181/4759/1285 1184/4760/1285 1183/4761/1285
f 1181/4762/1286 1182/4763/1286 1185/4764/1286 1184/4765/1286
f 1185/4766/1287 1182/4767/1287 1166/4768/1287
f 1183/4769/1288 1186/4770/1288 1167/4771/1288
f 1183/4772/1289 1184/4773/1289 1187/4774/1289 1186/4775/1289
f 1184/4776/1290 1185/4777/1290 1188/4778/1290 1187/4779/1290
f 1188/4780/1291 1185/4781/1291 1166/4782/1291
f 1186/4783/1292 1189/4784/1292 1167/4785/1292
f 1186/4786/1293 1187/4787/1293 1190/4788/1293 1189/4789/1293
f 1187/4790/1294 1188/4791/1294 1191/4792/1294 1190/4793/1294
f 1191/4794/1295 1188/4795/1295 1166/4796/1295
o sphere
v -0.17006113715327556 0.6079029628494259 -0.00601248406566683
v -0.16951641100960982 0.6203792427320475 -0.006557651800885719
v -0.1662363395558717 0.6179594369104414 -0.016678994231936754
v -0.1650370321431623 0.6133036158531263 -0.02071219185016805
v -0.1666215089437098 0.609137607554965 -0.016293171401932018
v -0.16481699245753142 0.6183433532241659 -0.006477979348278642
v -0.163030212267863 0.613846031253295 -0.006285380135845519
v -0.1652021618453695 0.6095215238686895 -0.006092156518273907
v -0.16619747800017431 0.6188495128709818 0.0037230355353794686
v -0.16498209373441222 0.6145619122867418 0.008141458840594112
v -0.16658264619885557 0.610027710751675 0.004108233960245715
v -0.16956870656506381 0.6191814775907042 0.007948859628160988
v -0.1697543259818149 0.6149300939882006 0.011806286627177122
v -0.16995387476374504 0.6103596754713975 0.008334058053027234
v -0.17295603921917557 0.6191445980265082 0.0037230355353794686
v -0.17454048759439664 0.6149792407753597 0.008141458840594112
v -0.17334120741785683 0.6103227959072015 0.004108233960245715
v -0.17437538631751587 0.6187606817127838 -0.006477979348278642
v -0.17654733470586553 0.614436201564348 -0.006285380135845519
v -0.17476055570535395 0.6099388523573074 -0.006092156518273907
v -0.17299490077487298 0.618254522065968 -0.016678994231936754
v -0.1745954260031467 0.6137209443417442 -0.02071219185016805
v -0.17338007016271106 0.6094326927104916 -0.016293171401932018
v -0.16962364497381388 0.6179231811570887 -0.02090479106260117
v -0.16982760780639206 0.6132516642591243 -0.026687382641044637
v -0.17000884159782156 0.6091007279907691 -0.02051899549471354
vt 0.5364796875 0.62313578125
vt 0.5389125 0.62397953125
vt 0.53621734375 0.6243890624999999
vt 0.69179890625 0.37333000000000005
vt 0.6954425 0.37339390625
vt 0.69442078125 0.37458437499999997
vt 0.69184578125 0.3745396875
vt 0.4736675 0.43532859375
vt 0.4762315625 0.43508484375
vt 0.4773425 0.43619265625000003
vt 0.473714375 0.43653953125
vt 0.7093646875 0.96789578125
vt 0.706795 0.9676914062499999
vt 0.70705953125 0.96643875
vt 0.53391203125 0.62293171875
vt 0.5364796875 0.62313578125
vt 0.53621734375 0.6243890624999999
vt 0.68817078125 0.37367531249999997
vt 0.69179890625 0.37333000000000005
vt 0.69184578125 0.374539375
vt 0.68928171875 0.37478468750000005
vt 0.47109234375 0.43528359375000003
vt 0.4736675 0.43532859375
vt 0.473714375 0.436538125
vt 0.470070625 0.43647421875000003
vt 0.706795 0.9676914062499999
vt 0.70436234375 0.9668425
vt 0.70705953125 0.96643859375
vt 0.53268703125 0.6235067187500001
vt 0.53391203125 0.62293171875
vt 0.53621828125 0.6243895312500001
vt 0.53148578125 0.62275578125
vt 0.53272265625 0.6218965625
vt 0.53389421875 0.62294015625
vt 0.53268703125 0.6235067187500001
vt 0.46980421875 0.43486859375
vt 0.47109234375 0.43528359375000003
vt 0.47007125 0.4364734375
vt 0.46875 0.43580203125000005
vt 0.70436234375 0.9668425
vt 0.7034728125 0.9658203125
vt 0.70705921875 0.96643859375
vt 0.099989375 0.29480671875
vt 0.101214375 0.29538171874999997
vt 0.097683125 0.29626453124999996
vt 0.750465625 0.5922765624999999
vt 0.75196875 0.5923765624999999
vt 0.7513234375 0.5936609374999999
vt 0.75 0.59375
vt 0.44589609375 0.43528359375000003
vt 0.44718828125 0.43488000000000004
vt 0.4482421875 0.43585359375
vt 0.446896875 0.43644984374999996
vt 0.0387146875 0.2939453125
vt 0.03782515625 0.29496750000000005
vt 0.03512828125 0.29456359374999996
vt 0.09742171875 0.29501078125
vt 0.099989375 0.29480671875
vt 0.0976840625 0.29626406250000004
vt 0.69296546875 0.3420815625
vt 0.69659359375 0.342426875
vt 0.69548265625 0.34353625
vt 0.69291859375 0.34329093749999995
vt 0.4433209375 0.43532859375
vt 0.44589609375 0.43528359375000003
vt 0.4469178125 0.43647421875000003
vt 0.44327421875 0.436538125
vt 0.03782515625 0.29496750000000005
vt 0.0353925 0.29581640625000005
vt 0.03512796875 0.29456359374999996
vt 0.09498890625 0.29585453125000005
vt 0.09742171875 0.29501078125
vt 0.0976840625 0.29626406250000004
vt 0.689321875 0.3421453125
vt 0.69296546875 0.3420815625
vt 0.69291859375 0.34329109375
vt 0.69034359375 0.3433359375
vt 0.440756875 0.43508484375
vt 0.4433209375 0.43532859375
vt 0.4432740625 0.43653953125
vt 0.4396459375 0.43619265625000003
vt 0.0353925 0.29581640625000005
vt 0.0328228125 0.29602078125
vt 0.03512796875 0.29456375
vt 0.094098125 0.296875
vt 0.09498890625 0.29585453125000005
vt 0.0976853125 0.29626421875
vt 0.6875 0.34272984375000004
vt 0.689321875 0.3421453125
vt 0.69034328125 0.34333562500000003
vt 0.68905328125 0.34375
vt 0.43950578125 0.4345703125
vt 0.440756875 0.43508484375
vt 0.43964578125 0.43619296875
vt 0.4378746875 0.43546562499999997
vt 0.0328228125 0.29602078125
vt 0.0315978125 0.29544578125
vt 0.0351290625 0.29456296875
vt 0.5389125 0.62397953125
vt 0.53980328125 0.625
vt 0.53621609375 0.62438921875
vt 0.6954425 0.37339390625
vt 0.697265625 0.37397953125000005
vt 0.69571 0.375
vt 0.69442015625 0.37458515625
vt 0.4762315625 0.43508484375
vt 0.47748265625 0.4345703125
vt 0.4791134375 0.43546421874999997
vt 0.4773428125 0.43619296875
vt 0.7105896875 0.96732078125
vt 0.7093646875 0.96789578125
vt 0.7070584375 0.96643796875
vn 0.39719997394163037 0.9133438397541117 -0.08963933893098433
vn 0.9219834595648984 0.3603326220687785 -0.14179880733553654
vn 0.8866158182514609 -0.45009628734128143 -0.10642237992023723
vn 0.3159024317737666 -0.9487558343285799 -0.008247449721055464
vn 0.3973898470743975 0.9176128208647075 0.008247449721055325
vn 0.9224928659157741 0.37106166988791667 0.10639619107135667
vn 0.8871151806323915 -0.4392083664075915 0.1418543872043947
vn 0.31608523891230966 -0.9444858338520357 0.08964726094294784
vn 0.1981745283518991 0.9767838066792608 0.0813649268522692
vn 0.47132293408895526 0.6942029162133885 0.5440009218030847
vn 0.5686156459393136 -0.6496150684014812 0.504654842539687
vn 0.1127424922321411 -0.9795086695144157 0.1668888755770892
vn -0.11228809626597802 0.9903388976079287 0.0813649268522692
vn -0.4824496530997134 0.6000456670251065 0.6381124741833222
vn -0.7116806590358724 -0.4050076704465446 0.5740029846906107
vn -0.19768327863060833 -0.9659551876554462 0.16688887557708915
vn -0.31590243177376676 0.9487558343285797 0.008247449721055318
vn -0.8866129019954704 0.4501097206967437 0.10638985548194986
vn -0.9219781294458194 -0.360325062345574 0.1418526639483595
vn -0.39719980351352124 -0.913343136337186 0.08964726094294785
vn -0.31608534738506366 0.9444865494460364 -0.08963933893098434
vn -0.8871120331378254 0.43923220049618156 -0.14180026343189975
vn -0.9224851701494338 -0.3710721842785887 -0.10642624163751863
vn -0.39738984707439734 -0.9176128208647076 -0.00824744972105547
vn -0.11285580174113598 0.9795046009819665 -0.16683616115376307
vn -0.5685255012990468 0.6496810111826693 -0.5046715150286691
vn -0.6249196209348294 -0.6391179403544597 -0.44833439048074625
vn -0.19817452835189953 -0.9767838066792606 -0.08136492685226912
vn 0.19779580236674488 0.9659412590305744 -0.16683616115376304
vn 0.6230446477550908 0.5975575831205163 -0.5047180418400973
vn 0.5669031413148021 -0.6910645312370548 -0.4483867103667537
vn 0.11228809626597852 -0.9903388976079287 -0.08136492685226913
usemtl m_939b02b2-df4c-255e-486f-2d355257d222
f 1197/4797/1296 1194/4798/1296 1193/4799/1296
f 1198/4800/1297 1195/4801/1297 1194/4802/1297 1197/4803/1297
f 1199/4804/1298 1196/4805/1298 1195/4806/1298 1198/4807/1298
f 1196/4808/1299 1199/4809/1299 1192/4810/1299
f 1200/4811/1300 1197/4812/1300 1193/4813/1300
f 1201/4814/1301 1198/4815/1301 1197/4816/1301 1200/4817/1301
f 1202/4818/1302 1199/4819/1302 1198/4820/1302 1201/4821/1302
f 1199/4822/1303 1202/4823/1303 1192/4824/1303
f 1203/4825/1304 1200/4826/1304 1193/4827/1304
f 1204/4828/1305 1201/4829/1305 1200/4830/1305 1203/4831/1305
f 1205/4832/1306 1202/4833/1306 1201/4834/1306 1204/4835/1306
f 1202/4836/1307 1205/4837/1307 1192/4838/1307
f 1206/4839/1308 1203/4840/1308 1193/4841/1308
f 1207/4842/1309 1204/4843/1309 1203/4844/1309 1206/4845/1309
f 1208/4846/1310 1205/4847/1310 1204/4848/1310 1207/4849/1310
f 1205/4850/1311 1208/4851/1311 1192/4852/1311
f 1209/4853/1312 1206/4854/1312 1193/4855/1312
f 1210/4856/1313 1207/4857/1313 1206/4858/1313 1209/4859/1313
f 1211/4860/1314 1208/4861/1314 1207/4862/1314 1210/4863/1314
f 1208/4864/1315 1211/4865/1315 1192/4866/1315
f 1212/4867/1316 1209/4868/1316 1193/4869/1316
f 1213/4870/1317 1210/4871/1317 1209/4872/1317 1212/4873/1317
f 1214/4874/1318 1211/4875/1318 1210/4876/1318 1213/4877/1318
f 1211/4878/1319 1214/4879/1319 1192/4880/1319
f 1215/4881/1320 1212/4882/1320 1193/4883/1320
f 1216/4884/1321 1213/4885/1321 1212/4886/1321 1215/4887/1321
f 1217/4888/1322 1214/4889/1322 1213/4890/1322 1216/4891/1322
f 1214/4892/1323 1217/4893/1323 1192/4894/1323
f 1194/4895/1324 1215/4896/1324 1193/4897/1324
f 1195/4898/1325 1216/4899/1325 1215/4900/1325 1194/4901/1325
f 1196/4902/1326 1217/4903/1326 1216/4904/1326 1195/4905/1326
f 1217/4906/1327 1196/4907/1327 1192/4908/1327
o Palm
v -0.1509516373129564 0.650431341692817 -0.02362709434049154
v -0.1510110951552729 0.6490695332123848 0.007593162583941521
v -0.163450787484781 0.6134694802860436 -0.025089236738191793
v -0.16338232198419517 0.6150375980596174 0.0106032000534232
v -0.1721814120215709 0.6513582536743304 -0.02362709434049154
v -0.17224086986388737 0.6499964451938982 0.007593162583941521
v -0.17593889025455423 0.6140147226281103 -0.025089236738191793
v -0.17587042475396839 0.6155828404016841 0.0106032000534232
v -0.16155611954485827 0.6511331141676493 -0.02909063930226733
v -0.17028924024305878 0.6139120801169248 -0.028384847059134948
v -0.1696326497389167 0.6151664667274563 0.013898810374366355
v -0.1616349011859276 0.6493287179310767 0.012276201122606481
v -0.1743341184135906 0.6507700406322656 -0.008016965878275011
v -0.17752038275998336 0.6136138166078686 -0.014335731443140072
v -0.1703159962721012 0.6132992663007303 -0.014335731443140072
v -0.16191025429776684 0.6129322636802852 -0.014335731443140072
v -0.14779690002782248 0.6496114006553739 -0.008016965878275011
v -0.1621277411791662 0.6502200436368901 -0.007626712666719598
v -0.17905370826679654 0.6322267300014524 -0.008849190709560303
v -0.1749495305818362 0.6328060920407197 -0.02620640474926811
v -0.16294676500392158 0.6323926658921726 -0.028737743180701138
v -0.15156493374029736 0.6317850984930827 -0.02620640474926811
v -0.15682756454071223 0.6218813156091515 -0.009258122466110328
v -0.15821554960932055 0.6227458620391331 0.008167246866355813
v -0.16255025551671057 0.6305845730526068 0.012238844032617255
v -0.17501564294586475 0.6312918699551576 0.0085080233301475
vt 0.31775859375 0.67980296875
vt 0.31340890625 0.68026828125
vt 0.31255171875 0.6780278125
vt 0.31875140625 0.67711
vt 0.07208328125 0.631946875
vt 0.07141765625 0.6358578125000001
vt 0.06695515625 0.6358578125000001
vt 0.06595203125 0.6312203125
vt 0.28493359375 0.5575187500000001
vt 0.28798828125 0.557421875
vt 0.28745703125 0.561328125
vt 0.28480078125 0.5625
vt 0.47314453125 0.5900828124999999
vt 0.47134140625 0.5900828124999999
vt 0.47119140625 0.5830078125
vt 0.47275390625 0.5838281249999999
vt 0.44419375 0.71403125
vt 0.441125 0.71403125
vt 0.4427828125 0.7093437499999999
vt 0.4443359375 0.7093484375
vt 0.5345078125 0.93279375
vt 0.53125 0.93279375
vt 0.5314078125 0.9288296875
vt 0.5331421875 0.928771875
vt 0.44113125 0.7140134375
vt 0.43821359375 0.7139376562499999
vt 0.440934375 0.7091989062499999
vt 0.4427828125 0.7093437499999999
vt 0.47134140625 0.5900828124999999
vt 0.46923828125 0.5900828124999999
vt 0.46962890625 0.5838265625
vt 0.47119140625 0.5830078125
vt 0.0346296875 0.5088025
vt 0.033141875 0.51076078125
vt 0.03148 0.5068359375
vt 0.0332425 0.5068515625000001
vt 0.28134765625 0.557421875
vt 0.28493359375 0.5575187500000001
vt 0.28480078125 0.5625
vt 0.28214453125 0.561328125
vt 0.06592609375 0.631100625
vt 0.06695515625 0.6358578125000001
vt 0.0625 0.6356303125
vt 0.06321953125 0.630978125
vt 0.47134140625 0.5900828124999999
vt 0.47314453125 0.5900828124999999
vt 0.47275390625 0.5927734375
vt 0.47134140625 0.5935984375000001
vt 0.46923828125 0.5900828124999999
vt 0.47134140625 0.5900828124999999
vt 0.47134140625 0.5935984375000001
vt 0.46962890625 0.5927734375
vt 0.322265625 0.6821465625
vt 0.31775859375 0.6798031250000001
vt 0.31875140625 0.67711
vt 0.321421875 0.6767578125
vt 0.28493359375 0.5575187500000001
vt 0.28134765625 0.557421875
vt 0.28214453125 0.553515625
vt 0.28480078125 0.5521484375
vt 0.28798828125 0.557421875
vt 0.28493359375 0.5575187500000001
vt 0.28480078125 0.5521484375
vt 0.28745703125 0.553515625
vt 0.0625 0.6356303125
vt 0.06695515625 0.6358578125000001
vt 0.06649265625 0.64062328125
vt 0.0625765625 0.640348125
vt 0.441125 0.71403125
vt 0.44419375 0.71403125
vt 0.44380625 0.71875
vt 0.440925 0.7186609374999999
vt 0.43820734375 0.7139528125
vt 0.441125 0.71403125
vt 0.4409221875 0.7187259375
vt 0.438035625 0.71859671875
vt 0.3177578125 0.6798028125
vt 0.322265625 0.6821465625
vt 0.3218265625 0.6868356250000001
vt 0.3182625 0.686860625
vt 0.31342171875 0.680396875
vt 0.3177578125 0.6798028125
vt 0.31827828125 0.68708234375
vt 0.31430890625 0.68715359375
vt 0.0331421875 0.5107603125
vt 0.0346296875 0.5088025
vt 0.0361328125 0.5154603125
vt 0.03326875 0.5154259375
vt 0.53125 0.93279375
vt 0.5345078125 0.93279375
vt 0.534475 0.937484375
vt 0.53159375 0.9375
vt 0.06695515625 0.6358578125000001
vt 0.07141765625 0.6358578125000001
vt 0.07110671875 0.6405796875
vt 0.06718171875 0.640625
vn 0.840429472329825 -0.5338067548981594 0.0934272469063949
vn -0.969591385615716 0.08344342089082675 0.2300646440673412
vn 0.043577871373829215 0.9980973490458729 0.04361938736533607
vn -0.0435214501986 -0.996805091676456 0.06697382011281046
vn -0.2038987997896729 0.06235413225195828 -0.9770042178186521
vn -0.2764359617458079 0.14181534220304826 0.9505112139104422
vn 0.20341347230282036 -0.190582269509916 -0.9603652210665273
vn -0.04347430706188557 -0.9957253363259312 0.08149257158846064
vn 0.5207412940891639 -0.1486965575274927 0.840665116684293
vn 0.043577871373829215 0.9980973490458729 0.04361938736533607
vn -0.9730009551811402 -0.012217487456381746 -0.2304774917792238
vn -0.043577871373829215 -0.9980973490458729 -0.04361938736533607
vn -0.043577871373829215 -0.9980973490458729 -0.04361938736533607
vn 0.8728481505616211 -0.4877906757744107 -0.014012947181151252
vn 0.043577871373829215 0.9980973490458729 0.04361938736533607
vn 0.043577871373829215 0.9980973490458729 0.04361938736533607
vn -0.9441136740695031 0.24993765548254993 -0.21489657700128828
vn -0.19815693059634804 0.16392055384076107 -0.9663663295485685
vn 0.21522180465530183 -0.03434870093353255 -0.9759609323866882
vn 0.9633403413711596 -0.06759912146950106 0.2596261648282956
vn 0.9457158839956761 -0.3120493109224575 0.09081131158119293
vn 0.5430672899348667 -0.13054076376493642 0.8294799741997794
vn -0.2860786716336161 0.012060853958748478 0.958130225719934
vn -0.9605360000433869 0.15382799907203754 0.23174887124243743
usemtl m_939b02b2-df4c-255e-486f-2d355257d222
f 1240/4909/1328 1241/4910/1328 1221/4911/1328 1233/4912/1328
f 1225/4913/1329 1243/4914/1329 1236/4915/1329 1231/4916/1329
f 1235/4917/1330 1230/4918/1330 1223/4919/1330 1229/4920/1330
f 1231/4921/1331 1232/4922/1331 1228/4923/1331 1225/4924/1331
f 1237/4925/1332 1238/4926/1332 1227/4927/1332 1224/4928/1332
f 1242/4929/1333 1243/4930/1333 1225/4931/1333 1228/4932/1333
f 1238/4933/1334 1239/4934/1334 1220/4935/1334 1227/4936/1334
f 1232/4937/1335 1233/4938/1335 1221/4939/1335 1228/4940/1335
f 1241/4941/1336 1242/4942/1336 1228/4943/1336 1221/4944/1336
f 1234/4945/1337 1235/4946/1337 1229/4947/1337 1219/4948/1337
f 1231/4949/1338 1236/4950/1338 1237/4951/1338 1224/4952/1338
f 1232/4953/1339 1231/4954/1339 1224/4955/1339 1227/4956/1339
f 1233/4957/1340 1232/4958/1340 1227/4959/1340 1220/4960/1340
f 1239/4961/1341 1240/4962/1341 1233/4963/1341 1220/4964/1341
f 1235/4965/1342 1234/4966/1342 1218/4967/1342 1226/4968/1342
f 1230/4969/1343 1235/4970/1343 1226/4971/1343 1222/4972/1343
f 1237/4973/1344 1236/4974/1344 1230/4975/1344 1222/4976/1344
f 1238/4977/1345 1237/4978/1345 1222/4979/1345 1226/4980/1345
f 1239/4981/1346 1238/4982/1346 1226/4983/1346 1218/4984/1346
f 1240/4985/1347 1239/4986/1347 1218/4987/1347 1234/4988/1347
f 1241/4989/1348 1240/4990/1348 1234/4991/1348 1219/4992/1348
f 1242/4993/1349 1241/4994/1349 1219/4995/1349 1229/4996/1349
f 1243/4997/1350 1242/4998/1350 1229/4999/1350 1223/5000/1350
f 1236/5001/1351 1243/5002/1351 1223/5003/1351 1230/5004/1351
o sphere
v -0.15804650362291303 0.6353315785634851 -0.022525369010759046
v -0.16017129615624795 0.6472206482076134 -0.019302749007198052
v -0.15664991401373482 0.6469303759139076 -0.02301076872026881
v -0.15456881880374312 0.6433280443701668 -0.025490714020380244
v -0.15514747321341368 0.6385236147685445 -0.02528948332478679
v -0.15514908918663603 0.6463091989013743 -0.01972953849823865
v -0.1524467362287484 0.6424494510265978 -0.02085019089183753
v -0.1536466483863149 0.6379024377560112 -0.022008253102756628
v -0.15640816290491522 0.6452019496436024 -0.01647476657602929
v -0.1542269187692078 0.6408835922872187 -0.016247077580615034
v -0.15490572210459408 0.6367951884982394 -0.018753481180547267
v -0.1596891702724734 0.6442572679167567 -0.015152883486836955
v -0.1588671487807609 0.6395476871152441 -0.014378056864739027
v -0.15818672947215226 0.6358505067713937 -0.017431598091354937
v -0.1630703265657473 0.644028612002554 -0.01653863469317031
v -0.16364898097541786 0.6392241824009317 -0.016337403997576855
v -0.16156788576542616 0.6356218508571909 -0.018817349297688288
v -0.1645711513928461 0.6446497890150873 -0.01981986491520047
v -0.16577106355041257 0.6401027757445007 -0.02097792712611957
v -0.16306871059252495 0.6362430278697242 -0.02209857951971845
v -0.1633120776745669 0.6457570382728591 -0.02307463683740983
v -0.16399088100995318 0.6416686344838798 -0.025581040437342065
v -0.16180963687424577 0.637350277127496 -0.02535335144192781
v -0.16003107030700872 0.6467017199997048 -0.02439651992660216
v -0.1593506509984001 0.6430045396558544 -0.02745006115321807
v -0.15852862950668759 0.6382949588543417 -0.026675234531120143
vt 0.736228125 0.9670953125
vt 0.736328125 0.96800546875
vt 0.7350884375 0.96768109375
vt 0.625 0.609375
vt 0.62629375 0.609375
vt 0.6261046875 0.625
vt 0.6251890625 0.625
vt 0.6251890625 0.546875
vt 0.6261046875 0.546875
vt 0.62629375 0.5625
vt 0.625 0.5625
vt 0.282031875 0.24933609375
vt 0.28135 0.24872499999999997
vt 0.2824896875 0.24813921875
vt 0.73554625 0.96648421875
vt 0.736228125 0.9670953125
vt 0.7350884375 0.96768109375
vt 0.625659375 0.640625
vt 0.626953125 0.640625
vt 0.6267640625 0.65625
vt 0.6258484375 0.65625
vt 0.6258484375 0.578125
vt 0.6267640625 0.578125
vt 0.626953125 0.59375
vt 0.625659375 0.59375
vt 0.28135 0.24872499999999997
vt 0.28125 0.24781484374999996
vt 0.2824896875 0.24813921875
vt 0.734630625 0.96648421875
vt 0.73554625 0.96648421875
vt 0.7350884375 0.96768109375
vt 0.625659375 0.484375
vt 0.626953125 0.484375
vt 0.6267640625 0.5
vt 0.6258484375 0.5
vt 0.6258484375 0.421875
vt 0.6267640625 0.421875
vt 0.626953125 0.4375
vt 0.625659375 0.4375
vt 0.28125 0.24781484374999996
vt 0.28178296875 0.2470703125
vt 0.2824896875 0.24813921875
vt 0.064453125 0.26488046875000004
vt 0.06392015625 0.265625
vt 0.0632134375 0.26455609375
vt 0.625 0.515625
vt 0.62629375 0.515625
vt 0.6261046875 0.53125
vt 0.6251890625 0.53125
vt 0.6251890625 0.453125
vt 0.6261046875 0.453125
vt 0.62629375 0.46875
vt 0.625 0.46875
vt 0.7516975 0.74933609375
vt 0.750781875 0.74933609375
vt 0.7512396875 0.74813921875
vt 0.064353125 0.2639703125
vt 0.064453125 0.26488046875000004
vt 0.0632134375 0.26455609375
vt 0.40625 0.359375
vt 0.40754375 0.359375
vt 0.4073546875 0.375
vt 0.4064390625 0.375
vt 0.4689390625 0.359375
vt 0.4698546875 0.359375
vt 0.47004375 0.375
vt 0.46875 0.375
vt 0.750781875 0.74933609375
vt 0.7501 0.748725
vt 0.7512396875 0.74813921875
vt 0.06367125 0.26335921875
vt 0.064353125 0.2639703125
vt 0.0632134375 0.26455609375
vt 0.375659375 0.359375
vt 0.376953125 0.359375
vt 0.3767640625 0.375
vt 0.3758484375 0.375
vt 0.4383484375 0.359375
vt 0.4392640625 0.359375
vt 0.439453125 0.375
vt 0.438159375 0.375
vt 0.7501 0.748725
vt 0.75 0.7478148437500001
vt 0.7512396875 0.74813921875
vt 0.062755625 0.26335921875
vt 0.06367125 0.26335921875
vt 0.0632134375 0.26455609375
vt 0.531909375 0.359375
vt 0.533203125 0.359375
vt 0.5330140625 0.375
vt 0.5320984375 0.375
vt 0.5945984375 0.359375
vt 0.5955140625 0.359375
vt 0.595703125 0.375
vt 0.594409375 0.375
vt 0.75 0.7478148437500001
vt 0.75053296875 0.7470703125
vt 0.7512396875 0.74813921875
vt 0.736328125 0.96800546875
vt 0.73579515625 0.96875
vt 0.7350884375 0.96768109375
vt 0.5 0.359375
vt 0.50129375 0.359375
vt 0.5011046875 0.375
vt 0.5001890625 0.375
vt 0.5626890625 0.359375
vt 0.5636046875 0.359375
vt 0.56379375 0.375
vt 0.5625 0.375
vt 0.2829475 0.24933609375
vt 0.282031875 0.24933609375
vt 0.2824896875 0.24813921875
vn 0.18589390940467304 0.9774659408326887 0.1000189429973835
vn 0.7628889987995291 0.6023803845593204 -0.23481534832463047
vn 0.8929668429832005 -0.12565420615012954 -0.4322282242165556
vn 0.4999823789913739 -0.7799854953661006 -0.3763512291950496
vn 0.1963616965446759 0.9026253397984916 0.383026866007796
vn 0.7881861992405278 0.42168743153675525 0.4482657977257527
vn 0.9182548854680014 -0.30625290255426346 0.2510321194413911
vn 0.5104501661313765 -0.8548260964002977 -0.09334330618463708
vn -0.00017470561743017016 0.813798923358551 0.5811465235363718
vn 0.31358172506951093 0.2072524916278538 0.9266676353561055
vn 0.4437670634018135 -0.5207729002157158 0.7292916973616546
vn 0.3139137639692706 -0.9436525128402387 0.1047763513439387
vn -0.28864540357600793 0.7629935776051472 0.5783810435411432
vn -0.3826889237231279 0.08456403948986164 0.9199989733063788
vn -0.2526730812015658 -0.6433587621321091 0.7226657714489786
vn 0.025443066010692832 -0.9944578585936423 0.10201087134870995
vn -0.4999823789913739 0.7799854953661007 0.3763512291950496
vn -0.8930022057445721 0.12565539056764558 0.43215481410788603
vn -0.76284962843518 -0.6024039931289156 0.23488268020151104
vn -0.18589390940467315 -0.9774659408326887 -0.10001894299738347
vn -0.5104501661313767 0.8548260964002978 0.09334330618463708
vn -0.9182800569073292 0.30624007658862357 -0.2509556785116976
vn -0.7881650349316427 -0.4216521840630578 -0.4483361611403386
vn -0.1963616965446758 -0.9026253397984918 -0.383026866007796
vn -0.31391376396927057 0.9436525128402387 -0.10477635134393859
vn -0.44369493201455396 0.5207832834991122 -0.72932816957285
vn -0.31364984885379316 -0.20728529906332935 -0.926637241376699
vn 0.00017470561743013888 -0.8137989233585509 -0.5811465235363718
vn -0.025443066010692805 0.9944578585936421 -0.10201087134871005
vn 0.2525950660563266 0.6433634686355172 -0.7226888540923238
vn 0.3827629317379246 -0.08454632448521236 -0.9199698131479264
vn 0.28864540357600793 -0.7629935776051473 -0.5783810435411432
usemtl m_939b02b2-df4c-255e-486f-2d355257d222
f 1249/5005/1352 1246/5006/1352 1245/5007/1352
f 1250/5008/1353 1247/5009/1353 1246/5010/1353 1249/5011/1353
f 1251/5012/1354 1248/5013/1354 1247/5014/1354 1250/5015/1354
f 1248/5016/1355 1251/5017/1355 1244/5018/1355
f 1252/5019/1356 1249/5020/1356 1245/5021/1356
f 1253/5022/1357 1250/5023/1357 1249/5024/1357 1252/5025/1357
f 1254/5026/1358 1251/5027/1358 1250/5028/1358 1253/5029/1358
f 1251/5030/1359 1254/5031/1359 1244/5032/1359
f 1255/5033/1360 1252/5034/1360 1245/5035/1360
f 1256/5036/1361 1253/5037/1361 1252/5038/1361 1255/5039/1361
f 1257/5040/1362 1254/5041/1362 1253/5042/1362 1256/5043/1362
f 1254/5044/1363 1257/5045/1363 1244/5046/1363
f 1258/5047/1364 1255/5048/1364 1245/5049/1364
f 1259/5050/1365 1256/5051/1365 1255/5052/1365 1258/5053/1365
f 1260/5054/1366 1257/5055/1366 1256/5056/1366 1259/5057/1366
f 1257/5058/1367 1260/5059/1367 1244/5060/1367
f 1261/5061/1368 1258/5062/1368 1245/5063/1368
f 1262/5064/1369 1259/5065/1369 1258/5066/1369 1261/5067/1369
f 1263/5068/1370 1260/5069/1370 1259/5070/1370 1262/5071/1370
f 1260/5072/1371 1263/5073/1371 1244/5074/1371
f 1264/5075/1372 1261/5076/1372 1245/5077/1372
f 1265/5078/1373 1262/5079/1373 1261/5080/1373 1264/5081/1373
f 1266/5082/1374 1263/5083/1374 1262/5084/1374 1265/5085/1374
f 1263/5086/1375 1266/5087/1375 1244/5088/1375
f 1267/5089/1376 1264/5090/1376 1245/5091/1376
f 1268/5092/1377 1265/5093/1377 1264/5094/1377 1267/5095/1377
f 1269/5096/1378 1266/5097/1378 1265/5098/1378 1268/5099/1378
f 1266/5100/1379 1269/5101/1379 1244/5102/1379
f 1246/5103/1380 1267/5104/1380 1245/5105/1380
f 1247/5106/1381 1268/5107/1381 1267/5108/1381 1246/5109/1381
f 1248/5110/1382 1269/5111/1382 1268/5112/1382 1247/5113/1382
f 1269/5114/1383 1248/5115/1383 1244/5116/1383
o Thumb
v -0.1546601661368002 0.6432867591112653 -0.025398630812677632
v -0.1543251451988573 0.6408914898896674 -0.01634097817376477
v -0.15041058107013033 0.6195086198230088 -0.03184387081979963
v -0.15007556013218742 0.6171133506014108 -0.02278621818088676
v -0.16389265458030364 0.6416607368814309 -0.02548713984419235
v -0.16355763364236073 0.6392654676598329 -0.016429487205279487
v -0.15964306951363377 0.6178825975931743 -0.03193237985131434
v -0.15930804857569086 0.6154873283715764 -0.02287472721240148
v -0.16587939141481634 0.6400836970836705 -0.020978965632089352
v -0.16162980634814644 0.616305557795414 -0.027424205639211347
v -0.14808882329767473 0.6186903903991712 -0.02729439239298976
v -0.15233840836434462 0.6424685296874277 -0.020849152385867768
v -0.15886321786842234 0.639519582623044 -0.014271780407109127
v -0.15461363280175244 0.6157414433347873 -0.02071702041423112
v -0.1548593148229106 0.6174979740972926 -0.02735929901610055
v -0.15510499684406873 0.6192545048597978 -0.034001577617969986
v -0.1593545819107386 0.6430326441480544 -0.02755633761084799
v -0.15910889988958046 0.6412761133855491 -0.02091405900897856
vt 0.109375 0.84375
vt 0.109375 0.859375
vt 0.09375 0.859375
vt 0.09375 0.84375
vt 0.15625 1
vt 0.15625 0.984375
vt 0.171875 0.984375
vt 0.171875 1
vt 0.283203125 0.27953125
vt 0.283203125 0.28125
vt 0.28203125 0.28070312500000005
vt 0.281484375 0.27953125
vt 0.720703125 0.71484375
vt 0.720703125 0.7165625
vt 0.718984375 0.7165625
vt 0.71953125 0.715390625
vt 0.140625 0.828125
vt 0.140625 0.84375
vt 0.125 0.84375
vt 0.125 0.828125
vt 0.15625 0.875
vt 0.15625 0.859375
vt 0.171875 0.859375
vt 0.171875 0.875
vt 0.171875 0.953125
vt 0.171875 0.96875
vt 0.15625 0.96875
vt 0.15625 0.953125
vt 0.720703125 0.7165625
vt 0.720703125 0.71828125
vt 0.71953125 0.717734375
vt 0.718984375 0.7165625
vt 0.15625 0.90625
vt 0.15625 0.890625
vt 0.171875 0.890625
vt 0.171875 0.90625
vt 0.283203125 0.2778125
vt 0.283203125 0.27953125
vt 0.281484375 0.27953125
vt 0.28203125 0.27835937499999996
vt 0.171875 0.828125
vt 0.171875 0.84375
vt 0.15625 0.84375
vt 0.15625 0.828125
vt 0.720703125 0.7165625
vt 0.720703125 0.71484375
vt 0.721875 0.715390625
vt 0.722421875 0.7165625
vt 0.720703125 0.71828125
vt 0.720703125 0.7165625
vt 0.722421875 0.7165625
vt 0.721875 0.717734375
vt 0 0.828125
vt 0 0.8125
vt 0.015625 0.8125
vt 0.015625 0.828125
vt 0.283203125 0.27953125
vt 0.283203125 0.2778125
vt 0.284375 0.27835937499999996
vt 0.284921875 0.27953125
vt 0.283203125 0.28125
vt 0.283203125 0.27953125
vt 0.284921875 0.27953125
vt 0.284375 0.28070312500000005
vn 0.9075200909804385 0.04912526832689687 0.41712587126509804
vn -0.8772959874630714 -0.26521583672557264 0.40001538761796274
vn -0.16998340266679518 0.9511255715302628 0.2578096002848797
vn 0.16998340266679518 -0.9511255715302628 -0.2578096002848797
vn 0.3840741169158306 0.30487186684415746 -0.8715160454760907
vn 0.4488400530244744 -0.15817935115300494 0.8795009378447539
vn -0.9075200909804385 -0.04912526832689687 -0.41712587126509804
vn 0.16998340266679518 -0.9511255715302628 -0.2578096002848797
vn 0.8772959874630714 0.26521583672557264 -0.40001538761796274
vn -0.16998340266679518 0.9511255715302628 0.2578096002848797
vn -0.3840741169158306 -0.30487186684415746 0.8715160454760907
vn 0.16998340266679518 -0.9511255715302628 -0.2578096002848797
vn 0.16998340266679518 -0.9511255715302628 -0.2578096002848797
vn -0.4488400530244744 0.15817935115300494 -0.8795009378447539
vn -0.16998340266679518 0.9511255715302628 0.2578096002848797
vn -0.16998340266679518 0.9511255715302628 0.2578096002848797
usemtl m_939b02b2-df4c-255e-486f-2d355257d222
f 1280/5117/1384 1281/5118/1384 1271/5119/1384 1273/5120/1384
f 1278/5121/1385 1279/5122/1385 1277/5123/1385 1275/5124/1385
f 1287/5125/1386 1282/5126/1386 1271/5127/1386 1281/5128/1386
f 1283/5129/1387 1284/5130/1387 1280/5131/1387 1273/5132/1387
f 1285/5133/1388 1286/5134/1388 1270/5135/1388 1272/5136/1388
f 1282/5137/1389 1283/5138/1389 1273/5139/1389 1271/5140/1389
f 1279/5141/1390 1278/5142/1390 1274/5143/1390 1276/5144/1390
f 1284/5145/1391 1285/5146/1391 1272/5147/1391 1280/5148/1391
f 1281/5149/1392 1280/5150/1392 1272/5151/1392 1270/5152/1392
f 1286/5153/1393 1287/5154/1393 1281/5155/1393 1270/5156/1393
f 1283/5157/1394 1282/5158/1394 1275/5159/1394 1277/5160/1394
f 1284/5161/1395 1283/5162/1395 1277/5163/1395 1279/5164/1395
f 1285/5165/1396 1284/5166/1396 1279/5167/1396 1276/5168/1396
f 1286/5169/1397 1285/5170/1397 1276/5171/1397 1274/5172/1397
f 1287/5173/1398 1286/5174/1398 1274/5175/1398 1278/5176/1398
f 1282/5177/1399 1287/5178/1399 1278/5179/1399 1275/5180/1399
o sphere
v -0.15379691855624314 0.6115534392752285 -0.028970609017881017
v -0.15592171108957806 0.6234425089193568 -0.025747989014320023
v -0.15240032894706493 0.623152236625651 -0.029456008727390782
v -0.15031923373707323 0.6195499050819102 -0.03193595402750221
v -0.1508978881467438 0.6147454754802879 -0.031734723331908764
v -0.15089950411996614 0.6225310596131177 -0.02617477850536062
v -0.14819715116207852 0.6186713117383412 -0.0272954308989595
v -0.149397063319645 0.6141242984677546 -0.0284534931098786
v -0.15215857783824532 0.6214238103553459 -0.02292000658315126
v -0.1499773337025379 0.6171054529989621 -0.02269231758773701
v -0.1506561370379242 0.6130170492099828 -0.025198721187669238
v -0.1554395852058035 0.6204791286285002 -0.021598123493958926
v -0.154617563714091 0.6157695478269876 -0.020823296871860998
v -0.15393714440548237 0.6120723674831371 -0.023876838098476908
v -0.1588207414990774 0.6202504727142975 -0.02298387470029228
v -0.15939939590874797 0.6154460431126751 -0.02278264400469883
v -0.15731830069875627 0.6118437115689344 -0.02526258930481026
v -0.1603215663261762 0.6208716497268307 -0.02626510492232244
v -0.16152147848374268 0.6163246364562441 -0.02742316713324154
v -0.15881912552585506 0.6124648885814676 -0.02854381952684042
v -0.159062492607897 0.6219788989846026 -0.029519876844531803
v -0.1597412959432833 0.6178904951956232 -0.03202628044446403
v -0.15756005180757587 0.6135721378392395 -0.031798591449049785
v -0.15578148524033883 0.6229235807114483 -0.030841759933724133
v -0.1551010659317302 0.6192264003675978 -0.03389530116034004
v -0.1542790444400177 0.6145168195660852 -0.033120474538242115
vt 0.095603125 0.2639703125
vt 0.095703125 0.26488046875000004
vt 0.0944634375 0.26455609375
vt 0 0.34375
vt 0.00129375 0.34375
vt 0.0011046875 0.359375
vt 0.0001890625 0.359375
vt 0.0939390625 0.34375
vt 0.0948546875 0.34375
vt 0.09504375 0.359375
vt 0.09375 0.359375
vt 0.313281875 0.24933609375
vt 0.3126 0.24872499999999997
vt 0.3137396875 0.24813921875
vt 0.09492125 0.26335921875
vt 0.095603125 0.2639703125
vt 0.0944634375 0.26455609375
vt 0.625659375 0.390625
vt 0.626953125 0.390625
vt 0.6267640625 0.40625
vt 0.6258484375 0.40625
vt 0.6414734375 0.953125
vt 0.6423890625 0.953125
vt 0.642578125 0.96875
vt 0.641284375 0.96875
vt 0.3126 0.24872499999999997
vt 0.3125 0.24781484374999996
vt 0.3137396875 0.24813921875
vt 0.094005625 0.26335921875
vt 0.09492125 0.26335921875
vt 0.0944634375 0.26455609375
vt 0.219409375 0.34375
vt 0.220703125 0.34375
vt 0.2205140625 0.359375
vt 0.2195984375 0.359375
vt 0.6570984375 0.921875
vt 0.6580140625 0.921875
vt 0.658203125 0.9375
vt 0.656909375 0.9375
vt 0.3125 0.24781484374999996
vt 0.31303296875 0.2470703125
vt 0.3137396875 0.24813921875
vt 0.126953125 0.26488046875000004
vt 0.12642015625 0.265625
vt 0.1257134375 0.26455609375
vt 0.1875 0.34375
vt 0.18879375 0.34375
vt 0.1886046875 0.359375
vt 0.1876890625 0.359375
vt 0.3439390625 0.34375
vt 0.3448546875 0.34375
vt 0.34504375 0.359375
vt 0.34375 0.359375
vt 0.7516975 0.71808609375
vt 0.750781875 0.71808609375
vt 0.7512396875 0.71688921875
vt 0.126853125 0.2639703125
vt 0.126953125 0.26488046875000004
vt 0.1257134375 0.26455609375
vt 0.03125 0.34375
vt 0.03254375 0.34375
vt 0.0323546875 0.359375
vt 0.0314390625 0.359375
vt 0.1251890625 0.34375
vt 0.1261046875 0.34375
vt 0.12629375 0.359375
vt 0.125 0.359375
vt 0.750781875 0.71808609375
vt 0.7501 0.717475
vt 0.7512396875 0.71688921875
vt 0.12617125 0.26335921875
vt 0.126853125 0.2639703125
vt 0.1257134375 0.26455609375
vt 0.625659375 0.359375
vt 0.626953125 0.359375
vt 0.6267640625 0.375
vt 0.6258484375 0.375
vt 0.0633484375 0.34375
vt 0.0642640625 0.34375
vt 0.064453125 0.359375
vt 0.063159375 0.359375
vt 0.7501 0.717475
vt 0.75 0.7165648437500001
vt 0.7512396875 0.71688921875
vt 0.125255625 0.26335921875
vt 0.12617125 0.26335921875
vt 0.1257134375 0.26455609375
vt 0.250659375 0.34375
vt 0.251953125 0.34375
vt 0.2517640625 0.359375
vt 0.2508484375 0.359375
vt 0.6570984375 0.890625
vt 0.6580140625 0.890625
vt 0.658203125 0.90625
vt 0.656909375 0.90625
vt 0.75 0.7165648437500001
vt 0.75053296875 0.7158203125
vt 0.7512396875 0.71688921875
vt 0.095703125 0.26488046875000004
vt 0.09517015625 0.265625
vt 0.0944634375 0.26455609375
vt 0.640625 0.796875
vt 0.64191875 0.796875
vt 0.6417296875 0.8125
vt 0.6408140625 0.8125
vt 0.6564390625 0.984375
vt 0.6573546875 0.984375
vt 0.65754375 1
vt 0.65625 1
vt 0.3141975 0.24933609375
vt 0.313281875 0.24933609375
vt 0.3137396875 0.24813921875
vn 0.18589390940467304 0.9774659408326887 0.1000189429973835
vn 0.7628889987995291 0.6023803845593204 -0.23481534832463047
vn 0.8929668429832005 -0.12565420615012954 -0.4322282242165556
vn 0.4999823789913739 -0.7799854953661006 -0.3763512291950496
vn 0.1963616965446759 0.9026253397984916 0.383026866007796
vn 0.7881861992405278 0.42168743153675525 0.4482657977257527
vn 0.9182548854680014 -0.30625290255426346 0.2510321194413911
vn 0.5104501661313765 -0.8548260964002977 -0.09334330618463708
vn -0.00017470561743017016 0.813798923358551 0.5811465235363718
vn 0.31358172506951093 0.2072524916278538 0.9266676353561055
vn 0.4437670634018135 -0.5207729002157158 0.7292916973616546
vn 0.3139137639692706 -0.9436525128402387 0.1047763513439387
vn -0.28864540357600793 0.7629935776051472 0.5783810435411432
vn -0.3826889237231279 0.08456403948986164 0.9199989733063788
vn -0.2526730812015658 -0.6433587621321091 0.7226657714489786
vn 0.025443066010692832 -0.9944578585936423 0.10201087134870995
vn -0.4999823789913739 0.7799854953661007 0.3763512291950496
vn -0.8930022057445721 0.12565539056764558 0.43215481410788603
vn -0.76284962843518 -0.6024039931289156 0.23488268020151104
vn -0.18589390940467315 -0.9774659408326887 -0.10001894299738347
vn -0.5104501661313767 0.8548260964002978 0.09334330618463708
vn -0.9182800569073292 0.30624007658862357 -0.2509556785116976
vn -0.7881650349316427 -0.4216521840630578 -0.4483361611403386
vn -0.1963616965446758 -0.9026253397984918 -0.383026866007796
vn -0.31391376396927057 0.9436525128402387 -0.10477635134393859
vn -0.44369493201455396 0.5207832834991122 -0.72932816957285
vn -0.31364984885379316 -0.20728529906332935 -0.926637241376699
vn 0.00017470561743013888 -0.8137989233585509 -0.5811465235363718
vn -0.025443066010692805 0.9944578585936421 -0.10201087134871005
vn 0.2525950660563266 0.6433634686355172 -0.7226888540923238
vn 0.3827629317379246 -0.08454632448521236 -0.9199698131479264
vn 0.28864540357600793 -0.7629935776051473 -0.5783810435411432
usemtl m_939b02b2-df4c-255e-486f-2d355257d222
f 1293/5181/1400 1290/5182/1400 1289/5183/1400
f 1294/5184/1401 1291/5185/1401 1290/5186/1401 1293/5187/1401
f 1295/5188/1402 1292/5189/1402 1291/5190/1402 1294/5191/1402
f 1292/5192/1403 1295/5193/1403 1288/5194/1403
f 1296/5195/1404 1293/5196/1404 1289/5197/1404
f 1297/5198/1405 1294/5199/1405 1293/5200/1405 1296/5201/1405
f 1298/5202/1406 1295/5203/1406 1294/5204/1406 1297/5205/1406
f 1295/5206/1407 1298/5207/1407 1288/5208/1407
f 1299/5209/1408 1296/5210/1408 1289/5211/1408
f 1300/5212/1409 1297/5213/1409 1296/5214/1409 1299/5215/1409
f 1301/5216/1410 1298/5217/1410 1297/5218/1410 1300/5219/1410
f 1298/5220/1411 1301/5221/1411 1288/5222/1411
f 1302/5223/1412 1299/5224/1412 1289/5225/1412
f 1303/5226/1413 1300/5227/1413 1299/5228/1413 1302/5229/1413
f 1304/5230/1414 1301/5231/1414 1300/5232/1414 1303/5233/1414
f 1301/5234/1415 1304/5235/1415 1288/5236/1415
f 1305/5237/1416 1302/5238/1416 1289/5239/1416
f 1306/5240/1417 1303/5241/1417 1302/5242/1417 1305/5243/1417
f 1307/5244/1418 1304/5245/1418 1303/5246/1418 1306/5247/1418
f 1304/5248/1419 1307/5249/1419 1288/5250/1419
f 1308/5251/1420 1305/5252/1420 1289/5253/1420
f 1309/5254/1421 1306/5255/1421 1305/5256/1421 1308/5257/1421
f 1310/5258/1422 1307/5259/1422 1306/5260/1422 1309/5261/1422
f 1307/5262/1423 1310/5263/1423 1288/5264/1423
f 1311/5265/1424 1308/5266/1424 1289/5267/1424
f 1312/5268/1425 1309/5269/1425 1308/5270/1425 1311/5271/1425
f 1313/5272/1426 1310/5273/1426 1309/5274/1426 1312/5275/1426
f 1310/5276/1427 1313/5277/1427 1288/5278/1427
f 1290/5279/1428 1311/5280/1428 1289/5281/1428
f 1291/5282/1429 1312/5283/1429 1311/5284/1429 1290/5285/1429
f 1292/5286/1430 1313/5287/1430 1312/5288/1430 1291/5289/1430
f 1313/5290/1431 1292/5291/1431 1288/5292/1431
o sphere
v -0.15351974744126068 0.6099702289694156 -0.028797112194519546
v -0.15567538649575713 0.6220924057382584 -0.026639323824067328
v -0.15209891507423373 0.6214843104060671 -0.030254966592458424
v -0.14998596396784933 0.6176820433932322 -0.03238477449477287
v -0.15057466269879932 0.6129127192128184 -0.03178073874920519
v -0.1506486620531211 0.6211468178936048 -0.026910168722439145
v -0.14793540330767682 0.6172046549948855 -0.027654349892152416
v -0.14912440967768667 0.6125752267003561 -0.028435940879185908
v -0.1519583075773864 0.620323253135904 -0.023591829152240666
v -0.14978710776295842 0.6160400012007288 -0.022961335106852186
v -0.15043405520195197 0.6117516619426553 -0.02511760130898743
v -0.15526026505378068 0.6194960918542096 -0.022243612236959715
v -0.15445695947166158 0.6148702600836738 -0.02105508056907568
v -0.15373601267834625 0.6109245006609609 -0.023769384393706478
v -0.15862047123821849 0.6191499154948555 -0.023655697269381687
v -0.15920916996916848 0.6143805913144418 -0.023051661523814007
v -0.15709621886278408 0.6105783243016069 -0.02518146942612845
v -0.16007072425933114 0.6194874080073178 -0.027000495139400966
v -0.16125973062934099 0.6148579797127884 -0.027782086126434458
v -0.1585464718838967 0.6109158168140691 -0.02852626729614773
v -0.15876107873506584 0.6203109727650187 -0.030318834709599445
v -0.1594080261740594 0.6160226335069452 -0.03247510091173469
v -0.1572368263596314 0.61173938157177 -0.03184460686634621
v -0.15545912125867156 0.621138134046713 -0.0316670516248804
v -0.15473817446535623 0.6171923746240001 -0.034381355449511194
v -0.15393486888323712 0.6125665428534643 -0.03319282378162716
vt 0.189353125 0.2639703125
vt 0.189453125 0.26488046875000004
vt 0.1882134375 0.26455609375
vt 0.65625 0.828125
vt 0.65754375 0.828125
vt 0.6573546875 0.84375
vt 0.6564390625 0.84375
vt 0.6564390625 0.703125
vt 0.6573546875 0.703125
vt 0.65754375 0.71875
vt 0.65625 0.71875
vt 0.750781875 0.65558609375
vt 0.7501 0.654975
vt 0.7512396875 0.65438921875
vt 0.18867125 0.26335921875
vt 0.189353125 0.2639703125
vt 0.1882134375 0.26455609375
vt 0.656909375 0.859375
vt 0.658203125 0.859375
vt 0.6580140625 0.875
vt 0.6570984375 0.875
vt 0.6570984375 0.734375
vt 0.6580140625 0.734375
vt 0.658203125 0.75
vt 0.656909375 0.75
vt 0.7501 0.654975
vt 0.75 0.6540648437500001
vt 0.7512396875 0.65438921875
vt 0.187755625 0.26335921875
vt 0.18867125 0.26335921875
vt 0.1882134375 0.26455609375
vt 0.375659375 0.328125
vt 0.376953125 0.328125
vt 0.3767640625 0.34375
vt 0.3758484375 0.34375
vt 0.4383484375 0.328125
vt 0.4392640625 0.328125
vt 0.439453125 0.34375
vt 0.438159375 0.34375
vt 0.75 0.6540648437500001
vt 0.75053296875 0.6533203125
vt 0.7512396875 0.65438921875
vt 0.736328125 0.8117554687499999
vt 0.73579515625 0.8125
vt 0.7350884375 0.81143109375
vt 0.65625 0.671875
vt 0.65754375 0.671875
vt 0.6573546875 0.6875
vt 0.6564390625 0.6875
vt 0.4064390625 0.328125
vt 0.4073546875 0.328125
vt 0.40754375 0.34375
vt 0.40625 0.34375
vt 0.7516975 0.68683609375
vt 0.750781875 0.68683609375
vt 0.7512396875 0.68563921875
vt 0.736228125 0.8108453125
vt 0.736328125 0.8117554687499999
vt 0.7350884375 0.81143109375
vt 0.65625 0.765625
vt 0.65754375 0.765625
vt 0.6573546875 0.78125
vt 0.6564390625 0.78125
vt 0.3126890625 0.328125
vt 0.3136046875 0.328125
vt 0.31379375 0.34375
vt 0.3125 0.34375
vt 0.750781875 0.68683609375
vt 0.7501 0.686225
vt 0.7512396875 0.68563921875
vt 0.73554625 0.81023421875
vt 0.736228125 0.8108453125
vt 0.7350884375 0.81143109375
vt 0.156909375 0.328125
vt 0.158203125 0.328125
vt 0.1580140625 0.34375
vt 0.1570984375 0.34375
vt 0.2820984375 0.328125
vt 0.2830140625 0.328125
vt 0.283203125 0.34375
vt 0.281909375 0.34375
vt 0.7501 0.686225
vt 0.75 0.6853148437500001
vt 0.7512396875 0.68563921875
vt 0.734630625 0.81023421875
vt 0.73554625 0.81023421875
vt 0.7350884375 0.81143109375
vt 0.656909375 0.609375
vt 0.658203125 0.609375
vt 0.6580140625 0.625
vt 0.6570984375 0.625
vt 0.6570984375 0.546875
vt 0.6580140625 0.546875
vt 0.658203125 0.5625
vt 0.656909375 0.5625
vt 0.75 0.6853148437500001
vt 0.75053296875 0.6845703125
vt 0.7512396875 0.68563921875
vt 0.189453125 0.26488046875000004
vt 0.18892015625 0.265625
vt 0.1882134375 0.26455609375
vt 0.65625 0.640625
vt 0.65754375 0.640625
vt 0.6573546875 0.65625
vt 0.6564390625 0.65625
vt 0.6564390625 0.578125
vt 0.6573546875 0.578125
vt 0.65754375 0.59375
vt 0.65625 0.59375
vt 0.7516975 0.65558609375
vt 0.750781875 0.65558609375
vt 0.7512396875 0.65438921875
vn 0.18580378283604448 0.982411481474476 0.018564357003180598
vn 0.7672298757958762 0.5798693548615068 -0.27406176124870907
vn 0.8991977419150997 -0.16244601872906214 -0.40626926038510813
vn 0.5044520089503544 -0.8094980295258132 -0.30040158265191874
vn 0.1918920665856957 0.9321378739582042 0.30707721946466515
vn 0.7819564187952696 0.458472639747471 0.42231149369613774
vn 0.9139125643306026 -0.2837334417239115 0.2902742820267856
vn 0.5105402927000051 -0.8597716370420849 -0.011888720190434188
vn -0.007740460854602851 0.8606792919187592 0.5090886383803724
vn 0.29987577927434683 0.2859758118143089 0.9101056818093987
vn 0.4319505836839422 -0.4563272448019914 0.7779358192720819
vn 0.31090776525970687 -0.9312302190815299 0.19012269872527318
vn -0.2962111588131807 0.8098739461653556 0.5063231583851439
vn -0.39639505472526215 0.16328812507949383 0.9034422775127251
vn -0.26449022008007805 -0.578909022312097 0.7713036155546299
vn 0.022437067301128974 -0.9820355648349336 0.1873572187300445
vn -0.5044520089503541 0.8094980295258132 0.30040158265191874
vn -0.8992319917654257 0.16244090357735816 0.4061954921347068
vn -0.7671915601624878 -0.5798871035287164 0.27413145966219105
vn -0.1858037828360446 -0.982411481474476 -0.01856435700318057
vn -0.5105402927000053 0.8597716370420849 0.01188872019043416
vn -0.9139389045848368 0.2837272289156793 -0.2901974125627211
vn -0.7819341438447028 -0.45844356581618756 -0.42238429380315556
vn -0.19189206658569558 -0.9321378739582042 -0.30707721946466515
vn -0.3109077652597068 0.9312302190815299 -0.19012269872527313
vn -0.43187789524389647 0.45633444662455624 -0.7779719509234009
vn -0.29994440193133026 -0.2860058774557873 -0.910073619994999
vn 0.007740460854602821 -0.8606792919187592 -0.5090886383803725
vn -0.02243706730112895 0.9820355648349336 -0.18735721873004454
vn 0.26441256893569476 0.5789117435836565 -0.7713281963793087
vn 0.3964686405659779 -0.16326798522800234 -0.9034136273309997
vn 0.29621115881318066 -0.8098739461653556 -0.5063231583851439
usemtl m_939b02b2-df4c-255e-486f-2d355257d222
f 1319/5293/1432 1316/5294/1432 1315/5295/1432
f 1320/5296/1433 1317/5297/1433 1316/5298/1433 1319/5299/1433
f 1321/5300/1434 1318/5301/1434 1317/5302/1434 1320/5303/1434
f 1318/5304/1435 1321/5305/1435 1314/5306/1435
f 1322/5307/1436 1319/5308/1436 1315/5309/1436
f 1323/5310/1437 1320/5311/1437 1319/5312/1437 1322/5313/1437
f 1324/5314/1438 1321/5315/1438 1320/5316/1438 1323/5317/1438
f 1321/5318/1439 1324/5319/1439 1314/5320/1439
f 1325/5321/1440 1322/5322/1440 1315/5323/1440
f 1326/5324/1441 1323/5325/1441 1322/5326/1441 1325/5327/1441
f 1327/5328/1442 1324/5329/1442 1323/5330/1442 1326/5331/1442
f 1324/5332/1443 1327/5333/1443 1314/5334/1443
f 1328/5335/1444 1325/5336/1444 1315/5337/1444
f 1329/5338/1445 1326/5339/1445 1325/5340/1445 1328/5341/1445
f 1330/5342/1446 1327/5343/1446 1326/5344/1446 1329/5345/1446
f 1327/5346/1447 1330/5347/1447 1314/5348/1447
f 1331/5349/1448 1328/5350/1448 1315/5351/1448
f 1332/5352/1449 1329/5353/1449 1328/5354/1449 1331/5355/1449
f 1333/5356/1450 1330/5357/1450 1329/5358/1450 1332/5359/1450
f 1330/5360/1451 1333/5361/1451 1314/5362/1451
f 1334/5363/1452 1331/5364/1452 1315/5365/1452
f 1335/5366/1453 1332/5367/1453 1331/5368/1453 1334/5369/1453
f 1336/5370/1454 1333/5371/1454 1332/5372/1454 1335/5373/1454
f 1333/5374/1455 1336/5375/1455 1314/5376/1455
f 1337/5377/1456 1334/5378/1456 1315/5379/1456
f 1338/5380/1457 1335/5381/1457 1334/5382/1457 1337/5383/1457
f 1339/5384/1458 1336/5385/1458 1335/5386/1458 1338/5387/1458
f 1336/5388/1459 1339/5389/1459 1314/5390/1459
f 1316/5391/1460 1337/5392/1460 1315/5393/1460
f 1317/5394/1461 1338/5395/1461 1337/5396/1461 1316/5397/1461
f 1318/5398/1462 1339/5399/1462 1338/5400/1462 1317/5401/1462
f 1339/5402/1463 1318/5403/1463 1314/5404/1463
o Thumb
v -0.15007875033603613 0.6176488304575036 -0.03229088245155835
v -0.1498838951574783 0.6160398264800049 -0.023057044535513785
v -0.1479231112815397 0.6055266536886609 -0.03444867082201057
v -0.14772825610298188 0.6039176497111621 -0.025214832905966003
v -0.1593112387795396 0.6160228082276692 -0.03237939148307307
v -0.15911638360098174 0.6144138042501704 -0.023145553567028503
v -0.15715559972504314 0.6039006314588264 -0.034537179853525286
v -0.15696074454648531 0.6022916274813277 -0.02530334193748072
v -0.1613680584937448 0.6148389010519585 -0.02778312463240422
v -0.15921241943924835 0.6027167242831157 -0.029940913002856437
v -0.14567143638877664 0.6051015568868728 -0.029811099756634853
v -0.1478270754432731 0.6172237336557156 -0.027653311386182634
v -0.15445467317089986 0.6148513811036712 -0.020946736870860745
v -0.15229903411640341 0.6027292043348285 -0.023104525241312963
v -0.1524419279140125 0.6039091405849943 -0.029876006379745645
v -0.15258482171162158 0.6050890768351601 -0.036647487518178326
v -0.15474046076611803 0.6172112536040029 -0.03448969914772611
v -0.15459756696850893 0.616031317353837 -0.027718218009293426
vt 0.046875 0.8125
vt 0.046875 0.828125
vt 0.03125 0.828125
vt 0.03125 0.8125
vt 0.0625 0.828125
vt 0.0625 0.8125
vt 0.078125 0.8125
vt 0.078125 0.828125
vt 0.314453125 0.27953125
vt 0.314453125 0.28125
vt 0.31328125 0.28070312500000005
vt 0.312734375 0.27953125
vt 0.720703125 0.68359375
vt 0.720703125 0.6853125
vt 0.718984375 0.6853125
vt 0.71953125 0.684140625
vt 0.203125 0.984375
vt 0.203125 1
vt 0.1875 1
vt 0.1875 0.984375
vt 0.1875 0.96875
vt 0.1875 0.953125
vt 0.203125 0.953125
vt 0.203125 0.96875
vt 0.1875 0.921875
vt 0.1875 0.9375
vt 0.171875 0.9375
vt 0.171875 0.921875
vt 0.720703125 0.6853125
vt 0.720703125 0.68703125
vt 0.71953125 0.686484375
vt 0.718984375 0.6853125
vt 0.09375 0.828125
vt 0.09375 0.8125
vt 0.109375 0.8125
vt 0.109375 0.828125
vt 0.314453125 0.2778125
vt 0.314453125 0.27953125
vt 0.312734375 0.27953125
vt 0.31328125 0.27835937499999996
vt 0.203125 0.890625
vt 0.203125 0.90625
vt 0.1875 0.90625
vt 0.1875 0.890625
vt 0.720703125 0.6853125
vt 0.720703125 0.68359375
vt 0.721875 0.684140625
vt 0.722421875 0.6853125
vt 0.720703125 0.68703125
vt 0.720703125 0.6853125
vt 0.722421875 0.6853125
vt 0.721875 0.686484375
vt 0.125 0.8125
vt 0.125 0.796875
vt 0.140625 0.796875
vt 0.140625 0.8125
vt 0.314453125 0.27953125
vt 0.314453125 0.2778125
vt 0.315625 0.27835937499999996
vt 0.316171875 0.27953125
vt 0.314453125 0.28125
vt 0.314453125 0.27953125
vt 0.316171875 0.27953125
vt 0.315625 0.28070312500000005
vn 0.9011975243264602 0.08459195031351906 0.42507319850822695
vn -0.8836185541170497 -0.2297491547389504 0.40796271486109154
vn -0.172451124359715 0.9697741415074201 0.1726230696361774
vn 0.172451124359715 -0.9697741415074201 -0.1726230696361774
vn 0.3976224740314984 0.22887183401568129 -0.8885460324256527
vn 0.43529169590880645 -0.08217931832452884 0.8965309247943158
vn -0.9011975243264602 -0.08459195031351906 -0.42507319850822695
vn 0.172451124359715 -0.9697741415074201 -0.1726230696361774
vn 0.8836185541170497 0.2297491547389504 -0.40796271486109154
vn -0.172451124359715 0.9697741415074201 0.1726230696361774
vn -0.3976224740314984 -0.22887183401568129 0.8885460324256527
vn 0.172451124359715 -0.9697741415074201 -0.1726230696361774
vn 0.172451124359715 -0.9697741415074201 -0.1726230696361774
vn -0.43529169590880645 0.08217931832452884 -0.8965309247943158
vn -0.172451124359715 0.9697741415074201 0.1726230696361774
vn -0.172451124359715 0.9697741415074201 0.1726230696361774
usemtl m_939b02b2-df4c-255e-486f-2d355257d222
f 1350/5405/1464 1351/5406/1464 1341/5407/1464 1343/5408/1464
f 1348/5409/1465 1349/5410/1465 1347/5411/1465 1345/5412/1465
f 1357/5413/1466 1352/5414/1466 1341/5415/1466 1351/5416/1466
f 1353/5417/1467 1354/5418/1467 1350/5419/1467 1343/5420/1467
f 1355/5421/1468 1356/5422/1468 1340/5423/1468 1342/5424/1468
f 1352/5425/1469 1353/5426/1469 1343/5427/1469 1341/5428/1469
f 1349/5429/1470 1348/5430/1470 1344/5431/1470 1346/5432/1470
f 1354/5433/1471 1355/5434/1471 1342/5435/1471 1350/5436/1471
f 1351/5437/1472 1350/5438/1472 1342/5439/1472 1340/5440/1472
f 1356/5441/1473 1357/5442/1473 1351/5443/1473 1340/5444/1473
f 1353/5445/1474 1352/5446/1474 1345/5447/1474 1347/5448/1474
f 1354/5449/1475 1353/5450/1475 1347/5451/1475 1349/5452/1475
f 1355/5453/1476 1354/5454/1476 1349/5455/1476 1346/5456/1476
f 1356/5457/1477 1355/5458/1477 1346/5459/1477 1344/5460/1477
f 1357/5461/1478 1356/5462/1478 1344/5463/1478 1348/5464/1478
f 1352/5465/1479 1357/5466/1479 1348/5467/1479 1345/5468/1479
o sphere
v -0.15136410838676426 0.5978480522005729 -0.030954900564971757
v -0.1535197474412607 0.6099702289694156 -0.02879711219451954
v -0.1499432760197373 0.6093621336372244 -0.032412754962910635
v -0.1478303249133529 0.6055598666243894 -0.03454256286522508
v -0.1484190236443029 0.6007905424439757 -0.0339385271196574
v -0.14849302299862469 0.6090246411247621 -0.029067957092891356
v -0.1457797642531804 0.6050824782260428 -0.029812138262604627
v -0.14696877062319025 0.6004530499315134 -0.03059372924963812
v -0.14980266852288998 0.6082010763670612 -0.025749617522692878
v -0.147631468708462 0.603917824431886 -0.025119123477304398
v -0.14827841614745554 0.5996294851738125 -0.02727538967943964
v -0.15310462599928426 0.6073739150853669 -0.024401400607411926
v -0.15230132041716515 0.6027480833148311 -0.02321286893952789
v -0.15158037362384982 0.5988023238921182 -0.02592717276415869
v -0.15646483218372206 0.6070277387260128 -0.0258134856398339
v -0.15705353091467206 0.602258414545599 -0.02520944989426622
v -0.15494057980828765 0.5984561475327641 -0.02733925779658066
v -0.15791508520483472 0.6073652312384751 -0.029158283509853177
v -0.15910409157484456 0.6027358029439457 -0.02993987449688667
v -0.15639083282940028 0.5987936400452264 -0.03068405566659994
v -0.15660543968056942 0.6081887959961759 -0.032476623080051656
v -0.15725238711956296 0.6039004567381024 -0.0346328892821869
v -0.15508118730513498 0.5996172048029272 -0.03400239523679842
v -0.15330348220417514 0.6090159572778703 -0.0338248399953326
v -0.1525825354108598 0.6050701978551574 -0.036539143819963406
v -0.1517792298287407 0.6004443660846216 -0.035350612152079366
vt 0.220603125 0.2639703125
vt 0.220703125 0.26488046875000004
vt 0.2194634375 0.26455609375
vt 0.5 0.328125
vt 0.50129375 0.328125
vt 0.5011046875 0.34375
vt 0.5001890625 0.34375
vt 0.5626890625 0.328125
vt 0.5636046875 0.328125
vt 0.56379375 0.34375
vt 0.5625 0.34375
vt 0.750781875 0.62433609375
vt 0.7501 0.623725
vt 0.7512396875 0.62313921875
vt 0.21992125 0.26335921875
vt 0.220603125 0.2639703125
vt 0.2194634375 0.26455609375
vt 0.469409375 0.328125
vt 0.470703125 0.328125
vt 0.4705140625 0.34375
vt 0.4695984375 0.34375
vt 0.5320984375 0.328125
vt 0.5330140625 0.328125
vt 0.533203125 0.34375
vt 0.531909375 0.34375
vt 0.7501 0.623725
vt 0.75 0.6228148437500001
vt 0.7512396875 0.62313921875
vt 0.219005625 0.26335921875
vt 0.21992125 0.26335921875
vt 0.2194634375 0.26455609375
vt 0.625659375 0.328125
vt 0.626953125 0.328125
vt 0.6267640625 0.34375
vt 0.6258484375 0.34375
vt 0.0320984375 0.3125
vt 0.0330140625 0.3125
vt 0.033203125 0.328125
vt 0.031909375 0.328125
vt 0.75 0.6228148437500001
vt 0.75053296875 0.6220703125
vt 0.7512396875 0.62313921875
vt 0.251953125 0.26488046875000004
vt 0.25142015625 0.265625
vt 0.2507134375 0.26455609375
vt 0.59375 0.328125
vt 0.59504375 0.328125
vt 0.5948546875 0.34375
vt 0.5939390625 0.34375
vt 0.6564390625 0.328125
vt 0.6573546875 0.328125
vt 0.65754375 0.34375
vt 0.65625 0.34375
vt 0.3766975 0.24933609375
vt 0.375781875 0.24933609375
vt 0.3762396875 0.24813921875
vt 0.251853125 0.2639703125
vt 0.251953125 0.26488046875000004
vt 0.2507134375 0.26455609375
vt 0.65625 0.484375
vt 0.65754375 0.484375
vt 0.6573546875 0.5
vt 0.6564390625 0.5
vt 0.6564390625 0.421875
vt 0.6573546875 0.421875
vt 0.65754375 0.4375
vt 0.65625 0.4375
vt 0.375781875 0.24933609375
vt 0.3751 0.24872499999999997
vt 0.3762396875 0.24813921875
vt 0.25117125 0.26335921875
vt 0.251853125 0.2639703125
vt 0.2507134375 0.26455609375
vt 0.656909375 0.515625
vt 0.658203125 0.515625
vt 0.6580140625 0.53125
vt 0.6570984375 0.53125
vt 0.6570984375 0.453125
vt 0.6580140625 0.453125
vt 0.658203125 0.46875
vt 0.656909375 0.46875
vt 0.3751 0.24872499999999997
vt 0.375 0.24781484374999996
vt 0.3762396875 0.24813921875
vt 0.250255625 0.26335921875
vt 0.25117125 0.26335921875
vt 0.2507134375 0.26455609375
vt 0.656909375 0.359375
vt 0.658203125 0.359375
vt 0.6580140625 0.375
vt 0.6570984375 0.375
vt 0.6727234375 0.953125
vt 0.6736390625 0.953125
vt 0.673828125 0.96875
vt 0.672534375 0.96875
vt 0.375 0.24781484374999996
vt 0.37553296875 0.2470703125
vt 0.3762396875 0.24813921875
vt 0.220703125 0.26488046875000004
vt 0.22017015625 0.265625
vt 0.2194634375 0.26455609375
vt 0.65625 0.390625
vt 0.65754375 0.390625
vt 0.6573546875 0.40625
vt 0.6564390625 0.40625
vt 0.0001890625 0.3125
vt 0.0011046875 0.3125
vt 0.00129375 0.328125
vt 0 0.328125
vt 0.7516975 0.62433609375
vt 0.750781875 0.62433609375
vt 0.7512396875 0.62313921875
vn 0.18580378283604448 0.982411481474476 0.018564357003180598
vn 0.7672298757958762 0.5798693548615068 -0.27406176124870907
vn 0.8991977419150997 -0.16244601872906214 -0.40626926038510813
vn 0.5044520089503544 -0.8094980295258132 -0.30040158265191874
vn 0.1918920665856957 0.9321378739582042 0.30707721946466515
vn 0.7819564187952696 0.458472639747471 0.42231149369613774
vn 0.9139125643306026 -0.2837334417239115 0.2902742820267856
vn 0.5105402927000051 -0.8597716370420849 -0.011888720190434188
vn -0.007740460854602851 0.8606792919187592 0.5090886383803724
vn 0.29987577927434683 0.2859758118143089 0.9101056818093987
vn 0.4319505836839422 -0.4563272448019914 0.7779358192720819
vn 0.31090776525970687 -0.9312302190815299 0.19012269872527318
vn -0.2962111588131807 0.8098739461653556 0.5063231583851439
vn -0.39639505472526215 0.16328812507949383 0.9034422775127251
vn -0.26449022008007805 -0.578909022312097 0.7713036155546299
vn 0.022437067301128974 -0.9820355648349336 0.1873572187300445
vn -0.5044520089503541 0.8094980295258132 0.30040158265191874
vn -0.8992319917654257 0.16244090357735816 0.4061954921347068
vn -0.7671915601624878 -0.5798871035287164 0.27413145966219105
vn -0.1858037828360446 -0.982411481474476 -0.01856435700318057
vn -0.5105402927000053 0.8597716370420849 0.01188872019043416
vn -0.9139389045848368 0.2837272289156793 -0.2901974125627211
vn -0.7819341438447028 -0.45844356581618756 -0.42238429380315556
vn -0.19189206658569558 -0.9321378739582042 -0.30707721946466515
vn -0.3109077652597068 0.9312302190815299 -0.19012269872527313
vn -0.43187789524389647 0.45633444662455624 -0.7779719509234009
vn -0.29994440193133026 -0.2860058774557873 -0.910073619994999
vn 0.007740460854602821 -0.8606792919187592 -0.5090886383803725
vn -0.02243706730112895 0.9820355648349336 -0.18735721873004454
vn 0.26441256893569476 0.5789117435836565 -0.7713281963793087
vn 0.3964686405659779 -0.16326798522800234 -0.9034136273309997
vn 0.29621115881318066 -0.8098739461653556 -0.5063231583851439
usemtl m_939b02b2-df4c-255e-486f-2d355257d222
f 1363/5469/1480 1360/5470/1480 1359/5471/1480
f 1364/5472/1481 1361/5473/1481 1360/5474/1481 1363/5475/1481
f 1365/5476/1482 1362/5477/1482 1361/5478/1482 1364/5479/1482
f 1362/5480/1483 1365/5481/1483 1358/5482/1483
f 1366/5483/1484 1363/5484/1484 1359/5485/1484
f 1367/5486/1485 1364/5487/1485 1363/5488/1485 1366/5489/1485
f 1368/5490/1486 1365/5491/1486 1364/5492/1486 1367/5493/1486
f 1365/5494/1487 1368/5495/1487 1358/5496/1487
f 1369/5497/1488 1366/5498/1488 1359/5499/1488
f 1370/5500/1489 1367/5501/1489 1366/5502/1489 1369/5503/1489
f 1371/5504/1490 1368/5505/1490 1367/5506/1490 1370/5507/1490
f 1368/5508/1491 1371/5509/1491 1358/5510/1491
f 1372/5511/1492 1369/5512/1492 1359/5513/1492
f 1373/5514/1493 1370/5515/1493 1369/5516/1493 1372/5517/1493
f 1374/5518/1494 1371/5519/1494 1370/5520/1494 1373/5521/1494
f 1371/5522/1495 1374/5523/1495 1358/5524/1495
f 1375/5525/1496 1372/5526/1496 1359/5527/1496
f 1376/5528/1497 1373/5529/1497 1372/5530/1497 1375/5531/1497
f 1377/5532/1498 1374/5533/1498 1373/5534/1498 1376/5535/1498
f 1374/5536/1499 1377/5537/1499 1358/5538/1499
f 1378/5539/1500 1375/5540/1500 1359/5541/1500
f 1379/5542/1501 1376/5543/1501 1375/5544/1501 1378/5545/1501
f 1380/5546/1502 1377/5547/1502 1376/5548/1502 1379/5549/1502
f 1377/5550/1503 1380/5551/1503 1358/5552/1503
f 1381/5553/1504 1378/5554/1504 1359/5555/1504
f 1382/5556/1505 1379/5557/1505 1378/5558/1505 1381/5559/1505
f 1383/5560/1506 1380/5561/1506 1379/5562/1506 1382/5563/1506
f 1380/5564/1507 1383/5565/1507 1358/5566/1507
f 1360/5567/1508 1381/5568/1508 1359/5569/1508
f 1361/5570/1509 1382/5571/1509 1381/5572/1509 1360/5573/1509
f 1362/5574/1510 1383/5575/1510 1382/5576/1510 1361/5577/1510
f 1383/5578/1511 1362/5579/1511 1358/5580/1511
o sphere
v -0.17092149799749085 0.5881974597864691 -0.006476085937830639
v -0.17037677460531797 0.6006736766495424 -0.007021328279897338
v -0.16709590758101042 0.5982720923897362 -0.016728403679572946
v -0.16589629941122477 0.593623159801982 -0.02058989581374214
v -0.16748108149161586 0.589450159445857 -0.016342862819497584
v -0.16567735241610948 0.5986378704456364 -0.00694147753890167
v -0.16389057508240315 0.5941404830624792 -0.006748707108863989
v -0.16606252632671492 0.5898159375017572 -0.006555936678826308
v -0.1670586298921917 0.5991258918346279 0.002845448601769605
v -0.16584357814244277 0.5948306753815812 0.007093106001152653
v -0.1674438038027971 0.5903039588907488 0.003230989461844967
v -0.17043018811713226 0.5994503060978298 0.006900335571114972
v -0.17061607893023328 0.5951927064969564 0.010609131335982302
v -0.1708153620277377 0.5906283731539506 0.007285876431190334
v -0.17381719111119295 0.5994209769901545 0.002845448601769605
v -0.1754019720024272 0.595248003870199 0.007093106001152653
v -0.1742023650217984 0.5905990440462753 0.003230989461844967
v -0.1752357462760939 0.5990551989342543 -0.00694147753890167
v -0.17740769752040567 0.5947306533735323 -0.006748707108863989
v -0.17562092018669934 0.5902332659903751 -0.006555936678826308
v -0.17385446880001168 0.5985671775452628 -0.016728403679572946
v -0.17545469327120922 0.5940404882905999 -0.02058989581374214
v -0.17423964271061712 0.5897452446013836 -0.016342862819497584
v -0.1704829093859143 0.5982427905182306 -0.02078266624377982
v -0.17068641517938 0.5935817415369444 -0.02632318379534503
v -0.1708680832965197 0.5894208575743514 -0.02039712538370446
vt 0.09579390625 0.45007359375
vt 0.097924375 0.44881703125000005
vt 0.0965846875 0.45108203125
vt 0.691105 0.6854703125
vt 0.69457984375 0.685875625
vt 0.69349140625 0.68696625
vt 0.6910346875 0.6866796875000001
vt 0.56798765625 0.49789062500000003
vt 0.57044453125 0.4976040625
vt 0.57153296875 0.49869453124999996
vt 0.56805796875 0.4991
vt 0.566674375 0.9369251562500001
vt 0.56454390625 0.93566859375
vt 0.5653346875 0.93466015625
vt 0.09406546875 0.45184296874999996
vt 0.09579390625 0.45007359375
vt 0.0965846875 0.45108203125
vt 0.6876065625 0.6854703125
vt 0.691105 0.6854703125
vt 0.6910346875 0.6866796875000001
vt 0.68856125 0.6866796875000001
vt 0.56551421875 0.49789062500000003
vt 0.56798765625 0.49789062500000003
vt 0.56805796875 0.4991
vt 0.56455953125 0.4991
vt 0.56454390625 0.93566859375
vt 0.56281546875 0.93389921875
vt 0.5653346875 0.93466015625
vt 0.09375 0.453125
vt 0.09406546875 0.45184296874999996
vt 0.096584375 0.45108218749999995
vt 0.5314 0.765625
vt 0.532884375 0.765625
vt 0.533203125 0.78125
vt 0.5319203125 0.781034375
vt 0.56425296875 0.49750046875
vt 0.56551421875 0.49789062500000003
vt 0.56455953125 0.4991
vt 0.56324921875 0.49845593749999995
vt 0.56281546875 0.93389921875
vt 0.5625 0.9326171875
vt 0.565334375 0.93466
vt 0.06804390625 0.45184296874999996
vt 0.068359375 0.453125
vt 0.065525 0.45108218749999995
vt 0.53156875 0.734375
vt 0.533053125 0.734375
vt 0.5325328125 0.7498281250000001
vt 0.53125 0.75
vt 0.1334171875 0.32571859375
vt 0.134629375 0.3251953125
vt 0.1357421875 0.32606609374999995
vt 0.134481875 0.32678546875000003
vt 0.568359375 0.9951171875
vt 0.56804390625 0.99639921875
vt 0.565525 0.99716
vt 0.06631546875 0.45007359375
vt 0.06804390625 0.45184296874999996
vt 0.0655246875 0.45108203125
vt 0.72406421875 0.93590046875
vt 0.7275390625 0.9363059375
vt 0.726450625 0.93739640625
vt 0.72399390625 0.9371098437500001
vt 0.1309603125 0.3260053125
vt 0.1334171875 0.32571859375
vt 0.13450546875 0.32680921875
vt 0.131030625 0.32721468750000005
vt 0.56804390625 0.99639921875
vt 0.56631546875 0.99816859375
vt 0.5655246875 0.99716015625
vt 0.064185 0.44881703125000005
vt 0.06631546875 0.45007359375
vt 0.0655246875 0.45108203125
vt 0.72056578125 0.93590046875
vt 0.72406421875 0.93590046875
vt 0.72399390625 0.9371098437500001
vt 0.72152046875 0.9371098437500001
vt 0.128486875 0.3260053125
vt 0.1309603125 0.3260053125
vt 0.131030625 0.32721468750000005
vt 0.1275321875 0.32721468750000005
vt 0.56631546875 0.99816859375
vt 0.564185 0.99942515625
vt 0.5655246875 0.99716015625
vt 0.0628646875 0.44881703125000005
vt 0.064185 0.44881703125000005
vt 0.0655240625 0.45108109375000005
vt 0.71878046875 0.93645265625
vt 0.72056578125 0.93590046875
vt 0.72152046875 0.9371098437500001
vt 0.7202590625 0.9375
vt 0.127225625 0.32561515625000004
vt 0.128486875 0.3260053125
vt 0.1275321875 0.32721468750000005
vt 0.125746875 0.32666249999999997
vt 0.564185 0.99942515625
vt 0.5628646875 0.99942515625
vt 0.5655240625 0.99716109375
vt 0.097924375 0.44881703125000005
vt 0.0992446875 0.44881703125000005
vt 0.0965853125 0.45108109375000005
vt 0.69457984375 0.685875625
vt 0.6962890625 0.68663109375
vt 0.6946990625 0.6875
vt 0.69349140625 0.68696625
vt 0.57044453125 0.4976040625
vt 0.5716521875 0.4970703125
vt 0.5732421875 0.49793921875
vt 0.57153296875 0.4986946875
vt 0.5679946875 0.9369251562500001
vt 0.566674375 0.9369251562500001
vt 0.5653353125 0.93466109375
vn 0.3971440098999841 0.9131643608704572 -0.09169234121021826
vn 0.9213735445360485 0.35982242123537544 -0.1469646780875949
vn 0.885999478796875 -0.4500560177596965 -0.11159975111957
vn 0.3158509566236197 -0.9487526720875115 -0.010321841248116963
vn 0.39733829219526856 0.9176141570118652 0.010321841248116978
vn 0.9218891739272793 0.3710417556375679 0.11157224820299279
vn 0.8865309173374096 -0.43869706661341756 0.14699597392334934
vn 0.31604523891890435 -0.9443028759461034 0.09169234121021828
vn 0.1980476720407242 0.9763630582928471 0.08655806144021606
vn 0.4647967283986946 0.6855831868886038 0.5603032171293826
vn 0.5631817563029347 -0.6424668576268538 0.5196755201263747
vn 0.1126908005915841 -0.9786307133258334 0.17199625111437283
vn -0.11219839331949391 0.9899086940401303 0.08655806144021608
vn -0.47350534763418173 0.5902002546795925 0.6538014569714397
vn -0.7024452557417182 -0.3986342052079037 0.5896282160176995
vn -0.197555264768634 -0.9650850775785504 0.17199625111437283
vn -0.3158509566236197 0.9487526720875115 0.010321841248116978
vn -0.8860099417227444 0.4500440289739242 0.11156502656915912
vn -0.9213544221789975 -0.35985935227704924 0.14699413359025038
vn -0.3971440098999841 -0.9131643608704572 0.09169234121021828
vn -0.3160452389189043 0.9443028759461034 -0.09169234121021826
vn -0.8865343943766262 0.4387001592318878 -0.14696577110737355
vn -0.9218848707244873 -0.37104159297437433 -0.11160833934941514
vn -0.3973382921952686 -0.9176141570118654 -0.010321841248116964
vn -0.11267413206327108 0.9786315510757421 -0.1720024046427138
vn -0.5631324809200313 0.6424474677139148 -0.5197528837446014
vn -0.6188835816596081 -0.633820060832291 -0.4639560785664156
vn -0.19803116309005128 -0.9763658754717927 -0.08656405523888977
vn 0.19753873268381916 0.9650873648985335 -0.17200240464271385
vn 0.6169967442907972 0.5908974885127362 -0.5197645386171487
vn 0.5613104614855038 -0.6853154723730517 -0.46397550490627437
vn 0.11218170165703896 -0.9899100616490014 -0.08656405523888977
usemtl m_939b02b2-df4c-255e-486f-2d355257d222
f 1389/5581/1512 1386/5582/1512 1385/5583/1512
f 1390/5584/1513 1387/5585/1513 1386/5586/1513 1389/5587/1513
f 1391/5588/1514 1388/5589/1514 1387/5590/1514 1390/5591/1514
f 1388/5592/1515 1391/5593/1515 1384/5594/1515
f 1392/5595/1516 1389/5596/1516 1385/5597/1516
f 1393/5598/1517 1390/5599/1517 1389/5600/1517 1392/5601/1517
f 1394/5602/1518 1391/5603/1518 1390/5604/1518 1393/5605/1518
f 1391/5606/1519 1394/5607/1519 1384/5608/1519
f 1395/5609/1520 1392/5610/1520 1385/5611/1520
f 1396/5612/1521 1393/5613/1521 1392/5614/1521 1395/5615/1521
f 1397/5616/1522 1394/5617/1522 1393/5618/1522 1396/5619/1522
f 1394/5620/1523 1397/5621/1523 1384/5622/1523
f 1398/5623/1524 1395/5624/1524 1385/5625/1524
f 1399/5626/1525 1396/5627/1525 1395/5628/1525 1398/5629/1525
f 1400/5630/1526 1397/5631/1526 1396/5632/1526 1399/5633/1526
f 1397/5634/1527 1400/5635/1527 1384/5636/1527
f 1401/5637/1528 1398/5638/1528 1385/5639/1528
f 1402/5640/1529 1399/5641/1529 1398/5642/1529 1401/5643/1529
f 1403/5644/1530 1400/5645/1530 1399/5646/1530 1402/5647/1530
f 1400/5648/1531 1403/5649/1531 1384/5650/1531
f 1404/5651/1532 1401/5652/1532 1385/5653/1532
f 1405/5654/1533 1402/5655/1533 1401/5656/1533 1404/5657/1533
f 1406/5658/1534 1403/5659/1534 1402/5660/1534 1405/5661/1534
f 1403/5662/1535 1406/5663/1535 1384/5664/1535
f 1407/5665/1536 1404/5666/1536 1385/5667/1536
f 1408/5668/1537 1405/5669/1537 1404/5670/1537 1407/5671/1537
f 1409/5672/1538 1406/5673/1538 1405/5674/1538 1408/5675/1538
f 1406/5676/1539 1409/5677/1539 1384/5678/1539
f 1386/5679/1540 1407/5680/1540 1385/5681/1540
f 1387/5682/1541 1408/5683/1541 1407/5684/1541 1386/5685/1541
f 1388/5686/1542 1409/5687/1542 1408/5688/1542 1387/5689/1542
f 1409/5690/1543 1388/5691/1543 1384/5692/1543
o Index
v -0.1651740729658597 0.6123714525960083 -0.020725284510474083
v -0.16512081300902628 0.6135913061604402 0.007240572832156074
v -0.16599189889883426 0.593640159167732 -0.020296425398652472
v -0.16594180685583948 0.5947874555763265 0.0060060166550438936
v -0.17454015004318962 0.6127803843525583 -0.020725284510474083
v -0.1744868900863562 0.6140002379169902 0.007240572832156074
v -0.17535797597616418 0.594049090924282 -0.020296425398652472
v -0.1753078839331694 0.5951963873328765 0.0060060166550438936
v -0.17669893804948322 0.613485728544636 -0.006742355839159005
v -0.17751834675022024 0.5947181837746106 -0.0071445799666658
v -0.1637814337034697 0.5941184171983371 -0.0071445799666658
v -0.16296202500273269 0.6128859619683625 -0.006742355839159005
v -0.16979581165825322 0.6139799157814393 0.011462175973477914
v -0.17061728473527546 0.5951650890209732 0.009975984525554801
v -0.17064989022684499 0.5944183004864738 -0.0071445799666658
v -0.17068662447098495 0.5935769479710933 -0.026433079099719033
v -0.16986953938272564 0.6122912732657034 -0.02725094261281908
v -0.16983048152610794 0.6131858452564993 -0.006742355839159005
vt 0.379496875 0.5263671875
vt 0.3791953125 0.5310546875
vt 0.375653125 0.5310546875
vt 0.3761609375 0.5263671875
vt 0.412475 0.53124125
vt 0.4121734375 0.5265537499999999
vt 0.415509375 0.5265537499999999
vt 0.416015625 0.53124125
vt 0.501953125 0.55794375
vt 0.501953125 0.5625
vt 0.50078125 0.56144375
vt 0.500234375 0.5579453125
vt 0.517578125 0.958984375
vt 0.517578125 0.96326875
vt 0.515859375 0.96326875
vt 0.51640625 0.959978125
vt 0.384765625 0.5263760937499999
vt 0.38474671875 0.53106359375
vt 0.3827359375 0.53105546875
vt 0.382834375 0.5263684375
vt 0.18754375 0.484375
vt 0.1879171875 0.46875
vt 0.189453125 0.46875
vt 0.189121875 0.484375
vt 0.4121734375 0.5265537499999999
vt 0.412475 0.53124125
vt 0.408934375 0.53124125
vt 0.4088375 0.5265537499999999
vt 0.517578125 0.96326875
vt 0.517578125 0.9680953125
vt 0.51640625 0.966559375
vt 0.515859375 0.96326875
vt 0.3791953125 0.53105609375
vt 0.379496875 0.5263671875
vt 0.382834375 0.5263684375
vt 0.3827359375 0.5310557812500001
vt 0.501953125 0.5528124999999999
vt 0.501953125 0.55794375
vt 0.500234375 0.5579453125
vt 0.50078125 0.5544453125
vt 0.0952859375 0.46875
vt 0.095671875 0.484375
vt 0.09409375 0.484375
vt 0.09375 0.46875
vt 0.517578125 0.96326875
vt 0.517578125 0.958984375
vt 0.51875 0.959978125
vt 0.519296875 0.96326875
vt 0.517578125 0.9680953125
vt 0.517578125 0.96326875
vt 0.519296875 0.96326875
vt 0.51875 0.966559375
vt 0.4069265625 0.53125
vt 0.40690625 0.5265625
vt 0.4088375 0.5265542187500001
vt 0.408934375 0.53124125
vt 0.501953125 0.55794375
vt 0.501953125 0.5528124999999999
vt 0.503125 0.5544453125
vt 0.503671875 0.55794375
vt 0.501953125 0.5625
vt 0.501953125 0.55794375
vt 0.503671875 0.55794375
vt 0.503125 0.56144375
vn 0.9868709567091709 -0.04640325642000056 0.1547011719333294
vn -0.9856293463119536 0.03951361708910627 0.16423600626295812
vn 0.043577871373829215 0.9980973490458729 -0.04361938736533594
vn -0.043577871373829215 -0.9980973490458729 0.04361938736533594
vn 0.8105620043524978 -0.06084590814228846 -0.5824834869439662
vn 0.6405780559392165 -0.08822280472776867 0.762808292413697
vn -0.9868709567091709 0.04640325642000055 -0.15470117193332938
vn -0.043577871373829215 -0.9980973490458729 0.04361938736533594
vn 0.9856318572057022 -0.03951405192390738 -0.1642208323014878
vn 0.043577871373829215 0.9980973490458729 -0.04361938736533594
vn -0.6687122427082082 -0.029488260079890666 0.7429363222845005
vn -0.043577871373829215 -0.9980973490458729 0.04361938736533594
vn -0.043577871373829215 -0.9980973490458729 0.04361938736533594
vn -0.7953611925641507 0.008238995245796467 -0.6060797738914175
vn 0.043577871373829215 0.9980973490458729 -0.04361938736533594
vn 0.043577871373829215 0.9980973490458729 -0.04361938736533594
usemtl m_939b02b2-df4c-255e-486f-2d355257d222
f 1420/5693/1544 1421/5694/1544 1411/5695/1544 1413/5696/1544
f 1418/5697/1545 1419/5698/1545 1417/5699/1545 1415/5700/1545
f 1427/5701/1546 1422/5702/1546 1411/5703/1546 1421/5704/1546
f 1423/5705/1547 1424/5706/1547 1420/5707/1547 1413/5708/1547
f 1425/5709/1548 1426/5710/1548 1410/5711/1548 1412/5712/1548
f 1422/5713/1549 1423/5714/1549 1413/5715/1549 1411/5716/1549
f 1419/5717/1550 1418/5718/1550 1414/5719/1550 1416/5720/1550
f 1424/5721/1551 1425/5722/1551 1412/5723/1551 1420/5724/1551
f 1421/5725/1552 1420/5726/1552 1412/5727/1552 1410/5728/1552
f 1426/5729/1553 1427/5730/1553 1421/5731/1553 1410/5732/1553
f 1423/5733/1554 1422/5734/1554 1415/5735/1554 1417/5736/1554
f 1424/5737/1555 1423/5738/1555 1417/5739/1555 1419/5740/1555
f 1425/5741/1556 1424/5742/1556 1419/5743/1556 1416/5744/1556
f 1426/5745/1557 1425/5746/1557 1416/5747/1557 1414/5748/1557
f 1427/5749/1558 1426/5750/1558 1414/5751/1558 1418/5752/1558
f 1422/5753/1559 1427/5754/1559 1418/5755/1559 1415/5756/1559
o sphere
v -0.17010283727641015 0.6069478730058108 -0.0064666126424332135
v -0.16955811388423728 0.6194240898688842 -0.007011854984499913
v -0.16627803527091883 0.6170044480286274 -0.017132910990993504
v -0.1650787529301091 0.6123480527304005 -0.021165490133108592
v -0.16666320918152427 0.6081825150847482 -0.016747370130918142
v -0.1648586916950288 0.6173882836649781 -0.006932004243504245
v -0.16307191436132243 0.6128908962818209 -0.006739233813466563
v -0.1652438656056342 0.6085663507210989 -0.006546463383428881
v -0.16623918076012187 0.6178943626344202 0.003268902503985014
v -0.16502380318139706 0.6136066088918463 0.0076876469113139525
v -0.1666243546707273 0.609072429690541 0.003654443364060376
v -0.16961041315608655 0.6182262396080948 0.007494876481276272
v -0.16979602094985816 0.6139751222155883 0.011352280669103907
v -0.169995587066692 0.6094043066642155 0.007880417341351635
v -0.17299774197912313 0.6181894477899467 0.003268902503985014
v -0.17458219704138148 0.6140239373804641 0.0076876469113139525
v -0.17338291588972857 0.6093675148460675 0.003654443364060376
v -0.1744170855550132 0.617805612153596 -0.006932004243504245
v -0.17658903679932497 0.6134810665928739 -0.006739233813466563
v -0.17480225946561864 0.6089836792097167 -0.006546463383428881
v -0.17303659648992012 0.6172995331841539 -0.017132910990993504
v -0.1746371467900935 0.6127653812190182 -0.021165490133108592
v -0.17342177040052553 0.6084776002402748 -0.016747370130918142
v -0.16966536290479858 0.616967683446649 -0.021358260563146273
v -0.16986933009112068 0.6122960668315547 -0.02714104730844508
v -0.17005053681540402 0.6081457505027698 -0.02097271970307091
vt 0.53346359375 0.55939609375
vt 0.53570015625 0.5581168750000001
vt 0.5342353125 0.560418125
vt 0.69188453125 0.77922203125
vt 0.6955059375 0.7796259375
vt 0.69437796875 0.78071703125
vt 0.69181734375 0.78043140625
vt 0.56779375 0.74788875
vt 0.57035453125 0.7476031249999999
vt 0.57148234375 0.74869421875
vt 0.56786109375 0.749098125
vt 0.53570015625 0.49950031250000004
vt 0.53346359375 0.49822109375
vt 0.5342353125 0.4971990625
vt 0.53162109375 0.5611971875
vt 0.53346359375 0.55939609375
vt 0.5342353125 0.560418125
vt 0.68824078125 0.77922203125
vt 0.69188453125 0.77922203125
vt 0.69181734375 0.78042984375
vt 0.68924078125 0.78042984375
vt 0.5652171875 0.74788875
vt 0.56779375 0.74788875
vt 0.5678609375 0.7490965625
vt 0.5642171875 0.749098125
vt 0.53346359375 0.49822109375
vt 0.53162109375 0.49642
vt 0.5342353125 0.4971990625
vt 0.53125 0.5625
vt 0.53162109375 0.5611971875
vt 0.5342359375 0.5604179687499999
vt 0.2500796875 0.46875
vt 0.2515875 0.46875
vt 0.251953125 0.484375
vt 0.2506390625 0.4841515625
vt 0.5639203125 0.7474971875
vt 0.5652171875 0.74788875
vt 0.5642171875 0.74909828125
vt 0.562884375 0.74845265625
vt 0.53162109375 0.49642
vt 0.53125 0.4951171875
vt 0.5342359375 0.49719921874999995
vt 0.44298828125 0.4674471875
vt 0.443359375 0.46875
vt 0.4403734375 0.46666796875000005
vt 0.344115625 0.46875
vt 0.3456234375 0.46875
vt 0.3450640625 0.48419687499999997
vt 0.34375 0.484375
vt 0.57085203125 0.7163417187500001
vt 0.57210234375 0.7158203125
vt 0.5732421875 0.7166942187500001
vt 0.57195609375 0.71741
vt 0.505859375 0.4638671875
vt 0.50548828125 0.46517
vt 0.5028734375 0.46594921874999995
vt 0.44114578125 0.46564609375
vt 0.44298828125 0.4674471875
vt 0.4403740625 0.466668125
vt 0.256144375 0.2952740625
vt 0.259765625 0.29567765625
vt 0.2586378125 0.29676875
vt 0.2560771875 0.29648343749999995
vt 0.56829140625 0.7166271875
vt 0.57085203125 0.7163417187500001
vt 0.57197984375 0.7174329687500001
vt 0.56835859375 0.7178365625
vt 0.50548828125 0.46517
vt 0.50364578125 0.46697109375
vt 0.5028740625 0.4659490625
vt 0.43890921875 0.46436687499999996
vt 0.44114578125 0.46564609375
vt 0.4403740625 0.466668125
vt 0.252500625 0.2952740625
vt 0.256144375 0.2952740625
vt 0.2560771875 0.29648343749999995
vt 0.253500625 0.29648343749999995
vt 0.56571484375 0.7166271875
vt 0.56829140625 0.7166271875
vt 0.56835859375 0.7178365625
vt 0.56471484375 0.7178365625
vt 0.50364578125 0.46697109375
vt 0.50140921875 0.46825031250000004
vt 0.5028740625 0.4659490625
vt 0.43755453125 0.46436687499999996
vt 0.43890921875 0.46436687499999996
vt 0.44037328125 0.46666687500000004
vt 0.250668125 0.29582718750000003
vt 0.252500625 0.2952740625
vt 0.253500625 0.29648343749999995
vt 0.25220375 0.296875
vt 0.56441796875 0.7162356249999999
vt 0.56571484375 0.7166271875
vt 0.5647146875 0.71783671875
vt 0.56288234375 0.7172834375
vt 0.50140921875 0.46825031250000004
vt 0.50005453125 0.46825031250000004
vt 0.50287328125 0.46595031249999996
vt 0.53570015625 0.5581168750000001
vt 0.53705484375 0.5581168750000001
vt 0.53423609375 0.560416875
vt 0.6955059375 0.7796259375
vt 0.697265625 0.78037890625
vt 0.6956234375 0.78125
vt 0.69437796875 0.7807171875
vt 0.57035453125 0.7476031249999999
vt 0.5716 0.7470703125
vt 0.5732421875 0.74794140625
vt 0.5714825 0.748694375
vt 0.53705484375 0.49950031250000004
vt 0.53570015625 0.49950031250000004
vt 0.53423609375 0.49720031249999996
vn 0.3971891188681601 0.9133493175034396 -0.08963162426697345
vn 0.9219997346748549 0.3602839774036692 -0.1418165888945639
vn 0.8866047082332512 -0.4501176915026241 -0.10642441042815375
vn 0.3158876390898245 -0.9487607140800746 -0.008252689775097398
vn 0.39737553597944975 0.9176189713146309 0.008252689775097391
vn 0.9224930105301071 0.37105999221633473 0.10640078805870427
vn 0.8871119407034893 -0.43921857524309277 0.14184303938761647
vn 0.316074056201114 -0.9444910602688833 0.08963162426697345
vn 0.19815869575656678 0.976786625253065 0.08136965050179865
vn 0.471338079112753 0.6942054980515922 0.5439845049753175
vn 0.5686357795190927 -0.649609301902226 0.5046395794354785
vn 0.11274483189966142 -0.9795124871111112 0.16686488687954193
vn -0.11227207826355753 0.9903403255546028 0.08136965050179865
vn -0.4824506420355597 0.6000630401002126 0.6380953893464261
vn -0.7117238357896724 -0.4049254409002548 0.5740074641331505
vn -0.1976859421204629 -0.9659587868095734 0.16686488687954193
vn -0.3158876390898245 0.9487607140800746 0.008252689775097391
vn -0.886613298420161 0.450107847671359 0.10639447602756194
vn -0.9219826256054128 -0.3603179117906719 0.14184160364490742
vn -0.3971891188681602 -0.9133493175034396 0.08963162426697345
vn -0.316074056201114 0.9444910602688833 -0.08963162426697345
vn -0.8871147670877374 0.4392211363270134 -0.14181742988249646
vn -0.9224894635110238 -0.37105991282495576 -0.10643181293898825
vn -0.39737553597944963 -0.9176189713146309 -0.008252689775097398
vn -0.11272883450261258 0.979513360450935 -0.1668705683150853
vn -0.5686059539109267 0.6495876761963392 -0.504701020516984
vn -0.6248831306257662 -0.6391264702171215 -0.44837309032450257
vn -0.19814285668937792 -0.9767893782632333 -0.08137517345664351
vn 0.19767008171492056 0.9659610510910972 -0.1668705683150853
vn 0.6230631533031857 0.5975489293630464 -0.504705442820828
vn 0.5668107945376377 -0.6911443232452855 -0.44838047196708763
vn 0.11225605952815527 -0.9903416876230713 -0.08137517345664354
usemtl m_939b02b2-df4c-255e-486f-2d355257d222
f 1433/5757/1560 1430/5758/1560 1429/5759/1560
f 1434/5760/1561 1431/5761/1561 1430/5762/1561 1433/5763/1561
f 1435/5764/1562 1432/5765/1562 1431/5766/1562 1434/5767/1562
f 1432/5768/1563 1435/5769/1563 1428/5770/1563
f 1436/5771/1564 1433/5772/1564 1429/5773/1564
f 1437/5774/1565 1434/5775/1565 1433/5776/1565 1436/5777/1565
f 1438/5778/1566 1435/5779/1566 1434/5780/1566 1437/5781/1566
f 1435/5782/1567 1438/5783/1567 1428/5784/1567
f 1439/5785/1568 1436/5786/1568 1429/5787/1568
f 1440/5788/1569 1437/5789/1569 1436/5790/1569 1439/5791/1569
f 1441/5792/1570 1438/5793/1570 1437/5794/1570 1440/5795/1570
f 1438/5796/1571 1441/5797/1571 1428/5798/1571
f 1442/5799/1572 1439/5800/1572 1429/5801/1572
f 1443/5802/1573 1440/5803/1573 1439/5804/1573 1442/5805/1573
f 1444/5806/1574 1441/5807/1574 1440/5808/1574 1443/5809/1574
f 1441/5810/1575 1444/5811/1575 1428/5812/1575
f 1445/5813/1576 1442/5814/1576 1429/5815/1576
f 1446/5816/1577 1443/5817/1577 1442/5818/1577 1445/5819/1577
f 1447/5820/1578 1444/5821/1578 1443/5822/1578 1446/5823/1578
f 1444/5824/1579 1447/5825/1579 1428/5826/1579
f 1448/5827/1580 1445/5828/1580 1429/5829/1580
f 1449/5830/1581 1446/5831/1581 1445/5832/1581 1448/5833/1581
f 1450/5834/1582 1447/5835/1582 1446/5836/1582 1449/5837/1582
f 1447/5838/1583 1450/5839/1583 1428/5840/1583
f 1451/5841/1584 1448/5842/1584 1429/5843/1584
f 1452/5844/1585 1449/5845/1585 1448/5846/1585 1451/5847/1585
f 1453/5848/1586 1450/5849/1586 1449/5850/1586 1452/5851/1586
f 1450/5852/1587 1453/5853/1587 1428/5854/1587
f 1430/5855/1588 1451/5856/1588 1429/5857/1588
f 1431/5858/1589 1452/5859/1589 1451/5860/1589 1430/5861/1589
f 1432/5862/1590 1453/5863/1590 1452/5864/1590 1431/5865/1590
f 1453/5866/1591 1432/5867/1591 1428/5868/1591
o sphere
v -0.1718132436013477 0.567773127546887 -0.009039905522122109
v -0.17126852020917482 0.5802493444099605 -0.009585147864188808
v -0.16876712385236495 0.5779055605002625 -0.01874836638824079
v -0.1678860308675021 0.5733835891398564 -0.020022948033651462
v -0.1691522977629704 0.5690836275563833 -0.018362825528165427
v -0.16767304630481428 0.5782617376290932 -0.009505297123193139
v -0.16634333353248165 0.5737843061156556 -0.009312526693155458
v -0.16805822021541972 0.5694398046852139 -0.009119756263117777
v -0.16873191767477252 0.578711914537696 -0.00026222785814548726
v -0.16777714522871032 0.5758774802823348 0.001329739354582209
v -0.16904900116135635 0.571449508701701 0.00005515770917153759
v -0.17132340114053748 0.5789923644249507 0.0035660000459284934
v -0.17144208269484004 0.5762741099302815 0.006743956310417392
v -0.1716404846271213 0.5717299585889557 0.0038833856132455182
v -0.17392946604755213 0.5789388444004642 -0.00026222785814548726
v -0.17512764251899882 0.5761984099248753 0.001329739354582209
v -0.17424654953413596 0.5716764385644691 0.00005515770917153759
v -0.1750235435951028 0.5785826672716335 -0.009505297123193139
v -0.17673843027804087 0.5742381658411919 -0.009312526693155458
v -0.17540871750570824 0.5697607343277543 -0.009119756263117777
v -0.17396467222514456 0.5781324903630307 -0.01874836638824079
v -0.17523652815779062 0.5737045187823969 -0.020022948033651462
v -0.17434984613575 0.5693105574191515 -0.018362825528165427
v -0.1713731887593796 0.577852040475776 -0.02257659429231477
v -0.17157159069166086 0.5733078891344502 -0.025437164989486647
v -0.17175836266998504 0.5690301075318968 -0.02219105343223941
vt 0.25351359375 0.32565468750000004
vt 0.255350625 0.32708499999999996
vt 0.2529696875 0.32652640624999996
vt 0.16057421875 0.31080828125000004
vt 0.1632803125 0.31079109375
vt 0.16296265625 0.311943125
vt 0.1606346875 0.31197343749999995
vt 0.1606178125 0.30964265625
vt 0.1629459375 0.30964265625
vt 0.1632803125 0.31079109375
vt 0.1605740625 0.31080828125000004
vt 0.69209609375 0.8744459375
vt 0.69000421875 0.87342421875
vt 0.690548125 0.87255265625
vt 0.2514215625 0.32463312499999997
vt 0.25351359375 0.32565468750000004
vt 0.2529696875 0.32652640624999996
vt 0.15791359375 0.3114390625
vt 0.16057421875 0.31080828125000004
vt 0.1606346875 0.311974375
vt 0.15831578125 0.31218218750000004
vt 0.15826453125 0.30983578125
vt 0.1606178125 0.30964265625
vt 0.1605740625 0.31081078124999995
vt 0.1578440625 0.31095296875
vt 0.69000421875 0.87342421875
vt 0.6880371875 0.872119375
vt 0.6905484375 0.8725521875
vt 0.25026375 0.32463312499999997
vt 0.2514215625 0.32463312499999997
vt 0.25297 0.326526875
vt 0.5314125 0.640625
vt 0.53305 0.640625
vt 0.533203125 0.65625
vt 0.5320453125 0.65625
vt 0.1571375 0.3095703125
vt 0.15826453125 0.30983578125
vt 0.15784390625 0.31095343750000004
vt 0.15625 0.31057796875
vt 0.6880371875 0.872119375
vt 0.6875 0.87109375
vt 0.690548125 0.8725521875
vt 0.3481878125 0.32463312499999997
vt 0.349345625 0.32463312499999997
vt 0.346639375 0.326526875
vt 0.710353125 0.81140109375
vt 0.7119140625 0.8118957812500001
vt 0.71105875 0.8125
vt 0.709955 0.81215015625
vt 0.2879203125 0.31047171875
vt 0.28906671875 0.31031
vt 0.28985890625 0.31139421874999995
vt 0.28823734375 0.311623125
vt 0.693359375 0.90234375
vt 0.6928221875 0.903369375
vt 0.69031125 0.9038021875
vt 0.34609578125 0.32565468750000004
vt 0.3481878125 0.32463312499999997
vt 0.3466396875 0.32652640624999996
vt 0.70768828125 0.81078734375
vt 0.710353125 0.81140109375
vt 0.7099553125 0.81214984375
vt 0.70763515625 0.81195359375
vt 0.28559375 0.31006390625
vt 0.2879203125 0.31047171875
vt 0.2882375 0.31162328125000005
vt 0.28553125 0.31122953124999997
vt 0.6928221875 0.903369375
vt 0.69085515625 0.90467421875
vt 0.6903109375 0.9038021875
vt 0.34425875 0.32708499999999996
vt 0.34609578125 0.32565468750000004
vt 0.3466396875 0.32652640624999996
vt 0.70498203125 0.81078734375
vt 0.70768828125 0.81078734375
vt 0.70763515625 0.8119545312500001
vt 0.70530703125 0.81193578125
vt 0.28327515625 0.30985234375000004
vt 0.28559375 0.31006390625
vt 0.28553109375 0.31123187500000005
vt 0.28283796875 0.31096406249999997
vt 0.69085515625 0.90467421875
vt 0.68876328125 0.9056959375
vt 0.69031125 0.90380265625
vt 0.34375 0.328125
vt 0.34425875 0.32708499999999996
vt 0.3466403125 0.32652625
vt 0.7033621875 0.8110275
vt 0.70498203125 0.81078734375
vt 0.7053071875 0.81193640625
vt 0.704161875 0.81210625
vt 0.28215234375 0.3095703125
vt 0.28327515625 0.30985234375000004
vt 0.282838125 0.31096375
vt 0.28125 0.31056484375000004
vt 0.68876328125 0.9056959375
vt 0.68760546875 0.9056959375
vt 0.69031171875 0.9038021875
vt 0.255350625 0.32708499999999996
vt 0.255859375 0.328125
vt 0.2529690625 0.32652625
vt 0.312653125 0.453125
vt 0.314290625 0.453125
vt 0.3136578125 0.46875
vt 0.3125 0.46875
vt 0.53125 0.671875
vt 0.5324078125 0.671875
vt 0.533040625 0.6875
vt 0.531403125 0.6875
vt 0.69325390625 0.8744459375
vt 0.69209609375 0.8744459375
vt 0.69054765625 0.8725521875
vn 0.48335059508235373 0.8707088315916053 -0.09076526219824581
vn 0.962244504289785 0.22897123101217534 -0.14716551679274342
vn 0.9434483178580658 -0.31623969204827307 -0.09948732936409405
vn 0.405426851247119 -0.9140383278666163 -0.012767281568389268
vn 0.4835477690414534 0.8752248577230807 0.012767281568389268
vn 0.9552573813006352 0.2868057784993489 0.07228956280152461
vn 0.9181571001870752 -0.354574691237294 0.17681721553638113
vn 0.3983262144538691 -0.886069317568563 0.23710206946045706
vn 0.2423500326468169 0.9656911536450938 0.09331161475236992
vn 0.7319075030179311 0.5040641780995105 0.45850922715134335
vn 0.7557292337353151 -0.3721762125401841 0.5388489510958312
vn 0.3073946847059021 -0.9110311218299165 0.2748286791291679
vn -0.15726228784433915 0.9831386043555963 0.09331161475236992
vn -0.6851786803056408 0.5659566896637297 0.45850103759914573
vn -0.7852837435415395 -0.30491966325631414 0.5388445425992936
vn -0.38562654921492234 -0.8807731613013128 0.2748286791291679
vn -0.405426851247119 0.9140383278666163 0.012767281568389268
vn -0.901986258195683 0.427890924321186 0.057707425083017974
vn -0.9571119126782327 -0.23446106793948587 0.17019046456864448
vn -0.47403649244849894 -0.8479811392269836 0.23710206946045706
vn -0.4056240252062187 0.9095223017351409 -0.09076526219824581
vn -0.9222471997039009 0.35750607116755384 -0.1471377304319097
vn -0.9531387760250135 -0.2871631460998191 -0.09520399760300703
vn -0.4835477690414534 -0.8752248577230807 -0.012767281568389268
vn -0.15777892103245048 0.9713057589405547 -0.1779632960100164
vn -0.7557410813261167 0.37217506139823103 -0.5388331297064564
vn -0.7872830361661906 -0.350524680498105 -0.5072650878255336
vn -0.2423500326468169 -0.9656911536450938 -0.09331161475236992
vn 0.24183339945870555 0.9538583082300525 -0.17796329601001643
vn 0.7852974980674244 0.30490991607443274 -0.538830012720641
vn 0.7537277369883794 -0.4178317124820186 -0.5072584731068769
vn 0.15726228784433915 -0.9831386043555963 -0.09331161475236992
usemtl m_939b02b2-df4c-255e-486f-2d355257d222
f 1459/5869/1592 1456/5870/1592 1455/5871/1592
f 1460/5872/1593 1457/5873/1593 1456/5874/1593 1459/5875/1593
f 1461/5876/1594 1458/5877/1594 1457/5878/1594 1460/5879/1594
f 1458/5880/1595 1461/5881/1595 1454/5882/1595
f 1462/5883/1596 1459/5884/1596 1455/5885/1596
f 1463/5886/1597 1460/5887/1597 1459/5888/1597 1462/5889/1597
f 1464/5890/1598 1461/5891/1598 1460/5892/1598 1463/5893/1598
f 1461/5894/1599 1464/5895/1599 1454/5896/1599
f 1465/5897/1600 1462/5898/1600 1455/5899/1600
f 1466/5900/1601 1463/5901/1601 1462/5902/1601 1465/5903/1601
f 1467/5904/1602 1464/5905/1602 1463/5906/1602 1466/5907/1602
f 1464/5908/1603 1467/5909/1603 1454/5910/1603
f 1468/5911/1604 1465/5912/1604 1455/5913/1604
f 1469/5914/1605 1466/5915/1605 1465/5916/1605 1468/5917/1605
f 1470/5918/1606 1467/5919/1606 1466/5920/1606 1469/5921/1606
f 1467/5922/1607 1470/5923/1607 1454/5924/1607
f 1471/5925/1608 1468/5926/1608 1455/5927/1608
f 1472/5928/1609 1469/5929/1609 1468/5930/1609 1471/5931/1609
f 1473/5932/1610 1470/5933/1610 1469/5934/1610 1472/5935/1610
f 1470/5936/1611 1473/5937/1611 1454/5938/1611
f 1474/5939/1612 1471/5940/1612 1455/5941/1612
f 1475/5942/1613 1472/5943/1613 1471/5944/1613 1474/5945/1613
f 1476/5946/1614 1473/5947/1614 1472/5948/1614 1475/5949/1614
f 1473/5950/1615 1476/5951/1615 1454/5952/1615
f 1477/5953/1616 1474/5954/1616 1455/5955/1616
f 1478/5956/1617 1475/5957/1617 1474/5958/1617 1477/5959/1617
f 1479/5960/1618 1476/5961/1618 1475/5962/1618 1478/5963/1618
f 1476/5964/1619 1479/5965/1619 1454/5966/1619
f 1456/5967/1620 1477/5968/1620 1455/5969/1620
f 1457/5970/1621 1478/5971/1621 1477/5972/1621 1456/5973/1621
f 1458/5974/1622 1479/5975/1622 1478/5976/1622 1457/5977/1622
f 1479/5978/1623 1458/5979/1623 1454/5980/1623
o Index
v -0.16605975030232975 0.5920861065299392 -0.020102764673057917
v -0.16600863677360397 0.5932567988082276 0.00673604139460021
v -0.16794347247497837 0.5733718527119772 -0.020348887515942545
v -0.16783338340945808 0.5758933068580994 0.0016356978724416538
v -0.17542582737965967 0.5924950382864892 -0.020102764673057917
v -0.1753747138509339 0.5936657305647776 0.00673604139460021
v -0.17518032803006195 0.5736878206492048 -0.020348887515942545
v -0.17507023896454166 0.576209274795327 0.0016356978724416538
v -0.17758568800542868 0.5931758154535799 -0.006683049436659608
v -0.17684834460892443 0.5742425281950884 -0.009322517175371277
v -0.1662334572546172 0.5737790722043317 -0.009322517175371277
v -0.1638487749586781 0.5925760488773065 -0.006683049436659608
v -0.17068396006264994 0.5936379729549234 0.010787181933114643
v -0.17144201372374296 0.5762756896281188 0.006780171808449734
v -0.17154090093177082 0.5740108001997101 -0.009322517175371277
v -0.17157169771577707 0.5733054378791854 -0.02549336145195063
v -0.17075471489500654 0.5920174208632092 -0.026364923806960698
v -0.1707172314820534 0.5928759321654432 -0.006683049436659608
vt 0.443303125 0.6201403125
vt 0.44238875 0.6248353125
vt 0.4389884375 0.62474703125
vt 0.44050171875 0.62045984375
vt 0.47413875 0.53108078125
vt 0.47322296875 0.5263865624999999
vt 0.4760246875 0.5267034374999999
vt 0.4775390625 0.53099078125
vt 0.001953125 0.480003125
vt 0.001953125 0.484375
vt 0.00078125 0.4833609375
vt 0.000234375 0.480003125
vt 0.56396484375 0.8349609375
vt 0.56396484375 0.8390265625
vt 0.56263671875 0.8390265625
vt 0.56306015625 0.83624375
vt 0.44766859375 0.6201171875
vt 0.447748125 0.6248040625
vt 0.445790625 0.62483265625
vt 0.4460953125 0.6201403125
vt 0.4375 0.62452921875
vt 0.4389321875 0.6203062500000001
vt 0.4404965625 0.62047421875
vt 0.4389884375 0.62474703125
vt 0.473223125 0.5263870312500001
vt 0.47413875 0.53108078125
vt 0.4707371875 0.53108078125
vt 0.4704309375 0.52638859375
vt 0.56396484375 0.8390265625
vt 0.56396484375 0.843071875
vt 0.56305859375 0.841784375
vt 0.56263671875 0.8390265625
vt 0.4423890625 0.6248340625
vt 0.443303125 0.6201403125
vt 0.4460953125 0.6201403125
vt 0.445790625 0.6248325
vt 0.001953125 0.475078125
vt 0.001953125 0.480003125
vt 0.000234375 0.480003125
vt 0.00078125 0.4766453125
vt 0.3765265625 0.276446875
vt 0.37730625 0.2808359375
vt 0.37575625 0.2808359375
vt 0.375 0.2763671875
vt 0.56396484375 0.8390265625
vt 0.56396640625 0.83496140625
vt 0.5648796875 0.83624265625
vt 0.56528109375 0.8390265625
vt 0.56396484375 0.843071875
vt 0.56396484375 0.8390265625
vt 0.56529296875 0.8390265625
vt 0.56486953125 0.841784375
vt 0.46878109375 0.5310540625
vt 0.46885609375 0.5263671875
vt 0.4704309375 0.52638875
vt 0.4707371875 0.53108078125
vt 0.001953125 0.480003125
vt 0.001953125 0.475078125
vt 0.003125 0.4766453125
vt 0.003671875 0.480003125
vt 0.001953125 0.484375
vt 0.001953125 0.480003125
vt 0.003671875 0.480003125
vt 0.003125 0.4833609375
vn 0.9753962856668912 -0.1468349398096478 0.1644432618209994
vn -0.9833632458480828 -0.06209449680862893 0.17070735245210295
vn 0.043577871373829215 0.9980973490458729 -0.04361938736533594
vn -0.0431934206246227 -0.9892919792211281 0.13941200903612153
vn 0.798855197384178 -0.06274355179000506 -0.5982421084486289
vn 0.8011980275992197 -0.167559875374258 0.5744609723346604
vn -0.9872916753775155 -0.016413178191517122 -0.15806883093106117
vn -0.043577871373829215 -0.9980973490458729 0.04361938736533594
vn 0.9834143206913023 -0.10388409147537893 -0.14867538262133256
vn 0.043577871373829215 0.9980973490458729 -0.04361938736533594
vn -0.6472551098366385 -0.14447525163297806 0.7484568955230146
vn -0.1780194086824395 -0.9742840698713625 0.13812907488016005
vn -0.043577871373829215 -0.9980973490458729 0.04361938736533594
vn -0.8183247844150151 0.008961232037016523 -0.5746862131045932
vn 0.043577871373829215 0.9980973490458729 -0.04361938736533594
vn 0.043577871373829215 0.9980973490458729 -0.04361938736533594
usemtl m_939b02b2-df4c-255e-486f-2d355257d222
f 1490/5981/1624 1491/5982/1624 1481/5983/1624 1483/5984/1624
f 1488/5985/1625 1489/5986/1625 1487/5987/1625 1485/5988/1625
f 1497/5989/1626 1492/5990/1626 1481/5991/1626 1491/5992/1626
f 1493/5993/1627 1494/5994/1627 1490/5995/1627 1483/5996/1627
f 1495/5997/1628 1496/5998/1628 1480/5999/1628 1482/6000/1628
f 1492/6001/1629 1493/6002/1629 1483/6003/1629 1481/6004/1629
f 1489/6005/1630 1488/6006/1630 1484/6007/1630 1486/6008/1630
f 1494/6009/1631 1495/6010/1631 1482/6011/1631 1490/6012/1631
f 1491/6013/1632 1490/6014/1632 1482/6015/1632 1480/6016/1632
f 1496/6017/1633 1497/6018/1633 1491/6019/1633 1480/6020/1633
f 1493/6021/1634 1492/6022/1634 1485/6023/1634 1487/6024/1634
f 1494/6025/1635 1493/6026/1635 1487/6027/1635 1489/6028/1635
f 1495/6029/1636 1494/6030/1636 1489/6031/1636 1486/6032/1636
f 1496/6033/1637 1495/6034/1637 1486/6035/1637 1484/6036/1637
f 1497/6037/1638 1496/6038/1638 1484/6039/1638 1488/6040/1638
f 1492/6041/1639 1497/6042/1639 1488/6043/1639 1485/6044/1639
o sphere
v -0.17098958842151243 0.586637932678585 -0.0064079306450723055
v -0.17044486502933956 0.5991141495416583 -0.006953172987139005
v -0.167163998005032 0.5967125652818521 -0.01666024838681461
v -0.16596438983524636 0.5920636326940979 -0.02052174052098381
v -0.16754917191563745 0.5878906323379729 -0.01627470752673925
v -0.16574544284013107 0.5970783433377523 -0.006873322246143337
v -0.16395866550642474 0.5925809559545951 -0.006680551816105655
v -0.1661306167507365 0.5882564103938731 -0.006487781386067974
v -0.16712672031621328 0.5975663647267438 0.0029136038945279386
v -0.16591166856646436 0.5932711482736971 0.007161261293910986
v -0.1675118942268187 0.5887444317828647 0.0032991447546033004
v -0.17049827854115385 0.5978907789899457 0.006968490863873305
v -0.17068416935425487 0.5936331793890723 0.010677286628740635
v -0.1708834524517593 0.5890688460460665 0.007354031723948667
v -0.17388528153521454 0.5978614498822704 0.0029136038945279386
v -0.17547006242644878 0.593688476762315 0.007161261293910986
v -0.17427045544581998 0.5890395169383912 0.0032991447546033004
v -0.17530383670011548 0.5974956718263702 -0.006873322246143337
v -0.17747578794442725 0.5931711262656482 -0.006680551816105655
v -0.17568901061072092 0.588673738882491 -0.006487781386067974
v -0.17392255922403327 0.5970076504373787 -0.01666024838681461
v -0.1755227836952308 0.5924809611827158 -0.02052174052098381
v -0.1743077331346387 0.5881857174934995 -0.01627470752673925
v -0.17055099980993588 0.5966832634103465 -0.02071451095102149
v -0.17075450560340158 0.5920222144290603 -0.026255028502586694
v -0.1709361737205413 0.5878613304664673 -0.020328970090946127
vt 0.18954390625 0.45007359375
vt 0.191674375 0.44881703125000005
vt 0.1903346875 0.45108203125
vt 0.691105 0.6542203125
vt 0.69457984375 0.654625625
vt 0.69349140625 0.65571625
vt 0.6910346875 0.6554296875000001
vt 0.53673765625 0.43539062500000003
vt 0.53919453125 0.4351040625
vt 0.54028296875 0.43619453124999996
vt 0.53680796875 0.4366
vt 0.566674375 0.8744251562500001
vt 0.56454390625 0.87316859375
vt 0.5653346875 0.87216015625
vt 0.18781546875 0.45184296874999996
vt 0.18954390625 0.45007359375
vt 0.1903346875 0.45108203125
vt 0.6876065625 0.6542203125
vt 0.691105 0.6542203125
vt 0.6910346875 0.6554296875000001
vt 0.68856125 0.6554296875000001
vt 0.53426421875 0.43539062500000003
vt 0.53673765625 0.43539062500000003
vt 0.53680796875 0.4366
vt 0.53330953125 0.4366
vt 0.56454390625 0.87316859375
vt 0.56281546875 0.87139921875
vt 0.5653346875 0.87216015625
vt 0.1875 0.453125
vt 0.18781546875 0.45184296874999996
vt 0.190334375 0.45108218749999995
vt 0.2814 0.453125
vt 0.282884375 0.453125
vt 0.283203125 0.46875
vt 0.2819203125 0.46853437499999995
vt 0.53300296875 0.43500046875
vt 0.53426421875 0.43539062500000003
vt 0.53330953125 0.4366
vt 0.53199921875 0.43595593749999995
vt 0.56281546875 0.87139921875
vt 0.5625 0.8701171875
vt 0.565334375 0.87216
vt 0.13054390625 0.45184296874999996
vt 0.130859375 0.453125
vt 0.128025 0.45108218749999995
vt 0.53156875 0.703125
vt 0.533053125 0.703125
vt 0.5325328125 0.7185781250000001
vt 0.53125 0.71875
vt 0.1959171875 0.32571859375
vt 0.197129375 0.3251953125
vt 0.1982421875 0.32606609374999995
vt 0.196981875 0.32678546875000003
vt 0.568359375 0.9013671875
vt 0.56804390625 0.90264921875
vt 0.565525 0.90341
vt 0.12881546875 0.45007359375
vt 0.13054390625 0.45184296874999996
vt 0.1280246875 0.45108203125
vt 0.72406421875 0.90465046875
vt 0.7275390625 0.9050559375
vt 0.726450625 0.90614640625
vt 0.72399390625 0.9058598437500001
vt 0.1934603125 0.3260053125
vt 0.1959171875 0.32571859375
vt 0.19700546875 0.32680921875
vt 0.193530625 0.32721468750000005
vt 0.56804390625 0.90264921875
vt 0.56631546875 0.90441859375
vt 0.5655246875 0.90341015625
vt 0.126685 0.44881703125000005
vt 0.12881546875 0.45007359375
vt 0.1280246875 0.45108203125
vt 0.72056578125 0.90465046875
vt 0.72406421875 0.90465046875
vt 0.72399390625 0.9058598437500001
vt 0.72152046875 0.9058598437500001
vt 0.190986875 0.3260053125
vt 0.1934603125 0.3260053125
vt 0.193530625 0.32721468750000005
vt 0.1900321875 0.32721468750000005
vt 0.56631546875 0.90441859375
vt 0.564185 0.9056751562500001
vt 0.5655246875 0.90341015625
vt 0.1253646875 0.44881703125000005
vt 0.126685 0.44881703125000005
vt 0.1280240625 0.45108109375000005
vt 0.71878046875 0.90520265625
vt 0.72056578125 0.90465046875
vt 0.72152046875 0.9058598437500001
vt 0.7202590625 0.90625
vt 0.189725625 0.32561515625000004
vt 0.190986875 0.3260053125
vt 0.1900321875 0.32721468750000005
vt 0.188246875 0.32666249999999997
vt 0.564185 0.9056751562500001
vt 0.5628646875 0.9056751562500001
vt 0.5655240625 0.90341109375
vt 0.191674375 0.44881703125000005
vt 0.1929946875 0.44881703125000005
vt 0.1903353125 0.45108109375000005
vt 0.69457984375 0.654625625
vt 0.6962890625 0.65538109375
vt 0.6946990625 0.65625
vt 0.69349140625 0.65571625
vt 0.53919453125 0.4351040625
vt 0.5404021875 0.4345703125
vt 0.5419921875 0.43543921875
vt 0.54028296875 0.4361946875
vt 0.5679946875 0.8744251562500001
vt 0.566674375 0.8744251562500001
vt 0.5653353125 0.87216109375
vn 0.3971440098999841 0.9131643608704572 -0.09169234121021826
vn 0.9213735445360485 0.35982242123537544 -0.1469646780875949
vn 0.885999478796875 -0.4500560177596965 -0.11159975111957
vn 0.3158509566236197 -0.9487526720875115 -0.010321841248116963
vn 0.39733829219526856 0.9176141570118652 0.010321841248116978
vn 0.9218891739272793 0.3710417556375679 0.11157224820299279
vn 0.8865309173374096 -0.43869706661341756 0.14699597392334934
vn 0.31604523891890435 -0.9443028759461034 0.09169234121021828
vn 0.1980476720407242 0.9763630582928471 0.08655806144021606
vn 0.4647967283986946 0.6855831868886038 0.5603032171293826
vn 0.5631817563029347 -0.6424668576268538 0.5196755201263747
vn 0.1126908005915841 -0.9786307133258334 0.17199625111437283
vn -0.11219839331949391 0.9899086940401303 0.08655806144021608
vn -0.47350534763418173 0.5902002546795925 0.6538014569714397
vn -0.7024452557417182 -0.3986342052079037 0.5896282160176995
vn -0.197555264768634 -0.9650850775785504 0.17199625111437283
vn -0.3158509566236197 0.9487526720875115 0.010321841248116978
vn -0.8860099417227444 0.4500440289739242 0.11156502656915912
vn -0.9213544221789975 -0.35985935227704924 0.14699413359025038
vn -0.3971440098999841 -0.9131643608704572 0.09169234121021828
vn -0.3160452389189043 0.9443028759461034 -0.09169234121021826
vn -0.8865343943766262 0.4387001592318878 -0.14696577110737355
vn -0.9218848707244873 -0.37104159297437433 -0.11160833934941514
vn -0.3973382921952686 -0.9176141570118654 -0.010321841248116964
vn -0.11267413206327108 0.9786315510757421 -0.1720024046427138
vn -0.5631324809200313 0.6424474677139148 -0.5197528837446014
vn -0.6188835816596081 -0.633820060832291 -0.4639560785664156
vn -0.19803116309005128 -0.9763658754717927 -0.08656405523888977
vn 0.19753873268381916 0.9650873648985335 -0.17200240464271385
vn 0.6169967442907972 0.5908974885127362 -0.5197645386171487
vn 0.5613104614855038 -0.6853154723730517 -0.46397550490627437
vn 0.11218170165703896 -0.9899100616490014 -0.08656405523888977
usemtl m_939b02b2-df4c-255e-486f-2d355257d222
f 1503/6045/1640 1500/6046/1640 1499/6047/1640
f 1504/6048/1641 1501/6049/1641 1500/6050/1641 1503/6051/1641
f 1505/6052/1642 1502/6053/1642 1501/6054/1642 1504/6055/1642
f 1502/6056/1643 1505/6057/1643 1498/6058/1643
f 1506/6059/1644 1503/6060/1644 1499/6061/1644
f 1507/6062/1645 1504/6063/1645 1503/6064/1645 1506/6065/1645
f 1508/6066/1646 1505/6067/1646 1504/6068/1646 1507/6069/1646
f 1505/6070/1647 1508/6071/1647 1498/6072/1647
f 1509/6073/1648 1506/6074/1648 1499/6075/1648
f 1510/6076/1649 1507/6077/1649 1506/6078/1649 1509/6079/1649
f 1511/6080/1650 1508/6081/1650 1507/6082/1650 1510/6083/1650
f 1508/6084/1651 1511/6085/1651 1498/6086/1651
f 1512/6087/1652 1509/6088/1652 1499/6089/1652
f 1513/6090/1653 1510/6091/1653 1509/6092/1653 1512/6093/1653
f 1514/6094/1654 1511/6095/1654 1510/6096/1654 1513/6097/1654
f 1511/6098/1655 1514/6099/1655 1498/6100/1655
f 1515/6101/1656 1512/6102/1656 1499/6103/1656
f 1516/6104/1657 1513/6105/1657 1512/6106/1657 1515/6107/1657
f 1517/6108/1658 1514/6109/1658 1513/6110/1658 1516/6111/1658
f 1514/6112/1659 1517/6113/1659 1498/6114/1659
f 1518/6115/1660 1515/6116/1660 1499/6117/1660
f 1519/6118/1661 1516/6119/1661 1515/6120/1661 1518/6121/1661
f 1520/6122/1662 1517/6123/1662 1516/6124/1662 1519/6125/1662
f 1517/6126/1663 1520/6127/1663 1498/6128/1663
f 1521/6129/1664 1518/6130/1664 1499/6131/1664
f 1522/6132/1665 1519/6133/1665 1518/6134/1665 1521/6135/1665
f 1523/6136/1666 1520/6137/1666 1519/6138/1666 1522/6139/1666
f 1520/6140/1667 1523/6141/1667 1498/6142/1667
f 1500/6143/1668 1521/6144/1668 1499/6145/1668
f 1501/6146/1669 1522/6147/1669 1521/6148/1669 1500/6149/1669
f 1502/6150/1670 1523/6151/1670 1522/6152/1670 1501/6153/1670
f 1523/6154/1671 1502/6155/1671 1498/6156/1671
o Pelvis
v 0 0.70625 0.05
v 0 0.59375 0.0375
v 0 0.58125 -0.0453125
v 0 0.70625 -0.06875
v 0 0.575 0
v 0 0.721875 -0.0065475
v 0 0.721875 0.035863125
v 0 0.721875 -0.053199375
v 0 0.65625 0.0625
v 0 0.65625 -0.059375
v 0.071690625 0.70625 0.035863125
v 0.07720625 0.61875 0.034375
v 0.032260625 0.70625 0.05
v 0.007445 0.59375 0.0375
v 0.08125 0.70625 -0.0065475
v 0.087890625 0.625 0
v 0.01103 0.575 0
v 0.01103 0.58125 -0.0453125
v 0.032260625 0.70625 -0.063095
v 0.071690625 0.70625 -0.054613125
v 0.07720625 0.625 -0.040625
v 0.036144375 0.721875 -0.048958125
v 0.047794375 0.721875 -0.0065475
v 0.072885625 0.721875 -0.0065475
v 0.064970625 0.721875 -0.043656875
v 0.064970625 0.721875 0.0270275
v 0.036144375 0.721875 0.035863125
v 0.035845 0.578125 0
v 0.03033125 0.584375 -0.0484375
v 0.05197625 0.70625 -0.058854375
v 0.050558125 0.721875 -0.0463075
v 0.060340625 0.721875 -0.0065475
v 0.050558125 0.721875 0.031445625
v 0.05197625 0.70625 0.04293125
v 0.02784875 0.596875 0.0390625
v 0.022335 0.65625 0.0625
v 0.0470125 0.65625 0.059375
v 0.07996375 0.65625 0.04375
v 0.09375 0.65625 0
v 0.07996375 0.65625 -0.046875
v 0.045151875 0.65625 -0.0578125
v 0.024126875 0.65625 -0.05625
v 0.062556875 0.65625 -0.05234375
v 0.04825375 0.6015625 -0.05234375
v 0.0647975 0.6015625 0
v 0.058386875 0.6109375 0.03984375
v 0.063488125 0.65625 0.0515625
v 0.06183375 0.70625 0.0393975
v 0.057764375 0.721875 0.02923625
v 0.066613125 0.721875 -0.0065475
v 0.057764375 0.721875 -0.0449825
v 0.06183375 0.70625 -0.05673375
v -0.071690625 0.70625 0.035863125
v -0.07720625 0.61875 0.034375
v -0.032260625 0.70625 0.05
v -0.007445 0.59375 0.0375
v -0.08125 0.70625 -0.0065475
v -0.087890625 0.625 0
v -0.01103 0.575 0
v -0.01103 0.58125 -0.0453125
v -0.032260625 0.70625 -0.063095
v -0.071690625 0.70625 -0.054613125
v -0.07720625 0.625 -0.040625
v -0.036144375 0.721875 -0.048958125
v -0.047794375 0.721875 -0.0065475
v -0.072885625 0.721875 -0.0065475
v -0.064970625 0.721875 -0.043656875
v -0.064970625 0.721875 0.0270275
v -0.036144375 0.721875 0.035863125
v -0.035845 0.578125 0
v -0.03033125 0.584375 -0.0484375
v -0.05197625 0.70625 -0.058854375
v -0.050558125 0.721875 -0.0463075
v -0.060340625 0.721875 -0.0065475
v -0.050558125 0.721875 0.031445625
v -0.05197625 0.70625 0.04293125
v -0.02784875 0.596875 0.0390625
v -0.022335 0.65625 0.0625
v -0.0470125 0.65625 0.059375
v -0.07996375 0.65625 0.04375
v -0.09375 0.65625 0
v -0.07996375 0.65625 -0.046875
v -0.045151875 0.65625 -0.0578125
v -0.024126875 0.65625 -0.05625
v -0.062556875 0.65625 -0.05234375
v -0.04825375 0.6015625 -0.05234375
v -0.0647975 0.6015625 0
v -0.058386875 0.6109375 0.03984375
v -0.063488125 0.65625 0.0515625
v -0.06183375 0.70625 0.0393975
v -0.057764375 0.721875 0.02923625
v -0.066613125 0.721875 -0.0065475
v -0.057764375 0.721875 -0.0449825
v -0.06183375 0.70625 -0.05673375
vt 0.2780384375 0.6465921875
vt 0.2780384375 0.6721984375000001
vt 0.2421896875 0.6721984375000001
vt 0.2498715625 0.6414709375000001
vt 0.6708725 0.23078374999999995
vt 0.6708725 0.26924187499999996
vt 0.659560625 0.26924187499999996
vt 0.6632371875 0.23078374999999995
vt 0.11536375 0.6102346875
vt 0.1046321875 0.6716893749999999
vt 0.087404375 0.6716893749999999
vt 0.0995484375 0.6127953125000001
vt 0.1244015625 0.6102346875
vt 0.1244015625 0.6716893749999999
vt 0.1046321875 0.6716893749999999
vt 0.11536375 0.6102346875
vt 0.6338046875 0.49831187499999996
vt 0.6190228125 0.49378124999999995
vt 0.6089903125 0.4548175
vt 0.6218571875 0.4548175
vt 0.6338046875 0.49831187499999996
vt 0.6218571875 0.4548175
vt 0.6708725 0.4548175
vt 0.6708725 0.49831187499999996
vt 0.31132625 0.6465921875
vt 0.3164475 0.6721984375000001
vt 0.2780384375 0.6721984375000001
vt 0.2780384375 0.6465921875
vt 0.659560625 0.315711875
vt 0.63976625 0.318916875
vt 0.6341115625 0.26924187499999996
vt 0.659560625 0.26924187499999996
vt 0.659560625 0.315711875
vt 0.659560625 0.26924187499999996
vt 0.6708725 0.26924187499999996
vt 0.6708725 0.315711875
vt 0.6708725 0.40697375
vt 0.6708725 0.4548175
vt 0.6218571875 0.4548175
vt 0.6338046875 0.4113234375
vt 0.6218571875 0.4548175
vt 0.6089903125 0.4548175
vt 0.6190228125 0.4140415625
vt 0.6338046875 0.4113234375
vt 0.313810625 0.72597125
vt 0.2834034375 0.72597125
vt 0.2834034375 0.7131681249999999
vt 0.322788125 0.7131681249999999
vt 0.094785 0.7254625
vt 0.082974375 0.7254625
vt 0.0818125 0.712659375
vt 0.0979675 0.712659375
vt 0.2834034375 0.72597125
vt 0.2558921875 0.72597125
vt 0.2486521875 0.7131681249999999
vt 0.2834034375 0.7131681249999999
vt 0.5093215625 0.7131681249999999
vt 0.5254765625 0.7131681249999999
vt 0.524314375 0.72597125
vt 0.5125040625 0.72597125
vt 0.5125040625 0.72597125
vt 0.4828875 0.72597125
vt 0.4828875 0.7131681249999999
vt 0.5093215625 0.7131681249999999
vt 0.1244015625 0.7254625
vt 0.094785 0.7254625
vt 0.0979675 0.712659375
vt 0.1244015625 0.712659375
vt 0.58073625 0.26924187499999996
vt 0.604419375 0.26924187499999996
vt 0.6213859375 0.3229228125
vt 0.59169375 0.3109046875
vt 0.0611390625 0.6460834375
vt 0.0848628125 0.6268787499999999
vt 0.0731428125 0.6716893749999999
vt 0.0588796875 0.6716893749999999
vt 0.0656584375 0.712659375
vt 0.0737353125 0.712659375
vt 0.0770696875 0.7254625
vt 0.071165 0.7254625
vt 0.604241875 0.41676
vt 0.6116321875 0.41540062499999997
vt 0.6025575 0.4548175
vt 0.5961246875 0.4548175
vt 0.5961246875 0.4548175
vt 0.6025575 0.4548175
vt 0.6116321875 0.491515625
vt 0.604241875 0.48925031249999995
vt 0.5361240625 0.72597125
vt 0.530219375 0.72597125
vt 0.53355375 0.7131681249999999
vt 0.5416303125 0.7131681249999999
vt 0.4889878125 0.6209862500000001
vt 0.5011884375 0.6721984375000001
vt 0.4828875 0.6721984375000001
vt 0.4828875 0.6209862500000001
vt 0.5057065625 0.623546875
vt 0.521409375 0.6721984375000001
vt 0.5011884375 0.6721984375000001
vt 0.4889878125 0.6209862500000001
vt 0.659560625 0.26924187499999996
vt 0.6341115625 0.26924187499999996
vt 0.6423121875 0.22918125
vt 0.6632371875 0.23078374999999995
vt 0.54615 0.6414709375000001
vt 0.548409375 0.6721984375000001
vt 0.534909375 0.6721984375000001
vt 0.530729375 0.6350696874999999
vt 0.59169375 0.23398843749999998
vt 0.61099375 0.22838000000000003
vt 0.604419375 0.26924187499999996
vt 0.58073625 0.26924187499999996
vt 0.4828875 0.7131681249999999
vt 0.4828875 0.6721984375000001
vt 0.5011884375 0.6721984375000001
vt 0.5093215625 0.7131681249999999
vt 0.5093215625 0.7131681249999999
vt 0.5011884375 0.6721984375000001
vt 0.521409375 0.6721984375000001
vt 0.5254765625 0.7131681249999999
vt 0.548409375 0.6721984375000001
vt 0.5416303125 0.7131681249999999
vt 0.53355375 0.7131681249999999
vt 0.534909375 0.6721984375000001
vt 0.2486521875 0.7131681249999999
vt 0.2421896875 0.6721984375000001
vt 0.2780384375 0.6721984375000001
vt 0.2834034375 0.7131681249999999
vt 0.2834034375 0.7131681249999999
vt 0.2780384375 0.6721984375000001
vt 0.3164475 0.6721984375000001
vt 0.322788125 0.7131681249999999
vt 0.0588796875 0.6716893749999999
vt 0.0731428125 0.6716893749999999
vt 0.0737353125 0.712659375
vt 0.0656584375 0.712659375
vt 0.0818125 0.712659375
vt 0.087404375 0.6716893749999999
vt 0.1046321875 0.6716893749999999
vt 0.0979675 0.712659375
vt 0.0979675 0.712659375
vt 0.1046321875 0.6716893749999999
vt 0.1244015625 0.6716893749999999
vt 0.1244015625 0.712659375
vt 0.087404375 0.6716893749999999
vt 0.0731428125 0.6716893749999999
vt 0.0848628125 0.6268787499999999
vt 0.0995484375 0.6127953125000001
vt 0.63976625 0.318916875
vt 0.6213859375 0.3229228125
vt 0.604419375 0.26924187499999996
vt 0.6341115625 0.26924187499999996
vt 0.6341115625 0.26924187499999996
vt 0.604419375 0.26924187499999996
vt 0.61099375 0.22838000000000003
vt 0.6423121875 0.22918125
vt 0.5057065625 0.623546875
vt 0.530729375 0.6350696874999999
vt 0.534909375 0.6721984375000001
vt 0.521409375 0.6721984375000001
vt 0.521409375 0.6721984375000001
vt 0.534909375 0.6721984375000001
vt 0.53355375 0.7131681249999999
vt 0.5254765625 0.7131681249999999
vt 0.5254765625 0.7131681249999999
vt 0.53355375 0.7131681249999999
vt 0.530219375 0.72597125
vt 0.524314375 0.72597125
vt 0.6190228125 0.49378124999999995
vt 0.6116321875 0.491515625
vt 0.6025575 0.4548175
vt 0.6089903125 0.4548175
vt 0.6089903125 0.4548175
vt 0.6025575 0.4548175
vt 0.6116321875 0.41540062499999997
vt 0.6190228125 0.4140415625
vt 0.082974375 0.7254625
vt 0.0770696875 0.7254625
vt 0.0737353125 0.712659375
vt 0.0818125 0.712659375
vt 0.0818125 0.712659375
vt 0.0737353125 0.712659375
vt 0.0731428125 0.6716893749999999
vt 0.087404375 0.6716893749999999
vt 0.6723728125 0.6721984375000001
vt 0.6365240625 0.6721984375000001
vt 0.6365240625 0.6465921875
vt 0.6646909375 0.6414709375000001
vt 0.682184375 0.26924187499999996
vt 0.6708725 0.26924187499999996
vt 0.6708725 0.23078374999999995
vt 0.6785078125 0.23078374999999995
vt 0.16139875 0.6716893749999999
vt 0.1441709375 0.6716893749999999
vt 0.1334396875 0.6102346875
vt 0.149255 0.6127953125000001
vt 0.1441709375 0.6716893749999999
vt 0.1244015625 0.6716893749999999
vt 0.1244015625 0.6102346875
vt 0.1334396875 0.6102346875
vt 0.732755 0.4548175
vt 0.7227225 0.49378124999999995
vt 0.7079403125 0.49831187499999996
vt 0.719888125 0.4548175
vt 0.6708725 0.4548175
vt 0.719888125 0.4548175
vt 0.7079403125 0.49831187499999996
vt 0.6708725 0.49831187499999996
vt 0.6365240625 0.6721984375000001
vt 0.598115 0.6721984375000001
vt 0.60323625 0.6465921875
vt 0.6365240625 0.6465921875
vt 0.7076334375 0.26924187499999996
vt 0.70197875 0.318916875
vt 0.682184375 0.315711875
vt 0.682184375 0.26924187499999996
vt 0.6708725 0.26924187499999996
vt 0.682184375 0.26924187499999996
vt 0.682184375 0.315711875
vt 0.6708725 0.315711875
vt 0.719888125 0.4548175
vt 0.6708725 0.4548175
vt 0.6708725 0.40697375
vt 0.7079403125 0.4113234375
vt 0.7227225 0.4140415625
vt 0.732755 0.4548175
vt 0.719888125 0.4548175
vt 0.7079403125 0.4113234375
vt 0.6311590625 0.7131681249999999
vt 0.6311590625 0.72597125
vt 0.600751875 0.72597125
vt 0.591774375 0.7131681249999999
vt 0.166990625 0.712659375
vt 0.16582875 0.7254625
vt 0.154018125 0.7254625
vt 0.1508359375 0.712659375
vt 0.6659103125 0.7131681249999999
vt 0.6586703125 0.72597125
vt 0.6311590625 0.72597125
vt 0.6311590625 0.7131681249999999
vt 0.4414603125 0.72597125
vt 0.440298125 0.7131681249999999
vt 0.456453125 0.7131681249999999
vt 0.4532709375 0.72597125
vt 0.4828875 0.7131681249999999
vt 0.4828875 0.72597125
vt 0.4532709375 0.72597125
vt 0.456453125 0.7131681249999999
vt 0.1508359375 0.712659375
vt 0.154018125 0.7254625
vt 0.1244015625 0.7254625
vt 0.1244015625 0.712659375
vt 0.7203590625 0.3229228125
vt 0.737325625 0.26924187499999996
vt 0.76100875 0.26924187499999996
vt 0.75005125 0.3109046875
vt 0.1756603125 0.6716893749999999
vt 0.163940625 0.6268787499999999
vt 0.1876640625 0.6460834375
vt 0.1899234375 0.6716893749999999
vt 0.1717334375 0.7254625
vt 0.1750678125 0.712659375
vt 0.1831446875 0.712659375
vt 0.177638125 0.7254625
vt 0.7391875 0.4548175
vt 0.7301128125 0.41540062499999997
vt 0.737503125 0.41676
vt 0.7456203125 0.4548175
vt 0.7301128125 0.491515625
vt 0.7391875 0.4548175
vt 0.7456203125 0.4548175
vt 0.737503125 0.48925031249999995
vt 0.4322209375 0.7131681249999999
vt 0.4355553125 0.72597125
vt 0.429650625 0.72597125
vt 0.424144375 0.7131681249999999
vt 0.4828875 0.6721984375000001
vt 0.46458625 0.6721984375000001
vt 0.476786875 0.6209862500000001
vt 0.4828875 0.6209862500000001
vt 0.46458625 0.6721984375000001
vt 0.444365625 0.6721984375000001
vt 0.460068125 0.623546875
vt 0.476786875 0.6209862500000001
vt 0.6994328125 0.22918125
vt 0.7076334375 0.26924187499999996
vt 0.682184375 0.26924187499999996
vt 0.6785078125 0.23078374999999995
vt 0.4308653125 0.6721984375000001
vt 0.4173653125 0.6721984375000001
vt 0.419625 0.6414709375000001
vt 0.4350453125 0.6350696874999999
vt 0.737325625 0.26924187499999996
vt 0.73075125 0.22838000000000003
vt 0.75005125 0.23398843749999998
vt 0.76100875 0.26924187499999996
vt 0.46458625 0.6721984375000001
vt 0.4828875 0.6721984375000001
vt 0.4828875 0.7131681249999999
vt 0.456453125 0.7131681249999999
vt 0.444365625 0.6721984375000001
vt 0.46458625 0.6721984375000001
vt 0.456453125 0.7131681249999999
vt 0.440298125 0.7131681249999999
vt 0.4322209375 0.7131681249999999
vt 0.424144375 0.7131681249999999
vt 0.4173653125 0.6721984375000001
vt 0.4308653125 0.6721984375000001
vt 0.6365240625 0.6721984375000001
vt 0.6723728125 0.6721984375000001
vt 0.6659103125 0.7131681249999999
vt 0.6311590625 0.7131681249999999
vt 0.598115 0.6721984375000001
vt 0.6365240625 0.6721984375000001
vt 0.6311590625 0.7131681249999999
vt 0.591774375 0.7131681249999999
vt 0.1750678125 0.712659375
vt 0.1756603125 0.6716893749999999
vt 0.1899234375 0.6716893749999999
vt 0.1831446875 0.712659375
vt 0.1441709375 0.6716893749999999
vt 0.16139875 0.6716893749999999
vt 0.166990625 0.712659375
vt 0.1508359375 0.712659375
vt 0.1244015625 0.6716893749999999
vt 0.1441709375 0.6716893749999999
vt 0.1508359375 0.712659375
vt 0.1244015625 0.712659375
vt 0.163940625 0.6268787499999999
vt 0.1756603125 0.6716893749999999
vt 0.16139875 0.6716893749999999
vt 0.149255 0.6127953125000001
vt 0.737325625 0.26924187499999996
vt 0.7203590625 0.3229228125
vt 0.70197875 0.318916875
vt 0.7076334375 0.26924187499999996
vt 0.73075125 0.22838000000000003
vt 0.737325625 0.26924187499999996
vt 0.7076334375 0.26924187499999996
vt 0.6994328125 0.22918125
vt 0.4308653125 0.6721984375000001
vt 0.4350453125 0.6350696874999999
vt 0.460068125 0.623546875
vt 0.444365625 0.6721984375000001
vt 0.4322209375 0.7131681249999999
vt 0.4308653125 0.6721984375000001
vt 0.444365625 0.6721984375000001
vt 0.440298125 0.7131681249999999
vt 0.4355553125 0.72597125
vt 0.4322209375 0.7131681249999999
vt 0.440298125 0.7131681249999999
vt 0.4414603125 0.72597125
vt 0.7391875 0.4548175
vt 0.7301128125 0.491515625
vt 0.7227225 0.49378124999999995
vt 0.732755 0.4548175
vt 0.7301128125 0.41540062499999997
vt 0.7391875 0.4548175
vt 0.732755 0.4548175
vt 0.7227225 0.4140415625
vt 0.1750678125 0.712659375
vt 0.1717334375 0.7254625
vt 0.16582875 0.7254625
vt 0.166990625 0.712659375
vt 0.1756603125 0.6716893749999999
vt 0.1750678125 0.712659375
vt 0.166990625 0.712659375
vt 0.16139875 0.6716893749999999
vn 0.9388726667250286 -0.17603862501094283 0.295852189751724
vn 0 -0.8944271909999159 0.44721359549995804
vn -0.07346988517602207 -0.13134272597821775 -0.9886107749285524
vn 0.1262859358680499 -0.1828130993367876 -0.9750031964628674
vn 0 1 0
vn 0 1 0
vn 0.9499603376833412 -0.1397024338734956 -0.2793896683815885
vn 0.1357656895310908 -0.980515900541928 -0.1419726957220976
vn 0 -0.990621129243475 -0.13663739713703113
vn 0 1 0
vn 0 1 0
vn 0.8664394052523555 0.4638223424196914 -0.18480149268405588
vn 0.14080520926132922 0.6276206828665449 -0.7656802018355999
vn 0.8534304780028167 0.48081142510048347 0.20118845073394748
vn 0.27355656719748356 0.5856818094988586 0.7629833697829012
vn 0 0.6709125472971313 0.7415364818262649
vn 0.08794078223692732 0.6562052452188362 -0.749440521300286
vn 0.6949267033936121 -0.6847159136984154 -0.21963832643377798
vn 0.4535500256665333 -0.11862276957004131 -0.8833012016053302
vn 0.16503868104209085 0.6199153752744028 -0.7671161328366672
vn 0 1 0
vn 0 1 0
vn 0.24028997553764622 0.5724112840928152 0.7839681431661188
vn 0 -0.3713906763541038 0.9284766908852594
vn 0.11743933921907646 -0.35517117549846755 0.927394973945203
vn 0.11167304506845405 -0.8867733162795792 0.44851111083189094
vn 0.41493135042432766 -0.2492713918719159 0.8750404262828557
vn 0.43530584300904207 -0.8582191002813506 0.2719720554661018
vn 0 0.24253562503633297 0.9701425001453319
vn 0.12261632928667486 0.21772828321023224 0.9682766291110133
vn 0.3306944496776937 0.20019256917527392 0.9222603299499391
vn 0.9342962260367423 0.2010305005428005 0.2944100879131209
vn 0.9402112251529462 0.19884219939731282 -0.2765223893923158
vn 0.29878669971593497 -0.07917918995177323 -0.9510295284329718
vn -0.07410770082805805 -0.010664238953789063 -0.9971932223423482
vn 0.12690278707284686 -0.15477382945011117 -0.9797656578746226
vn 0.2988401160857587 -0.07815949778997244 -0.9510970917435663
vn 0.6534110454915478 -0.7282889369255645 -0.20651689998998518
vn 0.6052403873977819 -0.7476574854883957 0.27329902644494075
vn 0.09479060418265955 -0.25924443303092465 0.9611488257815024
vn 0.4171853830338958 0.22785747980342877 0.8797939105725225
vn 0.2764463551608378 0.5734953858817449 0.7711552730096816
vn 0 1 0
vn 0 1 0
vn 0.1421218086802298 0.6183381484879523 -0.7729549311712497
vn 0.20959921913906202 -0.08251218500912842 -0.9742997006369832
vn -0.9388726667250286 -0.17603862501094283 0.295852189751724
vn 0 -0.8944271909999159 0.44721359549995804
vn 0.07346988517602208 -0.13134272597821775 -0.9886107749285524
vn -0.1262859358680499 -0.1828130993367876 -0.9750031964628674
vn 0 1 0
vn 0 1 0
vn -0.9499603376833412 -0.1397024338734956 -0.2793896683815885
vn -0.13576568953109078 -0.980515900541928 -0.14197269572209756
vn 0 -0.990621129243475 -0.13663739713703113
vn 0 1 0
vn 0 1 0
vn -0.8664394052523555 0.46382234241969134 -0.18480149268405588
vn -0.14080520926132925 0.6276206828665449 -0.7656802018356001
vn -0.8534304780028167 0.4808114251004836 0.20118845073394753
vn -0.27355656719748356 0.5856818094988586 0.7629833697829012
vn 0 0.6709125472971313 0.7415364818262649
vn -0.08794078223692732 0.6562052452188363 -0.749440521300286
vn -0.6949267033936122 -0.6847159136984154 -0.21963832643377804
vn -0.4535500256665333 -0.11862276957004131 -0.8833012016053302
vn -0.16503868104209088 0.6199153752744028 -0.7671161328366674
vn 0 1 0
vn 0 1 0
vn -0.24028997553764622 0.572411284092815 0.7839681431661188
vn 0 -0.3713906763541038 0.9284766908852594
vn -0.1174393392190766 -0.3551711754984676 0.927394973945203
vn -0.11167304506845405 -0.8867733162795792 0.44851111083189094
vn -0.41493135042432755 -0.2492713918719159 0.8750404262828556
vn -0.435305843009042 -0.8582191002813506 0.2719720554661018
vn 0 0.24253562503633297 0.9701425001453319
vn -0.12261632928667487 0.21772828321023224 0.9682766291110133
vn -0.33069444967769374 0.20019256917527392 0.9222603299499391
vn -0.9342962260367423 0.20103050054280058 0.2944100879131209
vn -0.9402112251529462 0.19884219939731282 -0.2765223893923158
vn -0.29878669971593497 -0.0791791899517732 -0.9510295284329718
vn 0.07410770082805804 -0.010664238953789063 -0.9971932223423482
vn -0.12690278707284683 -0.15477382945011114 -0.9797656578746226
vn -0.2988401160857587 -0.07815949778997243 -0.9510970917435663
vn -0.6534110454915478 -0.7282889369255645 -0.20651689998998524
vn -0.6052403873977819 -0.7476574854883957 0.2732990264449408
vn -0.09479060418265947 -0.25924443303092465 0.9611488257815024
vn -0.4171853830338958 0.2278574798034288 0.8797939105725225
vn -0.2764463551608378 0.5734953858817449 0.7711552730096816
vn 0 1 0
vn 0 1 0
vn -0.1421218086802298 0.6183381484879524 -0.7729549311712497
vn -0.209599219139062 -0.08251218500912842 -0.9742997006369832
usemtl m_7d8933a3-99bf-819d-20e5-6b9a6ad456ff
f 1539/6157/1672 1562/6158/1672 1561/6159/1672 1535/6160/1672
f 1525/6161/1673 1528/6162/1673 1540/6163/1673 1537/6164/1673
f 1541/6165/1674 1565/6166/1674 1564/6167/1674 1552/6168/1674
f 1526/6169/1675 1533/6170/1675 1565/6171/1675 1541/6172/1675
f 1550/6173/1676 1556/6174/1676 1555/6175/1676 1546/6176/1676
f 1550/6177/1677 1546/6178/1677 1529/6179/1677 1530/6180/1677
f 1544/6181/1678 1563/6182/1678 1562/6183/1678 1539/6184/1678
f 1541/6185/1679 1552/6186/1679 1551/6187/1679 1540/6188/1679
f 1541/6189/1680 1540/6190/1680 1528/6191/1680 1526/6192/1680
f 1531/6193/1681 1529/6194/1681 1546/6195/1681 1545/6196/1681
f 1546/6197/1682 1555/6198/1682 1554/6199/1682 1545/6200/1682
f 1548/6201/1683 1547/6202/1683 1538/6203/1683 1543/6204/1683
f 1545/6205/1684 1554/6206/1684 1553/6207/1684 1542/6208/1684
f 1547/6209/1685 1549/6210/1685 1534/6211/1685 1538/6212/1685
f 1536/6213/1686 1557/6214/1686 1556/6215/1686 1550/6216/1686
f 1550/6217/1687 1530/6218/1687 1524/6219/1687 1536/6220/1687
f 1531/6221/1688 1545/6222/1688 1542/6223/1688 1527/6224/1688
f 1539/6225/1689 1568/6226/1689 1567/6227/1689 1544/6228/1689
f 1544/6229/1690 1567/6230/1690 1566/6231/1690 1563/6232/1690
f 1543/6233/1691 1575/6234/1691 1574/6235/1691 1548/6236/1691
f 1548/6237/1692 1574/6238/1692 1573/6239/1692 1547/6240/1692
f 1547/6241/1693 1573/6242/1693 1572/6243/1693 1549/6244/1693
f 1549/6245/1694 1572/6246/1694 1571/6247/1694 1534/6248/1694
f 1537/6249/1695 1559/6250/1695 1532/6251/1695 1525/6252/1695
f 1558/6253/1696 1560/6254/1696 1559/6255/1696 1537/6256/1696
f 1540/6257/1697 1551/6258/1697 1558/6259/1697 1537/6260/1697
f 1535/6261/1698 1561/6262/1698 1570/6263/1698 1569/6264/1698
f 1535/6265/1699 1569/6266/1699 1568/6267/1699 1539/6268/1699
f 1524/6269/1700 1532/6270/1700 1559/6271/1700 1536/6272/1700
f 1536/6273/1701 1559/6274/1701 1560/6275/1701 1557/6276/1701
f 1561/6277/1702 1534/6278/1702 1571/6279/1702 1570/6280/1702
f 1534/6281/1703 1561/6282/1703 1562/6283/1703 1538/6284/1703
f 1538/6285/1704 1562/6286/1704 1563/6287/1704 1543/6288/1704
f 1563/6289/1705 1566/6290/1705 1575/6291/1705 1543/6292/1705
f 1553/6293/1706 1564/6294/1706 1565/6295/1706 1542/6296/1706
f 1542/6297/1707 1565/6298/1707 1533/6299/1707 1527/6300/1707
f 1564/6301/1708 1566/6302/1708 1567/6303/1708 1552/6304/1708
f 1552/6305/1709 1567/6306/1709 1568/6307/1709 1551/6308/1709
f 1551/6309/1710 1568/6310/1710 1569/6311/1710 1558/6312/1710
f 1558/6313/1711 1569/6314/1711 1570/6315/1711 1560/6316/1711
f 1560/6317/1712 1570/6318/1712 1571/6319/1712 1557/6320/1712
f 1557/6321/1713 1571/6322/1713 1572/6323/1713 1556/6324/1713
f 1556/6325/1714 1572/6326/1714 1573/6327/1714 1555/6328/1714
f 1555/6329/1715 1573/6330/1715 1574/6331/1715 1554/6332/1715
f 1554/6333/1716 1574/6334/1716 1575/6335/1716 1553/6336/1716
f 1553/6337/1717 1575/6338/1717 1566/6339/1717 1564/6340/1717
f 1603/6341/1718 1604/6342/1718 1581/6343/1718 1577/6344/1718
f 1582/6345/1719 1528/6346/1719 1525/6347/1719 1579/6348/1719
f 1606/6349/1720 1607/6350/1720 1583/6351/1720 1594/6352/1720
f 1607/6353/1721 1533/6354/1721 1526/6355/1721 1583/6356/1721
f 1597/6357/1722 1598/6358/1722 1592/6359/1722 1588/6360/1722
f 1529/6361/1723 1588/6362/1723 1592/6363/1723 1530/6364/1723
f 1604/6365/1724 1605/6366/1724 1586/6367/1724 1581/6368/1724
f 1593/6369/1725 1594/6370/1725 1583/6371/1725 1582/6372/1725
f 1528/6373/1726 1582/6374/1726 1583/6375/1726 1526/6376/1726
f 1588/6377/1727 1529/6378/1727 1531/6379/1727 1587/6380/1727
f 1596/6381/1728 1597/6382/1728 1588/6383/1728 1587/6384/1728
f 1580/6385/1729 1589/6386/1729 1590/6387/1729 1585/6388/1729
f 1595/6389/1730 1596/6390/1730 1587/6391/1730 1584/6392/1730
f 1576/6393/1731 1591/6394/1731 1589/6395/1731 1580/6396/1731
f 1598/6397/1732 1599/6398/1732 1578/6399/1732 1592/6400/1732
f 1524/6401/1733 1530/6402/1733 1592/6403/1733 1578/6404/1733
f 1584/6405/1734 1587/6406/1734 1531/6407/1734 1527/6408/1734
f 1609/6409/1735 1610/6410/1735 1581/6411/1735 1586/6412/1735
f 1608/6413/1736 1609/6414/1736 1586/6415/1736 1605/6416/1736
f 1616/6417/1737 1617/6418/1737 1585/6419/1737 1590/6420/1737
f 1615/6421/1738 1616/6422/1738 1590/6423/1738 1589/6424/1738
f 1614/6425/1739 1615/6426/1739 1589/6427/1739 1591/6428/1739
f 1613/6429/1740 1614/6430/1740 1591/6431/1740 1576/6432/1740
f 1532/6433/1741 1601/6434/1741 1579/6435/1741 1525/6436/1741
f 1601/6437/1742 1602/6438/1742 1600/6439/1742 1579/6440/1742
f 1600/6441/1743 1593/6442/1743 1582/6443/1743 1579/6444/1743
f 1612/6445/1744 1603/6446/1744 1577/6447/1744 1611/6448/1744
f 1610/6449/1745 1611/6450/1745 1577/6451/1745 1581/6452/1745
f 1601/6453/1746 1532/6454/1746 1524/6455/1746 1578/6456/1746
f 1602/6457/1747 1601/6458/1747 1578/6459/1747 1599/6460/1747
f 1613/6461/1748 1576/6462/1748 1603/6463/1748 1612/6464/1748
f 1604/6465/1749 1603/6466/1749 1576/6467/1749 1580/6468/1749
f 1605/6469/1750 1604/6470/1750 1580/6471/1750 1585/6472/1750
f 1617/6473/1751 1608/6474/1751 1605/6475/1751 1585/6476/1751
f 1607/6477/1752 1606/6478/1752 1595/6479/1752 1584/6480/1752
f 1533/6481/1753 1607/6482/1753 1584/6483/1753 1527/6484/1753
f 1609/6485/1754 1608/6486/1754 1606/6487/1754 1594/6488/1754
f 1610/6489/1755 1609/6490/1755 1594/6491/1755 1593/6492/1755
f 1611/6493/1756 1610/6494/1756 1593/6495/1756 1600/6496/1756
f 1612/6497/1757 1611/6498/1757 1600/6499/1757 1602/6500/1757
f 1613/6501/1758 1612/6502/1758 1602/6503/1758 1599/6504/1758
f 1614/6505/1759 1613/6506/1759 1599/6507/1759 1598/6508/1759
f 1615/6509/1760 1614/6510/1760 1598/6511/1760 1597/6512/1760
f 1616/6513/1761 1615/6514/1761 1597/6515/1761 1596/6516/1761
f 1617/6517/1762 1616/6518/1762 1596/6519/1762 1595/6520/1762
f 1608/6521/1763 1617/6522/1763 1595/6523/1763 1606/6524/1763
o sphere
v 0.044149999999999995 0.58125 -0.003325
v 0.044149999999999995 0.65625 -0.003325
v 0.066785625 0.64526625 0.020973125
v 0.07616187499999999 0.61875 0.0310375
v 0.066785625 0.59223375 0.020973125
v 0.07616187499999999 0.64526625 -0.003325
v 0.08942125 0.61875 -0.003325
v 0.07616187499999999 0.59223375 -0.003325
v 0.066785625 0.64526625 -0.027623125
v 0.07616187499999999 0.61875 -0.0376875
v 0.066785625 0.59223375 -0.027623125
v 0.044149999999999995 0.64526625 -0.0376875
v 0.044149999999999995 0.61875 -0.05192125
v 0.044149999999999995 0.59223375 -0.0376875
v 0.044149999999999995 0.64526625 0.0310375
v 0.044149999999999995 0.61875 0.03942125
v 0.044149999999999995 0.59223375 0.0310375
v 0.021514999999999996 0.64526625 0.020973125
v 0.017588124999999996 0.61875 0.0310375
v 0.021514999999999996 0.59223375 0.020973125
v 0.012138749999999997 0.64526625 -0.003325
v 0.004328749999999999 0.61875 -0.003325
v 0.012138749999999997 0.59223375 -0.003325
v 0.021514999999999996 0.64526625 -0.027623125
v 0.017588124999999996 0.61875 -0.0376875
v 0.021514999999999996 0.59223375 -0.027623125
vt 0.1875 0.6667951562500001
vt 0.18836609375 0.66034203125
vt 0.195866875 0.6642557812500001
vt 0.3458109375 0.78125
vt 0.3443078125 0.765625
vt 0.353515625 0.765625
vt 0.352321875 0.78125
vt 0.0005578125 0.640625
vt 0.0020609375 0.625
vt 0.008571875 0.625
vt 0.009765625 0.640625
vt 0.328991875 0.994931875
vt 0.328125 0.98847890625
vt 0.33649359375 0.99101703125
vt 0.18836609375 0.66034203125
vt 0.19316375 0.65594046875
vt 0.195866875 0.6642557812500001
vt 0.3449421875 0.90625
vt 0.34375 0.890625
vt 0.3529578125 0.890625
vt 0.3514546875 0.90625
vt 0.34375 0.875
vt 0.3449421875 0.859375
vt 0.351453125 0.859375
vt 0.3529578125 0.875
vt 0.33378984375 0.999333125
vt 0.328991875 0.994931875
vt 0.33649234375 0.99101765625
vt 0.19316375 0.65594046875
vt 0.1993559375 0.65594046875
vt 0.195866875 0.6642560937499999
vt 0.1261203125 0.640625
vt 0.125 0.625
vt 0.133759375 0.625
vt 0.1323125 0.640625
vt 0.359375 0.9375
vt 0.3604953125 0.921875
vt 0.3666875 0.921875
vt 0.368134375 0.9375
vt 0.33998203125 0.999333125
vt 0.33378984375 0.999333125
vt 0.33649296875 0.9910159375
vt 0.3160409375 0.875
vt 0.3125 0.86992015625
vt 0.3208675 0.8673825
vt 0.3932375 1
vt 0.3915578125 0.984375
vt 0.399090625 0.984375
vt 0.3994140625 0.9998046875
vt 0.3907984375 0.9375
vt 0.3922453125 0.921875
vt 0.3984375 0.921875
vt 0.3983125 0.93725625
vt 0.31953109375 0.8274595312499999
vt 0.31333890625 0.8274595312499999
vt 0.31682796875 0.8191423437500001
vt 0.1910409375 0.671875
vt 0.1875 0.6667951562500001
vt 0.19586796875 0.6642553124999999
vt 0.2891328125 0.82690171875
vt 0.2886015625 0.81996890625
vt 0.296875 0.81996890625
vt 0.29524375 0.82719390625
vt 0.2886015625 0.81996890625
vt 0.28913953125 0.81303578125
vt 0.2953253125 0.8127553125
vt 0.2967740625 0.81996890625
vt 0.328125 0.98847890625
vt 0.33166515625 0.9833984375
vt 0.33649203125 0.9910165625
vt 0.318166875 0.8590653125000001
vt 0.3243590625 0.8590653125000001
vt 0.3208684375 0.8673825
vt 0.28173484375 0.82112921875
vt 0.2886015625 0.81996890625
vt 0.2891328125 0.82690078125
vt 0.28309765625 0.828125
vt 0.3125 0.5625
vt 0.3186921875 0.5625
vt 0.31954375 0.5779078125
vt 0.312625 0.578125
vt 0.321654375 0.8115234375
vt 0.3251953125 0.81660328125
vt 0.31682859375 0.8191423437500001
vt 0.313368125 0.86346578125
vt 0.318166875 0.8590653125000001
vt 0.32086796875 0.86738125
vt 0.28125 0.63375
vt 0.2904578125 0.63375
vt 0.2884640625 0.640625
vt 0.281953125 0.640625
vt 0.281953125 0.6268750000000001
vt 0.2884640625 0.6268750000000001
vt 0.2904578125 0.63375
vt 0.28125 0.63375
vt 0.3251953125 0.81660328125
vt 0.32432953125 0.82305640625
vt 0.31682703125 0.8191428125
vt 0.3125 0.86992015625
vt 0.313368125 0.86346578125
vt 0.32086921875 0.867381875
vt 0.3599328125 0.743125
vt 0.369140625 0.743125
vt 0.3684375 0.75
vt 0.3619265625 0.75
vt 0.3619265625 0.7362500000000001
vt 0.3684390625 0.7362500000000001
vt 0.369140625 0.743125
vt 0.3599328125 0.743125
vt 0.32432953125 0.82305640625
vt 0.31953109375 0.8274595312499999
vt 0.3168284375 0.8191434375
vn 0.3220269371906971 0.938539757367151 0.124264941012291
vn 0.8454696465206879 0.42278714993213073 0.32623933341099287
vn 0.8454640464527382 -0.42278951483230715 0.32625078130730195
vn 0.322026937190697 -0.938539757367151 0.12426494101229099
vn 0.322026937190697 0.938539757367151 -0.12426494101229099
vn 0.8454741041052289 0.4227769084663279 -0.32624105344838905
vn 0.8454703503194989 -0.4227750313965061 -0.32625321386663375
vn 0.3220269371906971 -0.938539757367151 -0.124264941012291
vn 0.13415043294410156 0.9439127930788266 -0.3017155952267606
vn 0.3647727581212278 0.4403637635303636 -0.8203783216918926
vn 0.3647632989098102 -0.44036231100885237 -0.8203833072481275
vn 0.13415043294410156 -0.9439127930788266 -0.3017155952267606
vn -0.13415407045564698 0.9439123240265804 -0.3017154452972559
vn -0.42695118219777417 0.42768581276158973 -0.7967418236683587
vn -0.3647697664093301 -0.44037205547451863 -0.8203752009116502
vn -0.13415407045564695 -0.9439123240265804 -0.30171544529725586
vn 0.13415043294410156 0.9439127930788266 0.3017155952267606
vn 0.242271665429114 0.2924836758500398 0.9250717482938565
vn 0.3903140870016698 -0.27755312434288065 0.8778491764850944
vn 0.13415043294410156 -0.9439127930788266 0.3017155952267606
vn -0.13415407045564695 0.9439123240265804 0.30171544529725586
vn -0.2881796879092419 0.28867554227254216 0.9130273264093391
vn -0.39032322245467455 -0.2775519567878856 0.8778454837246783
vn -0.13415407045564698 -0.9439123240265804 0.3017154452972559
vn -0.32203247545170216 0.9385375741257129 0.12426707813685305
vn -0.8996043207485982 0.2649794592979922 0.3471281495940616
vn -0.8995984887097732 -0.26498323747430785 0.34714037934058745
vn -0.3220324754517021 -0.9385375741257129 0.12426707813685303
vn -0.3220324754517021 0.9385375741257129 -0.12426707813685303
vn -0.8996074836920716 0.26496712195861316 -0.34712937007143135
vn -0.8996029617255259 -0.26496579007500515 -0.3471421054043866
vn -0.32203247545170216 -0.9385375741257129 -0.12426707813685305
usemtl m_b9306b6b-3402-fb8c-6949-e2c979050137
f 1620/6525/1764 1623/6526/1764 1619/6527/1764
f 1620/6528/1765 1621/6529/1765 1624/6530/1765 1623/6531/1765
f 1621/6532/1766 1622/6533/1766 1625/6534/1766 1624/6535/1766
f 1625/6536/1767 1622/6537/1767 1618/6538/1767
f 1623/6539/1768 1626/6540/1768 1619/6541/1768
f 1623/6542/1769 1624/6543/1769 1627/6544/1769 1626/6545/1769
f 1624/6546/1770 1625/6547/1770 1628/6548/1770 1627/6549/1770
f 1628/6550/1771 1625/6551/1771 1618/6552/1771
f 1626/6553/1772 1629/6554/1772 1619/6555/1772
f 1626/6556/1773 1627/6557/1773 1630/6558/1773 1629/6559/1773
f 1627/6560/1774 1628/6561/1774 1631/6562/1774 1630/6563/1774
f 1631/6564/1775 1628/6565/1775 1618/6566/1775
f 1629/6567/1776 1641/6568/1776 1619/6569/1776
f 1629/6570/1777 1630/6571/1777 1642/6572/1777 1641/6573/1777
f 1630/6574/1778 1631/6575/1778 1643/6576/1778 1642/6577/1778
f 1643/6578/1779 1631/6579/1779 1618/6580/1779
f 1632/6581/1780 1620/6582/1780 1619/6583/1780
f 1632/6584/1781 1633/6585/1781 1621/6586/1781 1620/6587/1781
f 1633/6588/1782 1634/6589/1782 1622/6590/1782 1621/6591/1782
f 1622/6592/1783 1634/6593/1783 1618/6594/1783
f 1635/6595/1784 1632/6596/1784 1619/6597/1784
f 1636/6598/1785 1633/6599/1785 1632/6600/1785 1635/6601/1785
f 1637/6602/1786 1634/6603/1786 1633/6604/1786 1636/6605/1786
f 1634/6606/1787 1637/6607/1787 1618/6608/1787
f 1638/6609/1788 1635/6610/1788 1619/6611/1788
f 1639/6612/1789 1636/6613/1789 1635/6614/1789 1638/6615/1789
f 1640/6616/1790 1637/6617/1790 1636/6618/1790 1639/6619/1790
f 1637/6620/1791 1640/6621/1791 1618/6622/1791
f 1641/6623/1792 1638/6624/1792 1619/6625/1792
f 1642/6626/1793 1639/6627/1793 1638/6628/1793 1641/6629/1793
f 1643/6630/1794 1640/6631/1794 1639/6632/1794 1642/6633/1794
f 1640/6634/1795 1643/6635/1795 1618/6636/1795
o Right Upper Leg
v 0.017469374999999995 0.61875 0.03115375
v 0.017469374999999995 0.61875 -0.037801875
v 0.021903124999999996 0.42500000000000004 0.021281875
v 0.021903124999999996 0.42500000000000004 -0.03418
v 0.07628062499999999 0.61875 0.03115375
v 0.07628062499999999 0.61875 -0.037801875
v 0.071846875 0.42500000000000004 0.021281875
v 0.071846875 0.42500000000000004 -0.03418
v 0.004062499999999997 0.61875 -0.0033237500000000003
v 0.0896875 0.61875 -0.0033237500000000003
v 0.08357 0.42500000000000004 -0.00644875
v 0.010179999999999995 0.42500000000000004 -0.00644875
v 0.044148124999999996 0.61875 -0.0521875
v 0.04375 0.42500000000000004 -0.045750625
v 0.04375 0.42500000000000004 -0.00644875
v 0.04375 0.42500000000000004 0.0328525
v 0.044148124999999996 0.61875 0.0396875
v 0.044148124999999996 0.61875 -0.0033237500000000003
v 0.040624999999999994 0.578125 -0.04896875
v 0.014414999999999997 0.578125 -0.03599125
v 0.000871250000000004 0.578125 -0.00488625
v 0.014414999999999997 0.578125 0.026218125
v 0.040624999999999994 0.578125 0.03627
v 0.073085 0.578125 0.026218125
v 0.08662875 0.578125 -0.00488625
v 0.073085 0.578125 -0.03599125
v 0.04296875 0.45156250000000003 -0.045796875
v 0.07159375 0.45156250000000003 -0.03399125
v 0.083536875 0.45156250000000003 -0.005695624999999999
v 0.07159375 0.45156250000000003 0.022600000000000002
v 0.04296875 0.45156250000000003 0.03299875
v 0.020593749999999994 0.45156250000000003 0.022600000000000002
v 0.008650624999999995 0.45156250000000003 -0.005695624999999999
v 0.020593749999999994 0.45156250000000003 -0.03399125
vt 0.0625 0.8801484375
vt 0.0630703125 0.8484515625
vt 0.0707484375 0.8484515625
vt 0.07098125 0.8801421875
vt 0.28114453125 0.761875
vt 0.27412109375 0.7647671875
vt 0.27412109375 0.7549421875
vt 0.28407578125 0.7549421875
vt 0.09463125 0.8019640625
vt 0.0954609375 0.7703187499999999
vt 0.103075 0.7703187499999999
vt 0.103115625 0.801971875
vt 0.125573125 0.91166859375
vt 0.12572625 0.88002171875
vt 0.1334684375 0.88002171875
vt 0.1343121875 0.91166703125
vt 0.001221875 0.8644609375
vt 0.001909375 0.8328125
vt 0.0095875 0.8328125
vt 0.0097015625 0.8644625
vt 0.09621875 0.9339031250000001
vt 0.0881859375 0.9375
vt 0.0881859375 0.925284375
vt 0.0995703125 0.925284375
vt 0.1569121875 0.8335609374999999
vt 0.1573996875 0.8019140625
vt 0.1650778125 0.8019140625
vt 0.1653934375 0.833559375
vt 0.28407578125 0.7549421875
vt 0.27412109375 0.7549421875
vt 0.27412109375 0.7451171875
vt 0.28114609375 0.748009375
vt 0.1575009375 0.9113765625
vt 0.157361875 0.8796937499999999
vt 0.16504 0.8796937499999999
vt 0.1659821875 0.91138125
vt 0.0781640625 0.925284375
vt 0.0881859375 0.925284375
vt 0.0881859375 0.9375
vt 0.081515625 0.9339031250000001
vt 0.2202265625 0.8488503125
vt 0.22005109375 0.81719421875
vt 0.22637609375 0.81718875
vt 0.2275359375 0.8488503125
vt 0.26866015625 0.748009375
vt 0.27412109375 0.7451171875
vt 0.27412109375 0.7549421875
vt 0.26572890625 0.7549421875
vt 0.26572890625 0.7549421875
vt 0.27412109375 0.7549421875
vt 0.27412109375 0.7647671875
vt 0.26866015625 0.761875
vt 0.15625 0.75511640625
vt 0.15736921875 0.7234448437500001
vt 0.16353640625 0.7234640625
vt 0.1632515625 0.75511640625
vt 0.081515625 0.9166640625
vt 0.0881859375 0.91453125
vt 0.0881859375 0.925284375
vt 0.0781640625 0.925284375
vt 0.0995703125 0.925284375
vt 0.0881859375 0.925284375
vt 0.0881859375 0.91453125
vt 0.09621875 0.9166640625
vt 0.21908125 0.85901125
vt 0.2202265625 0.8488503125
vt 0.2275390625 0.8488503125
vt 0.226653125 0.8590034375
vt 0.156775 0.9215464062500001
vt 0.1575009375 0.9113765625
vt 0.1659821875 0.91138125
vt 0.166015625 0.9215703125
vt 0.0631840625 0.89032140625
vt 0.0625 0.8801484375
vt 0.07098125 0.8801421875
vt 0.0724246875 0.89029265625
vt 0.1574046875 0.76531171875
vt 0.15625 0.75511640625
vt 0.1632671875 0.75511640625
vt 0.1643953125 0.76527734375
vt 0.0952109375 0.81217703125
vt 0.09463125 0.8019640625
vt 0.1031265625 0.801971875
vt 0.103515625 0.812220625
vt 0.0004075 0.87469046875
vt 0.001221875 0.8644609375
vt 0.009703125 0.8644625
vt 0.009648125 0.8746484375
vt 0.15625 0.84373140625
vt 0.1569121875 0.8335609374999999
vt 0.1653934375 0.833559375
vt 0.1654921875 0.84375
vt 0.125 0.9218500000000001
vt 0.125573125 0.91166859375
vt 0.1343121875 0.91166703125
vt 0.1337953125 0.921875
vt 0.1332825 0.87337953125
vt 0.1334684375 0.88002171875
vt 0.12572625 0.88002171875
vt 0.125685625 0.87337953125
vt 0.1650965625 0.7952734375
vt 0.1650778125 0.8019140625
vt 0.1573996875 0.8019140625
vt 0.15757 0.7952734375
vt 0.009765625 0.826171875
vt 0.0095875 0.8328125
vt 0.001909375 0.8328125
vt 0.0022375 0.826171875
vt 0.103246875 0.763671875
vt 0.103075 0.7703187499999999
vt 0.0954609375 0.7703187499999999
vt 0.09565625 0.7636859375
vt 0.1637196875 0.71682234375
vt 0.16353640625 0.7234640625
vt 0.15736921875 0.7234448437500001
vt 0.1575478125 0.716796875
vt 0.070571875 0.841796875
vt 0.0707484375 0.8484515625
vt 0.0630703125 0.8484515625
vt 0.0630453125 0.8417984375
vt 0.164718125 0.873046875
vt 0.16504 0.8796937499999999
vt 0.157361875 0.8796937499999999
vt 0.1571915625 0.873046875
vt 0.226059375 0.810546875
vt 0.22637609375 0.81718875
vt 0.22005109375 0.81719421875
vt 0.219878125 0.8105521875
vn -0.9196896469125484 -0.05901273105741791 0.3881861034800408
vn 0 -1 0
vn 0.34138803688283625 -0.017967654357743577 0.9397506965521036
vn 0.38120101291539243 -0.019097724943819224 -0.9242949013460201
vn 0.9210729453817404 -0.02196676252777006 0.38876997135819763
vn 0 1 0
vn 0.9211106784886357 -0.02001608290722895 -0.38878589789144385
vn 0 -1 0
vn -0.9200937039863668 -0.051055741411226055 -0.3883566494262691
vn 0 1 0
vn -0.46643212391750627 -0.03079272262881949 -0.8840208606197643
vn 0 -1 0
vn 0 -1 0
vn -0.4210016951033871 -0.046449889705962456 0.9058697370297668
vn 0 1 0
vn 0 1 0
vn -0.4434881598484211 -0.032505596868854694 -0.8956905929206029
vn -0.9156595065376258 0.051073898884573546 -0.39869678320748964
vn -0.9153846117905797 0.05657678591606173 0.3985850973034713
vn -0.35674966066233 -0.08619192572894004 0.9302153683725343
vn 0.2941624521776848 -0.10542116829657903 0.9499235911397272
vn 0.9102549450532884 -0.11975571168536694 0.3963514911347833
vn 0.9155380984974788 -0.05360051776702152 -0.3986439196761044
vn 0.3703090183307447 -0.07041071357648734 -0.9262362346381027
vn 0.3812529652902733 0.00960374264106186 -0.9244208698340048
vn 0.9212338855575531 0.011541853410209274 -0.3888379015996132
vn 0.921250321576667 -0.009876041504089264 0.388844838977062
vn 0.34112223006348 -0.04334674281679814 0.9390190008959843
vn -0.42139290293749776 -0.017386155753067938 0.9067114992885216
vn -0.919372307764549 -0.06457616446382598 0.38805215976570506
vn -0.9204829909595511 -0.04198244989857771 -0.38852096115225543
vn -0.4665882114692991 -0.016716203822053705 -0.8843166906983382
usemtl m_b9306b6b-3402-fb8c-6949-e2c979050137
f 1664/6637/1796 1676/6638/1796 1675/6639/1796 1665/6640/1796
f 1650/6641/1797 1659/6642/1797 1658/6643/1797 1654/6644/1797
f 1666/6645/1798 1674/6646/1798 1673/6647/1798 1667/6648/1798
f 1669/6649/1799 1671/6650/1799 1670/6651/1799 1662/6652/1799
f 1667/6653/1800 1673/6654/1800 1672/6655/1800 1668/6656/1800
f 1649/6657/1801 1656/6658/1801 1661/6659/1801 1653/6660/1801
f 1668/6661/1802 1672/6662/1802 1671/6663/1802 1669/6664/1802
f 1654/6665/1803 1658/6666/1803 1657/6667/1803 1651/6668/1803
f 1663/6669/1804 1677/6670/1804 1676/6671/1804 1664/6672/1804
f 1652/6673/1805 1661/6674/1805 1656/6675/1805 1645/6676/1805
f 1662/6677/1806 1670/6678/1806 1677/6679/1806 1663/6680/1806
f 1647/6681/1807 1657/6682/1807 1658/6683/1807 1655/6684/1807
f 1655/6685/1808 1658/6686/1808 1659/6687/1808 1646/6688/1808
f 1665/6689/1809 1675/6690/1809 1674/6691/1809 1666/6692/1809
f 1644/6693/1810 1660/6694/1810 1661/6695/1810 1652/6696/1810
f 1653/6697/1811 1661/6698/1811 1660/6699/1811 1648/6700/1811
f 1656/6701/1812 1662/6702/1812 1663/6703/1812 1645/6704/1812
f 1645/6705/1813 1663/6706/1813 1664/6707/1813 1652/6708/1813
f 1652/6709/1814 1664/6710/1814 1665/6711/1814 1644/6712/1814
f 1644/6713/1815 1665/6714/1815 1666/6715/1815 1660/6716/1815
f 1660/6717/1816 1666/6718/1816 1667/6719/1816 1648/6720/1816
f 1648/6721/1817 1667/6722/1817 1668/6723/1817 1653/6724/1817
f 1653/6725/1818 1668/6726/1818 1669/6727/1818 1649/6728/1818
f 1649/6729/1819 1669/6730/1819 1662/6731/1819 1656/6732/1819
f 1657/6733/1820 1670/6734/1820 1671/6735/1820 1651/6736/1820
f 1651/6737/1821 1671/6738/1821 1672/6739/1821 1654/6740/1821
f 1654/6741/1822 1672/6742/1822 1673/6743/1822 1650/6744/1822
f 1650/6745/1823 1673/6746/1823 1674/6747/1823 1659/6748/1823
f 1659/6749/1824 1674/6750/1824 1675/6751/1824 1646/6752/1824
f 1646/6753/1825 1675/6754/1825 1676/6755/1825 1655/6756/1825
f 1655/6757/1826 1676/6758/1826 1677/6759/1826 1647/6760/1826
f 1647/6761/1827 1677/6762/1827 1670/6763/1827 1657/6764/1827
o sphere
v 0.04375 0.39375000000000004 -0.00625
v 0.04375 0.45625000000000004 -0.00625
v 0.063203125 0.44709687500000006 0.013203125
v 0.071260625 0.42500000000000004 0.021260625
v 0.063203125 0.40290312500000003 0.013203125
v 0.071260625 0.44709687500000006 -0.00625
v 0.08265625 0.42500000000000004 -0.00625
v 0.071260625 0.40290312500000003 -0.00625
v 0.063203125 0.44709687500000006 -0.025703125
v 0.071260625 0.42500000000000004 -0.033760625
v 0.063203125 0.40290312500000003 -0.025703125
v 0.04375 0.44709687500000006 -0.033760625
v 0.04375 0.42500000000000004 -0.04515625
v 0.04375 0.40290312500000003 -0.033760625
v 0.04375 0.44709687500000006 0.021260625
v 0.04375 0.42500000000000004 0.03265625
v 0.04375 0.40290312500000003 0.021260625
v 0.024296874999999996 0.44709687500000006 0.013203125
v 0.022489375 0.42500000000000004 0.021260625
v 0.024296874999999996 0.40290312500000003 0.013203125
v 0.016239374999999997 0.44709687500000006 -0.00625
v 0.01109375 0.42500000000000004 -0.00625
v 0.016239374999999997 0.40290312500000003 -0.00625
v 0.024296874999999996 0.44709687500000006 -0.025703125
v 0.022489375 0.42500000000000004 -0.033760625
v 0.024296874999999996 0.40290312500000003 -0.025703125
vt 0.03125 0.62083828125
vt 0.03169296875 0.61559296875
vt 0.038200625 0.618783125
vt 0.4077078125 0.59375
vt 0.40661875 0.578125
vt 0.4140625 0.578125
vt 0.412971875 0.59375
vt 0.37536875 0.59375
vt 0.3764578125 0.578125
vt 0.381721875 0.578125
vt 0.3828125 0.59375
vt 0.21919296875 0.62073515625
vt 0.21875 0.61548984375
vt 0.225700625 0.617545
vt 0.03169296875 0.61559296875
vt 0.03556859375 0.61203078125
vt 0.03820125 0.61878328125
vt 0.0010890625 0.578125
vt 0 0.5625
vt 0.00744375 0.5625
vt 0.006353125 0.578125
vt 0.40625 0.625
vt 0.4073390625 0.609375
vt 0.412603125 0.609375
vt 0.41369375 0.625
vt 0.22306859375 0.62429734375
vt 0.21919296875 0.62073515625
vt 0.22570125 0.61754484375
vt 0.03556859375 0.61203078125
vt 0.04083265625 0.61203078125
vt 0.03820140625 0.61878390625
vt 0.4229640625 0.96875
vt 0.421875 0.953125
vt 0.42931875 0.953125
vt 0.428228125 0.96875
vt 0.28125 0.609375
vt 0.282340625 0.59375
vt 0.2876046875 0.59375
vt 0.2886953125 0.609375
vt 0.22833265625 0.62429734375
vt 0.22306859375 0.62429734375
vt 0.22570140625 0.61754421875
vt 0.06268296875 0.61203078125
vt 0.06794703125 0.61203078125
vt 0.06531421875 0.61878390625
vt 0.0953484375 0.5625
vt 0.094003125 0.546875
vt 0.1000328125 0.546875
vt 0.1005859375 0.5622828125
vt 0.21923125 0.5625
vt 0.220321875 0.546875
vt 0.2255859375 0.546875
vt 0.2252328125 0.5622437499999999
vt 0.38044703125 0.78054734375
vt 0.37518296875 0.78054734375
vt 0.37781421875 0.77379421875
vt 0.0344734375 0.625
vt 0.03125 0.62083828125
vt 0.03820015625 0.61878328125
vt 0.3920828125 0.71875
vt 0.3909921875 0.703125
vt 0.3984375 0.703125
vt 0.397346875 0.71875
vt 0.42224375 1
vt 0.4233328125 0.984375
vt 0.428596875 0.984375
vt 0.4296875 1
vt 0.21875 0.61548984375
vt 0.2219734375 0.611328125
vt 0.22570015625 0.61754484375
vt 0.072265625 0.62083828125
vt 0.0690421875 0.625
vt 0.06531546875 0.61878328125
vt 0.438053125 0.890625
vt 0.4440828125 0.890625
vt 0.4427375 0.90625
vt 0.4375 0.906034375
vt 0.4375 0.609375
vt 0.4427640625 0.609375
vt 0.443853125 0.625
vt 0.437853125 0.6247437499999999
vt 0.3815421875 0.767578125
vt 0.384765625 0.77173984375
vt 0.37781546875 0.77379484375
vt 0.07182265625 0.61559296875
vt 0.072265625 0.62083828125
vt 0.065315 0.618783125
vt 0.46875 0.8064328125
vt 0.47619375 0.8064328125
vt 0.47450625 0.812084375
vt 0.4692421875 0.812084375
vt 0.4692421875 0.80078125
vt 0.47450625 0.80078125
vt 0.47619375 0.8064328125
vt 0.46875 0.8064328125
vt 0.384765625 0.77173984375
vt 0.38432265625 0.77698515625
vt 0.377815 0.773795
vt 0.06794703125 0.61203078125
vt 0.07182265625 0.61559296875
vt 0.065314375 0.61878328125
vt 0.4691171875 0.9001828125
vt 0.4765625 0.9001828125
vt 0.4760703125 0.905834375
vt 0.47080625 0.905834375
vt 0.47080625 0.89453125
vt 0.4760703125 0.89453125
vt 0.4765625 0.9001828125
vt 0.4691171875 0.9001828125
vt 0.38432265625 0.77698515625
vt 0.38044703125 0.78054734375
vt 0.377814375 0.77379484375
vn 0.3130325358424311 0.9408503332315667 0.12965832777769062
vn 0.834052084177687 0.43011198403372464 0.34548632689215003
vn 0.834061001224555 -0.43010882139710754 0.34546873663572564
vn 0.3130325358424313 -0.9408503332315667 0.12965832777769068
vn 0.3130325358424311 0.9408503332315667 -0.12965832777769062
vn 0.8340453623919966 0.43012725477282643 -0.3454835425515886
vn 0.8340514950983029 -0.43013041748344966 -0.3454647991905965
vn 0.3130325358424313 -0.9408503332315667 -0.12965832777769068
vn 0.1296583277776907 0.9408503332315667 -0.3130325358424311
vn 0.34548632689215 0.43011198403372475 -0.8340520841776871
vn 0.3454687366357257 -0.43010882139710754 -0.8340610012245547
vn 0.12965832777769076 -0.9408503332315667 -0.3130325358424313
vn -0.1296583277776907 0.9408503332315667 -0.3130325358424311
vn -0.43007207539535025 0.4137961190418223 -0.8023782037362819
vn -0.34546479919059675 -0.4301304174834495 -0.8340514950983029
vn -0.12965832777769076 -0.9408503332315667 -0.3130325358424313
vn 0.12965832777769065 0.9408503332315667 0.3130325358424312
vn 0.34548354255158853 0.43012725477282626 0.8340453623919967
vn 0.3454647991905966 -0.4301304174834495 0.8340514950983029
vn 0.12965832777769068 -0.9408503332315667 0.3130325358424313
vn -0.12965832777769062 0.9408503332315667 0.3130325358424311
vn -0.43007207539535025 0.4137961190418223 0.8023782037362819
vn -0.3454647991905966 -0.4301304174834495 0.8340514950983029
vn -0.12965832777769068 -0.9408503332315665 0.3130325358424313
vn -0.3130325358424311 0.9408503332315667 0.12965832777769062
vn -0.9032130779524747 0.21030790223679538 0.37413463094503197
vn -0.9032224629460311 -0.2103016828549685 0.37411546963213593
vn -0.3130325358424313 -0.9408503332315667 0.12965832777769068
vn -0.3130325358424311 0.9408503332315667 -0.12965832777769062
vn -0.9032092234639116 0.2103272956237698 -0.3741330343144126
vn -0.9032170118786587 -0.21032910928573026 -0.3741132117956519
vn -0.3130325358424313 -0.9408503332315667 -0.12965832777769068
usemtl m_b9306b6b-3402-fb8c-6949-e2c979050137
f 1680/6765/1828 1683/6766/1828 1679/6767/1828
f 1680/6768/1829 1681/6769/1829 1684/6770/1829 1683/6771/1829
f 1681/6772/1830 1682/6773/1830 1685/6774/1830 1684/6775/1830
f 1685/6776/1831 1682/6777/1831 1678/6778/1831
f 1683/6779/1832 1686/6780/1832 1679/6781/1832
f 1683/6782/1833 1684/6783/1833 1687/6784/1833 1686/6785/1833
f 1684/6786/1834 1685/6787/1834 1688/6788/1834 1687/6789/1834
f 1688/6790/1835 1685/6791/1835 1678/6792/1835
f 1686/6793/1836 1689/6794/1836 1679/6795/1836
f 1686/6796/1837 1687/6797/1837 1690/6798/1837 1689/6799/1837
f 1687/6800/1838 1688/6801/1838 1691/6802/1838 1690/6803/1838
f 1691/6804/1839 1688/6805/1839 1678/6806/1839
f 1689/6807/1840 1701/6808/1840 1679/6809/1840
f 1689/6810/1841 1690/6811/1841 1702/6812/1841 1701/6813/1841
f 1690/6814/1842 1691/6815/1842 1703/6816/1842 1702/6817/1842
f 1703/6818/1843 1691/6819/1843 1678/6820/1843
f 1692/6821/1844 1680/6822/1844 1679/6823/1844
f 1692/6824/1845 1693/6825/1845 1681/6826/1845 1680/6827/1845
f 1693/6828/1846 1694/6829/1846 1682/6830/1846 1681/6831/1846
f 1682/6832/1847 1694/6833/1847 1678/6834/1847
f 1695/6835/1848 1692/6836/1848 1679/6837/1848
f 1696/6838/1849 1693/6839/1849 1692/6840/1849 1695/6841/1849
f 1697/6842/1850 1694/6843/1850 1693/6844/1850 1696/6845/1850
f 1694/6846/1851 1697/6847/1851 1678/6848/1851
f 1698/6849/1852 1695/6850/1852 1679/6851/1852
f 1699/6852/1853 1696/6853/1853 1695/6854/1853 1698/6855/1853
f 1700/6856/1854 1697/6857/1854 1696/6858/1854 1699/6859/1854
f 1697/6860/1855 1700/6861/1855 1678/6862/1855
f 1701/6863/1856 1698/6864/1856 1679/6865/1856
f 1702/6866/1857 1699/6867/1857 1698/6868/1857 1701/6869/1857
f 1703/6870/1858 1700/6871/1858 1699/6872/1858 1702/6873/1858
f 1700/6874/1859 1703/6875/1859 1678/6876/1859
o sphere
v 0.04375 0.38749999999999996 -0.00625
v 0.04375 0.44999999999999996 -0.00625
v 0.063203125 0.44084687499999997 0.013203125
v 0.071260625 0.41874999999999996 0.021260625
v 0.063203125 0.39665312499999994 0.013203125
v 0.071260625 0.44084687499999997 -0.00625
v 0.08265625 0.41874999999999996 -0.00625
v 0.071260625 0.39665312499999994 -0.00625
v 0.063203125 0.44084687499999997 -0.025703125
v 0.071260625 0.41874999999999996 -0.033760625
v 0.063203125 0.39665312499999994 -0.025703125
v 0.04375 0.44084687499999997 -0.033760625
v 0.04375 0.41874999999999996 -0.04515625
v 0.04375 0.39665312499999994 -0.033760625
v 0.04375 0.44084687499999997 0.021260625
v 0.04375 0.41874999999999996 0.03265625
v 0.04375 0.39665312499999994 0.021260625
v 0.024296874999999996 0.44084687499999997 0.013203125
v 0.022489375 0.41874999999999996 0.021260625
v 0.024296874999999996 0.39665312499999994 0.013203125
v 0.016239374999999997 0.44084687499999997 -0.00625
v 0.01109375 0.41874999999999996 -0.00625
v 0.016239374999999997 0.39665312499999994 -0.00625
v 0.024296874999999996 0.44084687499999997 -0.025703125
v 0.022489375 0.41874999999999996 -0.033760625
v 0.024296874999999996 0.39665312499999994 -0.025703125
vt 0.09375 0.62083828125
vt 0.09419296875 0.61559296875
vt 0.100700625 0.618783125
vt 0.1577078125 0.578125
vt 0.15661875 0.5625
vt 0.1640625 0.5625
vt 0.162971875 0.578125
vt 0.42224375 0.9375
vt 0.4233328125 0.921875
vt 0.428596875 0.921875
vt 0.4296875 0.9375
vt 0.37544296875 0.65198515625
vt 0.375 0.64673984375
vt 0.381950625 0.648795
vt 0.09419296875 0.61559296875
vt 0.09806859375 0.61203078125
vt 0.10070125 0.61878328125
vt 0.2510890625 0.578125
vt 0.25 0.5625
vt 0.25744375 0.5625
vt 0.256353125 0.578125
vt 0.125 0.578125
vt 0.1260890625 0.5625
vt 0.131353125 0.5625
vt 0.13244375 0.578125
vt 0.37931859375 0.65554734375
vt 0.37544296875 0.65198515625
vt 0.38195125 0.64879484375
vt 0.09806859375 0.61203078125
vt 0.10333265625 0.61203078125
vt 0.10070140625 0.61878390625
vt 0.2823390625 0.578125
vt 0.28125 0.5625
vt 0.28869375 0.5625
vt 0.287603125 0.578125
vt 0.3125 0.609375
vt 0.313590625 0.59375
vt 0.3188546875 0.59375
vt 0.3199453125 0.609375
vt 0.38458265625 0.65554734375
vt 0.37931859375 0.65554734375
vt 0.38195140625 0.64879421875
vt 0.37518296875 0.89328078125
vt 0.38044703125 0.89328078125
vt 0.37781421875 0.90003390625
vt 0.4390984375 0.875
vt 0.437753125 0.859375
vt 0.4437828125 0.859375
vt 0.4443359375 0.8747828125
vt 0.43798125 0.78125
vt 0.439071875 0.765625
vt 0.4443359375 0.765625
vt 0.4439828125 0.7809937499999999
vt 0.38044703125 0.62429734375
vt 0.37518296875 0.62429734375
vt 0.37781421875 0.61754421875
vt 0.0969734375 0.625
vt 0.09375 0.62083828125
vt 0.10070015625 0.61878328125
vt 0.3920828125 0.6875
vt 0.3909921875 0.671875
vt 0.3984375 0.671875
vt 0.397346875 0.6875
vt 0.42224375 0.75
vt 0.4233328125 0.734375
vt 0.428596875 0.734375
vt 0.4296875 0.75
vt 0.375 0.64673984375
vt 0.3782234375 0.642578125
vt 0.38195015625 0.64879484375
vt 0.384765625 0.90208828125
vt 0.3815421875 0.90625
vt 0.37781546875 0.90003328125
vt 0.438053125 0.828125
vt 0.4440828125 0.828125
vt 0.4427375 0.84375
vt 0.4375 0.843534375
vt 0.40625 0.546875
vt 0.4115140625 0.546875
vt 0.412603125 0.5625
vt 0.406603125 0.5622437499999999
vt 0.3815421875 0.611328125
vt 0.384765625 0.61548984375
vt 0.37781546875 0.61754484375
vt 0.38432265625 0.89684296875
vt 0.384765625 0.90208828125
vt 0.377815 0.900033125
vt 0.21875 0.5251828125
vt 0.22619375 0.5251828125
vt 0.22450625 0.530834375
vt 0.2192421875 0.530834375
vt 0.2192421875 0.51953125
vt 0.22450625 0.51953125
vt 0.22619375 0.5251828125
vt 0.21875 0.5251828125
vt 0.384765625 0.61548984375
vt 0.38432265625 0.62073515625
vt 0.377815 0.617545
vt 0.38044703125 0.89328078125
vt 0.38432265625 0.89684296875
vt 0.377814375 0.90003328125
vt 0.4691171875 0.8689328125
vt 0.4765625 0.8689328125
vt 0.4760703125 0.874584375
vt 0.47080625 0.874584375
vt 0.47080625 0.86328125
vt 0.4760703125 0.86328125
vt 0.4765625 0.8689328125
vt 0.4691171875 0.8689328125
vt 0.38432265625 0.62073515625
vt 0.38044703125 0.62429734375
vt 0.377814375 0.61754484375
vn 0.3130325358424311 0.9408503332315667 0.12965832777769062
vn 0.834052084177687 0.43011198403372464 0.34548632689215003
vn 0.834061001224555 -0.43010882139710754 0.34546873663572564
vn 0.3130325358424313 -0.9408503332315667 0.12965832777769068
vn 0.3130325358424311 0.9408503332315667 -0.12965832777769062
vn 0.8340453623919966 0.43012725477282643 -0.3454835425515886
vn 0.8340514950983029 -0.43013041748344966 -0.3454647991905965
vn 0.3130325358424313 -0.9408503332315667 -0.12965832777769068
vn 0.1296583277776907 0.9408503332315667 -0.3130325358424311
vn 0.34548632689215 0.43011198403372475 -0.8340520841776871
vn 0.3454687366357257 -0.43010882139710754 -0.8340610012245547
vn 0.12965832777769076 -0.9408503332315667 -0.3130325358424313
vn -0.1296583277776907 0.9408503332315667 -0.3130325358424311
vn -0.43007207539535025 0.4137961190418223 -0.8023782037362819
vn -0.34546479919059675 -0.4301304174834495 -0.8340514950983029
vn -0.12965832777769076 -0.9408503332315667 -0.3130325358424313
vn 0.12965832777769065 0.9408503332315667 0.3130325358424312
vn 0.34548354255158853 0.43012725477282626 0.8340453623919967
vn 0.3454647991905966 -0.4301304174834495 0.8340514950983029
vn 0.12965832777769068 -0.9408503332315667 0.3130325358424313
vn -0.12965832777769062 0.9408503332315667 0.3130325358424311
vn -0.43007207539535025 0.4137961190418223 0.8023782037362819
vn -0.3454647991905966 -0.4301304174834495 0.8340514950983029
vn -0.12965832777769068 -0.9408503332315665 0.3130325358424313
vn -0.3130325358424311 0.9408503332315667 0.12965832777769062
vn -0.9032130779524747 0.21030790223679538 0.37413463094503197
vn -0.9032224629460311 -0.2103016828549685 0.37411546963213593
vn -0.3130325358424313 -0.9408503332315667 0.12965832777769068
vn -0.3130325358424311 0.9408503332315667 -0.12965832777769062
vn -0.9032092234639116 0.2103272956237698 -0.3741330343144126
vn -0.9032170118786587 -0.21032910928573026 -0.3741132117956519
vn -0.3130325358424313 -0.9408503332315667 -0.12965832777769068
usemtl m_b9306b6b-3402-fb8c-6949-e2c979050137
f 1706/6877/1860 1709/6878/1860 1705/6879/1860
f 1706/6880/1861 1707/6881/1861 1710/6882/1861 1709/6883/1861
f 1707/6884/1862 1708/6885/1862 1711/6886/1862 1710/6887/1862
f 1711/6888/1863 1708/6889/1863 1704/6890/1863
f 1709/6891/1864 1712/6892/1864 1705/6893/1864
f 1709/6894/1865 1710/6895/1865 1713/6896/1865 1712/6897/1865
f 1710/6898/1866 1711/6899/1866 1714/6900/1866 1713/6901/1866
f 1714/6902/1867 1711/6903/1867 1704/6904/1867
f 1712/6905/1868 1715/6906/1868 1705/6907/1868
f 1712/6908/1869 1713/6909/1869 1716/6910/1869 1715/6911/1869
f 1713/6912/1870 1714/6913/1870 1717/6914/1870 1716/6915/1870
f 1717/6916/1871 1714/6917/1871 1704/6918/1871
f 1715/6919/1872 1727/6920/1872 1705/6921/1872
f 1715/6922/1873 1716/6923/1873 1728/6924/1873 1727/6925/1873
f 1716/6926/1874 1717/6927/1874 1729/6928/1874 1728/6929/1874
f 1729/6930/1875 1717/6931/1875 1704/6932/1875
f 1718/6933/1876 1706/6934/1876 1705/6935/1876
f 1718/6936/1877 1719/6937/1877 1707/6938/1877 1706/6939/1877
f 1719/6940/1878 1720/6941/1878 1708/6942/1878 1707/6943/1878
f 1708/6944/1879 1720/6945/1879 1704/6946/1879
f 1721/6947/1880 1718/6948/1880 1705/6949/1880
f 1722/6950/1881 1719/6951/1881 1718/6952/1881 1721/6953/1881
f 1723/6954/1882 1720/6955/1882 1719/6956/1882 1722/6957/1882
f 1720/6958/1883 1723/6959/1883 1704/6960/1883
f 1724/6961/1884 1721/6962/1884 1705/6963/1884
f 1725/6964/1885 1722/6965/1885 1721/6966/1885 1724/6967/1885
f 1726/6968/1886 1723/6969/1886 1722/6970/1886 1725/6971/1886
f 1723/6972/1887 1726/6973/1887 1704/6974/1887
f 1727/6975/1888 1724/6976/1888 1705/6977/1888
f 1728/6978/1889 1725/6979/1889 1724/6980/1889 1727/6981/1889
f 1729/6982/1890 1726/6983/1890 1725/6984/1890 1728/6985/1890
f 1726/6986/1891 1729/6987/1891 1704/6988/1891
o Right Lower Leg
v 0.0224375 0.41875 0.021312499999999998
v 0.0224375 0.41875 -0.0338125
v 0.024399374999999994 0.23125 0.018126875
v 0.024399374999999994 0.23125 -0.024376875
v 0.0713125 0.41875 0.021312499999999998
v 0.0713125 0.41875 -0.0338125
v 0.063100625 0.23125 0.018126875
v 0.063100625 0.23125 -0.024376875
v 0.010937499999999996 0.41875 -0.00625
v 0.0828125 0.41875 -0.00625
v 0.071174375 0.23125 -0.0031249999999999993
v 0.016325624999999996 0.23125 -0.0031249999999999993
v 0.04375 0.41875 -0.0453125
v 0.04375 0.23125 -0.03324375
v 0.04375 0.23125 -0.0031249999999999993
v 0.04375 0.23125 0.02699375
v 0.04375 0.41875 0.0328125
v 0.04375 0.41875 -0.00625
v 0.04375 0.35625 0.036153125
v 0.067206875 0.35625 0.025969375
v 0.07699375 0.35625 -0.004687500000000001
v 0.067206875 0.35625 -0.029094375
v 0.04375 0.35625 -0.039278125
v 0.026543124999999994 0.35625 -0.029094375
v 0.016756874999999997 0.35625 -0.004687500000000001
v 0.026543124999999994 0.35625 0.025969375
vt 0.225578125 0.9208984375
vt 0.227609375 0.9521484375
vt 0.2195640625 0.9521484375
vt 0.219903125 0.9209
vt 0.32466171875 0.9034671875
vt 0.31982421875 0.905684375
vt 0.31982421875 0.8981546875
vt 0.32668046875 0.8981546875
vt 0.256246875 0.8749046875
vt 0.2564078125 0.90623125
vt 0.2500140625 0.90623125
vt 0.2509265625 0.8749109375
vt 0.2718890625 0.6709031249999999
vt 0.2724890625 0.7021843750000001
vt 0.266096875 0.7021843750000001
vt 0.26656875 0.6708984375
vt 0.0081359375 0.7490359375
vt 0.00895 0.7803125
vt 0.0009046875 0.7803125
vt 0.0024609375 0.7490234375
vt 0.29663671875 0.95025
vt 0.28974609375 0.953125
vt 0.28974609375 0.943359375
vt 0.29951171875 0.943359375
vt 0.006040625 0.6709031249999999
vt 0.006753125 0.7021843750000001
vt 0.000178125 0.7021843750000001
vt 0.0003578125 0.6708984375
vt 0.32668046875 0.8981546875
vt 0.31982421875 0.8981546875
vt 0.31982421875 0.890625
vt 0.32466171875 0.8928421875
vt 0.1953125 0.7021484375
vt 0.1949109375 0.7333984375
vt 0.1883359375 0.7333984375
vt 0.18963125 0.7021484375
vt 0.28154296875 0.943359375
vt 0.28974609375 0.943359375
vt 0.28974609375 0.953125
vt 0.28441796875 0.95025
vt 0.0693359375 0.6552859375
vt 0.068275 0.6865453125000001
vt 0.0632765625 0.6865453125000001
vt 0.06404375 0.6552734375
vt 0.31498671875 0.8928421875
vt 0.31982421875 0.890625
vt 0.31982421875 0.8981546875
vt 0.31296796875 0.8981546875
vt 0.31296796875 0.8981546875
vt 0.31982421875 0.8981546875
vt 0.31982421875 0.905684375
vt 0.31498671875 0.9034671875
vt 0.302184375 0.6717984375
vt 0.30335 0.7031109375
vt 0.2983515625 0.7031109375
vt 0.2968921875 0.671834375
vt 0.28441796875 0.93646875
vt 0.28974609375 0.93359375
vt 0.28974609375 0.943359375
vt 0.28154296875 0.943359375
vt 0.29951171875 0.943359375
vt 0.28974609375 0.943359375
vt 0.28974609375 0.93359375
vt 0.29663671875 0.93646875
vt 0.250346875 0.921875
vt 0.2500140625 0.90623125
vt 0.2564078125 0.90623125
vt 0.2578125 0.9218703125
vt 0.0023265625 0.7959499999999999
vt 0.0009046875 0.7803125
vt 0.00895 0.7803125
vt 0.009765625 0.7959765625
vt 0 0.71788125
vt 0.000178125 0.7021843750000001
vt 0.006753125 0.7021843750000001
vt 0.007465625 0.7178703125
vt 0.265625 0.7178796875
vt 0.266096875 0.7021843750000001
vt 0.2724890625 0.7021843750000001
vt 0.273090625 0.7178703125
vt 0.0625078125 0.7022234375
vt 0.0632765625 0.6865453125000001
vt 0.068275 0.6865453125000001
vt 0.0685578125 0.70224375
vt 0.1876234375 0.749084375
vt 0.1883359375 0.7333984375
vt 0.1949109375 0.7333984375
vt 0.1950890625 0.74909375
vt 0.21875 0.967825
vt 0.2195640625 0.9521484375
vt 0.227609375 0.9521484375
vt 0.2261875 0.967771875
vt 0.296875 0.7187421875
vt 0.2983515625 0.7031109375
vt 0.30335 0.7031109375
vt 0.302925 0.71875
vn -0.9526363595936587 -0.002741483363424566 0.3040994091561335
vn 0 -1 0
vn 0.39724662272550065 -0.07045685562329501 0.9150032525782965
vn 0.39784643494411764 -0.04423847805301504 -0.9163848379702761
vn 0.9518521292171991 -0.04051511995752662 0.3038684734544071
vn 0 1 0
vn 0.9272408727362703 -0.04449208080822876 -0.3718128812623815
vn 0 -1 0
vn -0.9281672299918979 -0.001449830203340173 -0.37216057174497796
vn 0 1 0
vn -0.5091806988295671 -0.023736490449653445 -0.8603322584679524
vn 0 -1 0
vn 0 -1 0
vn -0.50831457552466 -0.06293361290102668 0.858868821576618
vn 0 1 0
vn 0 1 0
vn 0.3977585255363093 0.04896994664359439 0.9161823506752927
vn 0.9518762061925532 -0.03988693532049181 0.3038761597677762
vn 0.9239372743754254 -0.09528076465617558 -0.37048817647294013
vn 0.396436160829992 -0.09497456310793047 -0.9131364644722249
vn -0.5075751420410357 -0.0828031574070573 -0.857619444920324
vn -0.9245085168514408 -0.08871462159725213 -0.37069356372077167
vn -0.9495226218922446 -0.08083241518364118 0.30310544562982933
vn -0.5090849171500891 0.0306495099264443 0.8601704218767093
usemtl m_b9306b6b-3402-fb8c-6949-e2c979050137
f 1732/6989/1892 1755/6990/1892 1754/6991/1892 1741/6992/1892
f 1736/6993/1893 1745/6994/1893 1744/6995/1893 1740/6996/1893
f 1736/6997/1894 1749/6998/1894 1748/6999/1894 1745/7000/1894
f 1743/7001/1895 1752/7002/1895 1751/7003/1895 1737/7004/1895
f 1740/7005/1896 1750/7006/1896 1749/7007/1896 1736/7008/1896
f 1735/7009/1897 1742/7010/1897 1747/7011/1897 1739/7012/1897
f 1737/7013/1898 1751/7014/1898 1750/7015/1898 1740/7016/1898
f 1740/7017/1899 1744/7018/1899 1743/7019/1899 1737/7020/1899
f 1741/7021/1900 1754/7022/1900 1753/7023/1900 1733/7024/1900
f 1738/7025/1901 1747/7026/1901 1742/7027/1901 1731/7028/1901
f 1733/7029/1902 1753/7030/1902 1752/7031/1902 1743/7032/1902
f 1733/7033/1903 1743/7034/1903 1744/7035/1903 1741/7036/1903
f 1741/7037/1904 1744/7038/1904 1745/7039/1904 1732/7040/1904
f 1745/7041/1905 1748/7042/1905 1755/7043/1905 1732/7044/1905
f 1730/7045/1906 1746/7046/1906 1747/7047/1906 1738/7048/1906
f 1739/7049/1907 1747/7050/1907 1746/7051/1907 1734/7052/1907
f 1746/7053/1908 1748/7054/1908 1749/7055/1908 1734/7056/1908
f 1734/7057/1909 1749/7058/1909 1750/7059/1909 1739/7060/1909
f 1739/7061/1910 1750/7062/1910 1751/7063/1910 1735/7064/1910
f 1735/7065/1911 1751/7066/1911 1752/7067/1911 1742/7068/1911
f 1742/7069/1912 1752/7070/1912 1753/7071/1912 1731/7072/1912
f 1731/7073/1913 1753/7074/1913 1754/7075/1913 1738/7076/1913
f 1738/7077/1914 1754/7078/1914 1755/7079/1914 1730/7080/1914
f 1730/7081/1915 1755/7082/1915 1748/7083/1915 1746/7084/1915
o sphere
v 0.04375 0.2 -0.003125
v 0.04375 0.2625 -0.003125
v 0.056695625 0.253346875 0.011383125
v 0.062058125 0.23125 0.0173925
v 0.056695625 0.20915312500000002 0.011383125
v 0.062058125 0.253346875 -0.003125
v 0.06964125 0.23125 -0.003125
v 0.062058125 0.20915312500000002 -0.003125
v 0.056695625 0.253346875 -0.017633125
v 0.062058125 0.23125 -0.0236425
v 0.056695625 0.20915312500000002 -0.017633125
v 0.04375 0.253346875 -0.0236425
v 0.04375 0.23125 -0.03214125
v 0.04375 0.20915312500000002 -0.0236425
v 0.04375 0.253346875 0.0173925
v 0.04375 0.23125 0.02589125
v 0.04375 0.20915312500000002 0.0173925
v 0.030804374999999995 0.253346875 0.011383125
v 0.025441874999999996 0.23125 0.0173925
v 0.030804374999999995 0.20915312500000002 0.011383125
v 0.025441874999999996 0.253346875 -0.003125
v 0.017858749999999996 0.23125 -0.003125
v 0.025441874999999996 0.20915312500000002 -0.003125
v 0.030804374999999995 0.253346875 -0.017633125
v 0.025441874999999996 0.23125 -0.0236425
v 0.030804374999999995 0.20915312500000002 -0.017633125
vt 0.0625 0.46875
vt 0.06340625 0.46499046875000005
vt 0.067764375 0.46767390625000005
vt 0.5013359375 0.625
vt 0.500390625 0.6191953125
vt 0.505859375 0.6191953125
vt 0.505203125 0.625
vt 0.500390625 0.6191953125
vt 0.5013359375 0.6133906250000001
vt 0.505203125 0.6133906250000001
vt 0.505859375 0.6191953125
vt 0.31340625 0.48129859374999995
vt 0.3125 0.4775390625
vt 0.317764375 0.47861515624999995
vt 0.06340625 0.46499046875000005
vt 0.06635515625 0.46248875
vt 0.067764375 0.46767390625000005
vt 0.50065625 0.5625
vt 0.5 0.556696875
vt 0.50546875 0.556696875
vt 0.5045234375 0.5625
vt 0.5 0.556696875
vt 0.50065625 0.55089375
vt 0.5045234375 0.55089375
vt 0.50546875 0.556696875
vt 0.31635515625 0.4838003125
vt 0.31340625 0.48129859374999995
vt 0.317764375 0.47861515624999995
vt 0.06635515625 0.46248875
vt 0.06992390625 0.46248875
vt 0.06776453125 0.46767468749999996
vt 0.1880828125 0.5
vt 0.1875 0.484375
vt 0.1925453125 0.484375
vt 0.1916515625 0.5
vt 0.09375 0.5
vt 0.0943328125 0.484375
vt 0.0979015625 0.484375
vt 0.0987953125 0.5
vt 0.31992390625 0.4838003125
vt 0.31635515625 0.4838003125
vt 0.31776453125 0.47861437500000004
vt 0.09413859375 0.46248875
vt 0.09770734375 0.46248875
vt 0.09629796875 0.46767468749999996
vt 0.5017078125 0.78125
vt 0.5008140625 0.765625
vt 0.505859375 0.765625
vt 0.5052765625 0.78125
vt 0.5008140625 0.90625
vt 0.5017078125 0.890625
vt 0.5052765625 0.890625
vt 0.505859375 0.90625
vt 0.51958234375 0.6869253125
vt 0.51601359375 0.6869253125
vt 0.51817296875 0.681739375
vt 0.4378375 0.46356406250000004
vt 0.44140625 0.46356406250000004
vt 0.4399984375 0.46875
vt 0.5017078125 0.8125
vt 0.5008140625 0.796875
vt 0.505859375 0.796875
vt 0.5052765625 0.8125
vt 0.5008140625 0.875
vt 0.5017078125 0.859375
vt 0.5052765625 0.859375
vt 0.505859375 0.875
vt 0.53515625 0.5618265625000001
vt 0.5315875 0.5618265625000001
vt 0.5337484375 0.556640625
vt 0.46875 0.46356406250000004
vt 0.47231875 0.46356406250000004
vt 0.4701578125 0.46875
vt 0.21875 0.484375
vt 0.2237953125 0.484375
vt 0.2229015625 0.5
vt 0.2193328125 0.5
vt 0.5005828125 0.828125
vt 0.5041515625 0.828125
vt 0.5050453125 0.84375
vt 0.5 0.84375
vt 0.53481875 0.5305765625000001
vt 0.53125 0.5305765625000001
vt 0.5326578125 0.525390625
vt 0.10065625 0.46499046875000005
vt 0.1015625 0.46875
vt 0.096298125 0.46767390625000005
vt 0.40625 0.49419531250000004
vt 0.41171875 0.49419531250000004
vt 0.4107734375 0.5
vt 0.40690625 0.5
vt 0.40690625 0.48839062499999997
vt 0.4107734375 0.48839062499999997
vt 0.41171875 0.49419531250000004
vt 0.40625 0.49419531250000004
vt 0.5234375 0.6806640625
vt 0.52253125 0.6844235937500001
vt 0.518173125 0.6817401562500001
vt 0.09770734375 0.46248875
vt 0.10065625 0.46499046875000005
vt 0.096298125 0.46767390625000005
vt 0.469140625 0.494196875
vt 0.474609375 0.494196875
vt 0.473953125 0.5
vt 0.4700859375 0.5
vt 0.4700859375 0.48839374999999996
vt 0.473953125 0.48839374999999996
vt 0.474609375 0.494196875
vt 0.469140625 0.494196875
vt 0.52253125 0.6844235937500001
vt 0.51958234375 0.6869253125
vt 0.518173125 0.6817401562500001
vn 0.44119102830339113 0.8824724337378791 0.1630732358093782
vn 0.8928637680525188 0.3064258192658189 0.3299962257152798
vn 0.8928547258503141 -0.30642937916396346 0.33001738456019025
vn 0.44119102830339124 -0.882472433737879 0.16307323580937824
vn 0.44119102830339113 0.8824724337378791 -0.1630732358093782
vn 0.8928681692119653 0.3064112430221687 -0.3299978523531368
vn 0.8928609499008946 -0.30640876552531615 -0.330019685096699
vn 0.44119102830339124 -0.882472433737879 -0.16307323580937824
vn 0.185826498715763 0.897338723274246 -0.400314536443016
vn 0.3975552868914248 0.32938747211693453 -0.8564191071415284
vn 0.39755165152746397 -0.3293870889038043 -0.8564209420788725
vn 0.18582649871576307 -0.8973387232742459 -0.4003145364430161
vn -0.185826498715763 0.897338723274246 -0.400314536443016
vn -0.39755494264617014 0.3293898157243463 -0.8564183655636313
vn -0.3975511646880321 -0.3293904033160818 -0.856419893310786
vn -0.18582649871576307 -0.8973387232742459 -0.4003145364430161
vn 0.1858264987157631 0.897338723274246 0.400314536443016
vn 0.39755494264617 0.3293898157243461 0.8564183655636314
vn 0.3975511646880322 -0.3293904033160817 0.856419893310786
vn 0.18582649871576312 -0.8973387232742459 0.4003145364430161
vn -0.1858264987157631 0.897338723274246 0.400314536443016
vn -0.39755494264617 0.3293898157243461 0.8564183655636314
vn -0.39755116468803225 -0.3293904033160817 0.856419893310786
vn -0.18582649871576312 -0.8973387232742459 0.4003145364430161
vn -0.44119102830339113 0.8824724337378791 0.1630732358093782
vn -0.8928637680525187 0.30642581926581886 0.3299962257152798
vn -0.8928547258503142 -0.3064293791639634 0.3300173845601902
vn -0.44119102830339124 -0.882472433737879 0.16307323580937824
vn -0.44119102830339113 0.8824724337378791 -0.1630732358093782
vn -0.8928681692119653 0.3064112430221687 -0.3299978523531368
vn -0.8928609499008946 -0.3064087655253161 -0.33001968509669904
vn -0.44119102830339124 -0.882472433737879 -0.16307323580937824
usemtl m_b9306b6b-3402-fb8c-6949-e2c979050137
f 1758/7085/1916 1761/7086/1916 1757/7087/1916
f 1758/7088/1917 1759/7089/1917 1762/7090/1917 1761/7091/1917
f 1759/7092/1918 1760/7093/1918 1763/7094/1918 1762/7095/1918
f 1763/7096/1919 1760/7097/1919 1756/7098/1919
f 1761/7099/1920 1764/7100/1920 1757/7101/1920
f 1761/7102/1921 1762/7103/1921 1765/7104/1921 1764/7105/1921
f 1762/7106/1922 1763/7107/1922 1766/7108/1922 1765/7109/1922
f 1766/7110/1923 1763/7111/1923 1756/7112/1923
f 1764/7113/1924 1767/7114/1924 1757/7115/1924
f 1764/7116/1925 1765/7117/1925 1768/7118/1925 1767/7119/1925
f 1765/7120/1926 1766/7121/1926 1769/7122/1926 1768/7123/1926
f 1769/7124/1927 1766/7125/1927 1756/7126/1927
f 1767/7127/1928 1779/7128/1928 1757/7129/1928
f 1767/7130/1929 1768/7131/1929 1780/7132/1929 1779/7133/1929
f 1768/7134/1930 1769/7135/1930 1781/7136/1930 1780/7137/1930
f 1781/7138/1931 1769/7139/1931 1756/7140/1931
f 1770/7141/1932 1758/7142/1932 1757/7143/1932
f 1770/7144/1933 1771/7145/1933 1759/7146/1933 1758/7147/1933
f 1771/7148/1934 1772/7149/1934 1760/7150/1934 1759/7151/1934
f 1760/7152/1935 1772/7153/1935 1756/7154/1935
f 1773/7155/1936 1770/7156/1936 1757/7157/1936
f 1774/7158/1937 1771/7159/1937 1770/7160/1937 1773/7161/1937
f 1775/7162/1938 1772/7163/1938 1771/7164/1938 1774/7165/1938
f 1772/7166/1939 1775/7167/1939 1756/7168/1939
f 1776/7169/1940 1773/7170/1940 1757/7171/1940
f 1777/7172/1941 1774/7173/1941 1773/7174/1941 1776/7175/1941
f 1778/7176/1942 1775/7177/1942 1774/7178/1942 1777/7179/1942
f 1775/7180/1943 1778/7181/1943 1756/7182/1943
f 1779/7183/1944 1776/7184/1944 1757/7185/1944
f 1780/7186/1945 1777/7187/1945 1776/7188/1945 1779/7189/1945
f 1781/7190/1946 1778/7191/1946 1777/7192/1946 1780/7193/1946
f 1778/7194/1947 1781/7195/1947 1756/7196/1947
o sphere
v 0.04375 0.25625 -0.003125
v 0.056949374999999997 0.247096875 0.011636875
v 0.062416875 0.22499999999999998 0.01775125
v 0.062416875 0.247096875 -0.003125
v 0.07014875 0.22499999999999998 -0.003125
v 0.056949374999999997 0.247096875 -0.017886875
v 0.062416875 0.22499999999999998 -0.02400125
v 0.04375 0.247096875 -0.02400125
v 0.04375 0.22499999999999998 -0.03264875
v 0.04375 0.247096875 0.01775125
v 0.04375 0.22499999999999998 0.02639875
v 0.030550624999999998 0.247096875 0.011636875
v 0.025083124999999998 0.22499999999999998 0.01775125
v 0.025083124999999998 0.247096875 -0.003125
v 0.01735125 0.22499999999999998 -0.003125
v 0.030550624999999998 0.247096875 -0.017886875
v 0.025083124999999998 0.22499999999999998 -0.02400125
v 0.04375 0.202903125 -0.02400125
v 0.030550624999999998 0.202903125 -0.017886875
v 0.04375 0.19374999999999998 -0.003125
v 0.025083124999999998 0.202903125 -0.003125
v 0.030550624999999998 0.202903125 0.011636875
v 0.056949374999999997 0.202903125 0.011636875
v 0.04375 0.202903125 0.01775125
v 0.062416875 0.202903125 -0.003125
v 0.056949374999999997 0.202903125 -0.017886875
vt 0.25 0.484375
vt 0.25090078125 0.48054515625000005
vt 0.25533765625 0.48325328125
vt 0.3137515625 0.546875
vt 0.31279375 0.53125
vt 0.318359375 0.53125
vt 0.3176875 0.546875
vt 0.25090078125 0.48054515625000005
vt 0.2538953125 0.477993125
vt 0.25533765625 0.48325328125
vt 0.453796875 0.96875
vt 0.453125 0.953125
vt 0.458690625 0.953125
vt 0.45773125 0.96875
vt 0.2538953125 0.477993125
vt 0.25753125 0.477993125
vt 0.2553375 0.4832525
vt 0.4380984375 0.53125
vt 0.4375 0.515625
vt 0.44264375 0.515625
vt 0.441734375 0.53125
vt 0.51590625 0.743618125
vt 0.5195421875 0.743618125
vt 0.5181 0.7488775
vt 0.470375 0.5625
vt 0.469465625 0.546875
vt 0.474609375 0.546875
vt 0.4740109375 0.5625
vt 0.53151875 0.8384906249999999
vt 0.53515625 0.8384906249999999
vt 0.5337125 0.84375
vt 0.157875 0.515625
vt 0.1569671875 0.5
vt 0.162109375 0.5
vt 0.1615125 0.515625
vt 0.1875 0.46349062500000004
vt 0.1911375 0.46349062500000004
vt 0.18894375 0.46875
vt 0.25 0.5
vt 0.2551421875 0.5
vt 0.254234375 0.515625
vt 0.250596875 0.515625
vt 0.52253671875 0.74617015625
vt 0.5234375 0.75
vt 0.51809984375 0.74887828125
vt 0.453125 0.671875
vt 0.458690625 0.671875
vt 0.4577328125 0.6875
vt 0.453796875 0.6875
vt 0.5195421875 0.743618125
vt 0.52253671875 0.74617015625
vt 0.51809984375 0.74887828125
vt 0.45341875 0.921875
vt 0.458984375 0.921875
vt 0.4583125 0.9375
vt 0.454378125 0.9375
vt 0.469465625 0.59375
vt 0.470375 0.578125
vt 0.4740109375 0.578125
vt 0.474609375 0.59375
vt 0.51652484375 0.93449421875
vt 0.515625 0.9306640625
vt 0.52096234375 0.9317871875
vt 0.51951859375 0.9370468750000001
vt 0.51652484375 0.93449421875
vt 0.52096234375 0.9317871875
vt 0.51954390625 0.9682968750000001
vt 0.51590640625 0.9682968750000001
vt 0.51810015625 0.9630375
vt 0.52315609375 0.9370468750000001
vt 0.51951859375 0.9370468750000001
vt 0.52096234375 0.9317875
vt 0.5234375 0.9619140625
vt 0.52253765625 0.96574421875
vt 0.51810015625 0.9630371875
vt 0.5348859375 0.7806500000000001
vt 0.53125 0.7806500000000001
vt 0.5326921875 0.775390625
vt 0.53515625 0.6556500000000001
vt 0.5315203125 0.6556500000000001
vt 0.5337140625 0.650390625
vt 0.52253765625 0.96574421875
vt 0.51954390625 0.9682968750000001
vt 0.51810015625 0.9630371875
vt 0.125596875 0.5
vt 0.129234375 0.5
vt 0.1301421875 0.515625
vt 0.125 0.515625
vt 0.344421875 0.53125
vt 0.34835625 0.53125
vt 0.349315625 0.546875
vt 0.34375 0.546875
vt 0.126253125 0.53125
vt 0.1301875 0.53125
vt 0.130859375 0.546875
vt 0.12529375 0.546875
vt 0.4850921875 0.9375
vt 0.486 0.921875
vt 0.4896375 0.921875
vt 0.490234375 0.9375
vt 0.40625 0.53125
vt 0.4068484375 0.515625
vt 0.410484375 0.515625
vt 0.41139375 0.53125
vt 0.15625 0.546875
vt 0.156921875 0.53125
vt 0.16085625 0.53125
vt 0.161815625 0.546875
vt 0.03154375 0.53125
vt 0.032503125 0.515625
vt 0.0364375 0.515625
vt 0.037109375 0.53125
vn 0.4345227153368096 0.8861652399429495 0.1609384272732296
vn 0.8910075220875987 0.3117783075160389 0.32999982203897016
vn 0.4345227153368096 0.8861652399429495 -0.1609384272732296
vn 0.8910096278917863 0.3117714639131463 -0.3300006019594422
vn 0.18287251809231778 0.9003945080404606 -0.39477509042130843
vn 0.3961105549861704 0.3346130372843873 -0.8550617191219972
vn -0.18287251809231778 0.9003945080404606 -0.39477509042130843
vn -0.3961090928365904 0.33462283342527066 -0.8550585628614084
vn 0.1828725180923178 0.9003945080404606 0.39477509042130843
vn 0.3961090928365904 0.33462283342527066 0.8550585628614084
vn -0.18287251809231778 0.9003945080404606 0.3947750904213084
vn -0.3961090928365904 0.33462283342527066 0.8550585628614084
vn -0.4345227153368096 0.8861652399429495 0.1609384272732296
vn -0.8910075220875985 0.3117783075160389 0.32999982203897016
vn -0.4345227153368096 0.8861652399429495 -0.1609384272732296
vn -0.8910096278917863 0.3117714639131463 -0.3300006019594422
vn -0.3960935229203444 -0.3346252811844651 -0.8550648175973378
vn -0.43452271533680975 -0.8861652399429495 -0.16093842727322966
vn -0.43452271533680975 -0.8861652399429495 0.16093842727322966
vn 0.18287251809231783 -0.9003945080404604 0.3947750904213084
vn -0.18287251809231786 -0.9003945080404604 0.39477509042130843
vn 0.43452271533680975 -0.8861652399429495 -0.16093842727322966
vn 0.1828725180923178 -0.9003945080404604 -0.39477509042130843
vn -0.1828725180923178 -0.9003945080404604 -0.39477509042130843
vn 0.43452271533680975 -0.8861652399429495 0.16093842727322966
vn -0.39609352292034455 -0.3346252811844651 0.8550648175973378
vn -0.8910033134173225 -0.31177997463953216 0.3300096103041931
vn -0.8910062914236825 -0.31177029645601406 -0.33001071329753057
vn 0.3960935229203444 -0.3346252811844651 0.8550648175973378
vn 0.39609559066719924 -0.334611427137809 -0.8550692813350282
vn 0.8910062914236825 -0.31177029645601406 -0.33001071329753057
vn 0.8910033134173225 -0.31177997463953216 0.3300096103041931
usemtl m_b9306b6b-3402-fb8c-6949-e2c979050137
f 1783/7197/1948 1785/7198/1948 1782/7199/1948
f 1783/7200/1949 1784/7201/1949 1786/7202/1949 1785/7203/1949
f 1785/7204/1950 1787/7205/1950 1782/7206/1950
f 1785/7207/1951 1786/7208/1951 1788/7209/1951 1787/7210/1951
f 1787/7211/1952 1789/7212/1952 1782/7213/1952
f 1787/7214/1953 1788/7215/1953 1790/7216/1953 1789/7217/1953
f 1789/7218/1954 1797/7219/1954 1782/7220/1954
f 1789/7221/1955 1790/7222/1955 1798/7223/1955 1797/7224/1955
f 1791/7225/1956 1783/7226/1956 1782/7227/1956
f 1791/7228/1957 1792/7229/1957 1784/7230/1957 1783/7231/1957
f 1793/7232/1958 1791/7233/1958 1782/7234/1958
f 1794/7235/1959 1792/7236/1959 1791/7237/1959 1793/7238/1959
f 1795/7239/1960 1793/7240/1960 1782/7241/1960
f 1796/7242/1961 1794/7243/1961 1793/7244/1961 1795/7245/1961
f 1797/7246/1962 1795/7247/1962 1782/7248/1962
f 1798/7249/1963 1796/7250/1963 1795/7251/1963 1797/7252/1963
f 1790/7253/1964 1799/7254/1964 1800/7255/1964 1798/7256/1964
f 1802/7257/1965 1800/7258/1965 1801/7259/1965
f 1803/7260/1966 1802/7261/1966 1801/7262/1966
f 1804/7263/1967 1805/7264/1967 1801/7265/1967
f 1805/7266/1968 1803/7267/1968 1801/7268/1968
f 1807/7269/1969 1806/7270/1969 1801/7271/1969
f 1799/7272/1970 1807/7273/1970 1801/7274/1970
f 1800/7275/1971 1799/7276/1971 1801/7277/1971
f 1806/7278/1972 1804/7279/1972 1801/7280/1972
f 1803/7281/1973 1805/7282/1973 1792/7283/1973 1794/7284/1973
f 1802/7285/1974 1803/7286/1974 1794/7287/1974 1796/7288/1974
f 1800/7289/1975 1802/7290/1975 1796/7291/1975 1798/7292/1975
f 1792/7293/1976 1805/7294/1976 1804/7295/1976 1784/7296/1976
f 1788/7297/1977 1807/7298/1977 1799/7299/1977 1790/7300/1977
f 1786/7301/1978 1806/7302/1978 1807/7303/1978 1788/7304/1978
f 1784/7305/1979 1804/7306/1979 1806/7307/1979 1786/7308/1979
o Right Foot
v 0.023124999999999996 0.22499999999999998 0.02066375
v 0.023888749999999997 0.21187499999999998 -0.094476875
v 0.01854125 0.18749999999999997 0.031238125000000002
v 0.013958749999999999 0.18749999999999997 -0.094476875
v 0.064375 0.22499999999999998 0.02066375
v 0.06361125 0.21187499999999998 -0.094476875
v 0.06895875 0.18749999999999997 0.031238125000000002
v 0.07354125 0.18749999999999997 -0.094476875
v 0.023124999999999996 0.22499999999999998 -0.022807499999999998
v 0.064375 0.22499999999999998 -0.022807499999999998
v 0.07354125 0.18749999999999997 -0.032206874999999996
v 0.013958749999999999 0.18749999999999997 -0.032206874999999996
v 0.07354125 0.22499999999999998 -0.000484375
v 0.013958749999999999 0.22499999999999998 -0.000484375
v 0.013958749999999999 0.18749999999999997 -0.000484375
v 0.07354125 0.18749999999999997 -0.000484375
v 0.04375 0.22499999999999998 -0.000484375
v 0.04375 0.22499999999999998 0.030063125000000003
v 0.04375 0.18749999999999997 0.035937500000000004
v 0.04375 0.18749999999999997 -0.000484375
v 0.04375 0.18749999999999997 -0.03690625
v 0.04375 0.18749999999999997 -0.094476875
v 0.04375 0.21187499999999998 -0.094476875
v 0.04375 0.22499999999999998 -0.031031875
v 0.04375 0.20625 0.03535
v 0.014531249999999996 0.20625 0.030063125000000003
v 0.009374999999999994 0.20625 -0.000484375
v 0.014531249999999996 0.20625 -0.031031875
v 0.013958749999999999 0.20249999999999999 -0.094476875
v 0.07354125 0.20249999999999999 -0.094476875
v 0.07296875 0.20625 -0.031031875
v 0.078125 0.20625 -0.000484375
v 0.07296875 0.20625 0.030063125000000003
v 0.059887499999999996 0.20578124999999997 -0.115625
v 0.04375 0.19874999999999998 -0.115625
v 0.06609374999999999 0.19874999999999998 -0.115625
v 0.04375 0.20578124999999997 -0.115625
v 0.021406249999999998 0.19874999999999998 -0.115625
v 0.027612499999999998 0.20578124999999997 -0.115625
v 0.04375 0.18749999999999997 -0.115625
v 0.06609374999999999 0.18749999999999997 -0.115625
v 0.021406249999999998 0.18749999999999997 -0.115625
vt 0.0553978125 0.8125
vt 0.05289171875 0.8075475
vt 0.06053265625 0.80629015625
vt 0.06110359375 0.8109340625
vt 0.00030484375 0.90813
vt 0.00775328125 0.9081284375
vt 0.00775328125 0.9157659375
vt 0.00259703125 0.9137096875
vt 0.0316140625 0.98276875
vt 0.0390625 0.98159375
vt 0.0390625 0.9907
vt 0.0316140625 0.9906984375
vt 0.3311653125 0.703125
vt 0.32894640625 0.6979101562500001
vt 0.33633390625 0.69718015625
vt 0.3365625 0.70189296875
vt 0.505859375 0.5
vt 0.505859375 0.49824218750000004
vt 0.5114453125 0.49824218750000004
vt 0.50989375 0.5
vt 0.1954521875 0.88956171875
vt 0.1952921875 0.88473875
vt 0.20303578125 0.8847878125
vt 0.20133453125 0.8899115625
vt 0.0025965625 0.91370953125
vt 0.00775328125 0.9157659375
vt 0.00761875 0.93196375
vt 0.00266921875 0.93192265625
vt 0.2012859375 0.89005765625
vt 0.20303578125 0.8847878125
vt 0.21881671875 0.88294359375
vt 0.2190259375 0.88611046875
vt 0.0316140625 0.9672015625
vt 0.0390625 0.9672015625
vt 0.0390625 0.98159375
vt 0.0316140625 0.98276875
vt 0.03731703125 0.81129078125
vt 0.0371459375 0.8078815625
vt 0.05303578125 0.8078321875
vt 0.0553978125 0.8125
vt 0.00259703125 0.9028425
vt 0.00775328125 0.9004925
vt 0.00775328125 0.9081284375
vt 0.00030484375 0.90813
vt 0.06110359375 0.8109340625
vt 0.0605146875 0.80614453125
vt 0.06823203125 0.80550390625
vt 0.066705 0.81079359375
vt 0.0316140625 0.9906984375
vt 0.0390625 0.9907
vt 0.0390625 0.9998046875
vt 0.0327609375 0.9986296875
vt 0.189921875 0.890625
vt 0.18757484375 0.8854671875
vt 0.19529734375 0.8848946875
vt 0.1954521875 0.88956171875
vt 0.01520171875 0.9081284375
vt 0.00775328125 0.9081284375
vt 0.00775328125 0.9004925
vt 0.01290953125 0.9028425
vt 0.3365625 0.70189296875
vt 0.3363265625 0.69702890625
vt 0.34375 0.69702890625
vt 0.3420546875 0.7022664062499999
vt 0.0453640625 0.9986296875
vt 0.0390625 0.9998046875
vt 0.0390625 0.9907
vt 0.0465109375 0.9907
vt 0.0465109375 0.9907
vt 0.0390625 0.9907
vt 0.0390625 0.98159375
vt 0.0465109375 0.98276875
vt 0.0465109375 0.98276875
vt 0.0390625 0.98159375
vt 0.0390625 0.9672015625
vt 0.0465109375 0.9672015625
vt 0.501825 0.5
vt 0.5002734375 0.49824218750000004
vt 0.505859375 0.49824218750000004
vt 0.505859375 0.5
vt 0.01258421875 0.93200484375
vt 0.00761875 0.93196375
vt 0.007753125 0.91576734375
vt 0.0129259375 0.9137978125
vt 0.0129409375 0.91379203125
vt 0.007753125 0.91576734375
vt 0.00787265625 0.90813078125
vt 0.01532015625 0.90824734375
vt 0.3358975 0.69250984375
vt 0.33633390625 0.69718015625
vt 0.32894640625 0.6979101562500001
vt 0.3295178125 0.69314171875
vt 0.06829265625 0.80070109375
vt 0.06823203125 0.80550390625
vt 0.0605146875 0.80614453125
vt 0.06030609375 0.8013264062500001
vt 0.06030609375 0.8013264062500001
vt 0.06051484375 0.8061476562500001
vt 0.05277125 0.80617671875
vt 0.05248859375 0.8016653125
vt 0.05248859375 0.8016653125
vt 0.05278234375 0.806354375
vt 0.03692140625 0.805416875
vt 0.03692140625 0.8016684375
vt 0.5114453125 0.49542968750000005
vt 0.5114453125 0.49824218750000004
vt 0.505859375 0.49824218750000004
vt 0.505859375 0.49542968750000005
vt 0.505859375 0.49542968750000005
vt 0.505859375 0.49824218750000004
vt 0.5002734375 0.49824218750000004
vt 0.5002734375 0.49542968750000005
vt 0.21889828125 0.8801003125
vt 0.21889828125 0.8838503125
vt 0.20303578125 0.8847878125
vt 0.20333109375 0.8801003125
vt 0.20333125 0.8800990625
vt 0.20303578125 0.8847878125
vt 0.1952921875 0.88473875
vt 0.1955121875 0.8801025
vt 0.1955209375 0.8799184375
vt 0.1952921875 0.88473875
vt 0.18757765625 0.88406625
vt 0.18753640625 0.87926796875
vt 0.3427125 0.69233984375
vt 0.34375 0.69702890625
vt 0.3363265625 0.69702890625
vt 0.3363015625 0.6923382812500001
vt 0.22448328125 0.88325828125
vt 0.22457296875 0.8856009375
vt 0.2190409375 0.8863371875
vt 0.21881671875 0.88294359375
vt 0.01160734375 0.9375
vt 0.007573125 0.9374665625
vt 0.00761875 0.93196375
vt 0.01258421875 0.93200484375
vt 0.031744375 0.8112225
vt 0.03155140625 0.8088865625
vt 0.0371465625 0.8078928125
vt 0.03731703125 0.81129078125
vt 0.007573125 0.9374665625
vt 0.00353890625 0.93743328125
vt 0.00265328125 0.93192265625
vt 0.00761875 0.93196375
vt 0.22450296875 0.8801003125
vt 0.22450296875 0.8829128125
vt 0.21889828125 0.8838503125
vt 0.21889828125 0.8801003125
vt 0.0390625 0.9619140625
vt 0.0446484375 0.9619140625
vt 0.0465109375 0.9672015625
vt 0.0390625 0.9672015625
vt 0.03131671875 0.804479375
vt 0.03131671875 0.801666875
vt 0.03692140625 0.801666875
vt 0.03692140625 0.805416875
vt 0.0334765625 0.9619140625
vt 0.0390625 0.9619140625
vt 0.0390625 0.9672015625
vt 0.0316140625 0.9672015625
vn -0.8730672257076267 0.46479674386280045 -0.14736894615123824
vn 0 1 0
vn 0 -1 0
vn -0.1543595884646458 0.49840349219493885 0.8530926540633876
vn 0 0 -1
vn 0.9585936720239917 0.23434419968746534 -0.16180533992548352
vn -0.0805190694611427 0.9760855641498452 -0.2019248645199262
vn 0.9061237864358078 0.42267863074967055 -0.01680650953702838
vn 0 -1 0
vn -0.6860305552467946 0.7266435641174046 -0.036758781189399896
vn 0 1 0
vn -0.9585936720239917 0.23434419968746534 0.16180533992548352
vn 0 -1 0
vn 0.8693068289062105 0.471990156983399 0.14673421185195673
vn 0 1 0
vn 0.17156835852524424 0.26736069203517226 0.9481996407441985
vn 0 -1 0
vn 0 -1 0
vn 0 -1 0
vn 0 0 -1
vn 0 0.9792651711354103 -0.20258263647493513
vn 0 1 0
vn -0.1779654257516739 0.030818026696053036 0.9835540434910462
vn -0.9668187393339034 -0.19654349672625093 0.16319368605255555
vn -0.9585936720239917 -0.23434419968746542 -0.16180533992548352
vn -0.9995217121069616 0.030064883606927457 0.00724222344795105
vn 0 0 -1
vn 0 0 -1
vn 0.9999592901350008 0 0.009023196368544166
vn 0.9852423761062772 0.04050441954641307 -0.16630349461651503
vn 0.9585936720239917 -0.23434419968746542 0.16180533992548352
vn 0.17800049188587697 0.02357982623539056 0.9837478420220777
vn 0.7134928075091942 0.6297763180947819 -0.3070990113947425
vn 0 0.9609042652310811 -0.276880828265007
vn -0.7005093458270678 0.618316249250025 -0.3563308467173653
vn 0 0.9609042652310811 -0.276880828265007
vn 0.943221685987788 0 -0.3321638919003008
vn 0 -1 0
vn -0.943221685987788 0 -0.3321638919003008
vn 0 -1 0
usemtl m_b9306b6b-3402-fb8c-6949-e2c979050137
f 1816/7309/1980 1835/7310/1980 1834/7311/1980 1821/7312/1980
f 1821/7313/1981 1824/7314/1981 1831/7315/1981 1816/7316/1981
f 1819/7317/1982 1828/7318/1982 1827/7319/1982 1822/7320/1982
f 1808/7321/1983 1833/7322/1983 1832/7323/1983 1825/7324/1983
f 1844/7325/1984 1842/7326/1984 1845/7327/1984 1846/7328/1984
f 1820/7329/1985 1839/7330/1985 1838/7331/1985 1817/7332/1985
f 1816/7333/1986 1831/7334/1986 1830/7335/1986 1809/7336/1986
f 1817/7337/1987 1838/7338/1987 1837/7339/1987 1813/7340/1987
f 1811/7341/1988 1829/7342/1988 1828/7343/1988 1819/7344/1988
f 1809/7345/1989 1836/7346/1989 1835/7347/1989 1816/7348/1989
f 1808/7349/1990 1825/7350/1990 1824/7351/1990 1821/7352/1990
f 1821/7353/1991 1834/7354/1991 1833/7355/1991 1808/7356/1991
f 1822/7357/1992 1827/7358/1992 1826/7359/1992 1810/7360/1992
f 1812/7361/1993 1840/7362/1993 1839/7363/1993 1820/7364/1993
f 1820/7365/1994 1824/7366/1994 1825/7367/1994 1812/7368/1994
f 1825/7369/1995 1832/7370/1995 1840/7371/1995 1812/7372/1995
f 1814/7373/1996 1826/7374/1996 1827/7375/1996 1823/7376/1996
f 1823/7377/1997 1827/7378/1997 1828/7379/1997 1818/7380/1997
f 1818/7381/1998 1828/7382/1998 1829/7383/1998 1815/7384/1998
f 1841/7385/1999 1843/7386/1999 1842/7387/1999 1844/7388/1999
f 1813/7389/2000 1830/7390/2000 1831/7391/2000 1817/7392/2000
f 1817/7393/2001 1831/7394/2001 1824/7395/2001 1820/7396/2001
f 1826/7397/2002 1832/7398/2002 1833/7399/2002 1810/7400/2002
f 1810/7401/2003 1833/7402/2003 1834/7403/2003 1822/7404/2003
f 1822/7405/2004 1834/7406/2004 1835/7407/2004 1819/7408/2004
f 1819/7409/2005 1835/7410/2005 1836/7411/2005 1811/7412/2005
f 1849/7413/2006 1845/7414/2006 1842/7415/2006 1847/7416/2006
f 1847/7417/2007 1842/7418/2007 1843/7419/2007 1848/7420/2007
f 1815/7421/2008 1837/7422/2008 1838/7423/2008 1818/7424/2008
f 1818/7425/2009 1838/7426/2009 1839/7427/2009 1823/7428/2009
f 1823/7429/2010 1839/7430/2010 1840/7431/2010 1814/7432/2010
f 1814/7433/2011 1840/7434/2011 1832/7435/2011 1826/7436/2011
f 1843/7437/2012 1841/7438/2012 1813/7439/2012 1837/7440/2012
f 1841/7441/2013 1844/7442/2013 1830/7443/2013 1813/7444/2013
f 1846/7445/2014 1845/7446/2014 1836/7447/2014 1809/7448/2014
f 1844/7449/2015 1846/7450/2015 1809/7451/2015 1830/7452/2015
f 1848/7453/2016 1843/7454/2016 1837/7455/2016 1815/7456/2016
f 1847/7457/2017 1848/7458/2017 1815/7459/2017 1829/7460/2017
f 1845/7461/2018 1849/7462/2018 1811/7463/2018 1836/7464/2018
f 1849/7465/2019 1847/7466/2019 1829/7467/2019 1811/7468/2019
o sphere
v -0.044149999999999995 0.58125 -0.003325
v -0.044149999999999995 0.65625 -0.003325
v -0.066785625 0.64526625 0.020973125
v -0.07616187499999999 0.61875 0.0310375
v -0.066785625 0.59223375 0.020973125
v -0.07616187499999999 0.64526625 -0.003325
v -0.08942125 0.61875 -0.003325
v -0.07616187499999999 0.59223375 -0.003325
v -0.066785625 0.64526625 -0.027623125
v -0.07616187499999999 0.61875 -0.0376875
v -0.066785625 0.59223375 -0.027623125
v -0.044149999999999995 0.64526625 -0.0376875
v -0.044149999999999995 0.61875 -0.05192125
v -0.044149999999999995 0.59223375 -0.0376875
v -0.044149999999999995 0.64526625 0.0310375
v -0.044149999999999995 0.61875 0.03942125
v -0.044149999999999995 0.59223375 0.0310375
v -0.021514999999999996 0.64526625 0.020973125
v -0.017588124999999996 0.61875 0.0310375
v -0.021514999999999996 0.59223375 0.020973125
v -0.012138749999999997 0.64526625 -0.003325
v -0.004328749999999999 0.61875 -0.003325
v -0.012138749999999997 0.59223375 -0.003325
v -0.021514999999999996 0.64526625 -0.027623125
v -0.017588124999999996 0.61875 -0.0376875
v -0.021514999999999996 0.59223375 -0.027623125
vt 0.33995421875 0.94159203125
vt 0.3408203125 0.94804515625
vt 0.3324534375 0.94550578125
vt 0.34375 0.828125
vt 0.3529578125 0.828125
vt 0.3514546875 0.84375
vt 0.34494375 0.84375
vt 0.34494375 0.796875
vt 0.3514546875 0.796875
vt 0.3529578125 0.8125
vt 0.34375 0.8125
vt 0.3251953125 0.76972890625
vt 0.3243284375 0.776181875
vt 0.31682671875 0.77226703125
vt 0.3351565625 0.93719046875
vt 0.33995421875 0.94159203125
vt 0.3324534375 0.94550578125
vt 0.3286828125 0.65625
vt 0.337890625 0.65625
vt 0.3366984375 0.671875
vt 0.3301859375 0.671875
vt 0.0958125 0.640625
vt 0.1023234375 0.640625
vt 0.103515625 0.65625
vt 0.0943078125 0.65625
vt 0.3243284375 0.776181875
vt 0.31953046875 0.7805831249999999
vt 0.31682796875 0.7722676562499999
vt 0.328964375 0.93719046875
vt 0.3351565625 0.93719046875
vt 0.3324534375 0.9455060937499999
vt 0.3594046875 0.953125
vt 0.3681640625 0.953125
vt 0.36704375 0.96875
vt 0.3608515625 0.96875
vt 0.3608515625 0.984375
vt 0.36704375 0.984375
vt 0.3681640625 1
vt 0.3594046875 1
vt 0.31953046875 0.7805831249999999
vt 0.31333828125 0.7805831249999999
vt 0.31682734375 0.7722659375
vt 0.161914375 0.6715639062500001
vt 0.1681065625 0.6715639062500001
vt 0.1646175 0.67987953125
vt 0.0003234375 0.59375
vt 0.00785625 0.59375
vt 0.0061765625 0.609375
vt 0 0.6091796875
vt 0.390625 0.953125
vt 0.3968171875 0.953125
vt 0.3982640625 0.96875
vt 0.39075 0.96850625
vt 0.134154375 0.6708984375
vt 0.1376953125 0.6759782812499999
vt 0.12932640625 0.678516875
vt 0.3408203125 0.94804515625
vt 0.337279375 0.953125
vt 0.33245234375 0.9455053125
vt 0.09375 0.96059390625
vt 0.1020234375 0.96059390625
vt 0.1014921875 0.96752671875
vt 0.09538125 0.96781890625
vt 0.09519859375 0.9533803125
vt 0.10138453125 0.95366078125
vt 0.1019225 0.96059390625
vt 0.09375 0.96059390625
vt 0.32165515625 0.7646484375
vt 0.3251953125 0.76972890625
vt 0.31682828125 0.7722665625
vt 0.1597909375 0.6875
vt 0.15625 0.6824201562500001
vt 0.16461796875 0.6798803124999999
vt 0.1014921875 0.96752578125
vt 0.1020234375 0.96059390625
vt 0.10889015625 0.96175421875
vt 0.10752734375 0.96875
vt 0.42264375 0.7185328125
vt 0.4234953125 0.703125
vt 0.4296875 0.703125
vt 0.4295625 0.71875
vt 0.13202828125 0.6868331249999999
vt 0.12583609375 0.6868331249999999
vt 0.12932671875 0.6785175
vt 0.15625 0.6824201562500001
vt 0.1571159375 0.67596703125
vt 0.16461671875 0.679880625
vt 0.2525515625 0.640625
vt 0.2505578125 0.63375
vt 0.259765625 0.63375
vt 0.2590625 0.640625
vt 0.2505578125 0.63375
vt 0.2525515625 0.6268750000000001
vt 0.2590625 0.6268750000000001
vt 0.259765625 0.63375
vt 0.13682703125 0.68243265625
vt 0.13202828125 0.6868331249999999
vt 0.12932625 0.6785159375
vt 0.1571159375 0.67596703125
vt 0.161914375 0.6715639062500001
vt 0.16461796875 0.67988125
vt 0.156953125 0.640625
vt 0.15625 0.63375
vt 0.1654578125 0.63375
vt 0.1634640625 0.640625
vt 0.15625 0.63375
vt 0.1569515625 0.6268750000000001
vt 0.1634640625 0.6268750000000001
vt 0.1654578125 0.63375
vt 0.1376953125 0.6759782812499999
vt 0.13682703125 0.68243265625
vt 0.1293275 0.6785165625
vn -0.322026937190697 0.938539757367151 0.12426494101229099
vn -0.8454696465206879 0.4227871499321308 0.3262393334109929
vn -0.8454640464527382 -0.42278951483230715 0.32625078130730195
vn -0.3220269371906971 -0.938539757367151 0.124264941012291
vn -0.3220269371906971 0.938539757367151 -0.124264941012291
vn -0.8454741041052289 0.4227769084663279 -0.32624105344838905
vn -0.8454703503194989 -0.4227750313965061 -0.3262532138666338
vn -0.322026937190697 -0.938539757367151 -0.12426494101229099
vn -0.13415043294410156 0.9439127930788266 -0.3017155952267606
vn -0.3647727581212277 0.44036376353036366 -0.8203783216918925
vn -0.3647632989098102 -0.44036231100885237 -0.8203833072481274
vn -0.13415043294410156 -0.9439127930788266 -0.3017155952267606
vn 0.13415407045564695 0.9439123240265804 -0.30171544529725586
vn 0.42695118219777417 0.42768581276158973 -0.7967418236683587
vn 0.3647697664093302 -0.4403720554745186 -0.8203752009116502
vn 0.13415407045564698 -0.9439123240265804 -0.3017154452972559
vn -0.13415043294410156 0.9439127930788266 0.3017155952267606
vn -0.242271665429114 0.2924836758500398 0.9250717482938565
vn -0.3903140870016698 -0.2775531243428807 0.8778491764850944
vn -0.13415043294410156 -0.9439127930788266 0.3017155952267606
vn 0.13415407045564698 0.9439123240265804 0.3017154452972559
vn 0.2881796879092419 0.28867554227254216 0.9130273264093391
vn 0.39032322245467455 -0.2775519567878856 0.8778454837246783
vn 0.13415407045564695 -0.9439123240265804 0.30171544529725586
vn 0.3220324754517021 0.9385375741257129 0.12426707813685303
vn 0.8996043207485982 0.2649794592979922 0.3471281495940615
vn 0.8995984887097732 -0.2649832374743079 0.34714037934058745
vn 0.32203247545170216 -0.9385375741257129 0.12426707813685305
vn 0.32203247545170216 0.9385375741257129 -0.12426707813685305
vn 0.8996074836920716 0.26496712195861316 -0.3471293700714313
vn 0.8996029617255259 -0.26496579007500515 -0.3471421054043866
vn 0.3220324754517021 -0.9385375741257129 -0.12426707813685303
usemtl m_b9306b6b-3402-fb8c-6949-e2c979050137
f 1855/7469/2020 1852/7470/2020 1851/7471/2020
f 1856/7472/2021 1853/7473/2021 1852/7474/2021 1855/7475/2021
f 1857/7476/2022 1854/7477/2022 1853/7478/2022 1856/7479/2022
f 1854/7480/2023 1857/7481/2023 1850/7482/2023
f 1858/7483/2024 1855/7484/2024 1851/7485/2024
f 1859/7486/2025 1856/7487/2025 1855/7488/2025 1858/7489/2025
f 1860/7490/2026 1857/7491/2026 1856/7492/2026 1859/7493/2026
f 1857/7494/2027 1860/7495/2027 1850/7496/2027
f 1861/7497/2028 1858/7498/2028 1851/7499/2028
f 1862/7500/2029 1859/7501/2029 1858/7502/2029 1861/7503/2029
f 1863/7504/2030 1860/7505/2030 1859/7506/2030 1862/7507/2030
f 1860/7508/2031 1863/7509/2031 1850/7510/2031
f 1873/7511/2032 1861/7512/2032 1851/7513/2032
f 1874/7514/2033 1862/7515/2033 1861/7516/2033 1873/7517/2033
f 1875/7518/2034 1863/7519/2034 1862/7520/2034 1874/7521/2034
f 1863/7522/2035 1875/7523/2035 1850/7524/2035
f 1852/7525/2036 1864/7526/2036 1851/7527/2036
f 1853/7528/2037 1865/7529/2037 1864/7530/2037 1852/7531/2037
f 1854/7532/2038 1866/7533/2038 1865/7534/2038 1853/7535/2038
f 1866/7536/2039 1854/7537/2039 1850/7538/2039
f 1864/7539/2040 1867/7540/2040 1851/7541/2040
f 1864/7542/2041 1865/7543/2041 1868/7544/2041 1867/7545/2041
f 1865/7546/2042 1866/7547/2042 1869/7548/2042 1868/7549/2042
f 1869/7550/2043 1866/7551/2043 1850/7552/2043
f 1867/7553/2044 1870/7554/2044 1851/7555/2044
f 1867/7556/2045 1868/7557/2045 1871/7558/2045 1870/7559/2045
f 1868/7560/2046 1869/7561/2046 1872/7562/2046 1871/7563/2046
f 1872/7564/2047 1869/7565/2047 1850/7566/2047
f 1870/7567/2048 1873/7568/2048 1851/7569/2048
f 1870/7570/2049 1871/7571/2049 1874/7572/2049 1873/7573/2049
f 1871/7574/2050 1872/7575/2050 1875/7576/2050 1874/7577/2050
f 1875/7578/2051 1872/7579/2051 1850/7580/2051
o Left Upper Leg
v -0.017469374999999995 0.61875 0.03115375
v -0.017469374999999995 0.61875 -0.037801875
v -0.021903124999999996 0.42500000000000004 0.021281875
v -0.021903124999999996 0.42500000000000004 -0.03418
v -0.07628062499999999 0.61875 0.03115375
v -0.07628062499999999 0.61875 -0.037801875
v -0.071846875 0.42500000000000004 0.021281875
v -0.071846875 0.42500000000000004 -0.03418
v -0.004062499999999997 0.61875 -0.0033237500000000003
v -0.0896875 0.61875 -0.0033237500000000003
v -0.08357 0.42500000000000004 -0.00644875
v -0.010179999999999995 0.42500000000000004 -0.00644875
v -0.044148124999999996 0.61875 -0.0521875
v -0.04375 0.42500000000000004 -0.045750625
v -0.04375 0.42500000000000004 -0.00644875
v -0.04375 0.42500000000000004 0.0328525
v -0.044148124999999996 0.61875 0.0396875
v -0.044148124999999996 0.61875 -0.0033237500000000003
v -0.040624999999999994 0.578125 -0.04896875
v -0.014414999999999997 0.578125 -0.03599125
v -0.000871250000000004 0.578125 -0.00488625
v -0.014414999999999997 0.578125 0.026218125
v -0.040624999999999994 0.578125 0.03627
v -0.073085 0.578125 0.026218125
v -0.08662875 0.578125 -0.00488625
v -0.073085 0.578125 -0.03599125
v -0.04296875 0.45156250000000003 -0.045796875
v -0.07159375 0.45156250000000003 -0.03399125
v -0.083536875 0.45156250000000003 -0.005695624999999999
v -0.07159375 0.45156250000000003 0.022600000000000002
v -0.04296875 0.45156250000000003 0.03299875
v -0.020593749999999994 0.45156250000000003 0.022600000000000002
v -0.008650624999999995 0.45156250000000003 -0.005695624999999999
v -0.020593749999999994 0.45156250000000003 -0.03399125
vt 0.03374375 0.8484515625
vt 0.041421875 0.8484515625
vt 0.0419921875 0.8801484375
vt 0.0335109375 0.8801421875
vt 0.22880859375 0.7393171875
vt 0.22880859375 0.7491421875
vt 0.22178359375 0.7462500000000001
vt 0.21885390625 0.7393171875
vt 0.187940625 0.9265687499999999
vt 0.1955546875 0.9265687499999999
vt 0.196384375 0.9582140625
vt 0.1879 0.958221875
vt 0.1262971875 0.95814671875
vt 0.134039375 0.95814671875
vt 0.1341925 0.98979359375
vt 0.1254534375 0.98979203125
vt 0.093928125 0.8484375
vt 0.10160625 0.8484375
vt 0.10229375 0.8800859375
vt 0.0938140625 0.8800875
vt 0.0426734375 0.925284375
vt 0.0426734375 0.9375
vt 0.034640625 0.9339031250000001
vt 0.0312890625 0.925284375
vt 0.1259378125 0.8019140625
vt 0.1336159375 0.8019140625
vt 0.1341034375 0.8335609374999999
vt 0.1256221875 0.833559375
vt 0.22880859375 0.7294921875
vt 0.22880859375 0.7393171875
vt 0.21885390625 0.7393171875
vt 0.22178515625 0.732384375
vt 0.157225625 0.9578187499999999
vt 0.16490375 0.9578187499999999
vt 0.1647646875 0.9895015625
vt 0.1562834375 0.98950625
vt 0.0426734375 0.9375
vt 0.0426734375 0.925284375
vt 0.0526953125 0.925284375
vt 0.04934375 0.9339031250000001
vt 0.06366296875 0.73906375
vt 0.06998796875 0.73906921875
vt 0.0698125 0.7707253125
vt 0.062503125 0.7707253125
vt 0.22880859375 0.7393171875
vt 0.22880859375 0.7294921875
vt 0.23427109375 0.732384375
vt 0.23720078125 0.7393171875
vt 0.22880859375 0.7491421875
vt 0.22880859375 0.7393171875
vt 0.23720078125 0.7393171875
vt 0.23427109375 0.7462500000000001
vt 0.12650265625 0.7234640625
vt 0.13266984375 0.7234448437500001
vt 0.1337890625 0.75511640625
vt 0.1267875 0.75511640625
vt 0.0426734375 0.925284375
vt 0.0426734375 0.91453125
vt 0.04934375 0.9166640625
vt 0.0526953125 0.925284375
vt 0.0426734375 0.91453125
vt 0.0426734375 0.925284375
vt 0.0312890625 0.925284375
vt 0.034640625 0.9166640625
vt 0.0625 0.7707253125
vt 0.0698125 0.7707253125
vt 0.0709578125 0.78088625
vt 0.0633859375 0.7808784375
vt 0.1562834375 0.98950625
vt 0.1647646875 0.9895015625
vt 0.165490625 0.99967140625
vt 0.15625 0.9996953125
vt 0.0335109375 0.8801421875
vt 0.0419921875 0.8801484375
vt 0.041308125 0.89032140625
vt 0.0320675 0.89029265625
vt 0.126771875 0.75511640625
vt 0.1337890625 0.75511640625
vt 0.132634375 0.76531171875
vt 0.12564375 0.76527734375
vt 0.1878890625 0.958221875
vt 0.196384375 0.9582140625
vt 0.1958046875 0.96842703125
vt 0.1875 0.968470625
vt 0.0938125 0.8800875
vt 0.10229375 0.8800859375
vt 0.103108125 0.89031546875
vt 0.0938675 0.8902734375
vt 0.1256221875 0.833559375
vt 0.1341034375 0.8335609374999999
vt 0.134765625 0.84373140625
vt 0.1255234375 0.84375
vt 0.1254534375 0.98979203125
vt 0.1341925 0.98979359375
vt 0.134765625 0.999975
vt 0.1259703125 1
vt 0.134039375 0.95814671875
vt 0.1262971875 0.95814671875
vt 0.126483125 0.95150453125
vt 0.13408 0.95150453125
vt 0.1336159375 0.8019140625
vt 0.1259378125 0.8019140625
vt 0.1259190625 0.7952734375
vt 0.133445625 0.7952734375
vt 0.10160625 0.8484375
vt 0.093928125 0.8484375
vt 0.09375 0.841796875
vt 0.101278125 0.841796875
vt 0.1955546875 0.9265687499999999
vt 0.187940625 0.9265687499999999
vt 0.18776875 0.919921875
vt 0.195359375 0.9199359375
vt 0.13266984375 0.7234448437500001
vt 0.12650265625 0.7234640625
vt 0.126319375 0.71682234375
vt 0.13249125 0.716796875
vt 0.041421875 0.8484515625
vt 0.03374375 0.8484515625
vt 0.0339203125 0.841796875
vt 0.041446875 0.8417984375
vt 0.16490375 0.9578187499999999
vt 0.157225625 0.9578187499999999
vt 0.1575475 0.951171875
vt 0.1650740625 0.951171875
vt 0.06998796875 0.73906921875
vt 0.06366296875 0.73906375
vt 0.0639796875 0.732421875
vt 0.0701609375 0.7324271875
vn 0.9196896469125484 -0.05901273105741791 0.38818610348004073
vn 0 -1 0
vn -0.3413880368828362 -0.017967654357743574 0.9397506965521036
vn -0.38120101291539243 -0.019097724943819217 -0.9242949013460201
vn -0.9210729453817407 -0.02196676252777007 0.3887699713581977
vn 0 1 0
vn -0.9211106784886357 -0.02001608290722896 -0.3887858978914438
vn 0 -1 0
vn 0.9200937039863668 -0.05105574141122606 -0.3883566494262691
vn 0 1 0
vn 0.4664321239175063 -0.03079272262881949 -0.8840208606197643
vn 0 -1 0
vn 0 -1 0
vn 0.4210016951033871 -0.046449889705962456 0.9058697370297668
vn 0 1 0
vn 0 1 0
vn 0.4434881598484211 -0.03250559686885466 -0.8956905929206027
vn 0.9156595065376258 0.051073898884573525 -0.39869678320748964
vn 0.9153846117905797 0.056576785916061724 0.3985850973034713
vn 0.35674966066232994 -0.08619192572894001 0.9302153683725343
vn -0.2941624521776847 -0.10542116829657906 0.9499235911397272
vn -0.9102549450532884 -0.119755711685367 0.39635149113478335
vn -0.9155380984974788 -0.053600517767021495 -0.39864391967610446
vn -0.37030901833074464 -0.07041071357648726 -0.9262362346381027
vn -0.3812529652902733 0.009603742641061832 -0.9244208698340048
vn -0.9212338855575531 0.011541853410209219 -0.38883790159961307
vn -0.921250321576667 -0.009876041504089267 0.388844838977062
vn -0.3411222300634801 -0.04334674281679815 0.9390190008959843
vn 0.42139290293749776 -0.01738615575306794 0.9067114992885216
vn 0.919372307764549 -0.06457616446382593 0.3880521597657051
vn 0.9204829909595511 -0.041982449898577766 -0.38852096115225543
vn 0.4665882114692991 -0.01671620382205365 -0.8843166906983382
usemtl m_b9306b6b-3402-fb8c-6949-e2c979050137
f 1907/7581/2052 1908/7582/2052 1896/7583/2052 1897/7584/2052
f 1890/7585/2053 1891/7586/2053 1882/7587/2053 1886/7588/2053
f 1905/7589/2054 1906/7590/2054 1898/7591/2054 1899/7592/2054
f 1902/7593/2055 1903/7594/2055 1901/7595/2055 1894/7596/2055
f 1904/7597/2056 1905/7598/2056 1899/7599/2056 1900/7600/2056
f 1893/7601/2057 1888/7602/2057 1881/7603/2057 1885/7604/2057
f 1903/7605/2058 1904/7606/2058 1900/7607/2058 1901/7608/2058
f 1889/7609/2059 1890/7610/2059 1886/7611/2059 1883/7612/2059
f 1908/7613/2060 1909/7614/2060 1895/7615/2060 1896/7616/2060
f 1888/7617/2061 1893/7618/2061 1884/7619/2061 1877/7620/2061
f 1909/7621/2062 1902/7622/2062 1894/7623/2062 1895/7624/2062
f 1890/7625/2063 1889/7626/2063 1879/7627/2063 1887/7628/2063
f 1891/7629/2064 1890/7630/2064 1887/7631/2064 1878/7632/2064
f 1906/7633/2065 1907/7634/2065 1897/7635/2065 1898/7636/2065
f 1893/7637/2066 1892/7638/2066 1876/7639/2066 1884/7640/2066
f 1892/7641/2067 1893/7642/2067 1885/7643/2067 1880/7644/2067
f 1895/7645/2068 1894/7646/2068 1888/7647/2068 1877/7648/2068
f 1896/7649/2069 1895/7650/2069 1877/7651/2069 1884/7652/2069
f 1897/7653/2070 1896/7654/2070 1884/7655/2070 1876/7656/2070
f 1898/7657/2071 1897/7658/2071 1876/7659/2071 1892/7660/2071
f 1899/7661/2072 1898/7662/2072 1892/7663/2072 1880/7664/2072
f 1900/7665/2073 1899/7666/2073 1880/7667/2073 1885/7668/2073
f 1901/7669/2074 1900/7670/2074 1885/7671/2074 1881/7672/2074
f 1894/7673/2075 1901/7674/2075 1881/7675/2075 1888/7676/2075
f 1903/7677/2076 1902/7678/2076 1889/7679/2076 1883/7680/2076
f 1904/7681/2077 1903/7682/2077 1883/7683/2077 1886/7684/2077
f 1905/7685/2078 1904/7686/2078 1886/7687/2078 1882/7688/2078
f 1906/7689/2079 1905/7690/2079 1882/7691/2079 1891/7692/2079
f 1907/7693/2080 1906/7694/2080 1891/7695/2080 1878/7696/2080
f 1908/7697/2081 1907/7698/2081 1878/7699/2081 1887/7700/2081
f 1909/7701/2082 1908/7702/2082 1887/7703/2082 1879/7704/2082
f 1902/7705/2083 1909/7706/2083 1879/7707/2083 1889/7708/2083
o sphere
v -0.04375 0.39375000000000004 -0.00625
v -0.04375 0.45625000000000004 -0.00625
v -0.063203125 0.44709687500000006 0.013203125
v -0.071260625 0.42500000000000004 0.021260625
v -0.063203125 0.40290312500000003 0.013203125
v -0.071260625 0.44709687500000006 -0.00625
v -0.08265625 0.42500000000000004 -0.00625
v -0.071260625 0.40290312500000003 -0.00625
v -0.063203125 0.44709687500000006 -0.025703125
v -0.071260625 0.42500000000000004 -0.033760625
v -0.063203125 0.40290312500000003 -0.025703125
v -0.04375 0.44709687500000006 -0.033760625
v -0.04375 0.42500000000000004 -0.04515625
v -0.04375 0.40290312500000003 -0.033760625
v -0.04375 0.44709687500000006 0.021260625
v -0.04375 0.42500000000000004 0.03265625
v -0.04375 0.40290312500000003 0.021260625
v -0.024296874999999996 0.44709687500000006 0.013203125
v -0.022489375 0.42500000000000004 0.021260625
v -0.024296874999999996 0.40290312500000003 0.013203125
v -0.016239374999999997 0.44709687500000006 -0.00625
v -0.01109375 0.42500000000000004 -0.00625
v -0.016239374999999997 0.40290312500000003 -0.00625
v -0.024296874999999996 0.44709687500000006 -0.025703125
v -0.022489375 0.42500000000000004 -0.033760625
v -0.024296874999999996 0.40290312500000003 -0.025703125
vt 0.36869765625 0.70934296875
vt 0.369140625 0.71458828125
vt 0.36219 0.712533125
vt 0.0625 0.578125
vt 0.06994375 0.578125
vt 0.0688546875 0.59375
vt 0.063590625 0.59375
vt 0.344840625 0.59375
vt 0.3501046875 0.59375
vt 0.35119375 0.609375
vt 0.34375 0.609375
vt 0.384765625 0.86548984375
vt 0.38432265625 0.87073515625
vt 0.377815 0.867545
vt 0.36482203125 0.70578078125
vt 0.36869765625 0.70934296875
vt 0.362189375 0.71253328125
vt 0.09411875 0.578125
vt 0.1015625 0.578125
vt 0.1004734375 0.59375
vt 0.095209375 0.59375
vt 0.032709375 0.578125
vt 0.0379734375 0.578125
vt 0.0390625 0.59375
vt 0.03161875 0.59375
vt 0.38432265625 0.87073515625
vt 0.38044703125 0.87429734375
vt 0.377814375 0.86754484375
vt 0.35955796875 0.70578078125
vt 0.36482203125 0.70578078125
vt 0.36218921875 0.71253390625
vt 0.40661875 0.859375
vt 0.4140625 0.859375
vt 0.4129734375 0.875
vt 0.407709375 0.875
vt 0.1264578125 0.59375
vt 0.131721875 0.59375
vt 0.1328125 0.609375
vt 0.1253671875 0.609375
vt 0.38044703125 0.87429734375
vt 0.37518296875 0.87429734375
vt 0.37781421875 0.86754421875
vt 0.31681859375 0.62765578125
vt 0.32208265625 0.62765578125
vt 0.31945140625 0.63440890625
vt 0.422428125 0.671875
vt 0.4284578125 0.671875
vt 0.4271125 0.6875
vt 0.421875 0.6872828125
vt 0.1875 0.546875
vt 0.1927640625 0.546875
vt 0.1938546875 0.5625
vt 0.187853125 0.5622437499999999
vt 0.38458265625 0.84304734375
vt 0.37931859375 0.84304734375
vt 0.38195140625 0.83629421875
vt 0.369140625 0.71458828125
vt 0.3659171875 0.71875
vt 0.36219046875 0.71253328125
vt 0.15625 0.59375
vt 0.1636953125 0.59375
vt 0.1626046875 0.609375
vt 0.157340625 0.609375
vt 0.407340625 0.890625
vt 0.4126046875 0.890625
vt 0.41369375 0.90625
vt 0.40625 0.90625
vt 0.3815421875 0.861328125
vt 0.384765625 0.86548984375
vt 0.37781546875 0.86754484375
vt 0.3157234375 0.640625
vt 0.3125 0.63646328125
vt 0.31945015625 0.63440828125
vt 0.3453484375 0.578125
vt 0.344003125 0.5625
vt 0.3500328125 0.5625
vt 0.3505859375 0.577909375
vt 0.4379828125 0.65625
vt 0.439071875 0.640625
vt 0.4443359375 0.640625
vt 0.4439828125 0.6559937499999999
vt 0.375 0.83423984375
vt 0.3782234375 0.830078125
vt 0.38195015625 0.83629484375
vt 0.3125 0.63646328125
vt 0.31294296875 0.63121796875
vt 0.319450625 0.634408125
vt 0.47080625 0.843334375
vt 0.46911875 0.8376828125
vt 0.4765625 0.8376828125
vt 0.4760703125 0.843334375
vt 0.46911875 0.8376828125
vt 0.47080625 0.83203125
vt 0.4760703125 0.83203125
vt 0.4765625 0.8376828125
vt 0.37544296875 0.83948515625
vt 0.375 0.83423984375
vt 0.381950625 0.836295
vt 0.31294296875 0.63121796875
vt 0.31681859375 0.62765578125
vt 0.31945125 0.63440828125
vt 0.0629921875 0.530834375
vt 0.0625 0.5251828125
vt 0.0699453125 0.5251828125
vt 0.06825625 0.530834375
vt 0.0625 0.5251828125
vt 0.0629921875 0.51953125
vt 0.06825625 0.51953125
vt 0.0699453125 0.5251828125
vt 0.37931859375 0.84304734375
vt 0.37544296875 0.83948515625
vt 0.38195125 0.83629484375
vn -0.3130325358424311 0.9408503332315667 0.12965832777769062
vn -0.8340520841776871 0.4301119840337246 0.3454863268921501
vn -0.834061001224555 -0.43010882139710743 0.3454687366357256
vn -0.3130325358424313 -0.9408503332315667 0.12965832777769068
vn -0.3130325358424311 0.9408503332315667 -0.12965832777769062
vn -0.8340453623919966 0.43012725477282643 -0.3454835425515886
vn -0.8340514950983029 -0.4301304174834496 -0.3454647991905965
vn -0.3130325358424313 -0.9408503332315667 -0.12965832777769068
vn -0.1296583277776907 0.9408503332315667 -0.3130325358424311
vn -0.34548632689215 0.43011198403372475 -0.8340520841776871
vn -0.3454687366357257 -0.43010882139710754 -0.8340610012245547
vn -0.12965832777769076 -0.9408503332315667 -0.3130325358424313
vn 0.1296583277776907 0.9408503332315667 -0.3130325358424311
vn 0.43007207539535025 0.4137961190418223 -0.8023782037362819
vn 0.34546479919059675 -0.4301304174834495 -0.8340514950983029
vn 0.12965832777769076 -0.9408503332315667 -0.3130325358424313
vn -0.12965832777769062 0.9408503332315667 0.3130325358424311
vn -0.34548354255158853 0.43012725477282626 0.8340453623919967
vn -0.3454647991905966 -0.4301304174834495 0.8340514950983029
vn -0.12965832777769068 -0.9408503332315665 0.3130325358424313
vn 0.12965832777769065 0.9408503332315667 0.3130325358424312
vn 0.43007207539535025 0.4137961190418223 0.8023782037362819
vn 0.3454647991905966 -0.4301304174834495 0.8340514950983029
vn 0.12965832777769068 -0.9408503332315667 0.3130325358424313
vn 0.3130325358424311 0.9408503332315667 0.12965832777769062
vn 0.9032130779524749 0.21030790223679544 0.37413463094503197
vn 0.9032224629460311 -0.21030168285496859 0.37411546963213604
vn 0.3130325358424313 -0.9408503332315667 0.12965832777769068
vn 0.3130325358424311 0.9408503332315667 -0.12965832777769062
vn 0.9032092234639116 0.2103272956237698 -0.3741330343144126
vn 0.9032170118786587 -0.2103291092857303 -0.3741132117956518
vn 0.3130325358424313 -0.9408503332315667 -0.12965832777769068
usemtl m_b9306b6b-3402-fb8c-6949-e2c979050137
f 1915/7709/2084 1912/7710/2084 1911/7711/2084
f 1916/7712/2085 1913/7713/2085 1912/7714/2085 1915/7715/2085
f 1917/7716/2086 1914/7717/2086 1913/7718/2086 1916/7719/2086
f 1914/7720/2087 1917/7721/2087 1910/7722/2087
f 1918/7723/2088 1915/7724/2088 1911/7725/2088
f 1919/7726/2089 1916/7727/2089 1915/7728/2089 1918/7729/2089
f 1920/7730/2090 1917/7731/2090 1916/7732/2090 1919/7733/2090
f 1917/7734/2091 1920/7735/2091 1910/7736/2091
f 1921/7737/2092 1918/7738/2092 1911/7739/2092
f 1922/7740/2093 1919/7741/2093 1918/7742/2093 1921/7743/2093
f 1923/7744/2094 1920/7745/2094 1919/7746/2094 1922/7747/2094
f 1920/7748/2095 1923/7749/2095 1910/7750/2095
f 1933/7751/2096 1921/7752/2096 1911/7753/2096
f 1934/7754/2097 1922/7755/2097 1921/7756/2097 1933/7757/2097
f 1935/7758/2098 1923/7759/2098 1922/7760/2098 1934/7761/2098
f 1923/7762/2099 1935/7763/2099 1910/7764/2099
f 1912/7765/2100 1924/7766/2100 1911/7767/2100
f 1913/7768/2101 1925/7769/2101 1924/7770/2101 1912/7771/2101
f 1914/7772/2102 1926/7773/2102 1925/7774/2102 1913/7775/2102
f 1926/7776/2103 1914/7777/2103 1910/7778/2103
f 1924/7779/2104 1927/7780/2104 1911/7781/2104
f 1924/7782/2105 1925/7783/2105 1928/7784/2105 1927/7785/2105
f 1925/7786/2106 1926/7787/2106 1929/7788/2106 1928/7789/2106
f 1929/7790/2107 1926/7791/2107 1910/7792/2107
f 1927/7793/2108 1930/7794/2108 1911/7795/2108
f 1927/7796/2109 1928/7797/2109 1931/7798/2109 1930/7799/2109
f 1928/7800/2110 1929/7801/2110 1932/7802/2110 1931/7803/2110
f 1932/7804/2111 1929/7805/2111 1910/7806/2111
f 1930/7807/2112 1933/7808/2112 1911/7809/2112
f 1930/7810/2113 1931/7811/2113 1934/7812/2113 1933/7813/2113
f 1931/7814/2114 1932/7815/2114 1935/7816/2114 1934/7817/2114
f 1935/7818/2115 1932/7819/2115 1910/7820/2115
o sphere
v -0.04375 0.38749999999999996 -0.00625
v -0.04375 0.44999999999999996 -0.00625
v -0.063203125 0.44084687499999997 0.013203125
v -0.071260625 0.41874999999999996 0.021260625
v -0.063203125 0.39665312499999994 0.013203125
v -0.071260625 0.44084687499999997 -0.00625
v -0.08265625 0.41874999999999996 -0.00625
v -0.071260625 0.39665312499999994 -0.00625
v -0.063203125 0.44084687499999997 -0.025703125
v -0.071260625 0.41874999999999996 -0.033760625
v -0.063203125 0.39665312499999994 -0.025703125
v -0.04375 0.44084687499999997 -0.033760625
v -0.04375 0.41874999999999996 -0.04515625
v -0.04375 0.39665312499999994 -0.033760625
v -0.04375 0.44084687499999997 0.021260625
v -0.04375 0.41874999999999996 0.03265625
v -0.04375 0.39665312499999994 0.021260625
v -0.024296874999999996 0.44084687499999997 0.013203125
v -0.022489375 0.41874999999999996 0.021260625
v -0.024296874999999996 0.39665312499999994 0.013203125
v -0.016239374999999997 0.44084687499999997 -0.00625
v -0.01109375 0.41874999999999996 -0.00625
v -0.016239374999999997 0.39665312499999994 -0.00625
v -0.024296874999999996 0.44084687499999997 -0.025703125
v -0.022489375 0.41874999999999996 -0.033760625
v -0.024296874999999996 0.39665312499999994 -0.025703125
vt 0.36869765625 0.67809296875
vt 0.369140625 0.68333828125
vt 0.36219 0.681283125
vt 0.40625 0.796875
vt 0.41369375 0.796875
vt 0.4126046875 0.8125
vt 0.407340625 0.8125
vt 0.407340625 0.828125
vt 0.4126046875 0.828125
vt 0.41369375 0.84375
vt 0.40625 0.84375
vt 0.197265625 0.61548984375
vt 0.19682265625 0.62073515625
vt 0.190315 0.617545
vt 0.36482203125 0.67453078125
vt 0.36869765625 0.67809296875
vt 0.362189375 0.68128328125
vt 0.21911875 0.578125
vt 0.2265625 0.578125
vt 0.2254734375 0.59375
vt 0.220209375 0.59375
vt 0.188959375 0.578125
vt 0.1942234375 0.578125
vt 0.1953125 0.59375
vt 0.18786875 0.59375
vt 0.19682265625 0.62073515625
vt 0.19294703125 0.62429734375
vt 0.190314375 0.61754484375
vt 0.35955796875 0.67453078125
vt 0.36482203125 0.67453078125
vt 0.36218921875 0.68128390625
vt 0.40661875 0.640625
vt 0.4140625 0.640625
vt 0.4129734375 0.65625
vt 0.407709375 0.65625
vt 0.2514578125 0.59375
vt 0.256721875 0.59375
vt 0.2578125 0.609375
vt 0.2503671875 0.609375
vt 0.19294703125 0.62429734375
vt 0.18768296875 0.62429734375
vt 0.19031421875 0.61754421875
vt 0.34806859375 0.62765578125
vt 0.35333265625 0.62765578125
vt 0.35070140625 0.63440890625
vt 0.031803125 0.546875
vt 0.0378328125 0.546875
vt 0.0364875 0.5625
vt 0.03125 0.5622828125
vt 0.4375 0.796875
vt 0.4427640625 0.796875
vt 0.4438546875 0.8125
vt 0.437853125 0.8122437499999999
vt 0.38458265625 0.81179734375
vt 0.37931859375 0.81179734375
vt 0.38195140625 0.80504421875
vt 0.369140625 0.68333828125
vt 0.3659171875 0.6875
vt 0.36219046875 0.68128328125
vt 0.390625 0.734375
vt 0.3980703125 0.734375
vt 0.3969796875 0.75
vt 0.391715625 0.75
vt 0.407340625 0.765625
vt 0.4126046875 0.765625
vt 0.41369375 0.78125
vt 0.40625 0.78125
vt 0.1940421875 0.611328125
vt 0.197265625 0.61548984375
vt 0.19031546875 0.61754484375
vt 0.3469734375 0.640625
vt 0.34375 0.63646328125
vt 0.35070015625 0.63440828125
vt 0.0640984375 0.5625
vt 0.062753125 0.546875
vt 0.0687828125 0.546875
vt 0.0693359375 0.562284375
vt 0.3754828125 0.5625
vt 0.376571875 0.546875
vt 0.3818359375 0.546875
vt 0.3814828125 0.5622437499999999
vt 0.375 0.80298984375
vt 0.3782234375 0.798828125
vt 0.38195015625 0.80504484375
vt 0.34375 0.63646328125
vt 0.34419296875 0.63121796875
vt 0.350700625 0.634408125
vt 0.18955625 0.530834375
vt 0.18786875 0.5251828125
vt 0.1953125 0.5251828125
vt 0.1948203125 0.530834375
vt 0.18786875 0.5251828125
vt 0.18955625 0.51953125
vt 0.1948203125 0.51953125
vt 0.1953125 0.5251828125
vt 0.37544296875 0.80823515625
vt 0.375 0.80298984375
vt 0.381950625 0.805045
vt 0.34419296875 0.63121796875
vt 0.34806859375 0.62765578125
vt 0.35070125 0.63440828125
vt 0.0942421875 0.530834375
vt 0.09375 0.5251828125
vt 0.1011953125 0.5251828125
vt 0.09950625 0.530834375
vt 0.09375 0.5251828125
vt 0.0942421875 0.51953125
vt 0.09950625 0.51953125
vt 0.1011953125 0.5251828125
vt 0.37931859375 0.81179734375
vt 0.37544296875 0.80823515625
vt 0.38195125 0.80504484375
vn -0.3130325358424311 0.9408503332315667 0.12965832777769062
vn -0.8340520841776871 0.4301119840337246 0.3454863268921501
vn -0.834061001224555 -0.43010882139710743 0.3454687366357256
vn -0.3130325358424313 -0.9408503332315667 0.12965832777769068
vn -0.3130325358424311 0.9408503332315667 -0.12965832777769062
vn -0.8340453623919966 0.43012725477282643 -0.3454835425515886
vn -0.8340514950983029 -0.4301304174834496 -0.3454647991905965
vn -0.3130325358424313 -0.9408503332315667 -0.12965832777769068
vn -0.1296583277776907 0.9408503332315667 -0.3130325358424311
vn -0.34548632689215 0.43011198403372475 -0.8340520841776871
vn -0.3454687366357257 -0.43010882139710754 -0.8340610012245547
vn -0.12965832777769076 -0.9408503332315667 -0.3130325358424313
vn 0.1296583277776907 0.9408503332315667 -0.3130325358424311
vn 0.43007207539535025 0.4137961190418223 -0.8023782037362819
vn 0.34546479919059675 -0.4301304174834495 -0.8340514950983029
vn 0.12965832777769076 -0.9408503332315667 -0.3130325358424313
vn -0.12965832777769062 0.9408503332315667 0.3130325358424311
vn -0.34548354255158853 0.43012725477282626 0.8340453623919967
vn -0.3454647991905966 -0.4301304174834495 0.8340514950983029
vn -0.12965832777769068 -0.9408503332315665 0.3130325358424313
vn 0.12965832777769065 0.9408503332315667 0.3130325358424312
vn 0.43007207539535025 0.4137961190418223 0.8023782037362819
vn 0.3454647991905966 -0.4301304174834495 0.8340514950983029
vn 0.12965832777769068 -0.9408503332315667 0.3130325358424313
vn 0.3130325358424311 0.9408503332315667 0.12965832777769062
vn 0.9032130779524749 0.21030790223679544 0.37413463094503197
vn 0.9032224629460311 -0.21030168285496859 0.37411546963213604
vn 0.3130325358424313 -0.9408503332315667 0.12965832777769068
vn 0.3130325358424311 0.9408503332315667 -0.12965832777769062
vn 0.9032092234639116 0.2103272956237698 -0.3741330343144126
vn 0.9032170118786587 -0.2103291092857303 -0.3741132117956518
vn 0.3130325358424313 -0.9408503332315667 -0.12965832777769068
usemtl m_b9306b6b-3402-fb8c-6949-e2c979050137
f 1941/7821/2116 1938/7822/2116 1937/7823/2116
f 1942/7824/2117 1939/7825/2117 1938/7826/2117 1941/7827/2117
f 1943/7828/2118 1940/7829/2118 1939/7830/2118 1942/7831/2118
f 1940/7832/2119 1943/7833/2119 1936/7834/2119
f 1944/7835/2120 1941/7836/2120 1937/7837/2120
f 1945/7838/2121 1942/7839/2121 1941/7840/2121 1944/7841/2121
f 1946/7842/2122 1943/7843/2122 1942/7844/2122 1945/7845/2122
f 1943/7846/2123 1946/7847/2123 1936/7848/2123
f 1947/7849/2124 1944/7850/2124 1937/7851/2124
f 1948/7852/2125 1945/7853/2125 1944/7854/2125 1947/7855/2125
f 1949/7856/2126 1946/7857/2126 1945/7858/2126 1948/7859/2126
f 1946/7860/2127 1949/7861/2127 1936/7862/2127
f 1959/7863/2128 1947/7864/2128 1937/7865/2128
f 1960/7866/2129 1948/7867/2129 1947/7868/2129 1959/7869/2129
f 1961/7870/2130 1949/7871/2130 1948/7872/2130 1960/7873/2130
f 1949/7874/2131 1961/7875/2131 1936/7876/2131
f 1938/7877/2132 1950/7878/2132 1937/7879/2132
f 1939/7880/2133 1951/7881/2133 1950/7882/2133 1938/7883/2133
f 1940/7884/2134 1952/7885/2134 1951/7886/2134 1939/7887/2134
f 1952/7888/2135 1940/7889/2135 1936/7890/2135
f 1950/7891/2136 1953/7892/2136 1937/7893/2136
f 1950/7894/2137 1951/7895/2137 1954/7896/2137 1953/7897/2137
f 1951/7898/2138 1952/7899/2138 1955/7900/2138 1954/7901/2138
f 1955/7902/2139 1952/7903/2139 1936/7904/2139
f 1953/7905/2140 1956/7906/2140 1937/7907/2140
f 1953/7908/2141 1954/7909/2141 1957/7910/2141 1956/7911/2141
f 1954/7912/2142 1955/7913/2142 1958/7914/2142 1957/7915/2142
f 1958/7916/2143 1955/7917/2143 1936/7918/2143
f 1956/7919/2144 1959/7920/2144 1937/7921/2144
f 1956/7922/2145 1957/7923/2145 1960/7924/2145 1959/7925/2145
f 1957/7926/2146 1958/7927/2146 1961/7928/2146 1960/7929/2146
f 1961/7930/2147 1958/7931/2147 1936/7932/2147
o Left Lower Leg
v -0.0224375 0.41875 0.021312499999999998
v -0.0224375 0.41875 -0.0338125
v -0.024399374999999994 0.23125 0.018126875
v -0.024399374999999994 0.23125 -0.024376875
v -0.0713125 0.41875 0.021312499999999998
v -0.0713125 0.41875 -0.0338125
v -0.063100625 0.23125 0.018126875
v -0.063100625 0.23125 -0.024376875
v -0.010937499999999996 0.41875 -0.00625
v -0.0828125 0.41875 -0.00625
v -0.071174375 0.23125 -0.0031249999999999993
v -0.016325624999999996 0.23125 -0.0031249999999999993
v -0.04375 0.41875 -0.0453125
v -0.04375 0.23125 -0.03324375
v -0.04375 0.23125 -0.0031249999999999993
v -0.04375 0.23125 0.02699375
v -0.04375 0.41875 0.0328125
v -0.04375 0.41875 -0.00625
v -0.04375 0.35625 0.036153125
v -0.067206875 0.35625 0.025969375
v -0.07699375 0.35625 -0.004687500000000001
v -0.067206875 0.35625 -0.029094375
v -0.04375 0.35625 -0.039278125
v -0.026543124999999994 0.35625 -0.029094375
v -0.016756874999999997 0.35625 -0.004687500000000001
v -0.026543124999999994 0.35625 0.025969375
vt 0.0402015625 0.7646484375
vt 0.03215625 0.7646484375
vt 0.0341875 0.7333984375
vt 0.0398625 0.7334
vt 0.28857421875 0.7887796874999999
vt 0.28857421875 0.796309375
vt 0.28373671875 0.7940921875
vt 0.28171796875 0.7887796874999999
vt 0.2577984375 0.98435625
vt 0.2514046875 0.98435625
vt 0.251565625 0.9530296875
vt 0.2568859375 0.9530359375
vt 0.288590625 0.889684375
vt 0.2821984375 0.889684375
vt 0.2827984375 0.8584031249999999
vt 0.28811875 0.8583984375
vt 0.1963609375 0.8428125
vt 0.188315625 0.8428125
vt 0.1891296875 0.8115359375
vt 0.1948046875 0.8115234375
vt 0.29130859375 0.990234375
vt 0.29130859375 1
vt 0.28441796875 0.997125
vt 0.28154296875 0.990234375
vt 0.101384375 0.7178093750000001
vt 0.094809375 0.7178093750000001
vt 0.095521875 0.6865281249999999
vt 0.1012046875 0.6865234375
vt 0.28857421875 0.78125
vt 0.28857421875 0.7887796874999999
vt 0.28171796875 0.7887796874999999
vt 0.28373671875 0.7834671875
vt 0.2569765625 0.8271484375
vt 0.2504015625 0.8271484375
vt 0.25 0.7958984375
vt 0.25568125 0.7958984375
vt 0.29130859375 1
vt 0.29130859375 0.990234375
vt 0.29951171875 0.990234375
vt 0.29663671875 0.997125
vt 0.037309375 0.6865453125000001
vt 0.0323109375 0.6865453125000001
vt 0.03125 0.6552859375
vt 0.0365421875 0.6552734375
vt 0.28857421875 0.7887796874999999
vt 0.28857421875 0.78125
vt 0.29341171875 0.7834671875
vt 0.29543046875 0.7887796874999999
vt 0.28857421875 0.796309375
vt 0.28857421875 0.7887796874999999
vt 0.29543046875 0.7887796874999999
vt 0.29341171875 0.7940921875
vt 0.224109375 0.6874859375
vt 0.2191109375 0.6874859375
vt 0.2202765625 0.6561734375
vt 0.22556875 0.656209375
vt 0.29130859375 0.990234375
vt 0.29130859375 0.98046875
vt 0.29663671875 0.98334375
vt 0.29951171875 0.990234375
vt 0.29130859375 0.98046875
vt 0.29130859375 0.990234375
vt 0.28154296875 0.990234375
vt 0.28441796875 0.98334375
vt 0.2514046875 0.98435625
vt 0.2577984375 0.98435625
vt 0.257465625 1
vt 0.25 0.9999953125
vt 0.188315625 0.8428125
vt 0.1963609375 0.8428125
vt 0.1949390625 0.8584499999999999
vt 0.1875 0.8584765625
vt 0.094809375 0.7178093750000001
vt 0.101384375 0.7178093750000001
vt 0.1015625 0.73350625
vt 0.094096875 0.7334953125
vt 0.2821984375 0.889684375
vt 0.288590625 0.889684375
vt 0.2890625 0.9053796875
vt 0.281596875 0.9053703125
vt 0.0323109375 0.6865453125000001
vt 0.037309375 0.6865453125000001
vt 0.038078125 0.7022234375
vt 0.032028125 0.70224375
vt 0.2504015625 0.8271484375
vt 0.2569765625 0.8271484375
vt 0.2576890625 0.842834375
vt 0.2502234375 0.84284375
vt 0.03215625 0.7646484375
vt 0.0402015625 0.7646484375
vt 0.041015625 0.7803249999999999
vt 0.033578125 0.780271875
vt 0.2191109375 0.6874859375
vt 0.224109375 0.6874859375
vt 0.2255859375 0.7031171875
vt 0.2195359375 0.703125
vn 0.9526363595936587 -0.0027414833634245676 0.3040994091561335
vn 0 -1 0
vn -0.3972466227255007 -0.070456855623295 0.9150032525782965
vn -0.39784643494411764 -0.04423847805301504 -0.9163848379702761
vn -0.9518521292171991 -0.04051511995752662 0.3038684734544071
vn 0 1 0
vn -0.9272408727362703 -0.044492080808228765 -0.3718128812623815
vn 0 -1 0
vn 0.9281672299918979 -0.001449830203340172 -0.37216057174497796
vn 0 1 0
vn 0.5091806988295671 -0.02373649044965344 -0.8603322584679524
vn 0 -1 0
vn 0 -1 0
vn 0.50831457552466 -0.06293361290102668 0.858868821576618
vn 0 1 0
vn 0 1 0
vn -0.3977585255363093 0.048969946643594386 0.9161823506752927
vn -0.9518762061925532 -0.03988693532049181 0.3038761597677762
vn -0.9239372743754255 -0.0952807646561756 -0.37048817647294024
vn -0.39643616082999195 -0.09497456310793047 -0.9131364644722247
vn 0.5075751420410357 -0.08280315740705732 -0.857619444920324
vn 0.9245085168514408 -0.08871462159725214 -0.37069356372077167
vn 0.9495226218922446 -0.08083241518364115 0.30310544562982933
vn 0.5090849171500891 0.03064950992644429 0.8601704218767093
usemtl m_b9306b6b-3402-fb8c-6949-e2c979050137
f 1986/7933/2148 1987/7934/2148 1964/7935/2148 1973/7936/2148
f 1976/7937/2149 1977/7938/2149 1968/7939/2149 1972/7940/2149
f 1980/7941/2150 1981/7942/2150 1968/7943/2150 1977/7944/2150
f 1983/7945/2151 1984/7946/2151 1975/7947/2151 1969/7948/2151
f 1981/7949/2152 1982/7950/2152 1972/7951/2152 1968/7952/2152
f 1979/7953/2153 1974/7954/2153 1967/7955/2153 1971/7956/2153
f 1982/7957/2154 1983/7958/2154 1969/7959/2154 1972/7960/2154
f 1975/7961/2155 1976/7962/2155 1972/7963/2155 1969/7964/2155
f 1985/7965/2156 1986/7966/2156 1973/7967/2156 1965/7968/2156
f 1974/7969/2157 1979/7970/2157 1970/7971/2157 1963/7972/2157
f 1984/7973/2158 1985/7974/2158 1965/7975/2158 1975/7976/2158
f 1976/7977/2159 1975/7978/2159 1965/7979/2159 1973/7980/2159
f 1977/7981/2160 1976/7982/2160 1973/7983/2160 1964/7984/2160
f 1987/7985/2161 1980/7986/2161 1977/7987/2161 1964/7988/2161
f 1979/7989/2162 1978/7990/2162 1962/7991/2162 1970/7992/2162
f 1978/7993/2163 1979/7994/2163 1971/7995/2163 1966/7996/2163
f 1981/7997/2164 1980/7998/2164 1978/7999/2164 1966/8000/2164
f 1982/8001/2165 1981/8002/2165 1966/8003/2165 1971/8004/2165
f 1983/8005/2166 1982/8006/2166 1971/8007/2166 1967/8008/2166
f 1984/8009/2167 1983/8010/2167 1967/8011/2167 1974/8012/2167
f 1985/8013/2168 1984/8014/2168 1974/8015/2168 1963/8016/2168
f 1986/8017/2169 1985/8018/2169 1963/8019/2169 1970/8020/2169
f 1987/8021/2170 1986/8022/2170 1970/8023/2170 1962/8024/2170
f 1980/8025/2171 1987/8026/2171 1962/8027/2171 1978/8028/2171
o sphere
v -0.04375 0.2 -0.003125
v -0.04375 0.2625 -0.003125
v -0.056695625 0.253346875 0.011383125
v -0.062058125 0.23125 0.0173925
v -0.056695625 0.20915312500000002 0.011383125
v -0.062058125 0.253346875 -0.003125
v -0.06964125 0.23125 -0.003125
v -0.062058125 0.20915312500000002 -0.003125
v -0.056695625 0.253346875 -0.017633125
v -0.062058125 0.23125 -0.0236425
v -0.056695625 0.20915312500000002 -0.017633125
v -0.04375 0.253346875 -0.0236425
v -0.04375 0.23125 -0.03214125
v -0.04375 0.20915312500000002 -0.0236425
v -0.04375 0.253346875 0.0173925
v -0.04375 0.23125 0.02589125
v -0.04375 0.20915312500000002 0.0173925
v -0.030804374999999995 0.253346875 0.011383125
v -0.025441874999999996 0.23125 0.0173925
v -0.030804374999999995 0.20915312500000002 0.011383125
v -0.025441874999999996 0.253346875 -0.003125
v -0.017858749999999996 0.23125 -0.003125
v -0.025441874999999996 0.20915312500000002 -0.003125
v -0.030804374999999995 0.253346875 -0.017633125
v -0.025441874999999996 0.23125 -0.0236425
v -0.030804374999999995 0.20915312500000002 -0.017633125
vt 0.35065625 0.48061546875000005
vt 0.3515625 0.484375
vt 0.346298125 0.48329890625000005
vt 0.375 0.49419531250000004
vt 0.38046875 0.49419531250000004
vt 0.3795234375 0.5
vt 0.37565625 0.5
vt 0.37565625 0.48839062499999997
vt 0.3795234375 0.48839062499999997
vt 0.38046875 0.49419531250000004
vt 0.375 0.49419531250000004
vt 0.2890625 0.4775390625
vt 0.28815625 0.48129859374999995
vt 0.283798125 0.47861515624999995
vt 0.34770734375 0.47811375
vt 0.35065625 0.48061546875000005
vt 0.346298125 0.48329890625000005
vt 0.500390625 0.587946875
vt 0.505859375 0.587946875
vt 0.505203125 0.59375
vt 0.5013359375 0.59375
vt 0.5013359375 0.58214375
vt 0.505203125 0.58214375
vt 0.505859375 0.587946875
vt 0.500390625 0.587946875
vt 0.28815625 0.48129859374999995
vt 0.28520734375 0.4838003125
vt 0.283798125 0.47861515624999995
vt 0.34413859375 0.47811375
vt 0.34770734375 0.47811375
vt 0.34629796875 0.48329968749999996
vt 0.4851890625 0.671875
vt 0.490234375 0.671875
vt 0.4896515625 0.6875
vt 0.4860828125 0.6875
vt 0.4860828125 0.734375
vt 0.4896515625 0.734375
vt 0.490234375 0.75
vt 0.4851890625 0.75
vt 0.28520734375 0.4838003125
vt 0.28163859375 0.4838003125
vt 0.28379796875 0.47861437500000004
vt 0.03510515625 0.46248875
vt 0.03867390625 0.46248875
vt 0.03651453125 0.46767468749999996
vt 0.0625 0.484375
vt 0.0675453125 0.484375
vt 0.0666515625 0.5
vt 0.0630828125 0.5
vt 0.2818328125 0.5
vt 0.2854015625 0.5
vt 0.2862953125 0.515625
vt 0.28125 0.515625
vt 0.52304890625 0.7181753125
vt 0.51948015625 0.7181753125
vt 0.52088953125 0.712989375
vt 0.375 0.46356406250000004
vt 0.37856875 0.46356406250000004
vt 0.3764078125 0.46875
vt 0.34375 0.5
vt 0.3487953125 0.5
vt 0.3479015625 0.515625
vt 0.3443328125 0.515625
vt 0.4849578125 0.703125
vt 0.4885265625 0.703125
vt 0.4894203125 0.71875
vt 0.484375 0.71875
vt 0.53481875 0.6243265625000001
vt 0.53125 0.6243265625000001
vt 0.5326578125 0.619140625
vt 0.4065875 0.46356406250000004
vt 0.41015625 0.46356406250000004
vt 0.4087484375 0.46875
vt 0.0329578125 0.5
vt 0.0320640625 0.484375
vt 0.037109375 0.484375
vt 0.0365265625 0.5
vt 0.3133140625 0.515625
vt 0.3142078125 0.5
vt 0.3177765625 0.5
vt 0.318359375 0.515625
vt 0.53515625 0.5930765625000001
vt 0.5315875 0.5930765625000001
vt 0.5337484375 0.587890625
vt 0.03125 0.46875
vt 0.03215625 0.46499046875000005
vt 0.036514375 0.46767390625000005
vt 0.5013359375 0.65625
vt 0.500390625 0.6504453125
vt 0.505859375 0.6504453125
vt 0.505203125 0.65625
vt 0.500390625 0.6504453125
vt 0.5013359375 0.6446406250000001
vt 0.505203125 0.6446406250000001
vt 0.505859375 0.6504453125
vt 0.51653125 0.7156735937500001
vt 0.515625 0.7119140625
vt 0.520889375 0.7129901562500001
vt 0.03215625 0.46499046875000005
vt 0.03510515625 0.46248875
vt 0.036514375 0.46767390625000005
vt 0.43815625 0.5
vt 0.4375 0.494196875
vt 0.44296875 0.494196875
vt 0.4420234375 0.5
vt 0.4375 0.494196875
vt 0.43815625 0.48839374999999996
vt 0.4420234375 0.48839374999999996
vt 0.44296875 0.494196875
vt 0.51948015625 0.7181753125
vt 0.51653125 0.7156735937500001
vt 0.520889375 0.7129901562500001
vn -0.44119102830339113 0.8824724337378791 0.1630732358093782
vn -0.8928637680525187 0.30642581926581886 0.3299962257152798
vn -0.8928547258503142 -0.3064293791639634 0.3300173845601902
vn -0.44119102830339124 -0.882472433737879 0.16307323580937824
vn -0.44119102830339113 0.8824724337378791 -0.1630732358093782
vn -0.8928681692119653 0.3064112430221687 -0.3299978523531368
vn -0.8928609499008946 -0.3064087655253161 -0.33001968509669904
vn -0.44119102830339124 -0.882472433737879 -0.16307323580937824
vn -0.185826498715763 0.897338723274246 -0.400314536443016
vn -0.3975552868914248 0.32938747211693453 -0.8564191071415284
vn -0.39755165152746397 -0.3293870889038043 -0.8564209420788725
vn -0.18582649871576307 -0.8973387232742459 -0.4003145364430161
vn 0.185826498715763 0.897338723274246 -0.400314536443016
vn 0.39755494264617014 0.3293898157243463 -0.8564183655636313
vn 0.3975511646880321 -0.3293904033160818 -0.856419893310786
vn 0.18582649871576307 -0.8973387232742459 -0.4003145364430161
vn -0.1858264987157631 0.897338723274246 0.400314536443016
vn -0.39755494264617 0.3293898157243461 0.8564183655636314
vn -0.39755116468803225 -0.3293904033160817 0.856419893310786
vn -0.18582649871576312 -0.8973387232742459 0.4003145364430161
vn 0.1858264987157631 0.897338723274246 0.400314536443016
vn 0.39755494264617 0.3293898157243461 0.8564183655636314
vn 0.3975511646880322 -0.3293904033160817 0.856419893310786
vn 0.18582649871576312 -0.8973387232742459 0.4003145364430161
vn 0.44119102830339113 0.8824724337378791 0.1630732358093782
vn 0.8928637680525188 0.3064258192658189 0.3299962257152798
vn 0.8928547258503141 -0.30642937916396346 0.33001738456019025
vn 0.44119102830339124 -0.882472433737879 0.16307323580937824
vn 0.44119102830339113 0.8824724337378791 -0.1630732358093782
vn 0.8928681692119653 0.3064112430221687 -0.3299978523531368
vn 0.8928609499008946 -0.30640876552531615 -0.330019685096699
vn 0.44119102830339124 -0.882472433737879 -0.16307323580937824
usemtl m_b9306b6b-3402-fb8c-6949-e2c979050137
f 1993/8029/2172 1990/8030/2172 1989/8031/2172
f 1994/8032/2173 1991/8033/2173 1990/8034/2173 1993/8035/2173
f 1995/8036/2174 1992/8037/2174 1991/8038/2174 1994/8039/2174
f 1992/8040/2175 1995/8041/2175 1988/8042/2175
f 1996/8043/2176 1993/8044/2176 1989/8045/2176
f 1997/8046/2177 1994/8047/2177 1993/8048/2177 1996/8049/2177
f 1998/8050/2178 1995/8051/2178 1994/8052/2178 1997/8053/2178
f 1995/8054/2179 1998/8055/2179 1988/8056/2179
f 1999/8057/2180 1996/8058/2180 1989/8059/2180
f 2000/8060/2181 1997/8061/2181 1996/8062/2181 1999/8063/2181
f 2001/8064/2182 1998/8065/2182 1997/8066/2182 2000/8067/2182
f 1998/8068/2183 2001/8069/2183 1988/8070/2183
f 2011/8071/2184 1999/8072/2184 1989/8073/2184
f 2012/8074/2185 2000/8075/2185 1999/8076/2185 2011/8077/2185
f 2013/8078/2186 2001/8079/2186 2000/8080/2186 2012/8081/2186
f 2001/8082/2187 2013/8083/2187 1988/8084/2187
f 1990/8085/2188 2002/8086/2188 1989/8087/2188
f 1991/8088/2189 2003/8089/2189 2002/8090/2189 1990/8091/2189
f 1992/8092/2190 2004/8093/2190 2003/8094/2190 1991/8095/2190
f 2004/8096/2191 1992/8097/2191 1988/8098/2191
f 2002/8099/2192 2005/8100/2192 1989/8101/2192
f 2002/8102/2193 2003/8103/2193 2006/8104/2193 2005/8105/2193
f 2003/8106/2194 2004/8107/2194 2007/8108/2194 2006/8109/2194
f 2007/8110/2195 2004/8111/2195 1988/8112/2195
f 2005/8113/2196 2008/8114/2196 1989/8115/2196
f 2005/8116/2197 2006/8117/2197 2009/8118/2197 2008/8119/2197
f 2006/8120/2198 2007/8121/2198 2010/8122/2198 2009/8123/2198
f 2010/8124/2199 2007/8125/2199 1988/8126/2199
f 2008/8127/2200 2011/8128/2200 1989/8129/2200
f 2008/8130/2201 2009/8131/2201 2012/8132/2201 2011/8133/2201
f 2009/8134/2202 2010/8135/2202 2013/8136/2202 2012/8137/2202
f 2013/8138/2203 2010/8139/2203 1988/8140/2203
o sphere
v -0.04375 0.25625 -0.003125
v -0.056949374999999997 0.247096875 0.011636875
v -0.062416875 0.22499999999999998 0.01775125
v -0.062416875 0.247096875 -0.003125
v -0.07014875 0.22499999999999998 -0.003125
v -0.056949374999999997 0.247096875 -0.017886875
v -0.062416875 0.22499999999999998 -0.02400125
v -0.04375 0.247096875 -0.02400125
v -0.04375 0.22499999999999998 -0.03264875
v -0.04375 0.247096875 0.01775125
v -0.04375 0.22499999999999998 0.02639875
v -0.030550624999999998 0.247096875 0.011636875
v -0.025083124999999998 0.22499999999999998 0.01775125
v -0.025083124999999998 0.247096875 -0.003125
v -0.01735125 0.22499999999999998 -0.003125
v -0.030550624999999998 0.247096875 -0.017886875
v -0.025083124999999998 0.22499999999999998 -0.02400125
v -0.04375 0.202903125 -0.02400125
v -0.030550624999999998 0.202903125 -0.017886875
v -0.04375 0.19374999999999998 -0.003125
v -0.025083124999999998 0.202903125 -0.003125
v -0.030550624999999998 0.202903125 0.011636875
v -0.056949374999999997 0.202903125 0.011636875
v -0.04375 0.202903125 0.01775125
v -0.062416875 0.202903125 -0.003125
v -0.056949374999999997 0.202903125 -0.017886875
vt 0.13191171875 0.48054515625000005
vt 0.1328125 0.484375
vt 0.12747484375 0.48325328125
vt 0.25 0.53125
vt 0.255565625 0.53125
vt 0.2546078125 0.546875
vt 0.250671875 0.546875
vt 0.1289171875 0.477993125
vt 0.13191171875 0.48054515625000005
vt 0.12747484375 0.48325328125
vt 0.43779375 0.578125
vt 0.443359375 0.578125
vt 0.4426875 0.59375
vt 0.438753125 0.59375
vt 0.12528125 0.477993125
vt 0.1289171875 0.477993125
vt 0.127475 0.4832525
vt 0.375715625 0.515625
vt 0.380859375 0.515625
vt 0.3802609375 0.53125
vt 0.376625 0.53125
vt 0.1601453125 0.477993125
vt 0.16378125 0.477993125
vt 0.1615875 0.4832525
vt 0.46875 0.609375
vt 0.47389375 0.609375
vt 0.472984375 0.625
vt 0.4693484375 0.625
vt 0.53125 0.900990625
vt 0.5348875 0.900990625
vt 0.53269375 0.90625
vt 0.484375 0.984375
vt 0.4895171875 0.984375
vt 0.488609375 1
vt 0.484971875 1
vt 0.53151875 0.8697406249999999
vt 0.53515625 0.8697406249999999
vt 0.5337125 0.875
vt 0.486 0.96875
vt 0.4850921875 0.953125
vt 0.490234375 0.953125
vt 0.4896375 0.96875
vt 0.15625 0.484375
vt 0.15715078125 0.48054515625000005
vt 0.16158765625 0.48325328125
vt 0.4543765625 0.75
vt 0.45341875 0.734375
vt 0.458984375 0.734375
vt 0.4583125 0.75
vt 0.15715078125 0.48054515625000005
vt 0.1601453125 0.477993125
vt 0.16158765625 0.48325328125
vt 0.438171875 0.5625
vt 0.4375 0.546875
vt 0.443065625 0.546875
vt 0.44210625 0.5625
vt 0.4693484375 0.640625
vt 0.472984375 0.640625
vt 0.47389375 0.65625
vt 0.46875 0.65625
vt 0.5234375 0.9931640625
vt 0.52253765625 0.99699421875
vt 0.51810015625 0.9942871875
vt 0.52253765625 0.99699421875
vt 0.51954390625 0.999546875
vt 0.51810015625 0.9942871875
vt 0.00753109375 0.48392187499999995
vt 0.00389359375 0.48392187499999995
vt 0.00533734375 0.4786625
vt 0.51954390625 0.999546875
vt 0.51590640625 0.999546875
vt 0.51810015625 0.9942875
vt 0.00089984375 0.48136921875000005
vt 0 0.4775390625
vt 0.00533734375 0.4786621875
vt 0.53515625 0.8119000000000001
vt 0.5315203125 0.8119000000000001
vt 0.5337140625 0.806640625
vt 0.2223859375 0.46814999999999996
vt 0.21875 0.46814999999999996
vt 0.2201921875 0.462890625
vt 0.00389359375 0.48392187499999995
vt 0.00089984375 0.48136921875000005
vt 0.00533734375 0.4786621875
vt 0.4694671875 0.53125
vt 0.470375 0.515625
vt 0.4740125 0.515625
vt 0.474609375 0.53125
vt 0.28154375 0.546875
vt 0.282503125 0.53125
vt 0.2864375 0.53125
vt 0.287109375 0.546875
vt 0 0.546875
vt 0.000671875 0.53125
vt 0.00460625 0.53125
vt 0.005565625 0.546875
vt 0.000596875 0.5
vt 0.004234375 0.5
vt 0.0051421875 0.515625
vt 0 0.515625
vt 0.470375 0.765625
vt 0.4740109375 0.765625
vt 0.474609375 0.78125
vt 0.469465625 0.78125
vt 0.454378125 0.984375
vt 0.4583125 0.984375
vt 0.458984375 1
vt 0.45341875 1
vt 0.453796875 0.703125
vt 0.45773125 0.703125
vt 0.458690625 0.71875
vt 0.453125 0.71875
vn -0.4345227153368096 0.8861652399429495 0.1609384272732296
vn -0.8910075220875985 0.3117783075160389 0.32999982203897016
vn -0.4345227153368096 0.8861652399429495 -0.1609384272732296
vn -0.8910096278917863 0.3117714639131463 -0.3300006019594422
vn -0.18287251809231778 0.9003945080404606 -0.39477509042130843
vn -0.3961105549861705 0.3346130372843873 -0.8550617191219972
vn 0.18287251809231778 0.9003945080404606 -0.39477509042130843
vn 0.3961090928365904 0.33462283342527066 -0.8550585628614084
vn -0.18287251809231778 0.9003945080404606 0.3947750904213084
vn -0.3961090928365904 0.33462283342527066 0.8550585628614084
vn 0.1828725180923178 0.9003945080404606 0.39477509042130843
vn 0.3961090928365904 0.33462283342527066 0.8550585628614084
vn 0.4345227153368096 0.8861652399429495 0.1609384272732296
vn 0.8910075220875987 0.3117783075160389 0.32999982203897016
vn 0.4345227153368096 0.8861652399429495 -0.1609384272732296
vn 0.8910096278917863 0.3117714639131463 -0.3300006019594422
vn 0.3960935229203444 -0.3346252811844651 -0.8550648175973378
vn 0.43452271533680975 -0.8861652399429495 -0.16093842727322966
vn 0.43452271533680975 -0.8861652399429495 0.16093842727322966
vn -0.18287251809231786 -0.9003945080404604 0.39477509042130843
vn 0.18287251809231783 -0.9003945080404604 0.3947750904213084
vn -0.43452271533680975 -0.8861652399429495 -0.16093842727322966
vn -0.1828725180923178 -0.9003945080404604 -0.39477509042130843
vn 0.1828725180923178 -0.9003945080404604 -0.39477509042130843
vn -0.43452271533680975 -0.8861652399429495 0.16093842727322966
vn 0.3960935229203444 -0.3346252811844651 0.8550648175973378
vn 0.8910033134173225 -0.31177997463953216 0.3300096103041931
vn 0.8910062914236825 -0.31177029645601406 -0.33001071329753057
vn -0.39609352292034455 -0.3346252811844651 0.8550648175973378
vn -0.39609559066719924 -0.334611427137809 -0.8550692813350282
vn -0.8910062914236825 -0.31177029645601406 -0.33001071329753057
vn -0.8910033134173225 -0.31177997463953216 0.3300096103041931
usemtl m_b9306b6b-3402-fb8c-6949-e2c979050137
f 2017/8141/2204 2015/8142/2204 2014/8143/2204
f 2018/8144/2205 2016/8145/2205 2015/8146/2205 2017/8147/2205
f 2019/8148/2206 2017/8149/2206 2014/8150/2206
f 2020/8151/2207 2018/8152/2207 2017/8153/2207 2019/8154/2207
f 2021/8155/2208 2019/8156/2208 2014/8157/2208
f 2022/8158/2209 2020/8159/2209 2019/8160/2209 2021/8161/2209
f 2029/8162/2210 2021/8163/2210 2014/8164/2210
f 2030/8165/2211 2022/8166/2211 2021/8167/2211 2029/8168/2211
f 2015/8169/2212 2023/8170/2212 2014/8171/2212
f 2016/8172/2213 2024/8173/2213 2023/8174/2213 2015/8175/2213
f 2023/8176/2214 2025/8177/2214 2014/8178/2214
f 2023/8179/2215 2024/8180/2215 2026/8181/2215 2025/8182/2215
f 2025/8183/2216 2027/8184/2216 2014/8185/2216
f 2025/8186/2217 2026/8187/2217 2028/8188/2217 2027/8189/2217
f 2027/8190/2218 2029/8191/2218 2014/8192/2218
f 2027/8193/2219 2028/8194/2219 2030/8195/2219 2029/8196/2219
f 2032/8197/2220 2031/8198/2220 2022/8199/2220 2030/8200/2220
f 2032/8201/2221 2034/8202/2221 2033/8203/2221
f 2034/8204/2222 2035/8205/2222 2033/8206/2222
f 2037/8207/2223 2036/8208/2223 2033/8209/2223
f 2035/8210/2224 2037/8211/2224 2033/8212/2224
f 2038/8213/2225 2039/8214/2225 2033/8215/2225
f 2039/8216/2226 2031/8217/2226 2033/8218/2226
f 2031/8219/2227 2032/8220/2227 2033/8221/2227
f 2036/8222/2228 2038/8223/2228 2033/8224/2228
f 2024/8225/2229 2037/8226/2229 2035/8227/2229 2026/8228/2229
f 2026/8229/2230 2035/8230/2230 2034/8231/2230 2028/8232/2230
f 2028/8233/2231 2034/8234/2231 2032/8235/2231 2030/8236/2231
f 2036/8237/2232 2037/8238/2232 2024/8239/2232 2016/8240/2232
f 2031/8241/2233 2039/8242/2233 2020/8243/2233 2022/8244/2233
f 2039/8245/2234 2038/8246/2234 2018/8247/2234 2020/8248/2234
f 2038/8249/2235 2036/8250/2235 2016/8251/2235 2018/8252/2235
o Left Foot
v -0.023124999999999996 0.22499999999999998 0.02066375
v -0.023888749999999997 0.21187499999999998 -0.094476875
v -0.01854125 0.18749999999999997 0.031238125000000002
v -0.013958749999999999 0.18749999999999997 -0.094476875
v -0.064375 0.22499999999999998 0.02066375
v -0.06361125 0.21187499999999998 -0.094476875
v -0.06895875 0.18749999999999997 0.031238125000000002
v -0.07354125 0.18749999999999997 -0.094476875
v -0.023124999999999996 0.22499999999999998 -0.022807499999999998
v -0.064375 0.22499999999999998 -0.022807499999999998
v -0.07354125 0.18749999999999997 -0.032206874999999996
v -0.013958749999999999 0.18749999999999997 -0.032206874999999996
v -0.07354125 0.22499999999999998 -0.000484375
v -0.013958749999999999 0.22499999999999998 -0.000484375
v -0.013958749999999999 0.18749999999999997 -0.000484375
v -0.07354125 0.18749999999999997 -0.000484375
v -0.04375 0.22499999999999998 -0.000484375
v -0.04375 0.22499999999999998 0.030063125000000003
v -0.04375 0.18749999999999997 0.035937500000000004
v -0.04375 0.18749999999999997 -0.000484375
v -0.04375 0.18749999999999997 -0.03690625
v -0.04375 0.18749999999999997 -0.094476875
v -0.04375 0.21187499999999998 -0.094476875
v -0.04375 0.22499999999999998 -0.031031875
v -0.04375 0.20625 0.03535
v -0.014531249999999996 0.20625 0.030063125000000003
v -0.009374999999999994 0.20625 -0.000484375
v -0.014531249999999996 0.20625 -0.031031875
v -0.013958749999999999 0.20249999999999999 -0.094476875
v -0.07354125 0.20249999999999999 -0.094476875
v -0.07296875 0.20625 -0.031031875
v -0.078125 0.20625 -0.000484375
v -0.07296875 0.20625 0.030063125000000003
v -0.059887499999999996 0.20578124999999997 -0.115625
v -0.04375 0.19874999999999998 -0.115625
v -0.06609374999999999 0.19874999999999998 -0.115625
v -0.04375 0.20578124999999997 -0.115625
v -0.021406249999999998 0.19874999999999998 -0.115625
v -0.027612499999999998 0.20578124999999997 -0.115625
v -0.04375 0.18749999999999997 -0.115625
v -0.06609374999999999 0.18749999999999997 -0.115625
v -0.021406249999999998 0.18749999999999997 -0.115625
vt 0.19532109375 0.99379015625
vt 0.20296203125 0.9950475
vt 0.2004559375 1
vt 0.19475015625 0.9984340625
vt 0.0703125 0.978299375
vt 0.0703125 0.970661875
vt 0.0777609375 0.970661875
vt 0.07546875 0.976243125
vt 0.0078125 0.9907
vt 0.0078125 0.98159375
vt 0.0152609375 0.98276875
vt 0.0152609375 0.9907
vt 0.33554109375 0.72843015625
vt 0.34292859375 0.7291601562500001
vt 0.3407096875 0.734375
vt 0.3353125 0.73314296875
vt 0.5002734375 0.5294921875
vt 0.505859375 0.5294921875
vt 0.505859375 0.53125
vt 0.501825 0.53125
vt 0.20909578125 0.7761734375
vt 0.21682390625 0.7756809375
vt 0.2169403125 0.78050515625
vt 0.2110878125 0.78119125
vt 0.07044703125 0.99449703125
vt 0.0703125 0.978299375
vt 0.07546921875 0.97624296875
vt 0.07539640625 0.99445609375
vt 0.19317828125 0.7750928125000001
vt 0.20903890625 0.7760303125
vt 0.2110878125 0.78119125
vt 0.19315078125 0.7782665625
vt 0.0078125 0.98159375
vt 0.0078125 0.9672015625
vt 0.0152609375 0.9672015625
vt 0.0152609375 0.98276875
vt 0.20281796875 0.9953321875
vt 0.2187078125 0.9953815625
vt 0.21853671875 0.99879078125
vt 0.2004559375 1
vt 0.0703125 0.970661875
vt 0.0703125 0.9630259375
vt 0.07546875 0.9653759375
vt 0.0777609375 0.970661875
vt 0.18762171875 0.99300390625
vt 0.1953390625 0.99364453125
vt 0.19475015625 0.9984340625
vt 0.18914875 0.99829359375
vt 0.0078125 0.9998046875
vt 0.0078125 0.9907
vt 0.0152609375 0.9907
vt 0.0141140625 0.9986296875
vt 0.21682765625 0.77583703125
vt 0.2245703125 0.77596625
vt 0.22252234375 0.78125
vt 0.2169403125 0.78050515625
vt 0.0703125 0.9630259375
vt 0.0703125 0.970661875
vt 0.0628640625 0.9706634375
vt 0.06515625 0.9653759375
vt 0.328125 0.72827890625
vt 0.3355484375 0.72827890625
vt 0.3353125 0.73314296875
vt 0.3298203125 0.7335164062499999
vt 0.0078125 0.9907
vt 0.0078125 0.9998046875
vt 0.0015109375 0.9986296875
vt 0.0003640625 0.9906984375
vt 0.0078125 0.98159375
vt 0.0078125 0.9907
vt 0.0003640625 0.9906984375
vt 0.0003640625 0.98276875
vt 0.0078125 0.9672015625
vt 0.0078125 0.98159375
vt 0.0003640625 0.98276875
vt 0.0003640625 0.9672015625
vt 0.505859375 0.5294921875
vt 0.5114453125 0.5294921875
vt 0.50989375 0.53125
vt 0.505859375 0.53125
vt 0.0703125 0.978299375
vt 0.07019359375 0.99449578125
vt 0.065228125 0.994459375
vt 0.06517109375 0.9762490625
vt 0.0703125 0.970661875
vt 0.0703125 0.978299375
vt 0.06515625 0.976243125
vt 0.0628640625 0.9706634375
vt 0.34292859375 0.7291601562500001
vt 0.33554109375 0.72843015625
vt 0.3359775 0.72375984375
vt 0.3423571875 0.72439171875
vt 0.1953390625 0.99364453125
vt 0.18762171875 0.99300390625
vt 0.18756109375 0.98820109375
vt 0.19554765625 0.98882640625
vt 0.20308265625 0.99367359375
vt 0.1953390625 0.99364453125
vt 0.1955478125 0.98882328125
vt 0.2033653125 0.9891621875
vt 0.21894359375 0.99273609375
vt 0.20308265625 0.99367359375
vt 0.20337640625 0.98898453125
vt 0.21894359375 0.98898765625
vt 0.505859375 0.5294921875
vt 0.5002734375 0.5294921875
vt 0.5002734375 0.5266796874999999
vt 0.505859375 0.5266796874999999
vt 0.5114453125 0.5294921875
vt 0.505859375 0.5294921875
vt 0.505859375 0.5266796874999999
vt 0.5114453125 0.5266796874999999
vt 0.20904078125 0.7760303125
vt 0.19317828125 0.7750928125000001
vt 0.19317828125 0.7713428125
vt 0.20874546875 0.7713428125
vt 0.216784375 0.7759812500000001
vt 0.20904078125 0.7760303125
vt 0.2087453125 0.7713415625
vt 0.21656421875 0.771345
vt 0.22449890625 0.77530875
vt 0.216784375 0.7759812500000001
vt 0.21655546875 0.7711609375
vt 0.22454015625 0.77051046875
vt 0.3355484375 0.72827890625
vt 0.328125 0.72827890625
vt 0.3291625 0.72358984375
vt 0.3355734375 0.7235882812500001
vt 0.19314875 0.7784935937499999
vt 0.18758359375 0.77807546875
vt 0.1875390625 0.7757315625
vt 0.19317828125 0.7750928125000001
vt 0.07019359375 0.99449578125
vt 0.070153125 0.99999875
vt 0.06611890625 0.99996921875
vt 0.065228125 0.994459375
vt 0.2187071875 0.9953928125
vt 0.22430234375 0.9963865625
vt 0.224109375 0.9987225
vt 0.21853671875 0.99879078125
vt 0.0754125 0.9944559375
vt 0.074526875 0.9999665625
vt 0.0704925 1
vt 0.07044703125 0.99449703125
vt 0.109375 1
vt 0.09375 0.9990625
vt 0.09375 0.984375
vt 0.109375 0.984375
vt 0.0003640625 0.9672015625
vt 0.0022265625 0.9619140625
vt 0.0078125 0.9619140625
vt 0.0078125 0.9672015625
vt 0.21894359375 0.98898609375
vt 0.22454828125 0.98898609375
vt 0.22454828125 0.99179859375
vt 0.21894359375 0.99273609375
vt 0.0078125 0.9672015625
vt 0.0078125 0.9619140625
vt 0.0133984375 0.9619140625
vt 0.0152609375 0.9672015625
vn 0.8730672257076267 0.4647967438628003 -0.14736894615123824
vn 0 1 0
vn 0 -1 0
vn 0.15435958846464579 0.49840349219493885 0.8530926540633876
vn 0 0 -1
vn -0.9585936720239917 0.23434419968746534 -0.16180533992548352
vn 0.08051906946114258 0.9760855641498452 -0.20192486451992617
vn -0.9061237864358078 0.4226786307496705 -0.016806509537028384
vn 0 -1 0
vn 0.6860305552467946 0.7266435641174045 -0.0367587811893999
vn 0 1 0
vn 0.9585936720239917 0.23434419968746534 0.16180533992548352
vn 0 -1 0
vn -0.8693068289062105 0.47199015698339897 0.14673421185195673
vn 0 1 0
vn -0.17156835852524424 0.26736069203517226 0.9481996407441985
vn 0 -1 0
vn 0 -1 0
vn 0 -1 0
vn 0 0 -1
vn 0 0.9792651711354103 -0.20258263647493513
vn 0 1 0
vn 0.17796542575167387 0.030818026696053 0.9835540434910462
vn 0.9668187393339034 -0.1965434967262509 0.16319368605255555
vn 0.9585936720239917 -0.23434419968746542 -0.16180533992548352
vn 0.9995217121069616 0.03006488360692745 0.0072422234479510485
vn 0 0 -1
vn 0 0 -1
vn -0.9999592901350008 0 0.009023196368544165
vn -0.9852423761062772 0.04050441954641308 -0.16630349461651503
vn -0.9585936720239917 -0.23434419968746542 0.16180533992548352
vn -0.17800049188587697 0.02357982623539055 0.9837478420220777
vn -0.7134928075091942 0.6297763180947817 -0.3070990113947425
vn 0 0.9609042652310811 -0.276880828265007
vn 0.7005093458270678 0.6183162492500249 -0.3563308467173653
vn 0 0.9609042652310811 -0.276880828265007
vn -0.943221685987788 0 -0.3321638919003008
vn 0 -1 0
vn 0.943221685987788 0 -0.3321638919003008
vn 0 -1 0
usemtl m_b9306b6b-3402-fb8c-6949-e2c979050137
f 2066/8253/2236 2067/8254/2236 2048/8255/2236 2053/8256/2236
f 2063/8257/2237 2056/8258/2237 2053/8259/2237 2048/8260/2237
f 2059/8261/2238 2060/8262/2238 2051/8263/2238 2054/8264/2238
f 2064/8265/2239 2065/8266/2239 2040/8267/2239 2057/8268/2239
f 2077/8269/2240 2074/8270/2240 2076/8271/2240 2078/8272/2240
f 2070/8273/2241 2071/8274/2241 2052/8275/2241 2049/8276/2241
f 2062/8277/2242 2063/8278/2242 2048/8279/2242 2041/8280/2242
f 2069/8281/2243 2070/8282/2243 2049/8283/2243 2045/8284/2243
f 2060/8285/2244 2061/8286/2244 2043/8287/2244 2051/8288/2244
f 2067/8289/2245 2068/8290/2245 2041/8291/2245 2048/8292/2245
f 2056/8293/2246 2057/8294/2246 2040/8295/2246 2053/8296/2246
f 2065/8297/2247 2066/8298/2247 2053/8299/2247 2040/8300/2247
f 2058/8301/2248 2059/8302/2248 2054/8303/2248 2042/8304/2248
f 2071/8305/2249 2072/8306/2249 2044/8307/2249 2052/8308/2249
f 2057/8309/2250 2056/8310/2250 2052/8311/2250 2044/8312/2250
f 2072/8313/2251 2064/8314/2251 2057/8315/2251 2044/8316/2251
f 2059/8317/2252 2058/8318/2252 2046/8319/2252 2055/8320/2252
f 2060/8321/2253 2059/8322/2253 2055/8323/2253 2050/8324/2253
f 2061/8325/2254 2060/8326/2254 2050/8327/2254 2047/8328/2254
f 2074/8329/2255 2075/8330/2255 2073/8331/2255 2076/8332/2255
f 2063/8333/2256 2062/8334/2256 2045/8335/2256 2049/8336/2256
f 2056/8337/2257 2063/8338/2257 2049/8339/2257 2052/8340/2257
f 2065/8341/2258 2064/8342/2258 2058/8343/2258 2042/8344/2258
f 2066/8345/2259 2065/8346/2259 2042/8347/2259 2054/8348/2259
f 2067/8349/2260 2066/8350/2260 2054/8351/2260 2051/8352/2260
f 2068/8353/2261 2067/8354/2261 2051/8355/2261 2043/8356/2261
f 2074/8357/2262 2077/8358/2262 2081/8359/2262 2079/8360/2262
f 2075/8361/2263 2074/8362/2263 2079/8363/2263 2080/8364/2263
f 2070/8365/2264 2069/8366/2264 2047/8367/2264 2050/8368/2264
f 2071/8369/2265 2070/8370/2265 2050/8371/2265 2055/8372/2265
f 2072/8373/2266 2071/8374/2266 2055/8375/2266 2046/8376/2266
f 2064/8377/2267 2072/8378/2267 2046/8379/2267 2058/8380/2267
f 2045/8381/2268 2073/8382/2268 2075/8383/2268 2069/8384/2268
f 2062/8385/2269 2076/8386/2269 2073/8387/2269 2045/8388/2269
f 2068/8389/2270 2077/8390/2270 2078/8391/2270 2041/8392/2270
f 2041/8393/2271 2078/8394/2271 2076/8395/2271 2062/8396/2271
f 2069/8397/2272 2075/8398/2272 2080/8399/2272 2047/8400/2272
f 2047/8401/2273 2080/8402/2273 2079/8403/2273 2061/8404/2273
f 2043/8405/2274 2081/8406/2274 2077/8407/2274 2068/8408/2274
f 2061/8409/2275 2079/8410/2275 2081/8411/2275 2043/8412/2275