# Made in Blockbench 4.12.4
mtllib Dead Spacesuit.mtl

o cuboid
v 0.16048939860786576 0.1761345872567186 -0.12499999999999996
v -0.16119581593619742 0.1761345872567186 -0.12500000000000003
v 0.16048939860786576 0 -0.12499999999999996
v -0.16119581593619742 0 -0.12500000000000003
v 0.16048939860786568 0.1761345872567186 0.20260531717299113
v -0.1611958159361975 0.1761345872567186 0.20260531717299107
v 0.16048939860786568 0 0.20260531717299113
v -0.1611958159361975 0 0.20260531717299107
v 0.1604893986078657 0.1761345872567186 0.15580455757684955
v -0.16119581593619747 0.1761345872567186 0.1558045575768495
v -0.16119581593619747 0 0.1558045575768495
v 0.1604893986078657 0 0.15580455757684955
v -0.16119581593619742 0.1761345872567186 -0.07819924040385846
v 0.16048939860786576 0.1761345872567186 -0.07819924040385838
v 0.16048939860786576 0 -0.07819924040385838
v -0.16119581593619742 0 -0.07819924040385846
v -0.1611958159361975 0.13839146141599312 0.20260531717299107
v 0.16048939860786568 0.13839146141599312 0.20260531717299113
v 0.1604893986078657 0.13839146141599312 0.15580455757684955
v 0.16048939860786576 0.13839146141599312 -0.07819924040385838
v 0.16048939860786576 0.13839146141599312 -0.12499999999999996
v -0.16119581593619742 0.13839146141599312 -0.12500000000000003
v 0.1403840726988618 0.13839146141599312 -0.12499999999999997
v 0.1403840726988618 0 -0.12499999999999997
v 0.1403840726988618 0 -0.0781992404038584
v 0.14038407269886174 0 0.15580455757684955
v 0.14038407269886172 0 0.20260531717299113
v 0.14038407269886172 0.13839146141599312 0.20260531717299113
v 0.14038407269886172 0.1761345872567186 0.20260531717299113
v 0.14038407269886174 0.1761345872567186 0.15580455757684955
v 0.1403840726988618 0.1761345872567186 -0.0781992404038584
v 0.1403840726988618 0.1761345872567186 -0.12499999999999997
v -0.14109049002719345 0 -0.12500000000000003
v -0.14109049002719345 0 -0.07819924040385845
v -0.1410904900271935 0 0.1558045575768495
v -0.14109049002719354 0 0.20260531717299107
v -0.14109049002719354 0.13839146141599312 0.20260531717299107
v -0.14109049002719354 0.1761345872567186 0.20260531717299107
v -0.1410904900271935 0.1761345872567186 0.1558045575768495
v -0.14109049002719345 0.1761345872567186 -0.07819924040385845
v -0.14109049002719345 0.1761345872567186 -0.12500000000000003
v -0.14109049002719354 0.01887156292036274 0.20260531717299107
v 0.14038407269886172 0.01887156292036274 0.20260531717299113
v 0.16048939860786568 0.01887156292036274 0.20260531717299113
v 0.1604893986078657 0.01887156292036274 0.15580455757684955
v 0.16048939860786576 0.01887156292036274 -0.07819924040385838
v 0.16048939860786576 0.01887156292036274 -0.12499999999999996
v 0.1403840726988618 0.01887156292036274 -0.12499999999999997
v -0.14109049002719345 0.01887156292036274 -0.12500000000000003
v -0.16119581593619742 0.01887156292036274 -0.12500000000000003
v -0.16119581593619742 0.01887156292036274 -0.07819924040385846
v -0.16119581593619747 0.01887156292036274 0.1558045575768495
v -0.1611958159361975 0.01887156292036274 0.20260531717299107
v 0.1403840726988618 0.13839146141599312 -0.0781992404038584
v 0.1403840726988618 0.01887156292036274 -0.0781992404038584
v 0.14038407269886174 0.01887156292036274 0.15580455757684955
v 0.14038407269886174 0.13839146141599312 0.15580455757684955
v -0.1410904900271935 0.13839146141599312 0.1558045575768495
v -0.1410904900271935 0.01887156292036274 0.1558045575768495
v -0.14109049002719345 0.01887156292036274 -0.07819924040385845
v -0.14109049002719345 0.13839146141599312 -0.07819924040385845
v -0.16119581593619742 0.13839146141599312 -0.07819924040385846
v -0.16119581593619747 0.13839146141599312 0.1558045575768495
v -0.14109049002719345 0.13839146141599312 -0.12500000000000003
v 0.14038407269886172 0.4824489898506832 0.2029607689421238
v -0.14109049002719354 0.47371019811436055 0.24905062499999994
v -0.14109049002719354 0.4824489898506832 0.20296076894212375
v 0.14038407269886172 0.47371019811436055 0.249050625
v 0.16249999999999998 0.3145260486727117 0.15580455757684955
v 0.142394674090996 0.3271070906196202 0.20260531717299113
v 0.14239467409099602 0.3145260486727117 0.15580455757684955
v 0.16249999999999995 0.3271070906196202 0.20260531717299113
v 0.16250000000000003 0.3271070906196202 -0.12499999999999996
v 0.14239467409099607 0.3145260486727117 -0.0781992404038584
v 0.14239467409099607 0.3271070906196202 -0.12499999999999997
v 0.16250000000000003 0.3145260486727117 -0.07819924040385838
v 0.142394674090996 0.33968813256652863 0.20260531717299113
v 0.16249999999999995 0.33968813256652863 0.20260531717299113
v 0.16250000000000003 0.33968813256652863 -0.12499999999999996
v 0.14239467409099607 0.33968813256652863 -0.12499999999999997
v -0.16320641732833174 0.3271070906196202 0.20260531717299107
v -0.1431010914193278 0.3271070906196202 0.20260531717299107
v -0.14310109141932778 0.3145260486727117 0.1558045575768495
v -0.16320641732833172 0.3145260486727117 0.1558045575768495
v -0.16320641732833166 0.3145260486727117 -0.07819924040385846
v -0.14310109141932773 0.3145260486727117 -0.07819924040385845
v -0.14310109141932773 0.3271070906196202 -0.12500000000000003
v -0.16320641732833166 0.3271070906196202 -0.12500000000000003
v -0.16354125000000003 0.33968460987478355 -0.12500000000000003
v -0.1434359240909961 0.33968460987478355 -0.12500000000000003
v -0.14343592409099618 0.33968460987478355 0.20260531717299107
v -0.1635412500000001 0.33968460987478355 0.20260531717299107
v 0.1303315244130829 0.50542625 0.2215034638979131
v -0.1310377124039684 0.5010571057526776 0.24454815792305318
v -0.1310377124039684 0.50542625 0.22150346389791303
v 0.1303315244130829 0.5010571057526776 0.24454815792305323
vt 0.01728046875 0.44531406250000005
vt 0.01728046875 0.45703281250000005
vt 0.00358359375 0.45703281250000005
vt 0.00358359375 0.44531406250000005
vt 0.22297890625 0.6860078125
vt 0.22297890625 0.6977265625
vt 0.20928203125 0.6977265625
vt 0.20928203125 0.6860078125
vt 0.640625 0.31208281250000003
vt 0.640625 0.32577968749999997
vt 0.484375 0.32577968749999997
vt 0.484375 0.31208281250000003
vt 0.70703203125 0.78905
vt 0.70703203125 0.80076875
vt 0.67578203125 0.80076875
vt 0.67578203125 0.78905
vt 0.25 0.7426046875000001
vt 0.25 0.7289078124999999
vt 0.28125 0.7289078124999999
vt 0.28125 0.7426046875000001
vt 0.51953125 0.5624796875
vt 0.51953125 0.5741984375
vt 0.48828125 0.5741984375
vt 0.48828125 0.5624796875
vt 0.70703125 0.5624796875
vt 0.70703125 0.5741984375
vt 0.67578125 0.5741984375
vt 0.67578125 0.5624796875
vt 0.4375 0.7426046875000001
vt 0.4375 0.7289078124999999
vt 0.46875 0.7289078124999999
vt 0.46875 0.7426046875000001
vt 0.51953203125 0.78905
vt 0.51953203125 0.80076875
vt 0.48828203125 0.80076875
vt 0.48828203125 0.78905
vt 0.51953203125 0.898425
vt 0.51953203125 0.8749875
vt 0.67578203125 0.8749875
vt 0.67578203125 0.898425
vt 0.67578203125 0.898425
vt 0.67578203125 0.8749875
vt 0.70703203125 0.8749875
vt 0.70703203125 0.898425
vt 0.22297890625 0.7953828125
vt 0.20928203125 0.7953828125
vt 0.20928203125 0.7719453125
vt 0.22297890625 0.7719453125
vt 0.48828125 0.6718546875
vt 0.48828125 0.6484171875
vt 0.51953125 0.6484171875
vt 0.51953125 0.6718546875
vt 0.51953125 0.6718546875
vt 0.51953125 0.6484171875
vt 0.67578125 0.6484171875
vt 0.67578125 0.6718546875
vt 0.67578125 0.6718546875
vt 0.67578125 0.6484171875
vt 0.70703125 0.6484171875
vt 0.70703125 0.6718546875
vt 0.00358359375 0.5312515625
vt 0.01728046875 0.5312515625
vt 0.01728046875 0.5546890625
vt 0.00358359375 0.5546890625
vt 0.48828203125 0.898425
vt 0.48828203125 0.8749875
vt 0.51953203125 0.8749875
vt 0.51953203125 0.898425
vt 0.20928203125 0.7953828125
vt 0.01751015625 0.7953828125
vt 0.01751015625 0.7719453125
vt 0.20928203125 0.7719453125
vt 0.90625 0.84375
vt 0.734375 0.84375
vt 0.734375 0.828125
vt 0.90625 0.828125
vt 0.640625 0.32577968749999997
vt 0.640625 0.5175515625
vt 0.484375 0.5175515625
vt 0.484375 0.32577968749999997
vt 0.671875 0.32577968749999997
vt 0.671875 0.5175515625
vt 0.640625 0.5175515625
vt 0.640625 0.32577968749999997
vt 0.01728046875 0.5312515625
vt 0.20905234375 0.5312515625
vt 0.20905234375 0.5546890625
vt 0.01728046875 0.5546890625
vt 0.22275078125 0.44531406250000005
vt 0.22275078125 0.45703281250000005
vt 0.20905234375 0.45703281250000005
vt 0.20905234375 0.44531406250000005
vt 0.46875 0.5234375
vt 0.46875 0.5371359375
vt 0.4375 0.5371359375
vt 0.4375 0.5234375
vt 0.28125 0.5234375
vt 0.28125 0.5371359375
vt 0.25 0.5371359375
vt 0.25 0.5234375
vt 0.01751015625 0.6860078125
vt 0.01751015625 0.6977265625
vt 0.00381171875 0.6977265625
vt 0.00381171875 0.6860078125
vt 0.00381171875 0.7719453125
vt 0.01751015625 0.7719453125
vt 0.01751015625 0.7953828125
vt 0.00381171875 0.7953828125
vt 0.484375 0.53125
vt 0.484375 0.5175515625
vt 0.640625 0.5175515625
vt 0.640625 0.53125
vt 0.22275078125 0.5546890625
vt 0.20905234375 0.5546890625
vt 0.20905234375 0.5312515625
vt 0.22275078125 0.5312515625
vt 0.67578203125 0.78905
vt 0.67578203125 0.80076875
vt 0.51953203125 0.80076875
vt 0.51953203125 0.78905
vt 0.4375 0.5234375
vt 0.4375 0.5371359375
vt 0.28125 0.5371359375
vt 0.28125 0.5234375
vt 0.28125 0.7426046875000001
vt 0.28125 0.7289078124999999
vt 0.4375 0.7289078124999999
vt 0.4375 0.7426046875000001
vt 0.67578125 0.5624796875
vt 0.67578125 0.5741984375
vt 0.51953125 0.5741984375
vt 0.51953125 0.5624796875
vt 0.20928203125 0.6860078125
vt 0.20928203125 0.6977265625
vt 0.01751015625 0.6977265625
vt 0.01751015625 0.6860078125
vt 0.25 0.7289078124999999
vt 0.25 0.5371359375
vt 0.28125 0.5371359375
vt 0.28125 0.7289078124999999
vt 0.4375 0.7289078124999999
vt 0.4375 0.5371359375
vt 0.46875 0.5371359375
vt 0.46875 0.7289078124999999
vt 0.20905234375 0.44531406250000005
vt 0.20905234375 0.45703281250000005
vt 0.01728046875 0.45703281250000005
vt 0.01728046875 0.44531406250000005
vt 0.20928203125 0.7719453125
vt 0.20928203125 0.6977265625
vt 0.22297890625 0.6977265625
vt 0.22297890625 0.7719453125
vt 0.48828125 0.6484171875
vt 0.48828125 0.5741984375
vt 0.51953125 0.5741984375
vt 0.51953125 0.6484171875
vt 0.67578125 0.6484171875
vt 0.67578125 0.5741984375
vt 0.70703125 0.5741984375
vt 0.70703125 0.6484171875
vt 0.00358359375 0.5312515625
vt 0.00358359375 0.45703281250000005
vt 0.01728046875 0.45703281250000005
vt 0.01728046875 0.5312515625
vt 0.20905234375 0.5312515625
vt 0.20905234375 0.45703281250000005
vt 0.22275078125 0.45703281250000005
vt 0.22275078125 0.5312515625
vt 0.48828203125 0.8749875
vt 0.48828203125 0.80076875
vt 0.51953203125 0.80076875
vt 0.51953203125 0.8749875
vt 0.67578203125 0.8749875
vt 0.67578203125 0.80076875
vt 0.70703203125 0.80076875
vt 0.70703203125 0.8749875
vt 0.00381171875 0.7719453125
vt 0.00381171875 0.6977265625
vt 0.01751015625 0.6977265625
vt 0.01751015625 0.7719453125
vt 0.46875 0.9789078125
vt 0.25 0.9789078125
vt 0.25 0.7871359375
vt 0.46875 0.7871359375
vt 0.75 0.65625
vt 0.734375 0.65625
vt 0.734375 0.578125
vt 0.75 0.578125
vt 0.3125 0.625
vt 0.34375 0.625
vt 0.34375 0.703125
vt 0.3125 0.703125
vt 0.375 0.1875
vt 0.390625 0.1875
vt 0.390625 0.265625
vt 0.375 0.265625
vt 0.078125 0.65625
vt 0.046875 0.65625
vt 0.046875 0.578125
vt 0.078125 0.578125
vt 0.421875 0.265625
vt 0.40625 0.265625
vt 0.40625 0.1875
vt 0.421875 0.1875
vt 0.09375 0.578125
vt 0.125 0.578125
vt 0.125 0.65625
vt 0.09375 0.65625
vt 0.4375 0.1875
vt 0.453125 0.1875
vt 0.453125 0.265625
vt 0.4375 0.265625
vt 0.171875 0.65625
vt 0.140625 0.65625
vt 0.140625 0.578125
vt 0.171875 0.578125
vt 0.6875 0.40625
vt 0.6875 0.21875
vt 0.71875 0.21875
vt 0.71875 0.40625
vt 0.734375 0.796875
vt 0.890625 0.796875
vt 0.890625 0.8125
vt 0.734375 0.8125
vt 0.03125 0.109375
vt 0.03125 0.296875
vt 0 0.296875
vt 0 0.109375
vt 0.203125 0.25
vt 0.359375 0.25
vt 0.359375 0.265625
vt 0.203125 0.265625
vt 0.734375 0.78125
vt 0.734375 0.765625
vt 0.890625 0.765625
vt 0.890625 0.78125
vt 0.46875 0.28125
vt 0.46875 0.265625
vt 0.65625 0.265625
vt 0.65625 0.28125
vt 0.734375 0.75
vt 0.734375 0.734375
vt 0.890625 0.734375
vt 0.890625 0.75
vt 0.734375 0.875
vt 0.734375 0.859375
vt 0.921875 0.859375
vt 0.921875 0.875
vt 0.28125 0.9926046875
vt 0.25 0.9789078125
vt 0.46875 0.9789078125
vt 0.4375 0.9926046875
vt 0.4375 0.7734375
vt 0.46875 0.7871359375
vt 0.25 0.7871359375
vt 0.28125 0.7734375
vt 0.4435421875 0.4811078125
vt 0.2517703125 0.4811078125
vt 0.2517703125 0.28830625
vt 0.4435421875 0.28830625
vt 0.10925625 0.3539384375
vt 0.07848125 0.3593634375
vt 0.04699375 0.1691509375
vt 0.07824375 0.1691509375
vt 0.20928203125 0.982753125
vt 0.01751015625 0.982753125
vt 0.01751015625 0.7953828125
vt 0.20928203125 0.7953828125
vt 0.15589375 0.35936359375000004
vt 0.12511875 0.35393859375000003
vt 0.15613125 0.16915109375000004
vt 0.18738125 0.16915109375000004
vt 0.40460234375 0.703125
vt 0.39090390625 0.703125
vt 0.39227421875 0.609375
vt 0.40597109375 0.609375
vt 0.9101575 0.5312496875
vt 0.87890859375 0.5234375
vt 0.87890828125 0.43748906249999997
vt 0.91015828125 0.43748875
vt 0.22434921875 0.8891328125
vt 0.21065078125 0.8891328125
vt 0.20928203125 0.7953828125
vt 0.22297890625 0.7953828125
vt 0.5195315625 0.757803125
vt 0.48828125 0.7656140625
vt 0.48828125 0.6718546875
vt 0.5195296875 0.6718546875
vt 0.01591171875 0.6484390625
vt 0.00221328125 0.6484390625
vt 0.00358359375 0.5546890625
vt 0.01728046875 0.5546890625
vt 0.72265859375 0.5234375
vt 0.69140859375 0.53125
vt 0.69140390625 0.437490625
vt 0.72265234375 0.43748906249999997
vt 0.40245828125 0.578125
vt 0.40224015625 0.59375
vt 0.31629171875 0.59375
vt 0.31650984375 0.578125
vt 0.70703125 0.7656140625
vt 0.6757809375 0.757803125
vt 0.67578125 0.6718546875
vt 0.70703125 0.6718546875
vt 0.15625 0.75
vt 0.171875 0.75
vt 0.171875 0.734375
vt 0.15625 0.734375
vt 0.046875 0.5
vt 0.046875 0.515625
vt 0.0625 0.515625
vt 0.0625 0.5
vt 0.890625 0.71875
vt 0.734375 0.71875
vt 0.734375 0.703125
vt 0.890625 0.703125
vt 0.734375 0.984375
vt 0.734375 1
vt 0.953125 1
vt 0.953125 0.984375
vt 0.953125 0.96875
vt 0.953125 0.953125
vt 0.734375 0.953125
vt 0.734375 0.96875
vt 0.5195315625 0.757803125
vt 0.6757815625 0.7578109375
vt 0.70703125 0.765625
vt 0.48828125 0.7656140625
vt 0.734375 0.921875
vt 0.734375 0.9375
vt 0.953125 0.9375
vt 0.953125 0.921875
vt 0.72265859375 0.5234375
vt 0.87890859375 0.5234375
vt 0.91015859375 0.53125
vt 0.69140859375 0.53125
vt 0.01613984375 0.8891328125
vt 0.00244140625 0.8891328125
vt 0.00381171875 0.7953828125
vt 0.01751015625 0.7953828125
vt 0.03515859375 0.40624843749999995
vt 0.00390859375 0.41406093749999995
vt 0.00390390625 0.32030156249999997
vt 0.03515390625 0.32030000000000003
vt 0.1368334375 0.734375
vt 0.136615 0.75
vt 0.0506665625 0.75
vt 0.050885 0.734375
vt 0.70703046875 0.9921859375
vt 0.67578171875 0.9843734375
vt 0.67578203125 0.898425
vt 0.70703203125 0.898425
vt 0.3733515625 0.703125
vt 0.359653125 0.703125
vt 0.3610234375 0.609375
vt 0.374721875 0.609375
vt 0.2226575 0.41406062499999996
vt 0.19140859375 0.40624843749999995
vt 0.19140828125 0.32030000000000003
vt 0.22265828125 0.32030125
vt 0.22412109375 0.6484390625
vt 0.21042265625 0.6484390625
vt 0.20905234375 0.5546890625
vt 0.22275078125 0.5546890625
vt 0.5195325 0.9843734375
vt 0.48828203125 0.992184375
vt 0.48828203125 0.898425
vt 0.51953203125 0.898425
vt 0.22412109375 0.6484390625
vt 0.22434921875 0.65625
vt 0.21065078125 0.65625
vt 0.21042265625 0.6484390625
vt 0.01613984375 0.8891328125
vt 0.01591171875 0.89694375
vt 0.00221328125 0.89694375
vt 0.00244140625 0.8891328125
vt 0.953125 0.90625
vt 0.734375 0.90625
vt 0.734375 0.890625
vt 0.953125 0.890625
vt 0.734375 0.671875
vt 0.890625 0.671875
vt 0.890625 0.6875
vt 0.734375 0.6875
vt 0.70703046875 1
vt 0.48828046875 0.999998125
vt 0.48828046875 0.9921840625
vt 0.70703046875 0.9921859375
vt 0.22265859375 0.421875
vt 0.00390859375 0.421875
vt 0.00390859375 0.41406093749999995
vt 0.22265859375 0.41406093749999995
vt 0.00390859375 0.41406093749999995
vt 0.03515859375 0.40624843749999995
vt 0.19140859375 0.40624843749999995
vt 0.22265859375 0.41406093749999995
vt 0.48828046875 0.9921840625
vt 0.519530625 0.98437171875
vt 0.675780625 0.984373125
vt 0.70703046875 0.9921859375
vt 0.43669375 0.5
vt 0.2586203125 0.5
vt 0.2517703125 0.4811078125
vt 0.4435421875 0.4811078125
vt 0.106490625 0.37228578125
vt 0.09110234375 0.375
vt 0.07847984375 0.35936359375000004
vt 0.10925625 0.3539384375
vt 0.20243203125 1
vt 0.02435859375 1
vt 0.01751015625 0.982753125
vt 0.20928203125 0.982753125
vt 0.14327296875 0.375
vt 0.1278846875 0.37228593750000005
vt 0.12511890625 0.35393859375000003
vt 0.15589375 0.35936359375000004
vn 2.220446049250313e-16 0 -1
vn -2.220446049250313e-16 0 1
vn 0 1 0
vn -1 0 -2.220446049250313e-16
vn 0 -1 0
vn 1 0 2.220446049250313e-16
vn 1 0 2.220446049250313e-16
vn 0 -1 0
vn -1 0 -2.220446049250313e-16
vn -1 0 -2.220446049250313e-16
vn -1 0 -2.220446049250313e-16
vn -2.220446049250313e-16 0 1
vn 1 0 2.220446049250313e-16
vn 1 0 2.220446049250313e-16
vn 1 0 2.220446049250313e-16
vn 2.220446049250313e-16 0 -1
vn -1 0 -2.220446049250313e-16
vn -2.220446049250313e-16 0 1
vn -4.136157790083937e-17 0.9824974588942258 0.18627598682167593
vn 0 1 0
vn 0 1 0
vn 2.220446049250313e-16 0 -1
vn 2.220446049250313e-16 0 -1
vn 0 -1 0
vn 0 -1 0
vn -2.220446049250313e-16 0 1
vn -2.220446049250313e-16 0 1
vn 0 1 0
vn 2.220446049250313e-16 0 -1
vn -1 0 -2.220446049250313e-16
vn 0 -1 0
vn 0 -1 0
vn 1 0 2.220446049250313e-16
vn -2.220446049250313e-16 0 1
vn 0 -1 0
vn 0 -1 0
vn 2.220446049250313e-16 0 -1
vn -2.220446049250313e-16 0 1
vn 1 0 2.220446049250313e-16
vn 1 0 2.220446049250313e-16
vn 2.220446049250313e-16 0 -1
vn 2.220446049250313e-16 0 -1
vn -1 0 -2.220446049250313e-16
vn -1 0 -2.220446049250313e-16
vn -2.220446049250313e-16 0 1
vn 0 -1 0
vn -2.220446049250313e-16 0 1
vn -1 0 -2.220446049250313e-16
vn 2.220446049250313e-16 0 -1
vn -1 0 -2.220446049250313e-16
vn 2.220446049250313e-16 0 -1
vn 1 0 2.220446049250313e-16
vn -2.220446049250313e-16 0 1
vn 1 0 2.220446049250313e-16
vn 0 1 0
vn 0 1 0
vn 0 1 0
vn 0 1 0
vn -1 0 -2.220446049250313e-16
vn 2.220446049250313e-16 0 -1
vn 1 0 2.220446049250313e-16
vn -2.220446049250313e-16 0 1
vn 0 -1 0
vn 0 -1 0
vn 2.1945927289906706e-16 0.15215463928027848 -0.9883566996512384
vn -1 0 -2.220446049250313e-16
vn -2.1938846026885652e-16 -0.1542119633804215 0.9880377879162091
vn 1 0 2.220446049250313e-16
vn 2.220446049250313e-16 0 -1
vn -0.9998868559422329 0.014526719235164349 -0.003905091832390739
vn -2.220446049250313e-16 0 1
vn 0.9999049249854208 -0.013316399936384825 0.003579732201510872
vn 2.220446049250313e-16 0 -1
vn -0.9999049249854208 0.013316399936384825 0.003579732201510428
vn -2.220446049250313e-16 0 1
vn 0.9998868559422329 -0.014526719235164349 -0.003905091832390295
vn -2.220446049250313e-16 0 1
vn 2.220446049250313e-16 0 -1
vn 0 -1 0
vn 0 1 0
vn 1 0 2.220446049250313e-16
vn 1 0 2.220446049250313e-16
vn -1 0 -2.220446049250313e-16
vn -1 0 -2.220446049250313e-16
vn -2.220446049250313e-16 0 1
vn 0.9999049249854208 0.013316399936384825 -0.003579732201510428
vn 2.220446049250313e-16 0 -1
vn -0.9998868559422329 -0.014526719235164147 0.0039050918323902412
vn -2.220446049250313e-16 0 1
vn 0.9998868559422329 0.014526719235164349 0.003905091832390739
vn 2.220446049250313e-16 0 -1
vn -0.9999049249854208 -0.013316399936384641 -0.0035797322015108228
vn 2.220446049250313e-16 0 -1
vn -2.220446049250313e-16 0 1
vn 0 1 0
vn 0 -1 0
vn -0.9996458355924579 -0.026612090911025375 -2.2196596462908011e-16
vn 0.9996458355924579 0.026612090911025375 2.2196596462908011e-16
vn 1 0 2.220446049250313e-16
vn -1 0 -2.220446049250313e-16
vn 1.7279593303479478e-16 0.6280119440642927 -0.7782036996266389
vn -0.9328456287631248 0.3539705772783857 0.06711082862502141
vn -2.1909493557647036e-16 0.16245550607506024 0.9867158702209547
vn 0.932850285400645 0.3539587308816596 0.06710858261489684
usemtl m_8217e4d0-b95b-bf63-51c2-500b11c04b7a
f 24/1/1 48/2/1 47/3/1 3/4/1
f 7/5/2 44/6/2 43/7/2 27/8/2
f 14/9/3 31/10/3 30/11/3 9/12/3
f 8/13/4 53/14/4 52/15/4 11/16/4
f 7/17/5 27/18/5 26/19/5 12/20/5
f 12/21/6 45/22/6 44/23/6 7/24/6
f 3/25/7 47/26/7 46/27/7 15/28/7
f 15/29/8 25/30/8 24/31/8 3/32/8
f 16/33/9 51/34/9 50/35/9 4/36/9
f 13/37/10 62/38/10 63/39/10 10/40/10
f 10/41/11 63/42/11 17/43/11 6/44/11
f 5/45/12 29/46/12 28/47/12 18/48/12
f 5/49/13 18/50/13 19/51/13 9/52/13
f 9/53/14 19/54/14 20/55/14 14/56/14
f 14/57/15 20/58/15 21/59/15 1/60/15
f 21/61/16 23/62/16 32/63/16 1/64/16
f 2/65/17 22/66/17 62/67/17 13/68/17
f 29/69/18 38/70/18 37/71/18 28/72/18
f 93/73/19 95/74/19 94/75/19 96/76/19
f 31/77/20 40/78/20 39/79/20 30/80/20
f 32/81/21 41/82/21 40/83/21 31/84/21
f 23/85/22 64/86/22 41/87/22 32/88/22
f 4/89/23 50/90/23 49/91/23 33/92/23
f 4/93/24 33/94/24 34/95/24 16/96/24
f 11/97/25 35/98/25 36/99/25 8/100/25
f 36/101/26 42/102/26 53/103/26 8/104/26
f 17/105/27 37/106/27 38/107/27 6/108/27
f 10/109/28 39/110/28 40/111/28 13/112/28
f 2/113/29 41/114/29 64/115/29 22/116/29
f 11/117/30 52/118/30 51/119/30 16/120/30
f 16/121/31 34/122/31 35/123/31 11/124/31
f 12/125/32 26/126/32 25/127/32 15/128/32
f 15/129/33 46/130/33 45/131/33 12/132/33
f 27/133/34 43/134/34 42/135/34 36/136/34
f 27/137/35 36/138/35 35/139/35 26/140/35
f 25/141/36 34/142/36 33/143/36 24/144/36
f 33/145/37 49/146/37 48/147/37 24/148/37
f 28/149/38 43/150/38 44/151/38 18/152/38
f 18/153/39 44/154/39 45/155/39 19/156/39
f 20/157/40 46/158/40 47/159/40 21/160/40
f 21/161/41 47/162/41 48/163/41 23/164/41
f 64/165/42 49/166/42 50/167/42 22/168/42
f 22/169/43 50/170/43 51/171/43 62/172/43
f 63/173/44 52/174/44 53/175/44 17/176/44
f 17/177/45 53/178/45 42/179/45 37/180/45
f 23/181/46 28/182/46 37/183/46 64/184/46
f 20/185/47 54/186/47 55/187/47 46/188/47
f 48/189/48 55/190/48 54/191/48 23/192/48
f 45/193/49 56/194/49 57/195/49 19/196/49
f 28/197/50 57/198/50 56/199/50 43/200/50
f 63/201/51 58/202/51 59/203/51 52/204/51
f 42/205/52 59/206/52 58/207/52 37/208/52
f 51/209/53 60/210/53 61/211/53 62/212/53
f 64/213/54 61/214/54 60/215/54 49/216/54
f 60/217/55 55/218/55 48/219/55 49/220/55
f 59/221/56 60/222/56 51/223/56 52/224/56
f 56/225/57 59/226/57 42/227/57 43/228/57
f 45/229/58 46/230/58 55/231/58 56/232/58
f 55/233/59 25/234/59 26/235/59 56/236/59
f 56/237/60 26/238/60 35/239/60 59/240/60
f 59/241/61 35/242/61 34/243/61 60/244/61
f 60/245/62 34/246/62 25/247/62 55/248/62
f 19/249/63 28/250/63 23/251/63 20/252/63
f 62/253/64 64/254/64 37/255/64 63/256/64
f 67/257/65 65/258/65 30/259/65 39/260/65
f 66/261/66 67/262/66 39/263/66 38/264/66
f 68/265/67 66/266/67 38/267/67 29/268/67
f 65/269/68 68/270/68 29/271/68 30/272/68
f 71/273/69 69/274/69 9/275/69 30/276/69
f 70/277/70 71/278/70 30/279/70 29/280/70
f 72/281/71 70/282/71 29/283/71 5/284/71
f 69/285/72 72/286/72 5/287/72 9/288/72
f 75/289/73 73/290/73 1/291/73 32/292/73
f 74/293/74 75/294/74 32/295/74 31/296/74
f 76/297/75 74/298/75 31/299/75 14/300/75
f 73/301/76 76/302/76 14/303/76 1/304/76
f 78/305/77 77/306/77 70/307/77 72/308/77
f 75/309/78 80/310/78 79/311/78 73/312/78
f 76/313/79 69/314/79 71/315/79 74/316/79
f 77/317/80 78/318/80 79/319/80 80/320/80
f 78/321/81 72/322/81 73/323/81 79/324/81
f 69/325/82 76/326/82 73/327/82 72/328/82
f 70/329/83 77/330/83 80/331/83 75/332/83
f 74/333/84 71/334/84 70/335/84 75/336/84
f 82/337/85 81/338/85 6/339/85 38/340/85
f 83/341/86 82/342/86 38/343/86 39/344/86
f 84/345/87 83/346/87 39/347/87 10/348/87
f 81/349/88 84/350/88 10/351/88 6/352/88
f 86/353/89 85/354/89 13/355/89 40/356/89
f 87/357/90 86/358/90 40/359/90 41/360/90
f 88/361/91 87/362/91 41/363/91 2/364/91
f 85/365/92 88/366/92 2/367/92 13/368/92
f 88/369/93 89/370/93 90/371/93 87/372/93
f 82/373/94 91/374/94 92/375/94 81/376/94
f 89/377/95 92/378/95 91/379/95 90/380/95
f 84/381/96 85/382/96 86/383/96 83/384/96
f 92/385/97 89/386/97 88/387/97 81/388/97
f 90/389/98 91/390/98 82/391/98 87/392/98
f 82/393/99 83/394/99 86/395/99 87/396/99
f 88/397/100 85/398/100 84/399/100 81/400/100
f 95/401/101 93/402/101 65/403/101 67/404/101
f 94/405/102 95/406/102 67/407/102 66/408/102
f 96/409/103 94/410/103 66/411/103 68/412/103
f 93/413/104 96/414/104 68/415/104 65/416/104
o Torso
v 0 0.4363307246377207 0.023788185365124344
v 0 0.5305528795445182 0.06844636406420992
v 0 0.5337404737738538 0.12106428638426267
v 0 0.5217304227831685 0.15666905968563005
v 0 0.40559596303179635 0.13849187723695122
v 0 0.30261656953483695 0.10604577481672185
v 0 0.33335133114076126 -0.008657917055105026
v 0 0.3057316628983503 0.04833818175608363
v 0 0.31780605663809247 0.003275930848774304
v 0 0.2947549854336492 0.08930369975264446
v 0 0.46515841833905724 0.15121635097196506
v 0 0.491163018301446 0.044950930299028705
v 0.094445 0.5029227734003183 0.12898289877549707
v 0.0991325 0.5216850098244028 0.07739355875735585
v 0.072304375 0.30627546202307065 0.09239060215120158
v 0.072304375 0.32969243865252756 0.004997255610415259
v 0.037036875 0.5305528795445182 0.06844636406420992
v 0.032135 0.33188770944070656 -0.0031956065074403295
v 0.032135 0.30261656953483695 0.10604577481672185
v 0.037036875 0.5171223528881281 0.15543433107858784
v 0.1 0.5194181988339073 0.10428569212520145
v 0.081945 0.31725213948777176 0.051425084154640754
v 0.037036875 0.5337404737738538 0.12106428638426267
v 0.042593125 0.4363307246377207 0.023788185365124344
v 0.037036875 0.40559596303179635 0.13849187723695122
v 0.0777775 0.41125762964341406 0.11736224978687783
v 0.08888875 0.4233897723825947 0.07208447667957776
v 0.08333375 0.43228667705799384 0.038880776400891034
v 0.032135 0.2947549854336492 0.08930369975264446
v 0.0694925 0.3057316628983503 0.04833818175608363
v 0.032135 0.3057316628983503 0.04833818175608363
v 0.063466875 0.2970418134590332 0.0807691413737391
v 0.063466875 0.31533627590020163 0.012493278046137736
v 0.032135 0.3167083403630514 0.007372663759522814
v 0.09166625 0.5012624155215214 0.09942086464869318
v 0.0972225 0.4879277802376645 0.05702500312764206
v 0.037036875 0.46515841833905724 0.15121635097196506
v 0.094445 0.4662120150556346 0.1288519949148495
v 0.039815 0.491163018301446 0.044950930299028705
v -0.094445 0.5029227734003183 0.12898289877549707
v -0.0991325 0.5216850098244028 0.07739355875735585
v -0.072304375 0.30627546202307065 0.09239060215120158
v -0.072304375 0.32969243865252756 0.004997255610415259
v -0.037036875 0.5305528795445182 0.06844636406420992
v -0.032135 0.33188770944070656 -0.0031956065074403295
v -0.032135 0.30261656953483695 0.10604577481672185
v -0.037036875 0.5171223528881281 0.15543433107858784
v -0.1 0.5194181988339073 0.10428569212520145
v -0.081945 0.31725213948777176 0.051425084154640754
v -0.037036875 0.5337404737738538 0.12106428638426267
v -0.042593125 0.4363307246377207 0.023788185365124344
v -0.037036875 0.40559596303179635 0.13849187723695122
v -0.0777775 0.41125762964341406 0.11736224978687783
v -0.08888875 0.4233897723825947 0.07208447667957776
v -0.08333375 0.43228667705799384 0.038880776400891034
v -0.032135 0.2947549854336492 0.08930369975264446
v -0.0694925 0.3057316628983503 0.04833818175608363
v -0.032135 0.3057316628983503 0.04833818175608363
v -0.063466875 0.2970418134590332 0.0807691413737391
v -0.063466875 0.31533627590020163 0.012493278046137736
v -0.032135 0.3167083403630514 0.007372663759522814
v -0.09166625 0.5012624155215214 0.09942086464869318
v -0.0972225 0.4879277802376645 0.05702500312764206
v -0.037036875 0.46515841833905724 0.15121635097196506
v -0.094445 0.4662120150556346 0.1288519949148495
v -0.039815 0.491163018301446 0.044950930299028705
vt 0.2834034375 0.7203803125
vt 0.28956125 0.8087671875
vt 0.251151875 0.8087671875
vt 0.2486521875 0.7203803125
vt 0.3176271875 0.4887734375
vt 0.31193 0.45992999999999995
vt 0.376501875 0.472749375
vt 0.376501875 0.5112075
vt 0.3815290625 0.23887187499999996
vt 0.3815290625 0.28236625000000004
vt 0.3432171875 0.28236625000000004
vt 0.3493965625 0.24793343749999996
vt 0.5421334375 0.7203803125
vt 0.5466178125 0.8087671875
vt 0.5132353125 0.8087671875
vt 0.50921875 0.7203803125
vt 0.0980703125 0.7198715625000001
vt 0.0895009375 0.808258125
vt 0.056118125 0.808258125
vt 0.065155625 0.7198715625000001
vt 0.322788125 0.7203803125
vt 0.3177278125 0.8087671875
vt 0.28956125 0.8087671875
vt 0.2834034375 0.7203803125
vt 0.3493965625 0.32042375
vt 0.3432171875 0.28236625000000004
vt 0.3815290625 0.28236625000000004
vt 0.3815290625 0.3258603125
vt 0.376501875 0.472749375
vt 0.31193 0.45992999999999995
vt 0.3128196875 0.43268874999999996
vt 0.376501875 0.42147187500000005
vt 0.5466178125 0.8087671875
vt 0.5602753125 0.8546990624999999
vt 0.5132353125 0.8586078125000001
vt 0.5132353125 0.8087671875
vt 0.28956125 0.8087671875
vt 0.28444 0.87619875
vt 0.2537125 0.8546990624999999
vt 0.251151875 0.8087671875
vt 0.3177278125 0.8087671875
vt 0.3151671875 0.85665375
vt 0.28444 0.87619875
vt 0.28956125 0.8087671875
vt 0.0895009375 0.808258125
vt 0.0917775 0.8561446875000001
vt 0.0447378125 0.8561446875000001
vt 0.056118125 0.808258125
vt 0.1244015625 0.808258125
vt 0.1244015625 0.8561446875000001
vt 0.0917775 0.8561446875000001
vt 0.0895009375 0.808258125
vt 0.376501875 0.42147187500000005
vt 0.414485 0.42147187500000005
vt 0.414485 0.472749375
vt 0.376501875 0.472749375
vt 0.414485 0.472749375
vt 0.414485 0.5112075
vt 0.376501875 0.5112075
vt 0.376501875 0.472749375
vt 0.5132353125 0.8087671875
vt 0.5132353125 0.8586078125000001
vt 0.4828875 0.8586078125000001
vt 0.4828875 0.8087671875
vt 0.5132353125 0.8087671875
vt 0.4828875 0.8087671875
vt 0.4828875 0.7203803125
vt 0.50921875 0.7203803125
vt 0.3815290625 0.23887187499999996
vt 0.414485 0.23887187499999996
vt 0.414485 0.28236625000000004
vt 0.3815290625 0.28236625000000004
vt 0.3815290625 0.28236625000000004
vt 0.414485 0.28236625000000004
vt 0.414485 0.33021
vt 0.3815290625 0.3258603125
vt 0.0980703125 0.7198715625000001
vt 0.1244015625 0.7198715625000001
vt 0.1244015625 0.808258125
vt 0.0895009375 0.808258125
vt 0.2558921875 0.7106075000000001
vt 0.2834034375 0.7106075000000001
vt 0.2834034375 0.7203803125
vt 0.2486521875 0.7203803125
vt 0.50921875 0.7106075000000001
vt 0.534891875 0.7106075000000001
vt 0.5421334375 0.7203803125
vt 0.50921875 0.7203803125
vt 0.2834034375 0.7106075000000001
vt 0.313810625 0.7106075000000001
vt 0.322788125 0.7203803125
vt 0.2834034375 0.7203803125
vt 0.0723971875 0.71009875
vt 0.0980703125 0.71009875
vt 0.0980703125 0.7198715625000001
vt 0.065155625 0.7198715625000001
vt 0.0980703125 0.71009875
vt 0.1244015625 0.71009875
vt 0.1244015625 0.7198715625000001
vt 0.0980703125 0.7198715625000001
vt 0.4828875 0.7106075000000001
vt 0.50921875 0.7106075000000001
vt 0.50921875 0.7203803125
vt 0.4828875 0.7203803125
vt 0.28444 0.87619875
vt 0.3151671875 0.85665375
vt 0.306205 0.88769125
vt 0.28444 0.8916003125
vt 0.0431728125 0.8871825
vt 0.0447378125 0.8561446875000001
vt 0.0917775 0.8561446875000001
vt 0.09405375 0.89230375
vt 0.09405375 0.89230375
vt 0.0917775 0.8561446875000001
vt 0.1244015625 0.8561446875000001
vt 0.1244015625 0.89230375
vt 0.4828875 0.9045396875
vt 0.4828875 0.8586078125000001
vt 0.5132353125 0.8586078125000001
vt 0.5132353125 0.900630625
vt 0.5132353125 0.900630625
vt 0.5132353125 0.8586078125000001
vt 0.5602753125 0.8546990624999999
vt 0.5602753125 0.8837825
vt 0.261394375 0.8837825
vt 0.2537125 0.8546990624999999
vt 0.28444 0.87619875
vt 0.28444 0.8916003125
vt 0.663410625 0.8087671875
vt 0.62500125 0.8087671875
vt 0.6311590625 0.7203803125
vt 0.6659103125 0.7203803125
vt 0.452468125 0.472749375
vt 0.51704 0.45992999999999995
vt 0.511343125 0.4887734375
vt 0.452468125 0.5112075
vt 0.485753125 0.28236625000000004
vt 0.44744125 0.28236625000000004
vt 0.44744125 0.23887187499999996
vt 0.4795734375 0.24793343749999996
vt 0.452539375 0.8087671875
vt 0.419156875 0.8087671875
vt 0.4236415625 0.7203803125
vt 0.4565559375 0.7203803125
vt 0.192685 0.808258125
vt 0.1593021875 0.808258125
vt 0.1507328125 0.7198715625000001
vt 0.1836475 0.7198715625000001
vt 0.62500125 0.8087671875
vt 0.5968346875 0.8087671875
vt 0.591774375 0.7203803125
vt 0.6311590625 0.7203803125
vt 0.44744125 0.28236625000000004
vt 0.485753125 0.28236625000000004
vt 0.4795734375 0.32042375
vt 0.44744125 0.3258603125
vt 0.5161503125 0.43268874999999996
vt 0.51704 0.45992999999999995
vt 0.452468125 0.472749375
vt 0.452468125 0.42147187500000005
vt 0.452539375 0.8586078125000001
vt 0.405499375 0.8546990624999999
vt 0.419156875 0.8087671875
vt 0.452539375 0.8087671875
vt 0.66085 0.8546990624999999
vt 0.6301225 0.87619875
vt 0.62500125 0.8087671875
vt 0.663410625 0.8087671875
vt 0.6301225 0.87619875
vt 0.5993953125 0.85665375
vt 0.5968346875 0.8087671875
vt 0.62500125 0.8087671875
vt 0.2040653125 0.8561446875000001
vt 0.1570259375 0.8561446875000001
vt 0.1593021875 0.808258125
vt 0.192685 0.808258125
vt 0.1570259375 0.8561446875000001
vt 0.1244015625 0.8561446875000001
vt 0.1244015625 0.808258125
vt 0.1593021875 0.808258125
vt 0.414485 0.472749375
vt 0.414485 0.42147187500000005
vt 0.452468125 0.42147187500000005
vt 0.452468125 0.472749375
vt 0.452468125 0.5112075
vt 0.414485 0.5112075
vt 0.414485 0.472749375
vt 0.452468125 0.472749375
vt 0.4828875 0.8586078125000001
vt 0.452539375 0.8586078125000001
vt 0.452539375 0.8087671875
vt 0.4828875 0.8087671875
vt 0.4828875 0.7203803125
vt 0.4828875 0.8087671875
vt 0.452539375 0.8087671875
vt 0.4565559375 0.7203803125
vt 0.414485 0.28236625000000004
vt 0.414485 0.23887187499999996
vt 0.44744125 0.23887187499999996
vt 0.44744125 0.28236625000000004
vt 0.414485 0.33021
vt 0.414485 0.28236625000000004
vt 0.44744125 0.28236625000000004
vt 0.44744125 0.3258603125
vt 0.1244015625 0.808258125
vt 0.1244015625 0.7198715625000001
vt 0.1507328125 0.7198715625000001
vt 0.1593021875 0.808258125
vt 0.6311590625 0.7203803125
vt 0.6311590625 0.7106075000000001
vt 0.6586703125 0.7106075000000001
vt 0.6659103125 0.7203803125
vt 0.4236415625 0.7203803125
vt 0.4308828125 0.7106075000000001
vt 0.4565559375 0.7106075000000001
vt 0.4565559375 0.7203803125
vt 0.591774375 0.7203803125
vt 0.600751875 0.7106075000000001
vt 0.6311590625 0.7106075000000001
vt 0.6311590625 0.7203803125
vt 0.1507328125 0.7198715625000001
vt 0.1507328125 0.71009875
vt 0.17640625 0.71009875
vt 0.1836475 0.7198715625000001
vt 0.1244015625 0.7198715625000001
vt 0.1244015625 0.71009875
vt 0.1507328125 0.71009875
vt 0.1507328125 0.7198715625000001
vt 0.4565559375 0.7203803125
vt 0.4565559375 0.7106075000000001
vt 0.4828875 0.7106075000000001
vt 0.4828875 0.7203803125
vt 0.6083575 0.88769125
vt 0.5993953125 0.85665375
vt 0.6301225 0.87619875
vt 0.6301225 0.8916003125
vt 0.1570259375 0.8561446875000001
vt 0.2040653125 0.8561446875000001
vt 0.2056303125 0.8871825
vt 0.154749375 0.89230375
vt 0.1244015625 0.8561446875000001
vt 0.1570259375 0.8561446875000001
vt 0.154749375 0.89230375
vt 0.1244015625 0.89230375
vt 0.452539375 0.8586078125000001
vt 0.4828875 0.8586078125000001
vt 0.4828875 0.9045396875
vt 0.452539375 0.900630625
vt 0.405499375 0.8546990624999999
vt 0.452539375 0.8586078125000001
vt 0.452539375 0.900630625
vt 0.405499375 0.8837825
vt 0.6301225 0.87619875
vt 0.66085 0.8546990624999999
vt 0.653168125 0.8837825
vt 0.6301225 0.8916003125
vn 0.9719837465553322 -0.10456418200725565 0.21050873681017043
vn 0.32408813103748724 0.7514068697583521 0.5747648209490415
vn 0 -0.9659258262890683 -0.25881904510252074
vn 0.47305553167444964 -0.22714490487074193 0.8512482928872547
vn 0.3577590544252118 0.19984630149811655 -0.9121786638341758
vn 0.983058947739907 -0.0471896656261077 -0.17711081482112523
vn 0 -0.9659258262890683 -0.25881904510252074
vn 0.23987131826720165 0.9679911859052545 0.0738567172469392
vn 0.35176698963838393 -0.29259832350169024 0.8891828867475742
vn 0.9953712704500474 -0.0017714302849574062 -0.09608795969009032
vn 0.9282162839675443 -0.3023772943723064 0.21675447406124504
vn 0.21137273042597715 0.36123378575547327 -0.9082024668877728
vn 0 0.3600667612279447 -0.9329265391545136
vn 0 0.998170066498545 -0.06046915202225264
vn 0.1274984732186054 0.9398120247166724 0.3170134027527438
vn 0 -0.20891825362824828 0.9779331077844348
vn 0 -0.3005105536864159 0.9537784895472764
vn 0 -0.9659258262890683 -0.25881904510252074
vn 0 -0.9659258262890683 -0.25881904510252074
vn 0.17315474559961463 0.2959712308698979 -0.9393713134717765
vn 0.6864318385405777 -0.7241474445597066 -0.06649668845475692
vn 0.20032901419658783 -0.8355733026442748 0.5115520911687905
vn 0.7415133177315006 -0.6063931645742859 -0.2871329475772605
vn 0.10846045803909561 -0.5680110407886226 -0.8158429913801892
vn 0.08006437005894626 -0.6069844334703761 -0.7906703448161634
vn 0 -0.9051733176389832 0.4250426626051044
vn 0.9704684200560844 -0.1624887278718043 0.17829318267519417
vn 0.20532815596974005 0.49707375269750287 -0.8430646670008701
vn 0 0.512273911937667 -0.8588221231128593
vn 0 -0.09594066395355999 0.9953870548686828
vn 0.36316374133088697 -0.07538142820640356 0.9286709520945057
vn 0.9956095166803886 0.0003337722966082688 -0.09360330598594002
vn -0.9719837465553322 -0.10456418200725565 0.2105087368101705
vn -0.32408813103748724 0.7514068697583521 0.5747648209490415
vn 0 -0.9659258262890683 -0.25881904510252074
vn -0.47305553167444964 -0.22714490487074193 0.8512482928872547
vn -0.3577590544252118 0.19984630149811652 -0.9121786638341759
vn -0.9830589477399071 -0.04718966562610771 -0.17711081482112523
vn 0 -0.9659258262890683 -0.25881904510252074
vn -0.23987131826720168 0.9679911859052545 0.07385671724693933
vn -0.3517669896383839 -0.2925983235016902 0.8891828867475742
vn -0.9953712704500474 -0.0017714302849574062 -0.09608795969009032
vn -0.9282162839675443 -0.30237729437230637 0.21675447406124504
vn -0.21137273042597715 0.3612337857554732 -0.9082024668877728
vn 0 0.3600667612279447 -0.9329265391545136
vn 0 0.998170066498545 -0.06046915202225264
vn -0.1274984732186054 0.9398120247166724 0.3170134027527438
vn 0 -0.20891825362824828 0.9779331077844348
vn 0 -0.3005105536864159 0.9537784895472764
vn 0 -0.9659258262890683 -0.25881904510252074
vn 0 -0.9659258262890683 -0.25881904510252074
vn -0.17315474559961466 0.2959712308698979 -0.9393713134717765
vn -0.6864318385405777 -0.7241474445597066 -0.06649668845475692
vn -0.20032901419658783 -0.8355733026442748 0.5115520911687905
vn -0.7415133177315005 -0.6063931645742859 -0.28713294757726054
vn -0.10846045803909567 -0.5680110407886226 -0.8158429913801893
vn -0.08006437005894626 -0.6069844334703761 -0.7906703448161634
vn 0 -0.9051733176389832 0.4250426626051044
vn -0.9704684200560845 -0.16248872787180438 0.1782931826751942
vn -0.20532815596974005 0.49707375269750287 -0.8430646670008701
vn 0 0.512273911937667 -0.8588221231128593
vn 0 -0.09594066395355999 0.9953870548686828
vn -0.36316374133088697 -0.07538142820640356 0.9286709520945057
vn -0.9956095166803886 0.0003337722966082653 -0.09360330598594002
usemtl m_7d8933a3-99bf-819d-20e5-6b9a6ad456ff
f 118/417/105 123/418/105 122/419/105 111/420/105
f 109/421/106 117/422/106 119/423/106 116/424/106
f 125/425/107 127/426/107 126/427/107 128/428/107
f 111/429/108 122/430/108 121/431/108 115/432/108
f 114/433/109 120/434/109 124/435/109 112/436/109
f 112/437/110 124/438/110 123/439/110 118/440/110
f 129/441/111 126/442/111 127/443/111 130/444/111
f 119/445/112 117/446/112 110/447/112 113/448/112
f 122/449/113 134/450/113 133/451/113 121/452/113
f 123/453/114 131/454/114 134/455/114 122/456/114
f 124/457/115 132/458/115 131/459/115 123/460/115
f 120/461/116 135/462/116 132/463/116 124/464/116
f 97/465/117 108/466/117 135/467/117 120/468/117
f 113/469/118 98/470/118 99/471/118 119/472/118
f 99/473/119 100/474/119 116/475/119 119/476/119
f 121/477/120 133/478/120 107/479/120 101/480/120
f 121/481/121 101/482/121 102/483/121 115/484/121
f 125/485/122 106/486/122 104/487/122 127/488/122
f 127/489/123 104/490/123 105/491/123 130/492/123
f 114/493/124 103/494/124 97/495/124 120/496/124
f 128/497/125 126/498/125 118/499/125 111/500/125
f 125/501/126 128/502/126 111/503/126 115/504/126
f 126/505/127 129/506/127 112/507/127 118/508/127
f 129/509/128 130/510/128 114/511/128 112/512/128
f 130/513/129 105/514/129 103/515/129 114/516/129
f 106/517/130 125/518/130 115/519/130 102/520/130
f 131/521/131 132/522/131 110/523/131 117/524/131
f 110/525/132 132/526/132 135/527/132 113/528/132
f 113/529/133 135/530/133 108/531/133 98/532/133
f 100/533/134 107/534/134 133/535/134 116/536/134
f 116/537/135 133/538/135 134/539/135 109/540/135
f 109/541/136 134/542/136 131/543/136 117/544/136
f 149/545/137 150/546/137 145/547/137 138/548/137
f 146/549/138 144/550/138 136/551/138 143/552/138
f 153/553/139 154/554/139 152/555/139 155/556/139
f 148/557/140 149/558/140 138/559/140 142/560/140
f 151/561/141 147/562/141 141/563/141 139/564/141
f 150/565/142 151/566/142 139/567/142 145/568/142
f 154/569/143 153/570/143 156/571/143 157/572/143
f 137/573/144 144/574/144 146/575/144 140/576/144
f 160/577/145 161/578/145 149/579/145 148/580/145
f 161/581/146 158/582/146 150/583/146 149/584/146
f 158/585/147 159/586/147 151/587/147 150/588/147
f 159/589/148 162/590/148 147/591/148 151/592/148
f 162/593/149 108/594/149 97/595/149 147/596/149
f 99/597/150 98/598/150 140/599/150 146/600/150
f 143/601/151 100/602/151 99/603/151 146/604/151
f 107/605/152 160/606/152 148/607/152 101/608/152
f 102/609/153 101/610/153 148/611/153 142/612/153
f 104/613/154 106/614/154 152/615/154 154/616/154
f 105/617/155 104/618/155 154/619/155 157/620/155
f 97/621/156 103/622/156 141/623/156 147/624/156
f 145/625/157 153/626/157 155/627/157 138/628/157
f 138/629/158 155/630/158 152/631/158 142/632/158
f 139/633/159 156/634/159 153/635/159 145/636/159
f 141/637/160 157/638/160 156/639/160 139/640/160
f 103/641/161 105/642/161 157/643/161 141/644/161
f 142/645/162 152/646/162 106/647/162 102/648/162
f 137/649/163 159/650/163 158/651/163 144/652/163
f 162/653/164 159/654/164 137/655/164 140/656/164
f 108/657/165 162/658/165 140/659/165 98/660/165
f 160/661/166 107/662/166 100/663/166 143/664/166
f 161/665/167 160/666/167 143/667/167 136/668/167
f 158/669/168 161/670/168 136/671/168 144/672/168
o cylinder
v 0.018811591459780605 0.3557917645630198 0.1633631596268072
v 0.018811591459780605 0.47653249284915333 0.1957155402646223
v 0.009957352393284921 0.3620880093779839 0.13986525408046907
v 0.009957352393284921 0.48282873766411744 0.17221763471828416
v 0.020898410916924452 0.3681607261133327 0.11720156668417343
v 0.020898410916924452 0.4889014543994663 0.14955394732198854
v 0.045225232818574324 0.37045237181363255 0.10864902849770765
v 0.045225232818574324 0.49119310009976613 0.14100140913552273
v 0.04227476718142567 0.35296001024352064 0.1739314106217308
v 0.04227476718142567 0.47370073852965416 0.20628379125954588
v 0.06660158908307554 0.35525165594382047 0.16537887243526497
v 0.06660158908307554 0.475992384229954 0.1977312530730801
v 0.07754264760671507 0.3613243726791693 0.14271518503896935
v 0.07754264760671507 0.4820651009653028 0.17506756567678444
v 0.06868840854021939 0.3676206174941334 0.11921727949263121
v 0.06868840854021939 0.4883613457802669 0.15156966013044632
v 0.06909441967093291 0.49725310993690325 0.17875550867202664
v 0.060888757846410055 0.49269864568842786 0.1957530006485927
v 0.062453664794572816 0.5019753472905281 0.16113187894289932
v 0.044856566224522464 0.5040991288483853 0.1532058182647984
v 0.026611242153589943 0.5023803750125257 0.1596202949059297
v 0.018405580329067087 0.4978259107640504 0.17661778688249574
v 0.025046335205427178 0.4931036734104256 0.19424141661162309
v 0.04264343377547753 0.4909798918525684 0.20216747728972398
v 0.06275838078730309 0.5033617831061215 0.1801057756948982
v 0.05660400235070414 0.4999458616167286 0.1928541682479784
v 0.04375 0.5035765467647835 0.17930426680915196
v 0.05777789020652134 0.5069034073789382 0.1668882539674264
v 0.044579783057800124 0.5084962777290984 0.16094358089075897
v 0.030895997649295855 0.5072072319128383 0.16575436537032548
v 0.024741619212696915 0.5037913104234456 0.1785027579234057
v 0.029722109793478658 0.5002496861506287 0.19172027965087746
v 0.04292021694219987 0.4986568158004686 0.19766495272754492
v 0.060888757846410055 0.35082828995222093 0.15773895339915997
v 0.06909441967093291 0.3553827542006963 0.1407414614225939
v 0.04375 0.3556691546142699 0.13967260052782846
v 0.04264343377547753 0.34910953611636153 0.16415343004029123
v 0.025046335205427178 0.3512333176742187 0.15622736936219034
v 0.018405580329067087 0.35595555502784354 0.13860373963306302
v 0.026611242153589943 0.36051001927631887 0.12160624765649694
v 0.044856566224522464 0.3622287731121783 0.11519177101536567
v 0.062453664794572816 0.36010499155432113 0.12311783169346657
v 0.09734800237193728 0.5175640899031269 0.08383581256974015
v 0.099526894619487 0.5250539287776926 0.06944736676502028
v 0.08658120929745101 0.4535414346998299 0.05164589444282963
v 0.09154407591250385 0.46074318368999434 0.037811014777646104
v 0.0676607729689266 0.414146503233038 0.03747124871733984
v 0.0698390987741094 0.42163641047113815 0.02308254777643645
v 0.05104205241182663 0.5312138030457352 0.05836343883746194
v 0.03124999893529768 0.4641364110142012 0.025432266120830382
v 0.027083116633365226 0.4007379930848368 0.00451048359120973
v 0.027083069587401164 0.3899839002046514 0.031028165273266378
v 0.031249951889333626 0.45338292183765727 0.051950109564790195
v 0.05104174122944898 0.5204595635594773 0.08488166766082986
v 0.032292007879594124 0.529502460501377 0.09641571956248277
v 0.03229215331429793 0.5370215097251333 0.08197138517092278
v 0.0849878882865569 0.503417799767439 0.14367450018295108
v 0.09374984605135145 0.5296752142343462 0.06982864097428587
v 0.08498815242297049 0.491343873544898 0.1404387149778583
v 0.09374984605135145 0.5176011414057328 0.06659340291050436
v 0.05251199777474552 0.5046021719645817 0.16340250862536868
v 0.05625012822737637 0.5321015157180775 0.060773560562520396
v 0.052511733638331934 0.49252795252989584 0.16016781770289845
v 0.05625012822737637 0.5200274428894642 0.057538322498738886
v 0.09375025603504851 0.5184311581519907 0.12990313879970997
v 0.04999990612346575 0.5227423353101257 0.14399878867665325
v 0.09375030818793845 0.5251976722654178 0.11068720075257515
v 0.05624986593137404 0.5340366052849554 0.1259961449534159
v 0.0937497938984615 0.5304555993424438 0.0910667645731873
v 0.04375035139573807 0.5381096521729061 0.08664718136874694
v 0.04999964198705216 0.5106681158754398 0.14076409775418303
v 0.056249601794960455 0.5219623858502696 0.12276145403094568
v 0.04375008725932448 0.5260354327382202 0.08341249044627672
v 0.09375025603504851 0.506356481619736 0.12666773897402528
v 0.09375030818793845 0.5131235994368044 0.10745196268879365
v 0.0937497938984615 0.5183809228101891 0.08783136474750261
v 0.09109790624622896 0.5047640225804283 0.12309650762874656
v 0.0932768067999921 0.5012535704692416 0.13893367816819663
v 0.08345618232521979 0.4378297081199872 0.12029467750291903
v 0.08841892021998846 0.4344541499960071 0.13552216498758665
v 0.06766062086328295 0.3969225551895035 0.11186755613854935
v 0.06983921911109278 0.3934117143442822 0.1277037626386014
v 0.05104206275315259 0.49841346297509725 0.17714892300890495
v 0.0312503310274899 0.42586207191416636 0.1592595414944379
v 0.027082973794124537 0.35631919019532576 0.13701239769972548
v 0.0270831186116871 0.3651266047936934 0.10978610057538743
v 0.03125021170863887 0.4346693399064615 0.13203379151141115
v 0.051042207570715155 0.5072208775734648 0.1499226258845669
v 0.03229166220677102 0.5215618203097137 0.1469001011628431
v 0.03229211668847545 0.518037123154667 0.1627976793734316
v 0.08658125362623857 0.43459507665469627 0.13236890128971163
v 0.06766053798944602 0.3953049600582527 0.11790450335445332
v 0.03125021170863887 0.4346693399064615 0.13203379151141115
v 0.05104172400218518 0.5088379373646086 0.1438852617705762
v 0.03229166220677102 0.5215618203097137 0.1469001011628431
v 0.03229211668847545 0.518037123154667 0.1627976793734316
v -0.09734805886892701 0.5175639788056208 0.0838362271912776
v -0.0995266618122352 0.5250539053640882 0.06944745414578146
v -0.0865813345823586 0.45354154987034045 0.05164546462063266
v -0.09154359011970266 0.4607431668880886 0.03781107748321205
v -0.06766092049761964 0.41414651576083433 0.037471201962967327
v -0.06983952344092786 0.42163644231930186 0.02308242891747117
v -0.05104178595958543 0.5312138014249087 0.05836344488646883
v -0.03125017233007983 0.4641364006588639 0.02543230476747535
v -0.027083189937483085 0.4007379346355529 0.00451070172690704
v -0.027082972847033565 0.38998398836144 0.031027836267652376
v -0.031250219376043914 0.4533829114823199 0.05195014821143516
v -0.051042097141963116 0.5204595619386508 0.08488167370983674
v -0.03229185628888072 0.5295026233967314 0.09641511162874353
v -0.03229197499059047 0.5370215260144153 0.08197132437849483
v -0.08498817558094908 0.503417796525935 0.1436745122804084
v -0.09374983716600065 0.5296752614108724 0.069828464909093
v -0.08498791144453548 0.4913438703033941 0.1404387270753156
v -0.09375010130241425 0.5176010419761865 0.06659377398662278
v -0.05251168759696516 0.5046021512185114 0.1634025860507571
v -0.056250134856928424 0.5321015987148208 0.060773250814457835
v -0.05251195173337875 0.4925279317838256 0.16016789512828689
v -0.056250134856928424 0.5200275258862074 0.057538012750676326
v -0.0937502577610841 0.5184311270859788 0.12990325473964484
v -0.04999997520843545 0.5227423070446799 0.14399889416473305
v -0.09375020560819415 0.5251976411994058 0.11068731669251003
v -0.05625009484697745 0.5340364733120918 0.12599663748284817
v -0.09374988931889063 0.5304556465189701 0.09106658850799444
v -0.04374971462612644 0.5381095810088057 0.08664744695678556
v -0.05000023934484904 0.510668087609994 0.14076420324226283
v -0.05625009484697745 0.5219624004834784 0.12276139941906668
v -0.04374971462612644 0.5260355081801923 0.08341220889300405
v -0.0937502577610841 0.506356450553724 0.12666785491396015
v -0.09375020560819415 0.5131235683707925 0.10745207862872852
v -0.0937501534553042 0.5183808233806428 0.08783173582362103
v -0.09109807554818504 0.50476401519034 0.12309653520893155
v -0.09327693432169341 0.5012535041569826 0.13893392564891663
v -0.08345645389957147 0.4378298018411705 0.12029432773070145
v -0.08841857402078614 0.43445425835084656 0.1355217606018207
v -0.06766080846684971 0.39692271432337234 0.11186696224286555
v -0.0698396672403581 0.39341159958637345 0.12770419092094742
v -0.05104177561825948 0.4984134613542707 0.17714892905791185
v -0.03124984023788764 0.42586206155882905 0.15925958014108285
v -0.027083068640310196 0.3563192783521143 0.13701206869411148
v -0.027082923822747615 0.36512669295048195 0.10978577156977343
v -0.031249959556738663 0.4346693295511242 0.13203383015805611
v -0.05104163080069693 0.5072208759526383 0.1499226319335738
v -0.032291899655750494 0.5215617682354613 0.1469002955065987
v -0.03229201161641297 0.518037139443949 0.1627976185810036
v -0.08658129025357104 0.43459519182520684 0.13236847146751465
v -0.06766032489831975 0.39530505082858725 0.11790416459495306
v -0.031249959556738663 0.4346693295511242 0.13203383015805611
v -0.0510421143692269 0.508837935743782 0.14388526781958308
v 0.05104206275315259 0.49841346297509725 0.17714892300890495
v -0.018811435112745592 0.3557918154215404 0.1633629698202241
v -0.018811435112745592 0.476532543707674 0.19571535045803923
v -0.00995723122336798 0.3620880141503341 0.13986523626981565
v -0.00995723122336798 0.4828287424364676 0.17221761690763074
v -0.020898381955626613 0.3681606441390042 0.11720187261653259
v -0.020898381955626613 0.48890137242513765 0.14955425325434768
v -0.04522559223635425 0.37045234909833025 0.10864911327237009
v -0.04522559223635425 0.49119307738446377 0.14100149391018518
v -0.04227484211332806 0.3529601056002289 0.17393105474565074
v -0.04227484211332806 0.4737008338863624 0.20628343538346583
v -0.06660175008810242 0.3552515955899481 0.1653790976789831
v -0.06660175008810242 0.47599232387608165 0.1977314783167982
v -0.07754263668394747 0.36132437218469066 0.14271518688438872
v -0.07754263668394747 0.4820651004708242 0.17506756752220382
v -0.06868843279456986 0.3676205709134843 0.11921745333398025
v -0.06868843279456986 0.48836129919961785 0.15156983397179535
v -0.06909470166312184 0.49725310886590274 0.17875551266905493
v -0.060889046258622986 0.49269861681376564 0.19575310841029914
v -0.062453567422595 0.5019753336852852 0.16113192971835688
v -0.04485636142744498 0.5040991135815179 0.15320587524152296
v -0.02661138809105934 0.502380476528594 0.15961991604280562
v -0.018405732686560497 0.4978259844764569 0.17661751178404986
v -0.025046300484720438 0.49310369129354004 0.19424134987093145
v -0.04264350647987046 0.49097991139730734 0.20216740434776537
v -0.06275841068460072 0.503361801163364 0.18010570830435127
v -0.05660395194414654 0.49994586129097596 0.19285416946370404
v -0.043750066021864514 0.5035764756006831 0.17930453239719057
v -0.05777824897239435 0.5069033744444791 0.16688837688050134
v -0.04458007079723331 0.5084962655788063 0.16094362623626615
v -0.030895915963168916 0.5072072365164626 0.16575434818936582
v -0.024741457222714716 0.5037912966440745 0.1785028093487186
v -0.02972244951370158 0.5002496451204212 0.19172043277769624
v -0.042920363552449034 0.49865690059216655 0.19766463628062014
v -0.060889046258622986 0.3508282610775587 0.15773906116086642
v -0.06909470166312184 0.3553827531296958 0.14074146541962218
v -0.043750066021864514 0.35566908345016945 0.13967286611586707
v -0.04264350647987046 0.3491095556611004 0.16415335709833265
v -0.025046300484720438 0.35123333555733316 0.15622730262149873
v -0.018405732686560497 0.35595562874024994 0.13860346453461714
v -0.02661138809105934 0.36051012079238703 0.1216058687933729
v -0.04485636142744498 0.362228757845311 0.11519182799209021
v -0.062453567422595 0.36010497794907825 0.12311788246892413
vt 0.394745625 0.5957909375
vt 0.416475625 0.573521875
vt 0.3793803125 0.557775625
vt 0.75122875 0.92683875
vt 0.75122875 0.6827171875
vt 0.7215371875 0.6827171875
vt 0.7215371875 0.92683875
vt 0.0772015625 0.899585625
vt 0.060904375 0.9162871875
vt 0.0493803125 0.887775625
vt 0.416475625 0.573521875
vt 0.416475625 0.5420290624999999
vt 0.3793803125 0.557775625
vt 0.7932203125 0.92683875
vt 0.7932203125 0.6827171875
vt 0.75122875 0.6827171875
vt 0.75122875 0.92683875
vt 0.0772015625 0.8759653125
vt 0.0772015625 0.899585625
vt 0.0493803125 0.887775625
vt 0.416475625 0.5420290624999999
vt 0.394745625 0.51976
vt 0.3793803125 0.557775625
vt 0.822911875 0.92683875
vt 0.822911875 0.6827171875
vt 0.7932203125 0.6827171875
vt 0.7932203125 0.92683875
vt 0.060904375 0.8592640625
vt 0.0772015625 0.8759653125
vt 0.0493803125 0.887775625
vt 0.394745625 0.51976
vt 0.3640146875 0.51976
vt 0.3793803125 0.557775625
vt 0.0288928125 0.59683875
vt 0.0288928125 0.35271718750000003
vt 0.0698678125 0.35271718750000003
vt 0.0698678125 0.59683875
vt 0.0378559375 0.8592640625
vt 0.060904375 0.8592640625
vt 0.0493803125 0.887775625
vt 0.3640146875 0.5957909375
vt 0.394745625 0.5957909375
vt 0.3793803125 0.557775625
vt 0.7298678125 0.59683875
vt 0.7298678125 0.35271718750000003
vt 0.6888928125 0.35271718750000003
vt 0.6888928125 0.59683875
vt 0.060904375 0.9162871875
vt 0.0378559375 0.9162871875
vt 0.0493803125 0.887775625
vt 0.342285 0.573521875
vt 0.3640146875 0.5957909375
vt 0.3793803125 0.557775625
vt 0.3915371875 0.6827171875
vt 0.42122875 0.6827171875
vt 0.42122875 0.92683875
vt 0.3915371875 0.92683875
vt 0.0378559375 0.9162871875
vt 0.02155875 0.899585625
vt 0.0493803125 0.887775625
vt 0.342285 0.5420290624999999
vt 0.342285 0.573521875
vt 0.3793803125 0.557775625
vt 0.42122875 0.6827171875
vt 0.4632203125 0.6827171875
vt 0.4632203125 0.92683875
vt 0.42122875 0.92683875
vt 0.02155875 0.899585625
vt 0.02155875 0.8759653125
vt 0.0493803125 0.887775625
vt 0.3640146875 0.51976
vt 0.342285 0.5420290624999999
vt 0.3793803125 0.557775625
vt 0.4632203125 0.6827171875
vt 0.492911875 0.6827171875
vt 0.492911875 0.92683875
vt 0.4632203125 0.92683875
vt 0.02155875 0.8759653125
vt 0.0378559375 0.8592640625
vt 0.0493803125 0.887775625
vt 0.4632203125 0.92683875
vt 0.4579709375 0.95735375
vt 0.426478125 0.95735375
vt 0.42122875 0.92683875
vt 0.492911875 0.92683875
vt 0.48024 0.95735375
vt 0.4579709375 0.95735375
vt 0.4632203125 0.92683875
vt 0.0698678125 0.59683875
vt 0.064745625 0.6273537499999999
vt 0.0340146875 0.6273537499999999
vt 0.0288928125 0.59683875
vt 0.098840625 0.59683875
vt 0.086475625 0.6273537499999999
vt 0.064745625 0.6273537499999999
vt 0.0698678125 0.59683875
vt 0.75122875 0.92683875
vt 0.756478125 0.95735375
vt 0.7879709375 0.95735375
vt 0.7932203125 0.92683875
vt 0.7215371875 0.92683875
vt 0.7342090625 0.95735375
vt 0.756478125 0.95735375
vt 0.75122875 0.92683875
vt 0.6599196875 0.59683875
vt 0.672285 0.6273537499999999
vt 0.6940146875 0.6273537499999999
vt 0.6888928125 0.59683875
vt 0.6888928125 0.59683875
vt 0.6940146875 0.6273537499999999
vt 0.724745625 0.6273537499999999
vt 0.7298678125 0.59683875
vt 0.4579709375 0.95735375
vt 0.4540346875 0.96956
vt 0.430414375 0.96956
vt 0.426478125 0.95735375
vt 0.0340146875 0.84976
vt 0.0378559375 0.8592640625
vt 0.02155875 0.8759653125
vt 0.012285 0.8720290625
vt 0.064745625 0.6273537499999999
vt 0.060904375 0.63956
vt 0.0378559375 0.63956
vt 0.0340146875 0.6273537499999999
vt 0.086475625 0.8720290625
vt 0.0772015625 0.8759653125
vt 0.060904375 0.8592640625
vt 0.064745625 0.84976
vt 0.756478125 0.95735375
vt 0.760414375 0.96956
vt 0.7840346875 0.96956
vt 0.7879709375 0.95735375
vt 0.064745625 0.9257909375
vt 0.060904375 0.9162871875
vt 0.0772015625 0.899585625
vt 0.086475625 0.903521875
vt 0.012285 0.903521875
vt 0.02155875 0.899585625
vt 0.0378559375 0.9162871875
vt 0.0340146875 0.9257909375
vt 0.6940146875 0.6273537499999999
vt 0.6978559375 0.63956
vt 0.720904375 0.63956
vt 0.724745625 0.6273537499999999
vt 0.3299196875 0.57877125
vt 0.342285 0.573521875
vt 0.342285 0.5420290624999999
vt 0.3299196875 0.5367796874999999
vt 0.3588928125 0.6084628125
vt 0.3640146875 0.5957909375
vt 0.342285 0.573521875
vt 0.3299196875 0.57877125
vt 0.3998678125 0.6084628125
vt 0.394745625 0.5957909375
vt 0.3640146875 0.5957909375
vt 0.3588928125 0.6084628125
vt 0.428840625 0.57877125
vt 0.416475625 0.573521875
vt 0.394745625 0.5957909375
vt 0.3998678125 0.6084628125
vt 0.428840625 0.5367796874999999
vt 0.416475625 0.5420290624999999
vt 0.416475625 0.573521875
vt 0.428840625 0.57877125
vt 0.3998678125 0.507088125
vt 0.394745625 0.51976
vt 0.416475625 0.5420290624999999
vt 0.428840625 0.5367796874999999
vt 0.3588928125 0.507088125
vt 0.3640146875 0.51976
vt 0.394745625 0.51976
vt 0.3998678125 0.507088125
vt 0.3299196875 0.5367796874999999
vt 0.342285 0.5420290624999999
vt 0.3640146875 0.51976
vt 0.3588928125 0.507088125
vt 0.268278125 0.6305634375
vt 0.1218446875 0.6305634375
vt 0.159899375 0.48738250000000005
vt 0.2495521875 0.48738250000000005
vt 0.2495521875 0.48738250000000005
vt 0.159899375 0.48738250000000005
vt 0.1684184375 0.35720968750000004
vt 0.246116875 0.35720968750000004
vt 0.576116875 0.397261875
vt 0.4984184375 0.360131875
vt 0.47942375 0.40187656250000003
vt 0.5571221875 0.43900656250000003
vt 0.8871221875 0.3503271875
vt 0.80942375 0.3503271875
vt 0.8009046875 0.48049968750000005
vt 0.8905575 0.48049968750000005
vt 0.8905575 0.48049968750000005
vt 0.8009046875 0.48049968750000005
vt 0.7628496875 0.623680625
vt 0.909283125 0.623680625
vt 0.044068125 0.6853803125
vt 0.1218446875 0.7005340625
vt 0.1028496875 0.7422796875
vt 0.0366003125 0.710154375
vt 0.4212378125 0.374016875
vt 0.47942375 0.40187656250000003
vt 0.4984184375 0.360131875
vt 0.428705625 0.349243125
vt 0.6966003125 0.6176896875
vt 0.7628496875 0.623680625
vt 0.8009046875 0.48049968750000005
vt 0.7217590625 0.4806446875
vt 0.06482625 0.4872375
vt 0.159899375 0.48738250000000005
vt 0.1218446875 0.6305634375
vt 0.044068125 0.6245465625
vt 0.6446196875 0.9545465625
vt 0.619845625 0.9476896875
vt 0.633814375 0.8106446875
vt 0.6596003125 0.8172375000000001
vt 0.625983125 0.7291646875
vt 0.650756875 0.7360212500000001
vt 0.6596003125 0.8172375000000001
vt 0.633814375 0.8106446875
vt 0.7217590625 0.4806446875
vt 0.8009046875 0.48049968750000005
vt 0.80942375 0.3503271875
vt 0.7512378125 0.3991646875
vt 0.098705625 0.40602125
vt 0.1684184375 0.35720968750000004
vt 0.159899375 0.48738250000000005
vt 0.06482625 0.4872375
vt 0.7838590625 0.646569375
vt 0.8765009375 0.646569375
vt 0.909283125 0.623680625
vt 0.7628496875 0.623680625
vt 0.134493125 0.7446990625000001
vt 0.1238590625 0.7680690625
vt 0.1028496875 0.7422796875
vt 0.1218446875 0.7005340625
vt 0.2271346875 0.78897
vt 0.134493125 0.7446990625000001
vt 0.1218446875 0.7005340625
vt 0.268278125 0.7705109375
vt 0.2165009375 0.8123403124999999
vt 0.1238590625 0.7680690625
vt 0.134493125 0.7446990625000001
vt 0.2271346875 0.78897
vt 0.6418765625 0.9634565625
vt 0.612016875 0.9756634375
vt 0.6120165625 0.95125125
vt 0.64187625 0.9390440625
vt 0.959951875 0.9390446875
vt 0.91693 0.9634565625
vt 0.91693 0.98786875
vt 0.959951875 0.9634571875
vt 0.112970625 0.700048125
vt 0.115224375 0.74307
vt 0.0393215625 0.7179831249999999
vt 0.0529084375 0.6881234375
vt 0.3829084375 0.35812374999999996
vt 0.3693215625 0.3879834375
vt 0.445224375 0.41307000000000005
vt 0.442970625 0.37004812499999995
vt 0.521025 0.926838125
vt 0.521024375 0.9512503125
vt 0.4712 0.96345625
vt 0.471199375 0.9390453125
vt 0.112970625 0.6334571875
vt 0.0529084375 0.6334565624999999
vt 0.0529084375 0.6090440625
vt 0.112970625 0.6090446875
vt 0.013219375 0.808975625
vt 0.0121478125 0.7777034375
vt 0.06654375 0.8260684375
vt 0.0472634375 0.8588
vt 0.0121478125 0.7777034375
vt 0.0257346875 0.7478434375
vt 0.0711653125 0.791924375
vt 0.06654375 0.8260684375
vt 0.0257346875 0.7478434375
vt 0.0393215625 0.7179831249999999
vt 0.115224375 0.74307
vt 0.0711653125 0.791924375
vt 0.8012 0.96345625
vt 0.8339315625 0.9878690625
vt 0.8339315625 0.963456875
vt 0.801199375 0.9390453125
vt 0.8339315625 0.9878690625
vt 0.868075625 1.000075625
vt 0.868075625 0.9756634375
vt 0.8339315625 0.963456875
vt 0.868075625 1.000075625
vt 0.91693 0.98786875
vt 0.91693 0.9634565625
vt 0.868075625 0.9756634375
vt 0.377263125 0.528800625
vt 0.3965434375 0.49606843749999996
vt 0.3421475 0.44770343749999997
vt 0.3432196875 0.47897500000000004
vt 0.3965434375 0.49606843749999996
vt 0.401165 0.46192437500000005
vt 0.3557346875 0.41784343749999997
vt 0.3421475 0.44770343749999997
vt 0.401165 0.46192437500000005
vt 0.445224375 0.41307000000000005
vt 0.3693215625 0.3879834375
vt 0.3557346875 0.41784343749999997
vt 0.521025 0.926838125
vt 0.5522965625 0.9481984375
vt 0.5522965625 0.9726109375
vt 0.521024375 0.9512503125
vt 0.5522965625 0.9481984375
vt 0.5821565625 0.9512509375
vt 0.5821565625 0.975663125
vt 0.5522965625 0.9726109375
vt 0.5821565625 0.9512509375
vt 0.6120165625 0.95125125
vt 0.612016875 0.9756634375
vt 0.5821565625 0.975663125
vt 0.0859228125 0.4856775
vt 0.094235 0.343245
vt 0.1719334375 0.343245
vt 0.175575625 0.4856775
vt 0.0585346875 0.631583125
vt 0.0859228125 0.4856775
vt 0.175575625 0.4856775
vt 0.204968125 0.631583125
vt 0.0585346875 0.839670625
vt 0.0394190625 0.88168125
vt 0.0040178125 0.7973859375
vt 0.0179834375 0.77505625
vt 0.8045596875 0.8156775
vt 0.820329375 0.961583125
vt 0.88494375 0.94338875
vt 0.8582178125 0.8157065625
vt 0.44831875 0.9587306250000001
vt 0.43255 0.812825
vt 0.508713125 0.8170353125
vt 0.5326140625 0.94477125
vt 0.5282178125 0.8157065625
vt 0.55494375 0.94338875
vt 0.5326140625 0.94477125
vt 0.508713125 0.8170353125
vt 0.508713125 0.8170353125
vt 0.4914628125 0.73566
vt 0.5137925 0.73427875
vt 0.5282178125 0.8157065625
vt 0.094235 0.343245
vt 0.0859228125 0.4856775
vt 0.0191678125 0.4857065625
vt 0.04018875 0.40427875
vt 0.43255 0.812825
vt 0.434824375 0.6703934375
vt 0.4914628125 0.73566
vt 0.508713125 0.8170353125
vt 0.204968125 0.631583125
vt 0.182508125 0.65710875
vt 0.08986625 0.65710875
vt 0.0585346875 0.631583125
vt 0.0394190625 0.88168125
vt 0.0789846875 0.866689375
vt 0.1716265625 0.910960625
vt 0.1858525 0.9516578125
vt 0.0789846875 0.866689375
vt 0.08986625 0.842775
vt 0.182508125 0.88704625
vt 0.1716265625 0.910960625
vt 0.424235 0.5231646875
vt 0.405119375 0.565175625
vt 0.4828178125 0.6023056250000001
vt 0.5019334375 0.560295
vt 0.735119375 0.34039343749999995
vt 0.7268075 0.48282499999999995
vt 0.8164603125 0.48282499999999995
vt 0.8128178125 0.34039343749999995
vt 0.7268075 0.48282499999999995
vt 0.6994190625 0.628730625
vt 0.8458525 0.628730625
vt 0.8164603125 0.48282499999999995
vt 0.405119375 0.565175625
vt 0.424235 0.5231646875
vt 0.37018875 0.4862075
vt 0.3562234375 0.5085371875
vt 0.094235 0.343245
vt 0.1719334375 0.343245
vt 0.175575625 0.4856775
vt 0.0859228125 0.4856775
vt 0.0859228125 0.4856775
vt 0.175575625 0.4856775
vt 0.20914875 0.6315824999999999
vt 0.0627153125 0.6315824999999999
vt 0.182508125 0.65710875
vt 0.08986625 0.65710875
vt 0.0627153125 0.6315824999999999
vt 0.20914875 0.6315824999999999
vt 0.094235 0.343245
vt 0.0859228125 0.4856775
vt 0.0063240625 0.485706875
vt 0.036008125 0.40427812500000004
vt 0.0627153125 0.8304828125
vt 0.08986625 0.842775
vt 0.0789846875 0.866689375
vt 0.0394190625 0.88168125
vt 0.249283125 0.81225625
vt 0.268278125 0.7705109375
vt 0.3295996875 0.8218284375
vt 0.31588125 0.8436153125
vt 0.576116875 0.397261875
vt 0.5571221875 0.43900656250000003
vt 0.61534875 0.46677749999999996
vt 0.629066875 0.444990625
vt 0.8905575 0.48049968750000005
vt 0.909283125 0.623680625
vt 0.97588125 0.6176896875
vt 0.97015125 0.4806446875
vt 0.268278125 0.6305634375
vt 0.2495521875 0.48738250000000005
vt 0.327455 0.4872375
vt 0.3295996875 0.6245465625
vt 0.845114375 0.8106446875
vt 0.8163846875 0.9476896875
vt 0.8381715625 0.9545465625
vt 0.864096875 0.8172375000000001
vt 0.864096875 0.8172375000000001
vt 0.885009375 0.7360212500000001
vt 0.8632225 0.7291646875
vt 0.845114375 0.8106446875
vt 0.8871221875 0.3503271875
vt 0.8905575 0.48049968750000005
vt 0.97015125 0.4806446875
vt 0.94534875 0.3991646875
vt 0.2495521875 0.48738250000000005
vt 0.246116875 0.35720968750000004
vt 0.299066875 0.40602125
vt 0.327455 0.4872375
vt 0.249283125 0.81225625
vt 0.2165009375 0.8123403124999999
vt 0.2271346875 0.78897
vt 0.268278125 0.7705109375
vt 0.8134884375 0.95125125
vt 0.81348875 0.9756634375
vt 0.8433484375 0.9634565625
vt 0.843348125 0.9390440625
vt 0.240738125 0.65786875
vt 0.240738125 0.6334565624999999
vt 0.274345625 0.6090446875
vt 0.274345625 0.6334571875
vt 0.30828 0.84651125
vt 0.240738125 0.8030496874999999
vt 0.274345625 0.777165
vt 0.321866875 0.8166515625
vt 0.570738125 0.47304999999999997
vt 0.6382796875 0.5165115625000001
vt 0.6518665625 0.48665187499999996
vt 0.604345625 0.44716500000000003
vt 0.8579140625 0.63345625
vt 0.9170409375 0.6212503125
vt 0.91704125 0.596838125
vt 0.85791375 0.6090453124999999
vt 0.3218665625 0.6090440625
vt 0.321866875 0.6334565624999999
vt 0.274345625 0.6334571875
vt 0.274345625 0.6090446875
vt 0.209988125 0.8946165625
vt 0.2811059375 0.9062315625
vt 0.2570409375 0.9254915625
vt 0.1979140625 0.9307921875
vt 0.23254 0.86904125
vt 0.2946928125 0.8763715625
vt 0.2811059375 0.9062315625
vt 0.209988125 0.8946165625
vt 0.240738125 0.8030496874999999
vt 0.30828 0.84651125
vt 0.2946928125 0.8763715625
vt 0.23254 0.86904125
vt 0.435383125 0.963456875
vt 0.4353834375 0.9878690625
vt 0.3992078125 0.96345625
vt 0.3992075 0.9390453125
vt 0.46095875 0.9756634375
vt 0.46095875 1.000075625
vt 0.4353834375 0.9878690625
vt 0.435383125 0.963456875
vt 0.52695 0.9634565625
vt 0.5269503125 0.98786875
vt 0.46095875 1.000075625
vt 0.46095875 0.9756634375
vt 0.6111059375 0.5762315625000001
vt 0.5399878125 0.564616875
vt 0.52791375 0.6007925000000001
vt 0.58704125 0.5954909374999999
vt 0.6246928125 0.5463715625000001
vt 0.56254 0.53904125
vt 0.5399878125 0.564616875
vt 0.6111059375 0.5762315625000001
vt 0.6382796875 0.5165115625000001
vt 0.570738125 0.47304999999999997
vt 0.56254 0.53904125
vt 0.6246928125 0.5463715625000001
vt 0.9411059375 0.6426109375
vt 0.9411059375 0.6181984375
vt 0.91704125 0.596838125
vt 0.9170409375 0.6212503125
vt 0.7836284375 0.975663125
vt 0.7836284375 0.9512509375
vt 0.7537684375 0.9481984375
vt 0.7537684375 0.9726109375
vt 0.81348875 0.9756634375
vt 0.8134884375 0.95125125
vt 0.7836284375 0.9512509375
vt 0.7836284375 0.975663125
vt 0.27161875 0.9252653125
vt 0.1858525 0.9516578125
vt 0.204968125 0.9096471875
vt 0.27933375 0.89994875
vt 0.91529 0.4870353125
vt 0.8164603125 0.48282499999999995
vt 0.8458525 0.628730625
vt 0.93161875 0.61477125
vt 0.7347346875 0.94477125
vt 0.76005125 0.94338875
vt 0.7438021875 0.8157065625
vt 0.7174940625 0.8170353125
vt 0.751031875 0.73427875
vt 0.7257153125 0.73566
vt 0.7174940625 0.8170353125
vt 0.7438021875 0.8157065625
vt 0.8865846875 0.40566
vt 0.8128178125 0.34039343749999995
vt 0.8164603125 0.48282499999999995
vt 0.91529 0.4870353125
vt 0.564299375 0.5789681250000001
vt 0.5019334375 0.560295
vt 0.4828178125 0.6023056250000001
vt 0.5565846875 0.6042846875
vt 0.1716265625 0.910960625
vt 0.182508125 0.88704625
vt 0.20914875 0.9004593750000001
vt 0.1858525 0.9516578125
vt 0.27933375 0.6133887499999999
vt 0.204968125 0.631583125
vt 0.175575625 0.4856775
vt 0.258594375 0.4857065625
vt 0.258594375 0.4857065625
vt 0.175575625 0.4856775
vt 0.1719334375 0.343245
vt 0.234299375 0.40427875
vt 0.2547159375 0.485706875
vt 0.175575625 0.4856775
vt 0.1719334375 0.343245
vt 0.2301190625 0.40427812500000004
vt 0.4692790625 0.5987553125
vt 0.466600625 0.63012875
vt 0.5048940625 0.6177553124999999
vt 0.3657471875 0.6827171875
vt 0.4075775 0.6827171875
vt 0.4075775 0.92683875
vt 0.3657471875 0.92683875
vt 0.1461740625 0.957035
vt 0.1481828125 0.933505625
vt 0.1748940625 0.9477553125
vt 0.4928203125 0.5785121875
vt 0.4692790625 0.5987553125
vt 0.5048940625 0.6177553124999999
vt 0.1274071875 0.35271718750000003
vt 0.1587959375 0.35271718750000003
vt 0.1587959375 0.59683875
vt 0.1274071875 0.59683875
vt 0.1481828125 0.933505625
vt 0.16583875 0.9183228125
vt 0.1748940625 0.9477553125
vt 0.5234340625 0.581256875
vt 0.4928203125 0.5785121875
vt 0.5048940625 0.6177553124999999
vt 0.1587959375 0.35271718750000003
vt 0.19961375 0.35271718750000003
vt 0.19961375 0.59683875
vt 0.1587959375 0.59683875
vt 0.16583875 0.9183228125
vt 0.1887990625 0.92038125
vt 0.1748940625 0.9477553125
vt 0.5431875 0.605381875
vt 0.5234340625 0.581256875
vt 0.5048940625 0.6177553124999999
vt 0.760909375 0.6827171875
vt 0.7287421875 0.6827171875
vt 0.7287421875 0.92683875
vt 0.760909375 0.92683875
vt 0.1887990625 0.92038125
vt 0.203614375 0.938475625
vt 0.1748940625 0.9477553125
vt 0.466600625 0.63012875
vt 0.4863540625 0.6542537500000001
vt 0.5048940625 0.6177553124999999
vt 0.33358 0.6827171875
vt 0.3657471875 0.6827171875
vt 0.3657471875 0.92683875
vt 0.33358 0.92683875
vt 0.160989375 0.975129375
vt 0.1461740625 0.957035
vt 0.1748940625 0.9477553125
vt 0.4863540625 0.6542537500000001
vt 0.5169678125 0.6569984375
vt 0.5048940625 0.6177553124999999
vt 0.8509921875 0.59683875
vt 0.8509921875 0.35271718750000003
vt 0.810174375 0.35271718750000003
vt 0.810174375 0.59683875
vt 0.183949375 0.9771878125
vt 0.160989375 0.975129375
vt 0.1748940625 0.9477553125
vt 0.5169678125 0.6569984375
vt 0.5405090625 0.636755
vt 0.5048940625 0.6177553124999999
vt 0.8823809375 0.59683875
vt 0.8823809375 0.35271718750000003
vt 0.8509921875 0.35271718750000003
vt 0.8509921875 0.59683875
vt 0.201605625 0.962005
vt 0.183949375 0.9771878125
vt 0.1748940625 0.9477553125
vt 0.5405090625 0.636755
vt 0.5431875 0.605381875
vt 0.5048940625 0.6177553124999999
vt 0.7287421875 0.92683875
vt 0.7287421875 0.6827171875
vt 0.686911875 0.6827171875
vt 0.686911875 0.92683875
vt 0.203614375 0.938475625
vt 0.201605625 0.962005
vt 0.1748940625 0.9477553125
vt 0.8469678125 0.6273537499999999
vt 0.8705090625 0.6273537499999999
vt 0.8823809375 0.59683875
vt 0.8509921875 0.59683875
vt 0.693245 0.95735375
vt 0.724618125 0.95735375
vt 0.7287421875 0.92683875
vt 0.686911875 0.92683875
vt 0.724618125 0.95735375
vt 0.748743125 0.95735375
vt 0.760909375 0.92683875
vt 0.7287421875 0.92683875
vt 0.1934340625 0.6273537499999999
vt 0.1628203125 0.6273537499999999
vt 0.1587959375 0.59683875
vt 0.19961375 0.59683875
vt 0.1628203125 0.6273537499999999
vt 0.1392790625 0.6273537499999999
vt 0.1274071875 0.59683875
vt 0.1587959375 0.59683875
vt 0.4012446875 0.95735375
vt 0.36987125 0.95735375
vt 0.3657471875 0.92683875
vt 0.4075775 0.92683875
vt 0.8163540625 0.6273537499999999
vt 0.8469678125 0.6273537499999999
vt 0.8509921875 0.59683875
vt 0.810174375 0.59683875
vt 0.36987125 0.95735375
vt 0.34574625 0.95735375
vt 0.33358 0.92683875
vt 0.3657471875 0.92683875
vt 0.183949375 0.9771878125
vt 0.201605625 0.962005
vt 0.2105090625 0.966755
vt 0.1869678125 0.9869984375
vt 0.697995 0.96956
vt 0.721524375 0.96956
vt 0.724618125 0.95735375
vt 0.693245 0.95735375
vt 0.203614375 0.938475625
vt 0.1887990625 0.92038125
vt 0.1934340625 0.911256875
vt 0.2131875 0.935381875
vt 0.1887990625 0.63956
vt 0.16583875 0.63956
vt 0.1628203125 0.6273537499999999
vt 0.1934340625 0.6273537499999999
vt 0.16583875 0.9183228125
vt 0.1481828125 0.933505625
vt 0.1392790625 0.9287553125
vt 0.1628203125 0.9085121875
vt 0.396494375 0.96956
vt 0.372965 0.96956
vt 0.36987125 0.95735375
vt 0.4012446875 0.95735375
vt 0.820989375 0.63956
vt 0.843949375 0.63956
vt 0.8469678125 0.6273537499999999
vt 0.8163540625 0.6273537499999999
vt 0.1461740625 0.957035
vt 0.160989375 0.975129375
vt 0.1563540625 0.98425375
vt 0.136600625 0.96012875
vt 0.5405090625 0.636755
vt 0.5169678125 0.6569984375
vt 0.5209921875 0.6700796875
vt 0.5523809375 0.643088125
vt 0.5169678125 0.6569984375
vt 0.4863540625 0.6542537500000001
vt 0.480174375 0.66642
vt 0.5209921875 0.6700796875
vt 0.4863540625 0.6542537500000001
vt 0.466600625 0.63012875
vt 0.4538359375 0.6342528125
vt 0.480174375 0.66642
vt 0.466600625 0.63012875
vt 0.4692790625 0.5987553125
vt 0.4574071875 0.5924225000000001
vt 0.4538359375 0.6342528125
vt 0.4692790625 0.5987553125
vt 0.4928203125 0.5785121875
vt 0.4887959375 0.5654309375
vt 0.4574071875 0.5924225000000001
vt 0.4928203125 0.5785121875
vt 0.5234340625 0.581256875
vt 0.52961375 0.5690906250000001
vt 0.4887959375 0.5654309375
vt 0.5234340625 0.581256875
vt 0.5431875 0.605381875
vt 0.5559521875 0.6012578125
vt 0.52961375 0.5690906250000001
vt 0.5431875 0.605381875
vt 0.5405090625 0.636755
vt 0.5523809375 0.643088125
vt 0.5559521875 0.6012578125
vn 1.387778780781446e-17 -0.9659258262890684 -0.2588190451025208
vn -0.9396926207859084 -0.08852132690137687 0.33036608954935215
vn -1.387778780781446e-17 0.9659258262890684 0.2588190451025208
vn 1.387778780781446e-17 -0.9659258262890684 -0.2588190451025208
vn -0.9063077870366499 0.109381654946615 -0.40821789367673483
vn -1.387778780781446e-17 0.9659258262890684 0.2588190451025208
vn 1.387778780781446e-17 -0.9659258262890684 -0.2588190451025208
vn -0.34202014332566866 0.24321034680169396 -0.9076733711903688
vn -1.387778780781446e-17 0.9659258262890684 0.2588190451025208
vn 1.387778780781446e-17 -0.9659258262890684 -0.2588190451025208
vn 0.42261826174069944 0.23456971600980447 -0.875426098065593
vn -1.387778780781446e-17 0.9659258262890684 0.2588190451025208
vn 1.387778780781446e-17 -0.9659258262890684 -0.2588190451025208
vn -0.42261826174069944 -0.23456971600980447 0.875426098065593
vn -1.387778780781446e-17 0.9659258262890684 0.2588190451025208
vn 1.387778780781446e-17 -0.9659258262890684 -0.2588190451025208
vn 0.34202014332566866 -0.24321034680169396 0.9076733711903688
vn -1.387778780781446e-17 0.9659258262890684 0.2588190451025208
vn 1.387778780781446e-17 -0.9659258262890684 -0.2588190451025208
vn 0.9063077870366499 -0.109381654946615 0.40821789367673483
vn -1.387778780781446e-17 0.9659258262890684 0.2588190451025208
vn 1.387778780781446e-17 -0.9659258262890684 -0.2588190451025208
vn 0.9396926207859084 0.08852132690137687 -0.33036608954935215
vn -1.387778780781446e-17 0.9659258262890684 0.2588190451025208
vn 0.8106263281405408 0.33414123538017915 0.4808685797013484
vn 0.8404834887518574 0.5111572078140794 -0.17973818190696256
vn 0.3780012647140011 0.6417806939452995 -0.6672575100766613
vn -0.30591097229788855 0.6495147560607473 -0.6960955815741892
vn -0.8106263281405408 0.5298090881418249 -0.2493737882130202
vn -0.8404834887518574 0.35280603634103297 0.41123643546849786
vn 0.30591097229788855 0.2144484880943652 0.9275938351357245
vn -0.3780012647140011 0.2221696295767046 0.8987523015649894
vn 0.6611852490451056 0.5808384133138073 0.4748271307162856
vn 0.6855468260621298 0.7252098889013726 -0.0640012993289877
vn 0.30831574508885273 0.831763734841503 -0.4616389181306313
vn -0.2495186388822849 0.8380622879450434 -0.485172186316004
vn -0.6611852490451056 0.7404343867817454 -0.12079315094947404
vn -0.6855468260621297 0.5960495371997854 0.4180316955448016
vn 0.2495186388822849 0.4831971381561147 0.839202582531818
vn -0.30831574508885273 0.48950906525404975 0.8156728978974428
vn 0.5661659861218051 -0.8225915281230775 0.052907976892567474
vn 0.21365585424498687 -0.9061974197695997 0.3649074024321306
vn -0.2640075351154744 -0.9007958898821927 0.34477062835108246
vn -0.5870146350723894 -0.8095650566352102 0.004270513559142764
vn -0.5661659861218051 -0.6859311718461627 -0.4571154161133423
vn -0.21365585424498687 -0.6023362851483187 -0.7691177904200164
vn 0.2640075351154744 -0.6077268100870474 -0.7489780675718571
vn 0.5870146350723893 -0.6989686482827084 -0.40848090154702854
vn -6.018797288342981e-8 0.4406976962674979 -0.8976555801110561
vn -6.391195372379422e-7 0.31338160671121656 -0.9496272787650364
vn -5.134957698216259e-7 -0.9266944679079022 -0.375815597266301
vn -0.000006278092793632339 -0.3133806906846357 0.9496275810372223
vn 6.280763363286646e-7 -0.4407059591378215 0.8976515234655474
vn 0.03180487237566319 0.9262264362570273 0.37562353343710353
vn 0.5216838883602958 -0.7905993876109975 -0.32062209676564485
vn -0.007157312477129587 -0.43899204404092507 0.8984624411442448
vn 0.20645639684336994 0.3814427242993027 -0.9010422877321459
vn 0.9805534230546846 -0.1898668949935932 0.049654271933366814
vn 0.8855897378608675 -0.4531698795849796 -0.10182276971510373
vn 0.006119157489625994 -0.31373785544498584 0.9494899230494227
vn 0.2601015393914126 0.28713623340593486 -0.9219001966979236
vn -0.000007793006654488455 -0.7869391087757 0.6170306629484276
vn 0.5799222467955879 0.7226243479059299 0.3761704925762878
vn 4.697748518245338e-7 0.9710481787279477 -0.23888372608638575
vn -0.0000021091348596097292 0.8870157459680008 0.46173917572627793
vn 0.999999999996704 -6.645257228793389e-7 0.000002480043760744177
vn -0.8823532682287462 0.12179445036474314 -0.4545534312997764
vn 0.16242732071794974 0.9755484347669257 -0.14806288160166867
vn -0.15435828091572185 -0.9873496578514126 0.03625154139401377
vn 0.49998167282759326 -0.22417430891958345 0.8365191008321023
vn 0.24252538888225583 0.2510920178140427 -0.937088167856997
vn 0.30579106255882066 0.5404958939286825 0.7838086594988488
vn 0.3369788158421046 0.8880624158824874 0.31271460338560036
vn 0.12402051216556587 0.9584614553429164 0.2568473304983516
vn -0.99430354456062 -0.027561387361567033 0.1029603379991188
vn -0.9557796895747087 0.07612108173785466 -0.284061200996427
vn -0.9524288466529105 -0.07884518139342091 0.2943853417452121
vn -0.276175343008761 -0.7196580868886765 -0.6370395732524969
vn -0.40407043032224665 -0.7051442372850913 -0.5826651628189394
vn -0.14627481320957897 -0.9876707253658045 -0.05576932199595759
vn 0.8909070774241817 -0.1175518890320557 0.4387096223933305
vn 0.999999999996704 -6.645257228793389e-7 0.000002480043760744177
vn 0.999999999679485 0.000006552928181927098 -0.000024455860913263905
vn 0.000006281097960525452 0.3047010377091551 -0.952448044556506
vn -6.400287426711061e-7 0.23939766100222534 -0.9709216033780762
vn 0.20974173741110302 0.93029198254754 0.30094057685121123
vn -0.5101425905644414 0.3345372668283167 -0.7923631455306592
vn 0.4039266047504773 -0.32137672664066824 0.8564813468771406
vn 0.9817215974733804 -0.10544849442799045 -0.15844027290176038
vn 0.9055183156855184 -0.3705440202800072 -0.20672133173137092
vn -0.22641351369697033 0.3090699528645792 -0.9236951255970115
vn 0.4421017888844717 -0.2972250382571778 0.8462879444362712
vn -0.000002778231236288953 -0.20621615293805362 -0.9785064630648646
vn -6.109029373202457e-7 0.5903078122446673 0.8071782249308646
vn -1.358351114436052e-7 0.9762922577610437 0.21645652550991754
vn 3.2097495793886877e-7 -0.9514557076143946 -0.3077856989008565
vn 6.39425727977372e-7 -0.3046940333271719 0.9524502853453358
vn 6.133325869406292e-8 -0.23940487069051897 0.9709198256754531
vn 0.6057568213641459 -0.7570265283569751 -0.2448867263340181
vn 0.000006281096179561185 0.30470667993410905 -0.9524462395138533
vn -6.367417649810747e-7 0.1577886073110089 -0.9874729137563455
vn -0.0000031140118817996054 0.23055531803639978 -0.9730592198399015
vn 0.006177495287578272 0.30435974958632295 -0.9525371286116479
vn 0.5719864326308773 0.8008199500488634 0.17753571046394867
vn -0.0318048161505858 0.9262266978728622 0.37562289309513774
vn -0.5216822102559862 -0.7906007218974312 -0.32062153707711166
vn 0.00716613920759912 -0.43898950974887985 0.8984636090456283
vn -0.20645893907119817 0.3814425836926406 -0.9010417647498246
vn -0.9805558694923326 -0.18985881687786008 0.04963684576879096
vn -0.8855965661843332 -0.453161551734208 -0.10180044200475227
vn -0.006127929873997184 -0.3137437945310163 0.9494879040139157
vn -0.26009362066283487 0.2871344372803275 -0.9219029902425782
vn -0.5799089722389043 0.7226303370336158 0.3761794517454411
vn -0.9999999997356449 0.000022756851226685137 -0.000003291816125239322
vn 0.8823469894614862 0.12180008593354699 -0.4545641090702527
vn -0.16242087421724977 0.9755509418548185 -0.14805343449133845
vn 0.15435996834742496 -0.9873493666014812 0.03625228880272055
vn -0.4999730763369497 -0.22419600334963186 0.8365184247942292
vn -0.2425288530118896 0.2510542792291423 -0.9370973825262097
vn -0.3057912639745886 0.5404966333792517 0.7838080710113405
vn -0.3369816527251966 0.8880620312107612 0.31271263877306293
vn -0.12401857548754856 0.9584613763307158 0.2568485604714755
vn 0.9943076104084475 -0.027592160316003964 0.1029128202554912
vn 0.9557753507452805 0.07611809545680688 -0.284076599620181
vn 0.9524216763382192 -0.07888376108749537 0.2943982042706575
vn 0.27617936854753933 -0.7196545681636937 -0.6370418031101336
vn 0.4040737782418299 -0.7051455207736044 -0.5826612877738616
vn 0.14627559922252711 -0.987670736674145 -0.05576706007709739
vn -0.890900837212375 -0.11755505704695515 0.4387214455858943
vn -0.9999999999967039 6.645257228515833e-7 -0.000002480043760633155
vn -0.999999999773471 0.000021074287530037376 0.0000029887354325297552
vn -0.2097376972200004 0.9302934605432546 0.30093882374214836
vn -0.40393185246801333 -0.32137812857871323 0.8564783459218354
vn -0.98172256174059 -0.10544656698086159 -0.15843558085683968
vn -0.9055229252034162 -0.37052972757630925 -0.20672675906441024
vn -0.4420856378317661 -0.29722764847465166 0.8462954648378482
vn -0.6057522871168425 -0.7570279257377087 -0.24489362242814097
vn -0.5719831215535759 0.80081972560162 0.1775473901390094
vn 0.5101363583085121 0.3345341968042395 -0.7923684541299406
vn 0.22641839480383685 0.30907450920715773 -0.9236924045659402
vn -0.006168704917978884 0.3043652085399112 -0.9525354412881923
vn 1.387778780781446e-17 -0.9659258262890684 -0.2588190451025208
vn 0.9396922529012907 -0.08852158850350031 0.3303670658617682
vn -1.387778780781446e-17 0.9659258262890684 0.2588190451025208
vn 1.387778780781446e-17 -0.9659258262890684 -0.2588190451025208
vn 0.9063041104560348 0.10938369556992705 -0.40822550938661445
vn -1.387778780781446e-17 0.9659258262890684 0.2588190451025208
vn 1.387778780781446e-17 -0.9659258262890684 -0.2588190451025208
vn 0.3420231312721442 0.24321006532848746 -0.907672320718061
vn -1.387778780781446e-17 0.9659258262890684 0.2588190451025208
vn 1.387778780781446e-17 -0.9659258262890684 -0.2588190451025208
vn -0.4226261461037347 0.2345687644407205 -0.8754225467614247
vn -1.387778780781446e-17 0.9659258262890684 0.2588190451025208
vn 1.387778780781446e-17 -0.9659258262890684 -0.2588190451025208
vn 0.42260938511642115 -0.23457078730970274 0.8754300962112435
vn -1.387778780781446e-17 0.9659258262890684 0.2588190451025208
vn 1.387778780781446e-17 -0.9659258262890684 -0.2588190451025208
vn -0.3419985537701683 -0.24321238051755886 0.9076809611213047
vn -1.387778780781446e-17 0.9659258262890684 0.2588190451025208
vn 1.387778780781446e-17 -0.9659258262890684 -0.2588190451025208
vn -0.9063119262216077 -0.10937935750719552 0.40820931951609396
vn -1.387778780781446e-17 0.9659258262890684 0.2588190451025208
vn 1.387778780781446e-17 -0.9659258262890684 -0.2588190451025208
vn -0.9396922529012908 0.08852158850350032 -0.3303670658617682
vn -1.387778780781446e-17 0.9659258262890684 0.2588190451025208
vn -0.8106326766879346 0.3341297359074407 0.480865868063204
vn -0.8404747519061153 0.5111669958130765 -0.17975119971724374
vn -0.3779969887437966 0.641789536847993 -0.6672514270446042
vn 0.3059029559557566 0.6494905900399832 -0.6961216524337144
vn 0.8106243397068471 0.5298145382134185 -0.2493686727970058
vn 0.8404867941182824 0.3528101797315765 0.4112261251313497
vn -0.3058999408885757 0.21444892085430275 0.9275973730605273
vn 0.37800162175523894 0.2221565793880642 0.8987553772773791
vn -0.661171011259697 0.5808546763214795 0.4748270620608087
vn -0.6855752327227327 0.725182622530269 -0.06400597048160729
vn -0.30832325431603896 0.8317530169172695 -0.461653213675577
vn 0.24950499042789193 0.8380742491878205 -0.4851585437770305
vn 0.6611922169862794 0.7404268887591667 -0.12080097101923198
vn 0.6855203973107606 0.5960668151544114 0.4180503997636813
vn -0.24950369168061967 0.48320936206172516 0.8391999882350114
vn 0.3082915812044192 0.48953063735088453 0.8156690848949198
vn -0.5661698909147033 -0.8225887932472151 0.05290871238013452
vn -0.21365219251062278 -0.9061921176418861 0.3649227131313121
vn 0.2640075377039512 -0.9007941649711523 0.3447751330786801
vn 0.5869995261376806 -0.8095761040101689 0.004253014208140386
vn 0.5661732949455086 -0.6859251224037126 -0.457115441159012
vn 0.21364948542447598 -0.6023270313726342 -0.7691268066162343
vn -0.2640075377039512 -0.6077230639064689 -0.7489811063248731
vn -0.5870259543797407 -0.6989515919849848 -0.40849381996085343
usemtl m_11644822-50ba-a6e7-02d8-c68a20721838
f 200/673/169 201/674/169 198/675/169
f 166/676/170 165/677/170 163/678/170 164/679/170
f 193/680/171 194/681/171 189/682/171
f 201/683/172 202/684/172 198/685/172
f 168/686/173 167/687/173 165/688/173 166/689/173
f 192/690/174 193/691/174 189/692/174
f 202/693/175 203/694/175 198/695/175
f 170/696/176 169/697/176 167/698/176 168/699/176
f 191/700/177 192/701/177 189/702/177
f 203/703/178 204/704/178 198/705/178
f 178/706/179 177/707/179 169/708/179 170/709/179
f 190/710/180 191/711/180 189/712/180
f 199/713/181 200/714/181 198/715/181
f 164/716/182 163/717/182 171/718/182 172/719/182
f 194/720/183 195/721/183 189/722/183
f 196/723/184 199/724/184 198/725/184
f 171/726/185 173/727/185 174/728/185 172/729/185
f 195/730/186 188/731/186 189/732/186
f 197/733/187 196/734/187 198/735/187
f 173/736/188 175/737/188 176/738/188 174/739/188
f 188/740/189 187/741/189 189/742/189
f 204/743/190 197/744/190 198/745/190
f 175/746/191 177/747/191 178/748/191 176/749/191
f 187/750/192 190/751/192 189/752/192
f 176/753/193 179/754/193 180/755/193 174/756/193
f 178/757/194 181/758/194 179/759/194 176/760/194
f 170/761/195 182/762/195 181/763/195 178/764/195
f 168/765/196 183/766/196 182/767/196 170/768/196
f 166/769/197 184/770/197 183/771/197 168/772/197
f 164/773/198 185/774/198 184/775/198 166/776/198
f 174/777/199 180/778/199 186/779/199 172/780/199
f 172/781/200 186/782/200 185/783/200 164/784/200
f 179/785/201 187/786/201 188/787/201 180/788/201
f 181/789/202 190/790/202 187/791/202 179/792/202
f 182/793/203 191/794/203 190/795/203 181/796/203
f 183/797/204 192/798/204 191/799/204 182/800/204
f 184/801/205 193/802/205 192/803/205 183/804/205
f 185/805/206 194/806/206 193/807/206 184/808/206
f 180/809/207 188/810/207 195/811/207 186/812/207
f 186/813/208 195/814/208 194/815/208 185/816/208
f 173/817/209 196/818/209 197/819/209 175/820/209
f 171/821/210 199/822/210 196/823/210 173/824/210
f 163/825/211 200/826/211 199/827/211 171/828/211
f 165/829/212 201/830/212 200/831/212 163/832/212
f 167/833/213 202/834/213 201/835/213 165/836/213
f 169/837/214 203/838/214 202/839/214 167/840/214
f 177/841/215 204/842/215 203/843/215 169/844/215
f 175/845/216 197/846/216 204/847/216 177/848/216
f 265/849/217 211/850/217 212/851/217 266/852/217
f 266/853/218 212/854/218 213/855/218 267/856/218
f 267/857/219 213/858/219 214/859/219 268/860/219
f 268/861/220 214/862/220 215/863/220 269/864/220
f 269/865/221 215/866/221 216/867/221 270/868/221
f 206/869/222 211/870/222 216/871/222 205/872/222
f 209/873/223 214/874/223 213/875/223 210/876/223
f 205/877/224 216/878/224 215/879/224 207/880/224
f 208/881/225 212/882/225 211/883/225 206/884/225
f 206/885/226 205/886/226 207/887/226 208/888/226
f 209/889/227 210/890/227 208/891/227 207/892/227
f 207/893/228 215/894/228 214/895/228 209/896/228
f 210/897/229 213/898/229 212/899/229 208/900/229
f 217/901/230 271/902/230 270/903/230 216/904/230
f 218/905/231 217/906/231 216/907/231 211/908/231
f 272/909/232 218/910/232 211/911/232 265/912/232
f 271/913/233 217/914/233 218/915/233 272/916/233
f 220/917/234 231/918/234 238/919/234 222/920/234
f 226/921/235 235/922/235 232/923/235 224/924/235
f 224/925/236 232/926/236 231/927/236 220/928/236
f 222/929/237 238/930/237 235/931/237 226/932/237
f 221/933/238 219/934/238 223/935/238 225/936/238
f 224/937/239 220/938/239 222/939/239 226/940/239
f 219/941/240 227/942/240 228/943/240 223/944/240
f 227/945/241 229/946/241 230/947/241 228/948/241
f 229/949/242 231/950/242 232/951/242 230/952/242
f 223/953/243 228/954/243 233/955/243 225/956/243
f 228/957/244 230/958/244 234/959/244 233/960/244
f 230/961/245 232/962/245 235/963/245 234/964/245
f 225/965/246 233/966/246 236/967/246 221/968/246
f 233/969/247 234/970/247 237/971/247 236/972/247
f 234/973/248 235/974/248 238/975/248 237/976/248
f 221/977/249 236/978/249 227/979/249 219/980/249
f 236/981/250 237/982/250 229/983/250 227/984/250
f 237/985/251 238/986/251 231/987/251 229/988/251
f 249/989/252 248/990/252 302/991/252 303/992/252
f 250/993/253 249/994/253 303/995/253 304/996/253
f 250/997/254 245/998/254 240/999/254 239/1000/254
f 249/1001/255 250/1002/255 239/1003/255 241/1004/255
f 245/1005/256 246/1006/256 242/1007/256 240/1008/256
f 241/1009/257 239/1010/257 240/1011/257 242/1012/257
f 242/1013/258 244/1014/258 243/1015/258 241/1016/258
f 248/1017/259 249/1018/259 241/1019/259 243/1020/259
f 246/1021/260 247/1022/260 244/1023/260 242/1024/260
f 304/1025/261 305/1026/261 251/1027/261 250/1028/261
f 245/1029/262 252/1030/262 306/1031/262 299/1032/262
f 252/1033/263 251/1034/263 305/1035/263 306/1036/263
f 248/1037/264 247/1038/264 301/1039/264 302/1040/264
f 247/1041/265 246/1042/265 300/1043/265 301/1044/265
f 246/1045/266 245/1046/266 299/1047/266 300/1048/266
f 247/1049/267 248/1050/267 243/1051/267 244/1052/267
f 248/1053/268 302/1054/268 309/1055/268 255/1056/268
f 255/1057/269 309/1058/269 310/1059/269 256/1060/269
f 305/1061/270 257/1062/270 256/1063/270 310/1064/270
f 248/1065/271 255/1066/271 253/1067/271 254/1068/271
f 256/1069/272 257/1070/272 258/1071/272 311/1072/272
f 270/1073/273 265/1074/273 260/1075/273 259/1076/273
f 267/1077/274 268/1078/274 263/1079/274 264/1080/274
f 269/1081/275 270/1082/275 259/1083/275 261/1084/275
f 265/1085/276 266/1086/276 262/1087/276 260/1088/276
f 261/1089/277 259/1090/277 260/1091/277 262/1092/277
f 262/1093/278 264/1094/278 263/1095/278 261/1096/278
f 268/1097/279 269/1098/279 261/1099/279 263/1100/279
f 266/1101/280 267/1102/280 264/1103/280 262/1104/280
f 270/1105/281 271/1106/281 272/1107/281 265/1108/281
f 292/1109/282 285/1110/282 274/1111/282 276/1112/282
f 286/1113/283 289/1114/283 280/1115/283 278/1116/283
f 285/1117/284 286/1118/284 278/1119/284 274/1120/284
f 289/1121/285 292/1122/285 276/1123/285 280/1124/285
f 277/1125/286 273/1126/286 275/1127/286 279/1128/286
f 276/1129/287 274/1130/287 278/1131/287 280/1132/287
f 282/1133/288 281/1134/288 273/1135/288 277/1136/288
f 284/1137/289 283/1138/289 281/1139/289 282/1140/289
f 286/1141/290 285/1142/290 283/1143/290 284/1144/290
f 287/1145/291 282/1146/291 277/1147/291 279/1148/291
f 288/1149/292 284/1150/292 282/1151/292 287/1152/292
f 289/1153/293 286/1154/293 284/1155/293 288/1156/293
f 290/1157/294 287/1158/294 279/1159/294 275/1160/294
f 291/1161/295 288/1162/295 287/1163/295 290/1164/295
f 292/1165/296 289/1166/296 288/1167/296 291/1168/296
f 281/1169/297 290/1170/297 275/1171/297 273/1172/297
f 283/1173/298 291/1174/298 290/1175/298 281/1176/298
f 285/1177/299 292/1178/299 291/1179/299 283/1180/299
f 294/1181/300 299/1182/300 304/1183/300 293/1184/300
f 296/1185/301 300/1186/301 299/1187/301 294/1188/301
f 294/1189/302 293/1190/302 295/1191/302 296/1192/302
f 297/1193/303 298/1194/303 296/1195/303 295/1196/303
f 298/1197/304 301/1198/304 300/1199/304 296/1200/304
f 297/1201/305 302/1202/305 301/1203/305 298/1204/305
f 306/1205/306 305/1206/306 310/1207/306 299/1208/306
f 293/1209/307 304/1210/307 303/1211/307 295/1212/307
f 295/1213/308 303/1214/308 302/1215/308 297/1216/308
f 307/1217/309 309/1218/309 302/1219/309 308/1220/309
f 350/1221/310 349/1222/310 347/1223/310
f 312/1224/311 314/1225/311 315/1226/311 313/1227/311
f 343/1228/312 342/1229/312 338/1230/312
f 351/1231/313 350/1232/313 347/1233/313
f 314/1234/314 316/1235/314 317/1236/314 315/1237/314
f 342/1238/315 341/1239/315 338/1240/315
f 352/1241/316 351/1242/316 347/1243/316
f 316/1244/317 318/1245/317 319/1246/317 317/1247/317
f 341/1248/318 340/1249/318 338/1250/318
f 353/1251/319 352/1252/319 347/1253/319
f 318/1254/320 326/1255/320 327/1256/320 319/1257/320
f 340/1258/321 339/1259/321 338/1260/321
f 349/1261/322 348/1262/322 347/1263/322
f 320/1264/323 312/1265/323 313/1266/323 321/1267/323
f 344/1268/324 343/1269/324 338/1270/324
f 348/1271/325 345/1272/325 347/1273/325
f 323/1274/326 322/1275/326 320/1276/326 321/1277/326
f 337/1278/327 344/1279/327 338/1280/327
f 345/1281/328 346/1282/328 347/1283/328
f 325/1284/329 324/1285/329 322/1286/329 323/1287/329
f 336/1288/330 337/1289/330 338/1290/330
f 346/1291/331 353/1292/331 347/1293/331
f 327/1294/332 326/1295/332 324/1296/332 325/1297/332
f 339/1298/333 336/1299/333 338/1300/333
f 329/1301/334 328/1302/334 325/1303/334 323/1304/334
f 328/1305/335 330/1306/335 327/1307/335 325/1308/335
f 330/1309/336 331/1310/336 319/1311/336 327/1312/336
f 331/1313/337 332/1314/337 317/1315/337 319/1316/337
f 332/1317/338 333/1318/338 315/1319/338 317/1320/338
f 333/1321/339 334/1322/339 313/1323/339 315/1324/339
f 335/1325/340 329/1326/340 323/1327/340 321/1328/340
f 334/1329/341 335/1330/341 321/1331/341 313/1332/341
f 337/1333/342 336/1334/342 328/1335/342 329/1336/342
f 336/1337/343 339/1338/343 330/1339/343 328/1340/343
f 339/1341/344 340/1342/344 331/1343/344 330/1344/344
f 340/1345/345 341/1346/345 332/1347/345 331/1348/345
f 341/1349/346 342/1350/346 333/1351/346 332/1352/346
f 342/1353/347 343/1354/347 334/1355/347 333/1356/347
f 344/1357/348 337/1358/348 329/1359/348 335/1360/348
f 343/1361/349 344/1362/349 335/1363/349 334/1364/349
f 346/1365/350 345/1366/350 322/1367/350 324/1368/350
f 345/1369/351 348/1370/351 320/1371/351 322/1372/351
f 348/1373/352 349/1374/352 312/1375/352 320/1376/352
f 349/1377/353 350/1378/353 314/1379/353 312/1380/353
f 350/1381/354 351/1382/354 316/1383/354 314/1384/354
f 351/1385/355 352/1386/355 318/1387/355 316/1388/355
f 352/1389/356 353/1390/356 326/1391/356 318/1392/356
f 353/1393/357 346/1394/357 324/1395/357 326/1396/357
o Neck
v -0.01856629081250103 0.517003686601033 0.19464861945130252
v 0.018922305456565917 0.5862910018329822 0.12852171882239133
v 0.026588822166533667 0.5304253049773776 0.07898198931905127
v -0.013276668561117954 0.45674495687636574 0.14930154262933076
v 0.004922725265869562 0.4903815093914397 0.11719926015212198
v -0.01611188552860853 0.5361306300240366 0.1978227030289858
v 0.012004447771789604 0.5880959059327182 0.14822772847031185
v -0.004005555716238473 0.5643420979945777 0.1794694842871171
v -0.013632730022760104 0.5465489254740242 0.19645105367252122
v 0.007454747755342657 0.585523303436096 0.15925442092749686
v 0.04220614910244814 0.5685941136404559 0.15100227462937607
v 0.059882326981332015 0.5099899641449485 0.10603131443522937
v 0.05977703074964236 0.47998891040598224 0.137407913774281
v 0.03918957228714235 0.5409354696962022 0.1794323175834939
v 0.01293394640833435 0.5176787262041823 0.19930192762462418
v 0.028306620056073352 0.45593023537112176 0.15722941769485183
v 0.027204635686518597 0.5540796546498877 0.18641021662962232
v 0.03163754204109774 0.5760728299835984 0.1641497723921763
v 0.008655246900226196 0.5355895414950415 0.20260300083483462
v 0.01885540915443029 0.5600109003205542 0.18789160022615414
v 0.02353470230591955 0.5772871833407178 0.1706090564210525
v 0.005657151228321897 0.5454891192177114 0.2008422189669773
v -0.01740142630492906 0.5798872586769479 0.12904248799018955
v -0.02057103933736272 0.525232515587472 0.07639181397428299
v -0.04993158021790324 0.5007741083768972 0.09699060652996297
v -0.04209296016497025 0.5563351134770743 0.14948734736884836
v -0.04354635617272587 0.5283793837027245 0.17849424696457042
v -0.04792700663656441 0.4703733224622166 0.12914449450412374
v -0.03375639753195296 0.5656292233918736 0.16395180805264276
v -0.01577851961907547 0.5850561925466279 0.14668141220118205
v -0.036804537002273104 0.5442022711595158 0.18585534504880746
v -0.026866520586907243 0.5686732956686011 0.17104736834808004
v -0.013718877496207328 0.5843451801969678 0.15688461521690034
v -0.03037577592335556 0.5523158533975902 0.1875674734865856
vt 0.3068003125 0.9487446875
vt 0.275655 0.9487446875
vt 0.270300625 0.88729
vt 0.3034215625 0.88729
vt 0.1580975 0.43226968750000005
vt 0.1580975 0.4645153125
vt 0.1327203125 0.4645153125
vt 0.137420625 0.439435625
vt 0.113443125 0.30101124999999995
vt 0.097205625 0.2595571875
vt 0.1580975 0.2595571875
vt 0.1580975 0.32051937500000005
vt 0.507934375 0.9487446875
vt 0.4828875 0.9487446875
vt 0.4828875 0.88729
vt 0.5166940625 0.88729
vt 0.0887234375 0.8867809375
vt 0.1244015625 0.8867809375
vt 0.1244015625 0.948235625
vt 0.0979678125 0.948235625
vt 0.1580975 0.20834968750000005
vt 0.1580975 0.2595571875
vt 0.097205625 0.2595571875
vt 0.1157853125 0.21810343750000005
vt 0.2371796875 0.88729
vt 0.270300625 0.88729
vt 0.275655 0.9487446875
vt 0.24450875 0.9487446875
vt 0.138098125 0.4880203125
vt 0.1327203125 0.4645153125
vt 0.1580975 0.4645153125
vt 0.1580975 0.4916034375
vt 0.300845625 0.9615475
vt 0.275655 0.9615475
vt 0.275655 0.9487446875
vt 0.3068003125 0.9487446875
vt 0.1244015625 0.9610387499999999
vt 0.103374375 0.9610387499999999
vt 0.0979678125 0.948235625
vt 0.1244015625 0.948235625
vt 0.275655 0.9615475
vt 0.2513784375 0.9615475
vt 0.24450875 0.9487446875
vt 0.275655 0.9487446875
vt 0.5030471875 0.9615475
vt 0.4828875 0.9615475
vt 0.4828875 0.9487446875
vt 0.507934375 0.9487446875
vt 0.137420625 0.439435625
vt 0.1327203125 0.4645153125
vt 0.1242621875 0.4645153125
vt 0.13178 0.432986875
vt 0.1580975 0.43226968750000005
vt 0.137420625 0.439435625
vt 0.13178 0.432986875
vt 0.1580975 0.42152124999999996
vt 0.1327203125 0.4645153125
vt 0.138098125 0.4880203125
vt 0.1328659375 0.4949
vt 0.1242621875 0.4645153125
vt 0.138098125 0.4880203125
vt 0.1580975 0.4916034375
vt 0.1580975 0.5006321874999999
vt 0.1328659375 0.4949
vt 0.644261875 0.88729
vt 0.6389075 0.9487446875
vt 0.6077621875 0.9487446875
vt 0.611140625 0.88729
vt 0.183475 0.4645153125
vt 0.1580975 0.4645153125
vt 0.1580975 0.43226968750000005
vt 0.1787746875 0.439435625
vt 0.1580975 0.2595571875
vt 0.2189896875 0.2595571875
vt 0.202751875 0.30101124999999995
vt 0.1580975 0.32051937500000005
vt 0.4828875 0.88729
vt 0.4828875 0.9487446875
vt 0.457840625 0.9487446875
vt 0.449080625 0.88729
vt 0.1244015625 0.948235625
vt 0.1244015625 0.8867809375
vt 0.1600796875 0.8867809375
vt 0.1508353125 0.948235625
vt 0.2189896875 0.2595571875
vt 0.1580975 0.2595571875
vt 0.1580975 0.20834968750000005
vt 0.20041 0.21810343750000005
vt 0.6389075 0.9487446875
vt 0.644261875 0.88729
vt 0.6773828125 0.88729
vt 0.67005375 0.9487446875
vt 0.1580975 0.4645153125
vt 0.183475 0.4645153125
vt 0.1780971875 0.4880203125
vt 0.1580975 0.4916034375
vt 0.6389075 0.9487446875
vt 0.6389075 0.9615475
vt 0.613716875 0.9615475
vt 0.6077621875 0.9487446875
vt 0.1508353125 0.948235625
vt 0.14542875 0.9610387499999999
vt 0.1244015625 0.9610387499999999
vt 0.1244015625 0.948235625
vt 0.67005375 0.9487446875
vt 0.6631840625 0.9615475
vt 0.6389075 0.9615475
vt 0.6389075 0.9487446875
vt 0.4828875 0.9487446875
vt 0.4828875 0.9615475
vt 0.4627278125 0.9615475
vt 0.457840625 0.9487446875
vt 0.191933125 0.4645153125
vt 0.183475 0.4645153125
vt 0.1787746875 0.439435625
vt 0.1844153125 0.432986875
vt 0.1844153125 0.432986875
vt 0.1787746875 0.439435625
vt 0.1580975 0.43226968750000005
vt 0.1580975 0.42152124999999996
vt 0.183329375 0.4949
vt 0.1780971875 0.4880203125
vt 0.183475 0.4645153125
vt 0.191933125 0.4645153125
vt 0.1580975 0.5006321874999999
vt 0.1580975 0.4916034375
vt 0.1780971875 0.4880203125
vt 0.183329375 0.4949
vn 0.9566045357648291 0.15151173763050083 0.2489014976136996
vn -0.11674796696340671 0.7180254357915176 0.6861555113575295
vn 0.11674796696340671 -0.7180254357915176 -0.6861555113575295
vn -0.10380644160071698 -0.6038510217861112 0.7903089055363521
vn 0.7076447083719178 0.5206684040831431 -0.4776435697282402
vn 0.11674796696340671 -0.7180254357915176 -0.6861555113575295
vn 0.6519798547352575 -0.26866859520426034 0.709041222335036
vn -0.11674796696340671 0.7180254357915176 0.6861555113575295
vn 0.7453123578180395 0.39408824262137054 0.5377768554998577
vn 0.5445633238473561 0.8378203008187994 -0.03883207252022474
vn 0.6490965109379331 0.014886165570994758 0.760560399680916
vn -0.19061066004073196 -0.13685538237535105 0.9720793077695528
vn 0.5029844643437139 0.5393605015075382 0.6753494488354929
vn 0.3155002853263741 0.9225084010267718 0.222346171529904
vn 0.485287356689457 0.2934649784882572 0.8236349238820844
vn -0.20925523173563743 0.17642502351218348 0.9618141499634898
vn -0.7838889241339319 0.48126252758244303 -0.39230668381395856
vn -0.11674796696340671 0.7180254357915176 0.6861555113575295
vn 0.11674796696340671 -0.7180254357915176 -0.6861555113575295
vn -0.6189108135134214 -0.5062602652222838 0.6005413797343343
vn -0.031560883313095534 0.6607169784737671 -0.7499713227857403
vn 0.11674796696340671 -0.7180254357915176 -0.6861555113575295
vn -0.9937730468144919 0.04313281735795493 0.10273602820728081
vn -0.11674796696340671 0.7180254357915176 0.6861555113575295
vn -0.7377132851295714 0.6750596386928082 -0.008578645071993907
vn -0.0896461422530172 0.9579764963231263 -0.27247862608215573
vn -0.9324286796437692 0.31451911044488523 0.1779170777152535
vn -0.5208166492778081 -0.07429514396795006 0.8504294499944238
vn -0.6059116090884108 0.7494499759087344 0.26682551523849884
vn -0.06455065787101472 0.9945121756049361 0.08233313513984553
vn -0.7661792795833902 0.5305656177135692 0.36258714378380275
vn -0.399859561962022 0.2125365803255409 0.8915943767942152
usemtl m_7d8933a3-99bf-819d-20e5-6b9a6ad456ff
f 364/1397/358 367/1398/358 366/1399/358 365/1400/358
f 363/1401/359 361/1402/359 373/1403/359 374/1404/359
f 365/1405/360 366/1406/360 358/1407/360 356/1408/360
f 368/1409/361 354/1410/361 357/1411/361 369/1412/361
f 365/1413/362 356/1414/362 355/1415/362 364/1416/362
f 357/1417/363 358/1418/363 366/1419/363 369/1420/363
f 369/1421/364 366/1422/364 367/1423/364 368/1424/364
f 375/1425/365 373/1426/365 361/1427/365 362/1428/365
f 371/1429/366 370/1430/366 367/1431/366 364/1432/366
f 360/1433/367 371/1434/367 364/1435/367 355/1436/367
f 370/1437/368 372/1438/368 368/1439/368 367/1440/368
f 372/1441/369 359/1442/369 354/1443/369 368/1444/369
f 374/1445/370 373/1446/370 370/1447/370 371/1448/370
f 363/1449/371 374/1450/371 371/1451/371 360/1452/371
f 373/1453/372 375/1454/372 372/1455/372 370/1456/372
f 375/1457/373 362/1458/373 359/1459/373 372/1460/373
f 378/1461/374 379/1462/374 376/1463/374 377/1464/374
f 385/1465/375 361/1466/375 363/1467/375 386/1468/375
f 358/1469/376 378/1470/376 377/1471/376 356/1472/376
f 357/1473/377 354/1474/377 380/1475/377 381/1476/377
f 355/1477/378 356/1478/378 377/1479/378 376/1480/378
f 378/1481/379 358/1482/379 357/1483/379 381/1484/379
f 379/1485/380 378/1486/380 381/1487/380 380/1488/380
f 361/1489/381 385/1490/381 387/1491/381 362/1492/381
f 379/1493/382 382/1494/382 383/1495/382 376/1496/382
f 376/1497/383 383/1498/383 360/1499/383 355/1500/383
f 380/1501/384 384/1502/384 382/1503/384 379/1504/384
f 354/1505/385 359/1506/385 384/1507/385 380/1508/385
f 382/1509/386 385/1510/386 386/1511/386 383/1512/386
f 383/1513/387 386/1514/387 363/1515/387 360/1516/387
f 384/1517/388 387/1518/388 385/1519/388 382/1520/388
f 359/1521/389 362/1522/389 387/1523/389 384/1524/389
o Head
v 0.014809912334592615 0.6567211923884902 0.17590415277360172
v 0.02648326634513962 0.5667068472056318 0.09792682935553576
v -0.01834891840213776 0.4887493965687737 0.17952839797396264
v -0.03396540166928706 0.5665734970021825 0.2619399253357192
v 0.0056704359907606885 0.530808034107896 0.13595961471732831
v -0.011354178294761439 0.6368450528679789 0.236702278944897
v -0.02552397414000337 0.6050532883504313 0.2588153429135239
v -0.0027104836994945782 0.5176527235218387 0.15194344360140621
v 0.01569012352738387 0.5511358999128233 0.11921611216780385
v 0.0006478344241019982 0.6534246473940258 0.21265035525231596
v 0.024456645764690935 0.6164213521851366 0.12899430125003802
v -0.029047826220700394 0.5172996640905443 0.2232518768174311
v 0.01918803308401879 0.6442692995743022 0.1576166256294683
v -0.033206611872323336 0.5474322706415438 0.25003660998012134
v 0.021800629516273432 0.6327564308493937 0.1446043391334218
v -0.03173302946085875 0.5338142491137492 0.2390334535786543
v 0.02872452196389366 0.581062646387156 0.09922585422487185
v -0.02522360895975199 0.5028902318702254 0.20546116996162853
v 0.01167494952878045 0.5710863346371235 0.2649830926204273
v 0.047533844536901 0.6373615972387034 0.20173085533084031
v 0.02235241931140465 0.4930523507834709 0.1819508340369765
v 0.056084386825363 0.5525640473862112 0.12505006939588167
v 0.037471881005870206 0.6480406395710117 0.18884377993170104
v 0.046153778097158496 0.5607148450229584 0.11118752912992647
v 0.005787519641194644 0.48818157852706956 0.18422935543149366
v -0.006997504393814771 0.5658512638407344 0.2672842370842705
v 0.03017818485342651 0.5261648396727512 0.14498841571036952
v 0.05373593308703649 0.5229740525816979 0.15561484861572583
v 0.04706094018139527 0.6045526780908802 0.2359831894706514
v 0.016773462248905403 0.6273406007605011 0.24268967268783134
v 0.0026036664036634717 0.5955488362429534 0.26480273665645826
v 0.02804258524699658 0.5800482485933396 0.25838984385253755
v 0.0372936062018428 0.5012345201505988 0.17593083935107698
v 0.019217380564208117 0.5134983094263468 0.16002179970619684
v 0.05894082370257042 0.541009971929307 0.13762681493015816
v 0.05206165731180876 0.6244408688394796 0.2160221120700847
v 0.028775474967768836 0.643920195286548 0.2186377489952503
v 0.049533813011691935 0.6066483031587916 0.14312376012483563
v 0.0010622186360697804 0.5164430655928381 0.22927142481121898
v 0.021623450701388477 0.5222440292986934 0.22669947512662458
v 0.040095421139842796 0.5320772826960414 0.2195524640187793
v 0.060131825535952685 0.5585821305659674 0.19522569670787515
v 0.06626722970394816 0.580448641739636 0.17338747635757132
v 0.06247759073586166 0.594499539992619 0.1580391554418448
v 0.04363353061967415 0.6348929523171696 0.1715878286664674
v 0.05447677419089399 0.6233482528244357 0.18551370169148537
v 0.059346435460736396 0.6093768195508701 0.200962630312588
v 0.053922183253608355 0.5878657590894538 0.2225498913627278
v 0.0337313769499932 0.5620344591973262 0.2461455551835655
v 0.016054186424779196 0.55233471229412 0.25328808899795163
v -0.004103913808461628 0.5466634721648516 0.25579288188640414
v 0.04684860977153357 0.6231628881819965 0.15890533688605882
v -0.001926704232346095 0.5330151927956888 0.24494110944817632
v 0.018710746446907955 0.5388017162587432 0.2423972391559832
v 0.036802201229427456 0.5487070614743166 0.23511004380880104
v 0.05744662229579435 0.5750967155891723 0.21100727346909834
v 0.06297400979353282 0.5970784205179112 0.1889450561475931
v 0.057968914898674326 0.6113595968852562 0.17314895401213345
v 0.05185975223022858 0.5762565237447739 0.11702708033383813
v 0.0034647462241679354 0.5020968839497255 0.2111726319621953
v 0.023071091490849575 0.5076660941869966 0.20868072796978895
v 0.04069628397775514 0.5170920726550923 0.20181583097608616
v 0.06020434563354439 0.5403202449526872 0.1764558481283437
v 0.06610483633602637 0.5612513580112108 0.15555650236126645
v 0.06325822584010408 0.5702064717113783 0.13659238243527977
v 0.04019787239004968 0.5464927054776785 0.12824491316084508
v -0.06668933387159545 0.5859330921519693 0.23611322277848062
v -0.03083043886347489 0.6522083547535492 0.17286098548889364
v -0.047258271761244974 0.5062406682917953 0.156305839867787
v -0.016077318159153024 0.5662356754452488 0.09846526647192692
v -0.012157984940879676 0.6574434255499384 0.1705598410250504
v 0.002298049569753109 0.5690236732139423 0.09503081692034518
v -0.03855439125691955 0.4965825179637982 0.16789353073401914
v -0.056627370340564656 0.5752540498196611 0.24900029817761987
v -0.018837312871905133 0.5354512285430408 0.12693081372428705
v -0.04320836970130616 0.5413409474665863 0.11989998870794934
v -0.06264767078615033 0.6253378760617951 0.19556588222633334
v -0.03808084323486739 0.6377331997459585 0.2224810190656723
v -0.05225063908010932 0.6059414352284108 0.24459408303429922
v -0.07121714664650321 0.5988538205511931 0.22182196603923623
v -0.051390215594385585 0.5180363990240561 0.1432591899561279
v -0.02463834796319727 0.5218071376173306 0.14386508749661556
v -0.029742998093657966 0.5578118508027643 0.10495516553520909
v -0.04719807458169102 0.6432464407973331 0.1794542342567834
v -0.02607883051600396 0.6543127942720054 0.19842909537309128
v -0.005320492472080867 0.6170409021442491 0.12291510650267662
v -0.05439952610421807 0.5269507489375872 0.20883898694052827
v -0.06544361261742346 0.5387395999915267 0.19462344920685495
v -0.07082922316821677 0.5530928681770971 0.17868716283205843
v -0.06112506027028193 0.5815552441127682 0.15055393606941836
v -0.044657414604111406 0.6014642272206917 0.13252217517085046
v -0.027781415748363913 0.611599850550627 0.12478719860393521
v -0.009914664979842919 0.6450380980509943 0.1518603537231855
v -0.03007276521308375 0.639366857921726 0.15436514661163797
v -0.04774995573829775 0.6296671110185197 0.16150768042602412
v -0.064447633842954 0.6102918937422831 0.1789417440728057
v -0.07336501424904095 0.5823247506649758 0.20669060529700167
v -0.06849535297919854 0.5683533173914102 0.22213953391810426
v -0.0576521094079787 0.5568086178986764 0.23606540694312222
v -0.00800569571223922 0.633555487167454 0.13869668326389978
v -0.056781009716118894 0.5434077917811463 0.2247324558260173
v -0.06790131484325963 0.5552110830778866 0.21048883869994267
v -0.07290640973811814 0.5694922594452316 0.194692736564483
v -0.06381026351044028 0.5980698291359731 0.16633551283064155
v -0.04673460117401278 0.6178636184888262 0.14852774890327505
v -0.028643146391493266 0.6277689637043996 0.14124055355609288
v -0.000382333485032766 0.586154216226966 0.09778078406943329
v -0.04935590806051174 0.5121041910022694 0.19171318758274408
v -0.059850141160873005 0.5233762031880869 0.17813205081851513
v -0.06494617941908806 0.5371069055517378 0.16289651677184436
v -0.05527840275334572 0.5621994007115451 0.1339113141869563
v -0.03953762706081683 0.5812661909078565 0.11663718815702466
v -0.022702512749161442 0.5864924400920417 0.10492393315066864
v -0.00881762533528195 0.5557790943479681 0.11018731117476262
vt 0.11014375 0.83561625
vt 0.194304375 0.83561625
vt 0.194090625 0.87171625
vt 0.111719375 0.87171625
vt 0.438839375 0.83561625
vt 0.50008 0.83561625
vt 0.50008 0.87171625
vt 0.4402975 0.87171625
vt 0.451118125 0.437346875
vt 0.50008 0.437346875
vt 0.50008 0.483128125
vt 0.445358125 0.483128125
vt 0.822401875 0.5132950000000001
vt 0.8836425 0.5132950000000001
vt 0.882184375 0.5493950000000001
vt 0.822401875 0.5493950000000001
vt 0.17775875 0.39991
vt 0.239 0.39991
vt 0.239 0.484070625
vt 0.17775875 0.484070625
vt 0.40338375 0.83561625
vt 0.438839375 0.83561625
vt 0.4402975 0.87171625
vt 0.40568625 0.87171625
vt 0.401070625 0.41279625
vt 0.451118125 0.437346875
vt 0.445358125 0.483128125
vt 0.39184875 0.48231375
vt 0.8836425 0.5132950000000001
vt 0.919098125 0.5132950000000001
vt 0.916795 0.5493950000000001
vt 0.882184375 0.5493950000000001
vt 0.239 0.39991
vt 0.288575625 0.40600187499999996
vt 0.30024125 0.484070625
vt 0.239 0.484070625
vt 0.50008 0.54111625
vt 0.445358125 0.54111625
vt 0.445358125 0.483128125
vt 0.50008 0.483128125
vt 0.445358125 0.54111625
vt 0.401070625 0.535146875
vt 0.39184875 0.48231375
vt 0.445358125 0.483128125
vt 0.194304375 0.83561625
vt 0.258266875 0.83561625
vt 0.256691875 0.87171625
vt 0.194090625 0.87171625
vt 0.288575625 0.541941875
vt 0.239 0.54803375
vt 0.239 0.484070625
vt 0.30024125 0.484070625
vt 0.239 0.54803375
vt 0.17775875 0.54803375
vt 0.17775875 0.484070625
vt 0.239 0.484070625
vt 0.239 0.39991
vt 0.17775875 0.39991
vt 0.17775875 0.33594625
vt 0.2331675 0.34813125
vt 0.2652475 0.37249750000000004
vt 0.288575625 0.40600187499999996
vt 0.239 0.39991
vt 0.2331675 0.34813125
vt 0.073111875 0.83561625
vt 0.11014375 0.83561625
vt 0.111719375 0.87171625
vt 0.07547625 0.87171625
vt 0.451118125 0.437346875
vt 0.401070625 0.41279625
vt 0.422365 0.382208125
vt 0.450575625 0.35996312500000005
vt 0.50008 0.437346875
vt 0.451118125 0.437346875
vt 0.450575625 0.35996312500000005
vt 0.50008 0.34883875
vt 0.445358125 0.54111625
vt 0.50008 0.54111625
vt 0.50008 0.599104375
vt 0.451118125 0.5879806249999999
vt 0.401070625 0.535146875
vt 0.445358125 0.54111625
vt 0.451118125 0.5879806249999999
vt 0.419516875 0.5657356250000001
vt 0.377598125 0.83561625
vt 0.40338375 0.83561625
vt 0.40568625 0.87171625
vt 0.380514375 0.87171625
vt 0.438839375 0.955261875
vt 0.38926375 0.917099375
vt 0.412591875 0.917099375
vt 0.444671875 0.917099375
vt 0.50008 0.967639375
vt 0.438839375 0.955261875
vt 0.444671875 0.917099375
vt 0.50008 0.917099375
vt 0.50008 0.6705875
vt 0.50008 0.6931499999999999
vt 0.441755625 0.70565625
vt 0.451118125 0.675745
vt 0.87190625 0.35909625
vt 0.881371875 0.41840374999999996
vt 0.822401875 0.41840374999999996
vt 0.822401875 0.35909625
vt 0.900116875 0.35909625
vt 0.9149775 0.41840374999999996
vt 0.881371875 0.41840374999999996
vt 0.87190625 0.35909625
vt 0.12303 0.6814175
vt 0.113295 0.7407250000000001
vt 0.077839375 0.7407250000000001
vt 0.092441875 0.6814175
vt 0.192546875 0.680901875
vt 0.193875 0.73453625
vt 0.113295 0.7407250000000001
vt 0.12303 0.6814175
vt 0.245380625 0.680901875
vt 0.25511625 0.73453625
vt 0.193875 0.73453625
vt 0.192546875 0.680901875
vt 0.419516875 0.680901875
vt 0.40411125 0.7216437499999999
vt 0.3821375 0.73453625
vt 0.401070625 0.680901875
vt 0.451118125 0.675745
vt 0.441755625 0.70565625
vt 0.40411125 0.7216437499999999
vt 0.419516875 0.680901875
vt 0.4402975 0.87171625
vt 0.50008 0.87171625
vt 0.50008 0.917099375
vt 0.444671875 0.917099375
vt 0.40568625 0.87171625
vt 0.4402975 0.87171625
vt 0.444671875 0.917099375
vt 0.412591875 0.917099375
vt 0.380514375 0.87171625
vt 0.40568625 0.87171625
vt 0.412591875 0.917099375
vt 0.38926375 0.917099375
vt 0.194090625 0.87171625
vt 0.256691875 0.87171625
vt 0.252175 0.917099375
vt 0.194304375 0.917099375
vt 0.111719375 0.87171625
vt 0.194090625 0.87171625
vt 0.194304375 0.917099375
vt 0.116235625 0.917099375
vt 0.07547625 0.87171625
vt 0.111719375 0.87171625
vt 0.116235625 0.917099375
vt 0.08273125 0.917099375
vt 0.882184375 0.5493950000000001
vt 0.916795 0.5493950000000001
vt 0.90989 0.5947775
vt 0.87781 0.5947775
vt 0.822401875 0.5493950000000001
vt 0.882184375 0.5493950000000001
vt 0.87781 0.5947775
vt 0.822401875 0.5947775
vt 0.50008 0.83561625
vt 0.438839375 0.83561625
vt 0.438839375 0.788170625
vt 0.50008 0.78868625
vt 0.8836425 0.5132950000000001
vt 0.822401875 0.5132950000000001
vt 0.822401875 0.465849375
vt 0.884320625 0.465849375
vt 0.919098125 0.5132950000000001
vt 0.8836425 0.5132950000000001
vt 0.884320625 0.465849375
vt 0.919605625 0.465849375
vt 0.11014375 0.83561625
vt 0.073111875 0.83561625
vt 0.073111875 0.788170625
vt 0.11014375 0.788170625
vt 0.194304375 0.83561625
vt 0.11014375 0.83561625
vt 0.11014375 0.788170625
vt 0.194304375 0.788170625
vt 0.258266875 0.83561625
vt 0.194304375 0.83561625
vt 0.194304375 0.788170625
vt 0.258266875 0.788170625
vt 0.40338375 0.83561625
vt 0.377598125 0.83561625
vt 0.376240625 0.788170625
vt 0.3993125 0.788170625
vt 0.438839375 0.83561625
vt 0.40338375 0.83561625
vt 0.3993125 0.788170625
vt 0.438839375 0.788170625
vt 0.438839375 0.788170625
vt 0.441755625 0.70565625
vt 0.50008 0.6931499999999999
vt 0.50008 0.78868625
vt 0.822401875 0.465849375
vt 0.822401875 0.41840374999999996
vt 0.881371875 0.41840374999999996
vt 0.884320625 0.465849375
vt 0.884320625 0.465849375
vt 0.881371875 0.41840374999999996
vt 0.9149775 0.41840374999999996
vt 0.919605625 0.465849375
vt 0.073111875 0.788170625
vt 0.077839375 0.7407250000000001
vt 0.113295 0.7407250000000001
vt 0.11014375 0.788170625
vt 0.11014375 0.788170625
vt 0.113295 0.7407250000000001
vt 0.193875 0.73453625
vt 0.194304375 0.788170625
vt 0.194304375 0.788170625
vt 0.193875 0.73453625
vt 0.25511625 0.73453625
vt 0.258266875 0.788170625
vt 0.376240625 0.788170625
vt 0.3821375 0.73453625
vt 0.40411125 0.7216437499999999
vt 0.3993125 0.788170625
vt 0.3993125 0.788170625
vt 0.40411125 0.7216437499999999
vt 0.441755625 0.70565625
vt 0.438839375 0.788170625
vt 0.80607 0.87171625
vt 0.80585625 0.83561625
vt 0.890016875 0.83561625
vt 0.88844125 0.87171625
vt 0.50008 0.87171625
vt 0.50008 0.83561625
vt 0.56132125 0.83561625
vt 0.559863125 0.87171625
vt 0.50008 0.483128125
vt 0.50008 0.437346875
vt 0.549041875 0.437346875
vt 0.5548025 0.483128125
vt 0.76261875 0.5493950000000001
vt 0.761160625 0.5132950000000001
vt 0.822401875 0.5132950000000001
vt 0.822401875 0.5493950000000001
vt 0.116518125 0.484070625
vt 0.116518125 0.39991
vt 0.17775875 0.39991
vt 0.17775875 0.484070625
vt 0.559863125 0.87171625
vt 0.56132125 0.83561625
vt 0.596776875 0.83561625
vt 0.59447375 0.87171625
vt 0.5548025 0.483128125
vt 0.549041875 0.437346875
vt 0.599089375 0.41279625
vt 0.608311875 0.48231375
vt 0.728008125 0.5493950000000001
vt 0.725705 0.5132950000000001
vt 0.761160625 0.5132950000000001
vt 0.76261875 0.5493950000000001
vt 0.055276875 0.484070625
vt 0.0669425 0.40600187499999996
vt 0.116518125 0.39991
vt 0.116518125 0.484070625
vt 0.5548025 0.483128125
vt 0.5548025 0.54111625
vt 0.50008 0.54111625
vt 0.50008 0.483128125
vt 0.608311875 0.48231375
vt 0.599089375 0.535146875
vt 0.5548025 0.54111625
vt 0.5548025 0.483128125
vt 0.74346875 0.87171625
vt 0.74189375 0.83561625
vt 0.80585625 0.83561625
vt 0.80607 0.87171625
vt 0.116518125 0.484070625
vt 0.116518125 0.54803375
vt 0.0669425 0.541941875
vt 0.055276875 0.484070625
vt 0.17775875 0.484070625
vt 0.17775875 0.54803375
vt 0.116518125 0.54803375
vt 0.116518125 0.484070625
vt 0.17775875 0.33594625
vt 0.17775875 0.39991
vt 0.116518125 0.39991
vt 0.122350625 0.34813125
vt 0.116518125 0.39991
vt 0.0669425 0.40600187499999996
vt 0.090270625 0.37249750000000004
vt 0.122350625 0.34813125
vt 0.88844125 0.87171625
vt 0.890016875 0.83561625
vt 0.92704875 0.83561625
vt 0.924684375 0.87171625
vt 0.577795625 0.382208125
vt 0.599089375 0.41279625
vt 0.549041875 0.437346875
vt 0.549585 0.35996312500000005
vt 0.549585 0.35996312500000005
vt 0.549041875 0.437346875
vt 0.50008 0.437346875
vt 0.50008 0.34883875
vt 0.50008 0.599104375
vt 0.50008 0.54111625
vt 0.5548025 0.54111625
vt 0.549041875 0.5879806249999999
vt 0.549041875 0.5879806249999999
vt 0.5548025 0.54111625
vt 0.599089375 0.535146875
vt 0.58064375 0.5657356250000001
vt 0.59447375 0.87171625
vt 0.596776875 0.83561625
vt 0.6225625 0.83561625
vt 0.61964625 0.87171625
vt 0.58756875 0.917099375
vt 0.610896875 0.917099375
vt 0.56132125 0.955261875
vt 0.55548875 0.917099375
vt 0.55548875 0.917099375
vt 0.56132125 0.955261875
vt 0.50008 0.967639375
vt 0.50008 0.917099375
vt 0.558405 0.70565625
vt 0.50008 0.6931499999999999
vt 0.50008 0.6705875
vt 0.549041875 0.675745
vt 0.822401875 0.41840374999999996
vt 0.76343125 0.41840374999999996
vt 0.772896875 0.35909625
vt 0.822401875 0.35909625
vt 0.76343125 0.41840374999999996
vt 0.729825625 0.41840374999999996
vt 0.74468625 0.35909625
vt 0.772896875 0.35909625
vt 0.92232125 0.7407250000000001
vt 0.886865625 0.7407250000000001
vt 0.877130625 0.6814175
vt 0.90771875 0.6814175
vt 0.886865625 0.7407250000000001
vt 0.806285625 0.73453625
vt 0.80761375 0.680901875
vt 0.877130625 0.6814175
vt 0.806285625 0.73453625
vt 0.745044375 0.73453625
vt 0.75478 0.680901875
vt 0.80761375 0.680901875
vt 0.6180225 0.73453625
vt 0.596049375 0.7216437499999999
vt 0.58064375 0.680901875
vt 0.599089375 0.680901875
vt 0.596049375 0.7216437499999999
vt 0.558405 0.70565625
vt 0.549041875 0.675745
vt 0.58064375 0.680901875
vt 0.50008 0.917099375
vt 0.50008 0.87171625
vt 0.559863125 0.87171625
vt 0.55548875 0.917099375
vt 0.55548875 0.917099375
vt 0.559863125 0.87171625
vt 0.59447375 0.87171625
vt 0.58756875 0.917099375
vt 0.58756875 0.917099375
vt 0.59447375 0.87171625
vt 0.61964625 0.87171625
vt 0.610896875 0.917099375
vt 0.747985625 0.917099375
vt 0.74346875 0.87171625
vt 0.80607 0.87171625
vt 0.80585625 0.917099375
vt 0.80585625 0.917099375
vt 0.80607 0.87171625
vt 0.88844125 0.87171625
vt 0.883925 0.917099375
vt 0.883925 0.917099375
vt 0.88844125 0.87171625
vt 0.924684375 0.87171625
vt 0.917429375 0.917099375
vt 0.734913125 0.5947775
vt 0.728008125 0.5493950000000001
vt 0.76261875 0.5493950000000001
vt 0.766993125 0.5947775
vt 0.766993125 0.5947775
vt 0.76261875 0.5493950000000001
vt 0.822401875 0.5493950000000001
vt 0.822401875 0.5947775
vt 0.56132125 0.788170625
vt 0.56132125 0.83561625
vt 0.50008 0.83561625
vt 0.50008 0.78868625
vt 0.822401875 0.465849375
vt 0.822401875 0.5132950000000001
vt 0.761160625 0.5132950000000001
vt 0.7604825 0.465849375
vt 0.7604825 0.465849375
vt 0.761160625 0.5132950000000001
vt 0.725705 0.5132950000000001
vt 0.7251975 0.465849375
vt 0.92704875 0.788170625
vt 0.92704875 0.83561625
vt 0.890016875 0.83561625
vt 0.890016875 0.788170625
vt 0.890016875 0.788170625
vt 0.890016875 0.83561625
vt 0.80585625 0.83561625
vt 0.80585625 0.788170625
vt 0.80585625 0.788170625
vt 0.80585625 0.83561625
vt 0.74189375 0.83561625
vt 0.74189375 0.788170625
vt 0.62392 0.788170625
vt 0.6225625 0.83561625
vt 0.596776875 0.83561625
vt 0.600848125 0.788170625
vt 0.600848125 0.788170625
vt 0.596776875 0.83561625
vt 0.56132125 0.83561625
vt 0.56132125 0.788170625
vt 0.50008 0.6931499999999999
vt 0.558405 0.70565625
vt 0.56132125 0.788170625
vt 0.50008 0.78868625
vt 0.76343125 0.41840374999999996
vt 0.822401875 0.41840374999999996
vt 0.822401875 0.465849375
vt 0.7604825 0.465849375
vt 0.729825625 0.41840374999999996
vt 0.76343125 0.41840374999999996
vt 0.7604825 0.465849375
vt 0.7251975 0.465849375
vt 0.886865625 0.7407250000000001
vt 0.92232125 0.7407250000000001
vt 0.92704875 0.788170625
vt 0.890016875 0.788170625
vt 0.806285625 0.73453625
vt 0.886865625 0.7407250000000001
vt 0.890016875 0.788170625
vt 0.80585625 0.788170625
vt 0.745044375 0.73453625
vt 0.806285625 0.73453625
vt 0.80585625 0.788170625
vt 0.74189375 0.788170625
vt 0.596049375 0.7216437499999999
vt 0.6180225 0.73453625
vt 0.62392 0.788170625
vt 0.600848125 0.788170625
vt 0.558405 0.70565625
vt 0.596049375 0.7216437499999999
vt 0.600848125 0.788170625
vt 0.56132125 0.788170625
vn 0.8446001844631799 -0.2114923203877152 0.491855188873496
vn 0.5421369835726078 0.6803773062304085 -0.4931269737191906
vn 0.0752139934764705 -0.7889205900642361 -0.6098747066062171
vn -0.16722843420146669 -0.6297971217688336 0.7585448148964035
vn 0.015877811802960367 0.5661622047250973 0.8241409181888538
vn 0.8353373943316573 0.4926672650532139 -0.2439065468087796
vn 0.029785842946934926 -0.7749959308191825 -0.6312638994696667
vn 0.25693268415281306 -0.574795220102356 0.7769144423689879
vn 0.4427409904632469 0.393221918544475 0.8058268661069978
vn 0.1415339556715117 -0.6700052248724587 -0.7287394171002284
vn 0.13145310526816828 -0.7187994773349768 -0.6826766383129865
vn 0.9637058462656636 0.024486996016553103 0.2658409842358146
vn 0.5320091786478549 0.5494729940750633 0.6442403764253063
vn 0.13530246630567147 0.7829342080853204 0.6072127044301815
vn -0.16895520702278294 0.11653606713117659 0.9787101118704591
vn 0.3122660434532846 0.12274111830409243 0.9420321310780713
vn 0.5370126880956352 -0.461157256762583 0.7063648896707064
vn 0.11674796696340671 -0.7180254357915176 -0.6861555113575295
vn 0.11674796696340671 -0.7180254357915176 -0.6861555113575295
vn 0.05520719964722887 -0.8190484337592776 -0.571062017878606
vn 0.0828242937222937 -0.779446903042153 -0.6209691310422766
vn 0.9521364363794858 0.3045344492932799 -0.026362392004754265
vn 0.6105253652862959 0.6739910905460004 0.4159264216260471
vn 0.27271045543707684 0.9390174419555675 0.20946420027900853
vn 0.6066764557458212 -0.022811962619785634 -0.7946214774376053
vn -0.11374002448936055 -0.8866963772167757 0.44814366163073754
vn 0.29642721193311256 -0.841325206888814 0.4519986772979052
vn 0.547254998228925 -0.7438146842927458 0.3837338691644804
vn 0.8383503243695551 -0.5177157103414429 0.1707020119832123
vn 0.9517746408012603 -0.30463312092387435 -0.03638261623100021
vn 0.943297853937059 -0.22226554047403968 -0.24655057954813692
vn 0.8431739676351752 -0.11198308598361187 -0.5258492642915306
vn 0.516697418650401 0.7601753241407794 -0.39390005601354416
vn 0.8046446099526701 0.5744090527946737 -0.1503372599911324
vn 0.9202284961458492 0.38679565896344154 0.05973803719729702
vn 0.9331349185958413 0.10863478004381949 0.3427210356280506
vn 0.8155237951966409 -0.12037190130647515 0.5660667317939921
vn 0.5140117176240103 -0.3652319047291661 0.776142776757679
vn 0.23850817154961557 -0.473209625154626 0.8480486441030832
vn -0.1784468598904098 -0.5252153554438603 0.8320490061295862
vn 0.5543751083295917 0.6203455442099243 -0.5548329884239459
vn -0.15758727235227912 -0.6955202606747889 0.7010119960339071
vn 0.26756280377321434 -0.6360797622007934 0.7237490463935675
vn 0.5488477081260441 -0.5222532178938424 0.6527003674614529
vn 0.854371951187236 -0.25461274379735405 0.45301315623334626
vn 0.9776670323294862 -0.03847325251264744 0.20660828332173353
vn 0.9634394544127434 0.25808861882651024 -0.07193526612934592
vn 0.8418779784527511 0.4672050681747904 -0.27011274251337786
vn 0.5758952839996437 0.5575084579412989 -0.5979372385049161
vn -0.14200711016929182 -0.7839196486109744 0.6044038097025969
vn 0.28648248638071483 -0.7319440759622854 0.6182116584640246
vn 0.5501492168911302 -0.6270412692761209 0.551502570962881
vn 0.8690825678782051 -0.36295556020876907 0.3360933672713042
vn 0.980677652966399 -0.13830874665529966 0.13835473093087586
vn 0.9902633714793498 0.09014806346415757 -0.1060744161426947
vn 0.8492172903935595 0.3645459536886363 -0.3820160223679938
vn -0.9748872235638801 0.13322452223657924 -0.17845483464099407
vn 0.14684924694157084 0.7552678165457885 -0.6387533357743431
vn 0.0752139934764705 -0.7889205900642361 -0.6098747066062171
vn -0.5624841715131954 -0.5549126739874779 0.6129302415815208
vn -0.3464113930054764 0.6348008719933972 0.6906714122594246
vn -0.2778944812936666 0.703578192813026 -0.6540278158186243
vn 0.12528834946126696 -0.7930896655507818 -0.596080205916805
vn -0.8561479085582324 -0.36391295413394886 0.36684890688792693
vn -0.6926352999472573 0.6083282876757597 0.3875474624874369
vn 0.1415339556715117 -0.6700052248724587 -0.7287394171002284
vn 0.10391267308293044 -0.7135817161207356 -0.6928226979472785
vn -0.8406442967510115 0.36633595938137786 -0.39889238047889924
vn -0.6035987749795295 0.7646232537066738 0.2258756266936099
vn -0.2243199428563758 0.8510676290017675 0.4747256619377365
vn -0.4583478518399132 0.17136388202011107 0.8720961338365941
vn -0.7735184530001099 0.3284519145077764 0.5420226404168862
vn -0.9730566935959197 -0.1750622021313548 0.15004631429361107
vn 0.11674796696340671 -0.7180254357915176 -0.6861555113575295
vn 0.11674796696340671 -0.7180254357915176 -0.6861555113575295
vn 0.05520719964722887 -0.8190484337592776 -0.571062017878606
vn 0.07987421766220126 -0.7788879868878283 -0.6220559566748619
vn -0.5581310592729135 0.5906670382425585 -0.5827539537477713
vn -0.4752591311670987 0.8797018867496843 0.01591693096486213
vn -0.020855941602228895 0.9946360085043251 0.10131258700906137
vn 0.06340169717778733 0.08011590520982433 -0.9947671418615449
vn -0.4881808553612842 -0.8157554845245043 0.31019742411392826
vn -0.7659370223063424 -0.6400515718373344 0.060617351056041324
vn -0.8688159288816479 -0.47552840939352714 -0.13795511437123706
vn -0.8675367371888816 -0.194521386962364 -0.4577569656945789
vn -0.7485864790568298 0.017514267385983703 -0.6628058039963372
vn -0.5837829161327192 0.06705246149088583 -0.809136251962296
vn -0.3016777381424604 0.10491847846119959 -0.947619467500872
vn 0.12824154784319736 0.8337714813292103 -0.5370095179127419
vn -0.2886012971801753 0.7815334745720198 -0.5530955788914844
vn -0.5631136727754594 0.6678270234819159 -0.48673407343293473
vn -0.8401635391450568 0.44460074643971453 -0.3105727028515247
vn -0.9715299421379439 0.21820011585406435 -0.09229453380735118
vn -0.9696527525160538 -0.08413947759601637 0.22955192843430933
vn -0.8550020834704772 -0.26603512049753875 0.4451929378629039
vn -0.566954800491379 -0.4516093332050731 0.6889203614075069
vn 0.15758727235227912 0.6955202606747889 -0.7010119960339071
vn -0.5543751083295917 -0.6203455442099243 0.5548329884239459
vn -0.8500491838420625 -0.42433898622721744 0.31201411797721734
vn -0.9674350017227311 -0.23498099717996018 0.09409276489747226
vn -0.9713148333280923 0.09127862165125193 -0.21958075458989545
vn -0.833627087491806 0.3046913043258027 -0.46068328390356217
vn -0.5524838867298086 0.5452927541855828 -0.6304104751165115
vn -0.2742730884777486 0.6786690607182866 -0.6813094590277137
vn 0.14915685939592868 0.6383575595656782 -0.7551502217708044
vn -0.5332250733481732 -0.7098001903229038 0.4602767764838945
vn -0.8280591488870382 -0.5207850034741598 0.20760786618260263
vn -0.9386033343221719 -0.3449848633680453 0.003037243196125695
vn -0.943226308840044 -0.019598749336569063 -0.3315720424529613
vn -0.8251202344500423 0.20381450378412247 -0.5269119914637918
vn -0.6042941206574249 0.39225008497159486 -0.6935189158044981
vn -0.24228936309385085 0.57134085956907 -0.7841335898419685
usemtl m_701f8fa9-a594-5a64-f97d-e0ac3fdd07fd
f 442/1525/390 443/1526/390 435/1527/390 436/1528/390
f 439/1529/391 402/1530/391 400/1531/391 432/1532/391
f 421/1533/392 395/1534/392 392/1535/392 414/1536/392
f 403/1537/393 440/1538/393 438/1539/393 401/1540/393
f 394/1541/394 418/1542/394 417/1543/394 393/1544/394
f 445/1545/395 439/1546/395 432/1547/395 433/1548/395
f 420/1549/396 421/1550/396 414/1551/396 415/1552/396
f 440/1553/397 441/1554/397 437/1555/397 438/1556/397
f 418/1557/398 419/1558/398 416/1559/398 417/1560/398
f 396/1561/399 453/1562/399 414/1563/399 392/1564/399
f 453/1565/400 422/1566/400 415/1567/400 414/1568/400
f 443/1569/401 444/1570/401 434/1571/401 435/1572/401
f 423/1573/402 424/1574/402 417/1575/402 416/1576/402
f 424/1577/403 397/1578/403 393/1579/403 417/1580/403
f 418/1581/404 394/1582/404 391/1583/404 413/1584/404
f 406/1585/405 419/1586/405 418/1587/405 413/1588/405
f 441/1589/406 442/1590/406 436/1591/406 437/1592/406
f 421/1593/407 420/1594/407 408/1595/407 412/1596/407
f 395/1597/408 421/1598/408 412/1599/408 390/1600/408
f 453/1601/409 396/1602/409 389/1603/409 411/1604/409
f 422/1605/410 453/1606/410 411/1607/410 409/1608/410
f 444/1609/411 445/1610/411 433/1611/411 434/1612/411
f 424/1613/412 423/1614/412 407/1615/412 410/1616/412
f 397/1617/413 424/1618/413 410/1619/413 388/1620/413
f 389/1621/414 404/1622/414 446/1623/414 411/1624/414
f 412/1625/415 447/1626/415 405/1627/415 390/1628/415
f 408/1629/416 448/1630/416 447/1631/416 412/1632/416
f 420/1633/417 449/1634/417 448/1635/417 408/1636/417
f 415/1637/418 450/1638/418 449/1639/418 420/1640/418
f 422/1641/419 451/1642/419 450/1643/419 415/1644/419
f 409/1645/420 452/1646/420 451/1647/420 422/1648/420
f 411/1649/421 446/1650/421 452/1651/421 409/1652/421
f 432/1653/422 400/1654/422 388/1655/422 410/1656/422
f 433/1657/423 432/1658/423 410/1659/423 407/1660/423
f 434/1661/424 433/1662/424 407/1663/424 423/1664/424
f 435/1665/425 434/1666/425 423/1667/425 416/1668/425
f 436/1669/426 435/1670/426 416/1671/426 419/1672/426
f 437/1673/427 436/1674/427 419/1675/427 406/1676/427
f 438/1677/428 437/1678/428 406/1679/428 413/1680/428
f 401/1681/429 438/1682/429 413/1683/429 391/1684/429
f 402/1685/430 439/1686/430 425/1687/430 398/1688/430
f 440/1689/431 403/1690/431 399/1691/431 426/1692/431
f 441/1693/432 440/1694/432 426/1695/432 427/1696/432
f 442/1697/433 441/1698/433 427/1699/433 428/1700/433
f 443/1701/434 442/1702/434 428/1703/434 429/1704/434
f 444/1705/435 443/1706/435 429/1707/435 430/1708/435
f 445/1709/436 444/1710/436 430/1711/436 431/1712/436
f 439/1713/437 445/1714/437 431/1715/437 425/1716/437
f 425/1717/438 446/1718/438 404/1719/438 398/1720/438
f 399/1721/439 405/1722/439 447/1723/439 426/1724/439
f 426/1725/440 447/1726/440 448/1727/440 427/1728/440
f 427/1729/441 448/1730/441 449/1731/441 428/1732/441
f 428/1733/442 449/1734/442 450/1735/442 429/1736/442
f 429/1737/443 450/1738/443 451/1739/443 430/1740/443
f 430/1741/444 451/1742/444 452/1743/444 431/1744/444
f 431/1745/445 452/1746/445 446/1747/445 425/1748/445
f 483/1749/446 491/1750/446 490/1751/446 484/1752/446
f 400/1753/447 402/1754/447 487/1755/447 480/1756/447
f 392/1757/448 395/1758/448 469/1759/448 462/1760/448
f 486/1761/449 488/1762/449 403/1763/449 401/1764/449
f 465/1765/450 466/1766/450 394/1767/450 393/1768/450
f 480/1769/451 487/1770/451 493/1771/451 481/1772/451
f 462/1773/452 469/1774/452 468/1775/452 463/1776/452
f 485/1777/453 489/1778/453 488/1779/453 486/1780/453
f 464/1781/454 467/1782/454 466/1783/454 465/1784/454
f 462/1785/455 501/1786/455 396/1787/455 392/1788/455
f 463/1789/456 470/1790/456 501/1791/456 462/1792/456
f 482/1793/457 492/1794/457 491/1795/457 483/1796/457
f 465/1797/458 472/1798/458 471/1799/458 464/1800/458
f 393/1801/459 397/1802/459 472/1803/459 465/1804/459
f 391/1805/460 394/1806/460 466/1807/460 461/1808/460
f 466/1809/461 467/1810/461 454/1811/461 461/1812/461
f 484/1813/462 490/1814/462 489/1815/462 485/1816/462
f 456/1817/463 468/1818/463 469/1819/463 460/1820/463
f 460/1821/464 469/1822/464 395/1823/464 390/1824/464
f 389/1825/465 396/1826/465 501/1827/465 459/1828/465
f 459/1829/466 501/1830/466 470/1831/466 457/1832/466
f 481/1833/467 493/1834/467 492/1835/467 482/1836/467
f 455/1837/468 471/1838/468 472/1839/468 458/1840/468
f 458/1841/469 472/1842/469 397/1843/469 388/1844/469
f 494/1845/470 404/1846/470 389/1847/470 459/1848/470
f 405/1849/471 495/1850/471 460/1851/471 390/1852/471
f 495/1853/472 496/1854/472 456/1855/472 460/1856/472
f 496/1857/473 497/1858/473 468/1859/473 456/1860/473
f 497/1861/474 498/1862/474 463/1863/474 468/1864/474
f 498/1865/475 499/1866/475 470/1867/475 463/1868/475
f 499/1869/476 500/1870/476 457/1871/476 470/1872/476
f 500/1873/477 494/1874/477 459/1875/477 457/1876/477
f 388/1877/478 400/1878/478 480/1879/478 458/1880/478
f 458/1881/479 480/1882/479 481/1883/479 455/1884/479
f 455/1885/480 481/1886/480 482/1887/480 471/1888/480
f 471/1889/481 482/1890/481 483/1891/481 464/1892/481
f 464/1893/482 483/1894/482 484/1895/482 467/1896/482
f 467/1897/483 484/1898/483 485/1899/483 454/1900/483
f 454/1901/484 485/1902/484 486/1903/484 461/1904/484
f 461/1905/485 486/1906/485 401/1907/485 391/1908/485
f 473/1909/486 487/1910/486 402/1911/486 398/1912/486
f 399/1913/487 403/1914/487 488/1915/487 474/1916/487
f 474/1917/488 488/1918/488 489/1919/488 475/1920/488
f 475/1921/489 489/1922/489 490/1923/489 476/1924/489
f 476/1925/490 490/1926/490 491/1927/490 477/1928/490
f 477/1929/491 491/1930/491 492/1931/491 478/1932/491
f 478/1933/492 492/1934/492 493/1935/492 479/1936/492
f 479/1937/493 493/1938/493 487/1939/493 473/1940/493
f 404/1941/494 494/1942/494 473/1943/494 398/1944/494
f 495/1945/495 405/1946/495 399/1947/495 474/1948/495
f 496/1949/496 495/1950/496 474/1951/496 475/1952/496
f 497/1953/497 496/1954/497 475/1955/497 476/1956/497
f 498/1957/498 497/1958/498 476/1959/498 477/1960/498
f 499/1961/499 498/1962/499 477/1963/499 478/1964/499
f 500/1965/500 499/1966/500 478/1967/500 479/1968/500
f 494/1969/501 500/1970/501 479/1971/501 473/1972/501
o sphere
v 0.10826382565906387 0.4600893212880505 0.09805420568693762
v 0.07612756882627392 0.5134473347851697 0.09291286418707496
v 0.09348319924261422 0.5150235159995551 0.11205713119583498
v 0.11008478799049871 0.5000486500644148 0.12149293097341426
v 0.11620674644907998 0.4772940646557421 0.11569257377038786
v 0.10219409901916858 0.5188047504646573 0.09685165362905013
v 0.12240308268480787 0.5053956339349149 0.09998892379741875
v 0.12491764622563435 0.48107529912084446 0.10048709620360301
v 0.09839203347839678 0.5148698973157829 0.07977988496403718
v 0.11702695725430423 0.499831399521087 0.07584581885923887
v 0.12111558068486256 0.4771404459719699 0.08341532753859007
v 0.08430500827133877 0.5055244284368527 0.07084225759264215
v 0.09710453147845145 0.4866147093528379 0.0632062887052085
v 0.10702855547780454 0.46779497709303974 0.07447770016719504
v 0.07736283900753324 0.5057416789801804 0.11648936970681754
v 0.08728686300688633 0.4869219467203823 0.1277607811688041
v 0.10008638621399901 0.46801222763636746 0.12012481228137042
v 0.06327581380047523 0.4963962101012503 0.10755174233542251
v 0.06736443723103355 0.47370525655213314 0.11512125101477372
v 0.085999361006941 0.4586667587574373 0.1111871849099754
v 0.05947374825970343 0.49246135695237575 0.09047997367040957
v 0.061988311800529904 0.4681410221383053 0.09097814607659382
v 0.0821972954661692 0.4547319056085628 0.09411541624496246
v 0.0681846480362578 0.49624259141747806 0.07527449610362472
v 0.07430660649483908 0.47348800600880536 0.06947413890059831
v 0.09090819524272356 0.4585131400736651 0.0789099386781776
vt 0.34375 0.69942921875
vt 0.343940625 0.6949520312499999
vt 0.35002078125 0.6978275
vt 0.032521875 0.671875
vt 0.031746875 0.65625
vt 0.0380859375 0.65625
vt 0.037003125 0.671875
vt 0.1254984375 0.671875
vt 0.126271875 0.65625
vt 0.130753125 0.65625
vt 0.1318359375 0.671875
vt 0.343940625 0.7308292187500001
vt 0.34375 0.72635203125
vt 0.35002078125 0.72795375
vt 0.343940625 0.6949520312499999
vt 0.34728046875 0.6919640625
vt 0.35002078125 0.6978275
vt 0.0010828125 0.671875
vt 0 0.65625
vt 0.0063390625 0.65625
vt 0.0055640625 0.671875
vt 0.09375 0.671875
vt 0.0948328125 0.65625
vt 0.0993140625 0.65625
vt 0.1000875 0.671875
vt 0.34728046875 0.7338171875
vt 0.343940625 0.7308292187500001
vt 0.35002078125 0.72795375
vt 0.34728046875 0.6919640625
vt 0.35206171875 0.6919640625
vt 0.35002109375 0.697828125
vt 0.094884375 0.703125
vt 0.09375 0.6875
vt 0.1005109375 0.6875
vt 0.099665625 0.703125
vt 0.21875 0.703125
vt 0.219884375 0.6875
vt 0.224665625 0.6875
vt 0.2255109375 0.703125
vt 0.35206171875 0.7338171875
vt 0.34728046875 0.7338171875
vt 0.35002109375 0.727953125
vt 0.0317278125 0.629464375
vt 0.0365075 0.629464375
vt 0.0337684375 0.6353268750000001
vt 0.157171875 0.6875
vt 0.1563265625 0.671875
vt 0.1630859375 0.671875
vt 0.1619515625 0.6875
vt 0.281325 0.75
vt 0.282171875 0.734375
vt 0.2869515625 0.734375
vt 0.2880859375 0.75
vt 0.3490075 0.671316875
vt 0.3442278125 0.671316875
vt 0.3462684375 0.6654543749999999
vt 0.3467834375 0.703125
vt 0.34375 0.69942921875
vt 0.3500215625 0.6978271875
vt 0.0634203125 0.703125
vt 0.062575 0.6875
vt 0.0693359375 0.6875
vt 0.0682015625 0.703125
vt 0.187575 0.703125
vt 0.1884203125 0.6875
vt 0.1932015625 0.6875
vt 0.1943359375 0.703125
vt 0.34375 0.72635203125
vt 0.3467834375 0.72265625
vt 0.3500215625 0.7279540625
vt 0.0400390625 0.63692984375
vt 0.03700734375 0.640625
vt 0.033769375 0.63532890625
vt 0.3125 0.8125
vt 0.319259375 0.8125
vt 0.3184140625 0.828125
vt 0.313634375 0.828125
vt 0.282384375 0.703125
vt 0.2871640625 0.703125
vt 0.2880109375 0.71875
vt 0.28125 0.71875
vt 0.34950734375 0.66015625
vt 0.3525390625 0.66385140625
vt 0.346269375 0.66545234375
vt 0.03984703125 0.63245265625
vt 0.0400390625 0.63692984375
vt 0.0337678125 0.6353284375
vt 0.25 0.65625
vt 0.2563375 0.65625
vt 0.2555640625 0.671875
vt 0.2510828125 0.671875
vt 0.3448328125 0.921875
vt 0.3493140625 0.921875
vt 0.3500875 0.9375
vt 0.34375 0.9375
vt 0.3525390625 0.66385140625
vt 0.35234703125 0.66832859375
vt 0.3462678125 0.6654528125
vt 0.0365075 0.629464375
vt 0.03984703125 0.63245265625
vt 0.0337678125 0.6353284375
vt 0.2192484375 0.65625
vt 0.2255859375 0.65625
vt 0.224503125 0.671875
vt 0.220021875 0.671875
vt 0.345021875 0.984375
vt 0.349503125 0.984375
vt 0.3505859375 1
vt 0.3442484375 1
vt 0.35234703125 0.66832859375
vt 0.3490075 0.671316875
vt 0.3462678125 0.6654528125
vn -0.21684469597647005 0.9691948132252137 0.11678951941084288
vn 0.4450386794740902 0.7755272979519717 0.44777001228674496
vn 0.8526917223936166 0.09863751027238712 0.5130179998096288
vn 0.7388299029908421 -0.6175767394131649 0.2696837877632743
vn -0.17094975234904017 0.9677585616646187 -0.1849852656203477
vn 0.5591491376478042 0.7719424915075642 -0.30241863645088324
vn 0.9667866332848496 0.09509998093674532 -0.23723321716736134
vn 0.784724846618272 -0.61901299097376 -0.03209099726791633
vn -0.3020003341727975 0.8561720641172772 -0.41924359838246766
vn 0.2141908421882324 0.4869293148768129 -0.8467715898849544
vn 0.6000714798471453 -0.15375437296332603 -0.7850310897465855
vn 0.6448195633938489 -0.7158974253869906 -0.2677659556195381
vn -0.5350505119401936 0.712462276348892 -0.4540027031332435
vn -0.33933081823808303 0.14559061172162827 -0.9293320018015065
vn 0.04651942479697469 -0.49508619720505553 -0.8675976028399316
vn 0.411769385626453 -0.8596072131553758 -0.3025250603703139
vn -0.411769385626453 0.8596072131553758 0.3025250603703139
vn -0.046530689580765984 0.49508150044575083 0.8675996789093012
vn 0.33934042572547857 -0.1455831632403695 0.9293296605884153
vn 0.5350505119401936 -0.712462276348892 0.4540027031332435
vn -0.6448195633938489 0.7158974253869906 0.2677659556195381
vn -0.6000586565855136 0.15374991501562482 0.7850417646784642
vn -0.214207293710052 -0.4869269289557154 0.846768800310434
vn 0.3020003341727975 -0.8561720641172772 0.41924359838246766
vn -0.784724846618272 0.61901299097376 0.03209099726791633
vn -0.9667977805658454 -0.09507799392003699 0.23719659897455755
vn -0.5591195766064704 -0.7719522661096473 0.3024483392309861
vn 0.17094975234904017 -0.9677585616646187 0.1849852656203477
vn -0.7388299029908421 0.6175767394131649 -0.2696837877632743
vn -0.8527020382855387 -0.09867187488195231 -0.5129942446177815
vn -0.44504547652713805 -0.7755026283784807 -0.4478059816491967
vn 0.21684469597647005 -0.9691948132252137 -0.11678951941084288
usemtl m_939b02b2-df4c-255e-486f-2d355257d222
f 504/1973/502 507/1974/502 503/1975/502
f 504/1976/503 505/1977/503 508/1978/503 507/1979/503
f 505/1980/504 506/1981/504 509/1982/504 508/1983/504
f 509/1984/505 506/1985/505 502/1986/505
f 507/1987/506 510/1988/506 503/1989/506
f 507/1990/507 508/1991/507 511/1992/507 510/1993/507
f 508/1994/508 509/1995/508 512/1996/508 511/1997/508
f 512/1998/509 509/1999/509 502/2000/509
f 510/2001/510 513/2002/510 503/2003/510
f 510/2004/511 511/2005/511 514/2006/511 513/2007/511
f 511/2008/512 512/2009/512 515/2010/512 514/2011/512
f 515/2012/513 512/2013/513 502/2014/513
f 513/2015/514 525/2016/514 503/2017/514
f 513/2018/515 514/2019/515 526/2020/515 525/2021/515
f 514/2022/516 515/2023/516 527/2024/516 526/2025/516
f 527/2026/517 515/2027/517 502/2028/517
f 516/2029/518 504/2030/518 503/2031/518
f 516/2032/519 517/2033/519 505/2034/519 504/2035/519
f 517/2036/520 518/2037/520 506/2038/520 505/2039/520
f 506/2040/521 518/2041/521 502/2042/521
f 519/2043/522 516/2044/522 503/2045/522
f 520/2046/523 517/2047/523 516/2048/523 519/2049/523
f 521/2050/524 518/2051/524 517/2052/524 520/2053/524
f 518/2054/525 521/2055/525 502/2056/525
f 522/2057/526 519/2058/526 503/2059/526
f 523/2060/527 520/2061/527 519/2062/527 522/2063/527
f 524/2064/528 521/2065/528 520/2066/528 523/2067/528
f 521/2068/529 524/2069/529 502/2070/529
f 525/2071/530 522/2072/530 503/2073/530
f 526/2074/531 523/2075/531 522/2076/531 525/2077/531
f 527/2078/532 524/2079/532 523/2080/532 526/2081/532
f 524/2082/533 527/2083/533 502/2084/533
o Right Upper Arm
v 0.06730275679844742 0.47367367554297435 0.11517903327067026
v 0.07426484782147011 0.473455801561518 0.0694009288481917
v 0.14817707346985554 0.36944801018292023 0.12351396477529751
v 0.15381305191706435 0.3692716360074556 0.0864554992904339
v 0.1101265466638677 0.5000808545117021 0.12156614102582085
v 0.11708863768689039 0.49986298053024586 0.07578803660334228
v 0.17610563207773833 0.38667008342339493 0.1276794698330044
v 0.18174161052494714 0.3864937092479303 0.09062100434814081
v 0.06185004115889603 0.46805575790570886 0.09095752320574878
v 0.12254135332644178 0.5054808981675114 0.10000954666826377
v 0.18474998726942712 0.39017470980079566 0.11001923134297405
v 0.14516869672537555 0.3657670096300549 0.10411573778046426
v 0.09712915176578589 0.4866139388774149 0.06304440198456965
v 0.16895309089706745 0.37784587801512437 0.08080723407641331
v 0.16495934199740134 0.37797085971542527 0.10706748456171916
v 0.1609655930977352 0.37809584141572616 0.133327735047025
v 0.08726224271955194 0.4869227171958053 0.1279226678894429
v 0.0921956972426689 0.4867683280366101 0.09548353493700627
v 0.11986050130834146 0.4365672759323614 0.12995901387054615
v 0.13979362472409698 0.44800753470216004 0.12409546800031507
v 0.15071163004910074 0.4526993906164405 0.10454498452668146
v 0.14609265945921274 0.44781041062369953 0.08267718304664398
v 0.12878770473112455 0.43628790507286525 0.0712596304328037
v 0.11413208672124257 0.42810200632583206 0.07791030877803609
v 0.10321408139623883 0.42341015041155156 0.09746079225166972
v 0.10783305198612682 0.4282991304042925 0.11932859373170718
vt 0.10061875 0.763690625
vt 0.1007265625 0.7815593750000001
vt 0.0950078125 0.7815593750000001
vt 0.0956359375 0.763671875
vt 0.00999375 0.7320296875000001
vt 0.005859375 0.733984375
vt 0.005859375 0.72734375
vt 0.01171875 0.72734375
vt 0.2253953125 0.841796875
vt 0.225384375 0.8596390625
vt 0.2194546875 0.8596390625
vt 0.22083125 0.84180625
vt 0.2235046875 0.9043015625
vt 0.22488125 0.9221375
vt 0.2189515625 0.9221375
vt 0.218940625 0.904296875
vt 0.2562078125 0.904296875
vt 0.256521875 0.92214375
vt 0.2508015625 0.92214375
vt 0.2512234375 0.904309375
vt 0.04686640625 0.935084375
vt 0.04052734375 0.9375
vt 0.04052734375 0.929296875
vt 0.04951171875 0.929296875
vt 0.2556125 0.9668046875
vt 0.256034375 0.9846421875
vt 0.2503140625 0.9846421875
vt 0.250628125 0.966796875
vt 0.01171875 0.72734375
vt 0.005859375 0.72734375
vt 0.005859375 0.720703125
vt 0.00999375 0.7226578125
vt 0.0371765625 0.763671875
vt 0.0378046875 0.7815624999999999
vt 0.0320859375 0.7815624999999999
vt 0.03219375 0.7636968749999999
vt 0.03154296875 0.929296875
vt 0.04052734375 0.929296875
vt 0.04052734375 0.9375
vt 0.03418828125 0.935084375
vt 0.19255 0.7793125
vt 0.193146875 0.797171875
vt 0.1886328125 0.797171875
vt 0.1879859375 0.779296875
vt 0.001725 0.7226578125
vt 0.005859375 0.720703125
vt 0.005859375 0.72734375
vt 0 0.72734375
vt 0 0.72734375
vt 0.005859375 0.72734375
vt 0.005859375 0.733984375
vt 0.001725 0.7320296875000001
vt 0.1948265625 0.841796875
vt 0.1941796875 0.8596734375
vt 0.189665625 0.8596734375
vt 0.1902625 0.8418171875
vt 0.03418828125 0.923509375
vt 0.04052734375 0.92109375
vt 0.04052734375 0.929296875
vt 0.03154296875 0.929296875
vt 0.04951171875 0.929296875
vt 0.04052734375 0.929296875
vt 0.04052734375 0.92109375
vt 0.04686640625 0.923509375
vt 0.218803125 0.8746296875
vt 0.2194546875 0.8596390625
vt 0.225384375 0.8596390625
vt 0.2255859375 0.8746328125
vt 0.250471875 0.9371359375
vt 0.2508015625 0.92214375
vt 0.256521875 0.92214375
vt 0.2568359375 0.9371390625
vt 0.25 0.9996390625
vt 0.2503140625 0.9846421875
vt 0.256034375 0.9846421875
vt 0.2563640625 0.999634375
vt 0.21875 0.9371328125
vt 0.2189515625 0.9221375
vt 0.22488125 0.9221375
vt 0.2255328125 0.937128125
vt 0.188596875 0.812178125
vt 0.1886328125 0.797171875
vt 0.193146875 0.797171875
vt 0.1953125 0.8122328125
vt 0.0326984375 0.7967953125
vt 0.0320859375 0.7815624999999999
vt 0.0378046875 0.7815624999999999
vt 0.0390625 0.7968125
vt 0.09375 0.796809375
vt 0.0950078125 0.7815593750000001
vt 0.1007265625 0.7815593750000001
vt 0.1001140625 0.7967921875
vt 0.1875 0.874765625
vt 0.189665625 0.8596734375
vt 0.1941796875 0.8596734375
vt 0.194215625 0.87465
vn -0.7995297870652512 -0.5276984979700472 0.28685608732524764
vn 0.5141801093246391 -0.8537282159539069 0.08226146399780249
vn 0.1882373830345214 0.16797801300939175 0.9676518355140612
vn 0.45934698605612756 0.17337240512534777 -0.8711729768204499
vn 0.7326980868482333 0.44403460797862815 0.5157390623621648
vn -0.5141801093246391 0.8537282159539069 -0.08226146399780249
vn 0.845194844105773 0.4550787322589008 -0.2802659860608313
vn 0.5141801093246391 -0.8537282159539069 0.08226146399780249
vn -0.6692633855006974 -0.5453727330205197 -0.5046336323570535
vn -0.5141801093246391 0.8537282159539069 -0.08226146399780249
vn -0.24910979469510627 -0.30169660576644575 -0.9202844496436784
vn 0.5141801093246391 -0.8537282159539069 0.08226146399780249
vn 0.5141801093246391 -0.8537282159539069 0.08226146399780249
vn -0.5029894405261555 -0.30705249408046303 0.8079111266705963
vn -0.5141801093246391 0.8537282159539069 -0.08226146399780249
vn -0.5141801093246391 0.8537282159539069 -0.08226146399780249
vn 0.1912169948269915 0.162929424588713 0.9679308154473258
vn 0.7333517361319334 0.44285797546507 0.5158217179212782
vn 0.8571585911761165 0.43359111670992123 -0.27798901611973553
vn 0.4735493286616747 0.14897489452712498 -0.8680769056510543
vn -0.24678692297561836 -0.30537734008768136 -0.9196960882863419
vn -0.6074093898307312 -0.6257482346743211 -0.48938019979094965
vn -0.7223128077977038 -0.626591492750395 0.29265561485170427
vn -0.4740287871329979 -0.34951269096984827 0.8081692816608623
usemtl m_939b02b2-df4c-255e-486f-2d355257d222
f 530/2085/534 553/2086/534 552/2087/534 539/2088/534
f 534/2089/535 543/2090/535 542/2091/535 538/2092/535
f 534/2093/536 547/2094/536 546/2095/536 543/2096/536
f 541/2097/537 550/2098/537 549/2099/537 535/2100/537
f 538/2101/538 548/2102/538 547/2103/538 534/2104/538
f 533/2105/539 540/2106/539 545/2107/539 537/2108/539
f 535/2109/540 549/2110/540 548/2111/540 538/2112/540
f 538/2113/541 542/2114/541 541/2115/541 535/2116/541
f 539/2117/542 552/2118/542 551/2119/542 531/2120/542
f 536/2121/543 545/2122/543 540/2123/543 529/2124/543
f 531/2125/544 551/2126/544 550/2127/544 541/2128/544
f 531/2129/545 541/2130/545 542/2131/545 539/2132/545
f 539/2133/546 542/2134/546 543/2135/546 530/2136/546
f 543/2137/547 546/2138/547 553/2139/547 530/2140/547
f 528/2141/548 544/2142/548 545/2143/548 536/2144/548
f 537/2145/549 545/2146/549 544/2147/549 532/2148/549
f 544/2149/550 546/2150/550 547/2151/550 532/2152/550
f 532/2153/551 547/2154/551 548/2155/551 537/2156/551
f 537/2157/552 548/2158/552 549/2159/552 533/2160/552
f 533/2161/553 549/2162/553 550/2163/553 540/2164/553
f 540/2165/554 550/2166/554 551/2167/554 529/2168/554
f 529/2169/555 551/2170/555 552/2171/555 536/2172/555
f 536/2173/556 552/2174/556 553/2175/556 528/2176/556
f 528/2177/557 553/2178/557 546/2179/557 544/2180/557
o sphere
v 0.17781384473051728 0.3566276543165776 0.10912402116166424
v 0.14889121358100632 0.4046498664639849 0.10449681381178784
v 0.1614391914031985 0.4029569839261577 0.11976450711198117
v 0.17604892269604627 0.38662774634884867 0.12759455134622463
v 0.18094911292638527 0.37056333393205665 0.12288581553654779
v 0.16749376787837403 0.4054046407632755 0.10732236179436866
v 0.1846117166277932 0.39008944556819924 0.10999860847212903
v 0.1870036894015608 0.37301099076917443 0.11044367021893528
v 0.1654083200155302 0.4028327727012798 0.09366614334731416
v 0.18166216026716758 0.3864520838338893 0.09068561481706558
v 0.184918241538717 0.37043912270717877 0.09678745177188078
v 0.15640418717972907 0.3967477541298521 0.08679529500986322
v 0.168928470609733 0.37784664849054744 0.08096912079705215
v 0.17591410870291585 0.36435410413575103 0.08991660343442984
v 0.15079094960860775 0.3969234166448115 0.12370423153902224
v 0.16099021338506958 0.3780950709403032 0.13316584832638617
v 0.1703008711317945 0.36452976665071046 0.12682553996358886
v 0.1417868167728066 0.3908383980733838 0.1168333832015713
v 0.148256523727635 0.36948963559696135 0.12344935430637276
v 0.1612967382959934 0.3584447480792827 0.11995469162613792
v 0.1397013689099628 0.3882665300113881 0.1031771647545168
v 0.1453069673670094 0.36585227386265134 0.10413636065130931
v 0.15921129043314955 0.35587288001728706 0.10629847317908342
v 0.1457559453851383 0.3907141868485059 0.09073501943690429
v 0.15386976129875632 0.3693139730820019 0.08654041777721372
v 0.1652658669083251 0.35832053685440485 0.09385632786147091
vt 0.5 0.9375
vt 0.50094875 0.93411640625
vt 0.50489171875 0.93668734375
vt 0.0955109375 0.640625
vt 0.094640625 0.625
vt 0.099609375 0.625
vt 0.099025 0.640625
vt 0.219640625 0.640625
vt 0.2205109375 0.625
vt 0.224025 0.625
vt 0.224609375 0.640625
vt 0.2196996875 0.51314890625
vt 0.21875 0.509765625
vt 0.2236434375 0.5105765625
vt 0.50094875 0.93411640625
vt 0.5036621875 0.93188359375
vt 0.50489171875 0.93668734375
vt 0.188084375 0.640625
vt 0.1875 0.625
vt 0.19246875 0.625
vt 0.1915984375 0.640625
vt 0.375 1
vt 0.375584375 0.984375
vt 0.3790984375 0.984375
vt 0.37996875 1
vt 0.222413125 0.51538171875
vt 0.2196996875 0.51314890625
vt 0.2236434375 0.5105765625
vt 0.5036621875 0.93188359375
vt 0.5068778125 0.93188359375
vt 0.504891875 0.93668828125
vt 0.406759375 0.84375
vt 0.40625 0.828125
vt 0.410796875 0.828125
vt 0.4099734375 0.84375
vt 0.40625 0.71875
vt 0.406759375 0.703125
vt 0.409975 0.703125
vt 0.410796875 0.71875
vt 0.22562875 0.51538171875
vt 0.222413125 0.51538171875
vt 0.2236428125 0.51057859375
vt 0.50093546875 0.83813359375
vt 0.50415109375 0.83813359375
vt 0.50291984375 0.84293828125
vt 0.4074078125 0.90625
vt 0.4065859375 0.890625
vt 0.4111328125 0.890625
vt 0.4106234375 0.90625
vt 0.4065859375 0.78125
vt 0.4074078125 0.765625
vt 0.4106234375 0.765625
vt 0.4111328125 0.78125
vt 0.50415296875 0.749758125
vt 0.50093734375 0.749758125
vt 0.50292171875 0.744955
vt 0.438190625 0.30769531250000004
vt 0.44140625 0.30769531250000004
vt 0.4401765625 0.3125
vt 0.407409375 0.875
vt 0.4065859375 0.859375
vt 0.4111328125 0.859375
vt 0.4106234375 0.875
vt 0.4065859375 0.75
vt 0.4074078125 0.734375
vt 0.4106234375 0.734375
vt 0.4111328125 0.75
vt 0.50390625 0.3124203125
vt 0.500690625 0.3124203125
vt 0.5026765625 0.3076171875
vt 0.375 0.30769531250000004
vt 0.378215625 0.30769531250000004
vt 0.37623125 0.3125
vt 0.15625 0.578125
vt 0.160796875 0.578125
vt 0.159975 0.59375
vt 0.156759375 0.59375
vt 0.281759375 0.578125
vt 0.284975 0.578125
vt 0.285796875 0.59375
vt 0.28125 0.59375
vt 0.690715625 0.4999203125
vt 0.6875 0.4999203125
vt 0.68873125 0.4951171875
vt 0.50686484375 0.8403660937499999
vt 0.5078125 0.84375
vt 0.50292 0.8429378125
vt 0.125 0.625
vt 0.12996875 0.625
vt 0.1290984375 0.640625
vt 0.125584375 0.640625
vt 0.250584375 0.625
vt 0.2540984375 0.625
vt 0.25496875 0.640625
vt 0.25 0.640625
vt 0.5078125 0.744140625
vt 0.50686625 0.74752484375
vt 0.502921875 0.7449553125
vt 0.50415109375 0.83813359375
vt 0.50686484375 0.8403660937499999
vt 0.50292 0.8429378125
vt 0.360265625 0.796875
vt 0.365234375 0.796875
vt 0.36465 0.8125
vt 0.3611359375 0.8125
vt 0.3455109375 0.625
vt 0.349025 0.625
vt 0.349609375 0.640625
vt 0.344640625 0.640625
vt 0.50686625 0.74752484375
vt 0.50415296875 0.749758125
vt 0.502921875 0.7449553125
vn -0.06459666537385664 0.9846304634374453 0.16226558875356156
vn 0.5691819185823825 0.7089406085732982 0.4164554682971515
vn 0.8802178933567392 0.1351526084912953 0.45491783063826274
vn 0.8202794594076951 -0.48458956598418046 0.30383311375339433
vn -0.012044004880190015 0.9829858630810274 -0.18328593762014023
vn 0.6682503787439681 0.705846097415661 -0.23499514478308786
vn 0.9758551350755759 0.13214417059764494 -0.17390995809237086
vn 0.8728321199013619 -0.48623416634059846 -0.041718412620307406
vn -0.21622694324183617 0.8540919756773743 -0.47304630439293316
vn 0.31679775841446056 0.4647856218826157 -0.8268092318998157
vn 0.6606715593080069 -0.14622852438620734 -0.7362949880159169
vn 0.687964428311375 -0.6471984720043769 -0.32838861614465714
vn -0.5583197577090435 0.6431413287602974 -0.5240689643473978
vn -0.36781875331995445 0.042610608719663386 -0.9289207182158736
vn 0.0037189902870294203 -0.5513234349080585 -0.8342833087341643
vn 0.34587161384416765 -0.8581491189214535 -0.37941127609912173
vn -0.34587161384416765 0.8581491189214535 0.37941127609912173
vn 0.057338967455831905 0.4729001021549447 0.8792483927724533
vn 0.4117007324041523 -0.13842619230144063 0.900744523282162
vn 0.5583197577090435 -0.6431413287602974 0.5240689643473978
vn -0.687964428311375 0.6471984720043769 0.32838861614465714
vn -0.6272820316188086 0.0507303384528342 0.7771381380222186
vn -0.24524839350042926 -0.543532167172667 0.8027614893192392
vn 0.21622694324183617 -0.8540919756773743 0.47304630439293316
vn -0.8728321199013619 0.48623416634059846 0.04171841262030746
vn -0.9544723632097761 -0.23061685311328864 0.18920458485160768
vn -0.5905988578314965 -0.7718227269680632 0.23554759023117716
vn 0.01204400488019007 -0.9829858630810273 0.18328593762014023
vn -0.8202794594076952 0.48458956598418046 -0.30383311375339433
vn -0.8554000518339189 -0.23370898942963228 -0.4622454538254642
vn -0.4949520903167404 -0.7748252908043622 -0.3932787777404536
vn 0.06459666537385665 -0.9846304634374453 -0.16226558875356162
usemtl m_939b02b2-df4c-255e-486f-2d355257d222
f 556/2181/558 559/2182/558 555/2183/558
f 556/2184/559 557/2185/559 560/2186/559 559/2187/559
f 557/2188/560 558/2189/560 561/2190/560 560/2191/560
f 561/2192/561 558/2193/561 554/2194/561
f 559/2195/562 562/2196/562 555/2197/562
f 559/2198/563 560/2199/563 563/2200/563 562/2201/563
f 560/2202/564 561/2203/564 564/2204/564 563/2205/564
f 564/2206/565 561/2207/565 554/2208/565
f 562/2209/566 565/2210/566 555/2211/566
f 562/2212/567 563/2213/567 566/2214/567 565/2215/567
f 563/2216/568 564/2217/568 567/2218/568 566/2219/568
f 567/2220/569 564/2221/569 554/2222/569
f 565/2223/570 577/2224/570 555/2225/570
f 565/2226/571 566/2227/571 578/2228/571 577/2229/571
f 566/2230/572 567/2231/572 579/2232/572 578/2233/572
f 579/2234/573 567/2235/573 554/2236/573
f 568/2237/574 556/2238/574 555/2239/574
f 568/2240/575 569/2241/575 557/2242/575 556/2243/575
f 569/2244/576 570/2245/576 558/2246/576 557/2247/576
f 558/2248/577 570/2249/577 554/2250/577
f 571/2251/578 568/2252/578 555/2253/578
f 572/2254/579 569/2255/579 568/2256/579 571/2257/579
f 573/2258/580 570/2259/580 569/2260/580 572/2261/580
f 570/2262/581 573/2263/581 554/2264/581
f 574/2265/582 571/2266/582 555/2267/582
f 575/2268/583 572/2269/583 571/2270/583 574/2271/583
f 576/2272/584 573/2273/584 572/2274/584 575/2275/584
f 573/2276/585 576/2277/585 554/2278/585
f 577/2279/586 574/2280/586 555/2281/586
f 578/2282/587 575/2283/587 574/2284/587 577/2285/587
f 579/2286/588 576/2287/588 575/2288/588 578/2289/588
f 576/2290/589 579/2291/589 554/2292/589
o sphere
v 0.17647936759166824 0.34151319105418365 0.105861444753698
v 0.1602298401761586 0.39532546811240604 0.107924015135943
v 0.17256207382425748 0.38893883403603985 0.12208547607206012
v 0.18115269982466733 0.3747602784555934 0.12750941468610236
v 0.18352328281754182 0.3526394635893212 0.12069415776199241
v 0.17853425294774528 0.39122184777940383 0.10957240989485109
v 0.18959899914921327 0.37798906057955733 0.10981317212595994
v 0.18949546194102962 0.35492247733268517 0.10818109158478338
v 0.17533307173866874 0.39077935562585203 0.09589715706532997
v 0.1850715120179398 0.37736318855185363 0.09047326128044823
v 0.1862942807319531 0.3544799851791333 0.09450583875526226
v 0.16483340548390749 0.3878704698547843 0.08907031239702728
v 0.17022285027524084 0.37324942212078605 0.0808189981815484
v 0.17579461447719183 0.35157109940806563 0.08767899408695959
v 0.160914593290635 0.38526755975852406 0.12610646580268142
v 0.16468085444641828 0.36956837894116173 0.1331956361950087
v 0.17187580228391935 0.3489681893118054 0.1247151474926137
v 0.15041492703587375 0.3823586739874564 0.11927962113437873
v 0.14983219270371928 0.3654546125100941 0.12354137309610888
v 0.1613761360291581 0.3460593035407377 0.11788830282431104
v 0.14721374582679725 0.3819161818339045 0.10560436830485762
v 0.14530470557244585 0.3648287404823904 0.10420146225059718
v 0.1581749548200816 0.34561681138718586 0.1042130499947899
v 0.15318592495028505 0.3841991955772685 0.09309130212764859
v 0.15375100489699178 0.3680575226063543 0.08650521969045476
v 0.1641471339435694 0.34789982513054984 0.09169998381758088
vt 0.1875 0.515625
vt 0.1884496875 0.51224171875
vt 0.1923934375 0.5148140625
vt 0.3767609375 0.84375
vt 0.375890625 0.828125
vt 0.380859375 0.828125
vt 0.380275 0.84375
vt 0.375890625 0.9375
vt 0.3767609375 0.921875
vt 0.380275 0.921875
vt 0.380859375 0.9375
vt 0.34469875 0.51314921875
vt 0.34375 0.509765625
vt 0.34864171875 0.5105782812499999
vt 0.1884496875 0.51224171875
vt 0.191163125 0.51000890625
vt 0.1923934375 0.5148140625
vt 0.375584375 0.75
vt 0.375 0.734375
vt 0.37996875 0.734375
vt 0.3790984375 0.75
vt 0.375 0.875
vt 0.375584375 0.859375
vt 0.3790984375 0.859375
vt 0.37996875 0.875
vt 0.3474121875 0.5153820312499999
vt 0.34469875 0.51314921875
vt 0.34864171875 0.5105782812499999
vt 0.191163125 0.51000890625
vt 0.19437875 0.51000890625
vt 0.1923928125 0.51481203125
vt 0.031759375 0.578125
vt 0.03125 0.5625
vt 0.035796875 0.5625
vt 0.0349734375 0.578125
vt 0.375 0.59375
vt 0.375509375 0.578125
vt 0.378725 0.578125
vt 0.379546875 0.59375
vt 0.3506278125 0.5153820312499999
vt 0.3474121875 0.5153820312499999
vt 0.348641875 0.5105773437500001
vt 0.50093734375 0.7131325
vt 0.50415296875 0.7131325
vt 0.50292171875 0.717935625
vt 0.4074078125 0.625
vt 0.4065859375 0.609375
vt 0.4111328125 0.609375
vt 0.4106234375 0.625
vt 0.4065859375 0.6875
vt 0.4074078125 0.671875
vt 0.4106234375 0.671875
vt 0.4111328125 0.6875
vt 0.50415109375 0.87475703125
vt 0.50093546875 0.87475703125
vt 0.50291984375 0.86995234375
vt 0.531940625 0.307696875
vt 0.53515625 0.307696875
vt 0.5339265625 0.3125
vt 0.407409375 0.59375
vt 0.4065859375 0.578125
vt 0.4111328125 0.578125
vt 0.4106234375 0.59375
vt 0.4065859375 0.65625
vt 0.4074078125 0.640625
vt 0.4106234375 0.640625
vt 0.4111328125 0.65625
vt 0.69140625 0.5624218750000001
vt 0.688190625 0.5624218750000001
vt 0.6901765625 0.5576171875
vt 0.6875 0.463946875
vt 0.690715625 0.463946875
vt 0.68873125 0.46875
vt 0 0.5625
vt 0.004546875 0.5625
vt 0.003725 0.578125
vt 0.000509375 0.578125
vt 0.313009375 0.578125
vt 0.316225 0.578125
vt 0.317046875 0.59375
vt 0.3125 0.59375
vt 0.690715625 0.6249218750000001
vt 0.6875 0.6249218750000001
vt 0.68873125 0.6201171875
vt 0.50686625 0.71536578125
vt 0.5078125 0.71875
vt 0.502921875 0.7179353125
vt 0.375 0.765625
vt 0.37996875 0.765625
vt 0.3790984375 0.78125
vt 0.375584375 0.78125
vt 0.375584375 0.890625
vt 0.3790984375 0.890625
vt 0.37996875 0.90625
vt 0.375 0.90625
vt 0.5078125 0.869140625
vt 0.50686484375 0.8725245312500001
vt 0.50292 0.8699528125
vt 0.50415296875 0.7131325
vt 0.50686625 0.71536578125
vt 0.502921875 0.7179353125
vt 0.282140625 0.609375
vt 0.287109375 0.609375
vt 0.286525 0.625
vt 0.2830109375 0.625
vt 0.1580109375 0.609375
vt 0.161525 0.609375
vt 0.162109375 0.625
vt 0.157140625 0.625
vt 0.50686484375 0.8725245312500001
vt 0.50415109375 0.87475703125
vt 0.50292 0.8699528125
vn 0.1885001502965714 0.946307599599782 0.26262067755199486
vn 0.6871512022896633 0.5824555058618038 0.43424510231335983
vn 0.9043612960193326 -0.03414625296085216 0.4253994354379972
vn 0.6856478259225803 -0.7000571084657283 0.19951717643912956
vn 0.22518913844683597 0.9706767535597086 -0.0841218879029506
vn 0.7539130219357648 0.6268127658691148 -0.19677629912973046
vn 0.9735266093675171 0.011781484793012869 -0.22826987858554182
vn 0.7223368140728449 -0.6756879545058017 -0.147225389015816
vn -0.015984939945512085 0.9284807335424912 -0.3710363986664059
vn 0.34036725852199834 0.5541695073405596 -0.7596356274294545
vn 0.5635650351820487 -0.11406525509449197 -0.818158645190824
vn 0.49201457105919877 -0.7538211410052615 -0.43551733517617686
vn -0.40150475216911374 0.8139385719462306 -0.41987847656643396
vn -0.3999524695071993 0.33420394009194143 -0.85343174803971
vn -0.2079886850313809 -0.34329235788465057 -0.9159099649621212
vn 0.10649475883559714 -0.8683633026015221 -0.48435941307620484
vn -0.10649475883559714 0.8683633026015221 0.48435941307620484
vn 0.16655705869019952 0.4387132155795735 0.8830568841678887
vn 0.38242375591723776 -0.23437049489598072 0.8937687296120661
vn 0.40150475216911374 -0.8139385719462306 0.41987847656643396
vn -0.49201457105919877 0.7538211410052615 0.43551733517617686
vn -0.5737668672479352 0.21875486306512287 0.7892641458560308
vn -0.3891287287867777 -0.4636071944918653 0.7960195987839549
vn 0.015984939945512085 -0.9284807335424912 0.3710363986664059
vn -0.7223368140728449 0.6756879545058017 0.14722538901581605
vn -0.9703676098973691 0.08998849997871215 0.2242515808944242
vn -0.8127237903888123 -0.5443110517749193 0.20785937422142728
vn -0.22518913844683594 -0.9706767535597087 0.08412188790295064
vn -0.6856478259225803 0.7000571084657283 -0.1995171764391296
vn -0.9035981995589364 0.13434801526391044 -0.40676885887257463
vn -0.7435523390961298 -0.4983814903704705 -0.4458091621768024
vn -0.1885001502965714 -0.946307599599782 -0.262620677551995
usemtl m_939b02b2-df4c-255e-486f-2d355257d222
f 582/2293/590 585/2294/590 581/2295/590
f 582/2296/591 583/2297/591 586/2298/591 585/2299/591
f 583/2300/592 584/2301/592 587/2302/592 586/2303/592
f 587/2304/593 584/2305/593 580/2306/593
f 585/2307/594 588/2308/594 581/2309/594
f 585/2310/595 586/2311/595 589/2312/595 588/2313/595
f 586/2314/596 587/2315/596 590/2316/596 589/2317/596
f 590/2318/597 587/2319/597 580/2320/597
f 588/2321/598 591/2322/598 581/2323/598
f 588/2324/599 589/2325/599 592/2326/599 591/2327/599
f 589/2328/600 590/2329/600 593/2330/600 592/2331/600
f 593/2332/601 590/2333/601 580/2334/601
f 591/2335/602 603/2336/602 581/2337/602
f 591/2338/603 592/2339/603 604/2340/603 603/2341/603
f 592/2342/604 593/2343/604 605/2344/604 604/2345/604
f 605/2346/605 593/2347/605 580/2348/605
f 594/2349/606 582/2350/606 581/2351/606
f 594/2352/607 595/2353/607 583/2354/607 582/2355/607
f 595/2356/608 596/2357/608 584/2358/608 583/2359/608
f 584/2360/609 596/2361/609 580/2362/609
f 597/2363/610 594/2364/610 581/2365/610
f 598/2366/611 595/2367/611 594/2368/611 597/2369/611
f 599/2370/612 596/2371/612 595/2372/612 598/2373/612
f 596/2374/613 599/2375/613 580/2376/613
f 600/2377/614 597/2378/614 581/2379/614
f 601/2380/615 598/2381/615 597/2382/615 600/2383/615
f 602/2384/616 599/2385/616 598/2386/616 601/2387/616
f 599/2388/617 602/2389/617 580/2390/617
f 603/2391/618 600/2392/618 581/2393/618
f 604/2394/619 601/2395/619 600/2396/619 603/2397/619
f 605/2398/620 602/2399/620 601/2400/620 604/2401/620
f 602/2402/621 605/2403/621 580/2404/621
o Right Lower Arm
v 0.14974753235590677 0.36542654492125926 0.1236066752187027
v 0.15368222080978078 0.3680400001717582 0.08642047746436661
v 0.1860305526611861 0.25909617973631094 0.11552743780653194
v 0.18903943206708976 0.2610947043396336 0.0870909336414514
v 0.18122148391187826 0.37477780089018986 0.1275941569121905
v 0.18515617236575227 0.3773912561406888 0.0904079591578544
v 0.20491492359476898 0.26470693331766926 0.11791992682262462
v 0.20792380300067265 0.266705457920992 0.08948342265754408
v 0.14514888215393362 0.3647824436368905 0.10418172075014945
v 0.1897548225677254 0.37803535742505745 0.10983291362640767
v 0.21035895995506693 0.2668766929651015 0.10420078809491548
v 0.18359539570679184 0.25892494469220134 0.10081007236916054
v 0.17024003862349535 0.3732608387753752 0.08065655347347123
v 0.1991093202670856 0.2643170068978994 0.08235484621483241
v 0.19697717783092938 0.26290081882865146 0.10250543023203801
v 0.19484503539477316 0.2614846307594035 0.1226560142492436
v 0.16466366609816369 0.36955696228657287 0.13335808090308587
v 0.16745185236082952 0.371408900530974 0.10700731718827855
vt 0.1924921875 0.75
vt 0.1875 0.75
vt 0.1880390625 0.71875
vt 0.191759375 0.71875
vt 0.4126375 0.99791875
vt 0.41015625 0.9994140625
vt 0.41015625 0.9943359375
vt 0.413671875 0.9943359375
vt 0.3125 0.9482421875
vt 0.3125 0.9528156249999999
vt 0.28125 0.9528156249999999
vt 0.28125 0.949934375
vt 0 0.99834515625
vt 0 0.984375
vt 0.03125 0.984375
vt 0.03125 1
vt 0.2512625 0.734375
vt 0.2549921875 0.734375
vt 0.255859375 0.765625
vt 0.250878125 0.7655875
vt 0.04124375 0.7324203125
vt 0.037109375 0.734375
vt 0.037109375 0.727734375
vt 0.04296875 0.727734375
vt 0.28624015625 0.87392515625
vt 0.28125 0.874115625
vt 0.28125 0.84581703125
vt 0.28496875 0.845703125
vt 0.413671875 0.9943359375
vt 0.41015625 0.9943359375
vt 0.41015625 0.9892578125
vt 0.4126375 0.990753125
vt 0.2204453125 0.71875
vt 0.224175 0.71875
vt 0.224609375 0.75
vt 0.219628125 0.7499796875
vt 0.03125 0.727734375
vt 0.037109375 0.727734375
vt 0.037109375 0.734375
vt 0.032975 0.7324203125
vt 0.3095703125 0.7763671875
vt 0.30955046875 0.7809406249999999
vt 0.28141140625 0.77944515625
vt 0.28141140625 0.77656234375
vt 0.407675 0.990753125
vt 0.41015625 0.9892578125
vt 0.41015625 0.9943359375
vt 0.406640625 0.9943359375
vt 0.406640625 0.9943359375
vt 0.41015625 0.9943359375
vt 0.41015625 0.9994140625
vt 0.407675 0.99791875
vt 0.125178125 0.6875
vt 0.128075 0.6875
vt 0.12955 0.71875
vt 0.125 0.71875
vt 0.032975 0.7230484374999999
vt 0.037109375 0.72109375
vt 0.037109375 0.727734375
vt 0.03125 0.727734375
vt 0.04296875 0.727734375
vt 0.037109375 0.727734375
vt 0.037109375 0.72109375
vt 0.04124375 0.7230484374999999
vn -0.912963690626513 -0.3388222873923565 0.22736920891762902
vn 0.28888048738683825 -0.9566627032572866 -0.03666791790657776
vn 0.3292003226019238 -0.001571207825846813 0.9442587986906754
vn 0.5978353371951715 0.14613499049864706 -0.7881861925666399
vn 0.9107513695364887 0.14930705732763383 0.38501863009414655
vn -0.28888048738683825 0.9566627032572866 0.03666791790657776
vn 0.9542126158610296 0.188633524879134 -0.23215442494883543
vn 0.28888048738683825 -0.9566627032572866 -0.03666791790657776
vn -0.8684338614443017 -0.30290550701734864 -0.39251863919501023
vn -0.28888048738683825 0.9566627032572866 0.03666791790657776
vn -0.3005962637988724 -0.09445037150774199 -0.9490632294595596
vn 0.28888048738683825 -0.9566627032572866 -0.03666791790657776
vn 0.28888048738683825 -0.9566627032572866 -0.03666791790657776
vn -0.5711735842101066 -0.237324269955282 0.7857721855542947
vn -0.28888048738683825 0.9566627032572866 0.03666791790657776
vn -0.28888048738683825 0.9566627032572866 0.03666791790657776
usemtl m_939b02b2-df4c-255e-486f-2d355257d222
f 606/2405/622 614/2406/622 617/2407/622 608/2408/622
f 612/2409/623 621/2410/623 620/2411/623 616/2412/623
f 610/2413/624 622/2414/624 621/2415/624 612/2416/624
f 613/2417/625 619/2418/625 618/2419/625 611/2420/625
f 612/2421/626 616/2422/626 615/2423/626 610/2424/626
f 611/2425/627 618/2426/627 623/2427/627 615/2428/627
f 611/2429/628 615/2430/628 616/2431/628 613/2432/628
f 616/2433/629 620/2434/629 619/2435/629 613/2436/629
f 609/2437/630 617/2438/630 614/2439/630 607/2440/630
f 614/2441/631 623/2442/631 618/2443/631 607/2444/631
f 607/2445/632 618/2446/632 619/2447/632 609/2448/632
f 609/2449/633 619/2450/633 620/2451/633 617/2452/633
f 617/2453/634 620/2454/634 621/2455/634 608/2456/634
f 608/2457/635 621/2458/635 622/2459/635 606/2460/635
f 606/2461/636 622/2462/636 623/2463/636 614/2464/636
f 615/2465/637 623/2466/637 622/2467/637 610/2468/637
o sphere
v 0.20058818392326486 0.25094253503793534 0.10204708125820579
v 0.1897551656462584 0.2868173864100836 0.10342212817970246
v 0.19742599532401037 0.2810746267036277 0.11398550518661063
v 0.20483403916410975 0.26468617698695784 0.11782422664374638
v 0.20339658013461623 0.2526771081613928 0.10816658478709368
v 0.2012228718552402 0.2825909180230678 0.10433849412388702
v 0.21020313653655473 0.2668303961196015 0.10418104659446775
v 0.20552818141430967 0.2535283353872874 0.10275151532707702
v 0.19954094941191206 0.2824793981182866 0.0939973658774822
v 0.20782507417793233 0.26667284918551637 0.0895563673664406
v 0.20458375704306803 0.25346564167835006 0.0969467396063136
v 0.19336601052205984 0.28080555986476136 0.08901969771217866
v 0.19909213191883104 0.26430559024331035 0.08251729092290958
v 0.20111783328094415 0.25252614171130483 0.09415265765910943
v 0.19037497550823723 0.27881888766620283 0.11728755698948443
v 0.1948622237430277 0.26149604741399246 0.12249356954116644
v 0.19943888592014078 0.2514109698630527 0.11002015754121176
v 0.18420003661838502 0.2771450494126776 0.11230988882418089
v 0.18612928148392638 0.2591287884717865 0.11545449309763543
v 0.1959729621580169 0.2504714698960075 0.1072260755940076
v 0.18251811417505687 0.27703352950789645 0.10196876057777607
v 0.183751219125304 0.25897124153770135 0.10082981386960828
v 0.19502853778677526 0.25040877618707014 0.10142129987324418
v 0.18631499070628668 0.27854982082733654 0.09232174951505245
v 0.189120316497749 0.261115460670345 0.08718663382032965
v 0.1971601390664687 0.2512600034129647 0.09600623041322752
vt 0.3125 0.4375
vt 0.3137465625 0.43519703125
vt 0.31605390625 0.43721343749999997
vt 0.37635734375 0.5
vt 0.375 0.4956071875
vt 0.3786765625 0.49515109375
vt 0.37895625 0.49967765625000005
vt 0.06505125 0.51476984375
vt 0.066710625 0.51127296875
vt 0.0681809375 0.51127296875
vt 0.0687559375 0.51476984375
vt 0.71930890625 0.62352609375
vt 0.71889796875 0.622114375
vt 0.72050203125 0.6227834375
vt 0.3137465625 0.43519703125
vt 0.31586171875 0.433653125
vt 0.31605390625 0.43721343749999997
vt 0.37895625 0.49967765625000005
vt 0.3786765625 0.49515109375
vt 0.38238125 0.49515109375
vt 0.381575 0.49967765625000005
vt 0.0687559375 0.51476984375
vt 0.0681809375 0.51127296875
vt 0.06957390625 0.5108021875
vt 0.072265625 0.51358359375
vt 0.72039421875 0.62451796875
vt 0.71930890625 0.62352609375
vt 0.72050203125 0.6227834375
vt 0.31586171875 0.433653125
vt 0.31788828125 0.433653125
vt 0.31605390625 0.43721406249999994
vt 0.34383125 0.546875
vt 0.34375 0.53125
vt 0.3466171875 0.53125
vt 0.34585625 0.546875
vt 0.15625 0.53125
vt 0.1564140625 0.515625
vt 0.1575515625 0.515625
vt 0.159115625 0.53125
vt 0.72153171875 0.62451796875
vt 0.72039421875 0.62451796875
vt 0.72050203125 0.62278203125
vt 0.56297109375 0.683653125
vt 0.56499765625 0.683653125
vt 0.56480546875 0.6872140625000001
vt 0.4539484375 0.8125
vt 0.4531875 0.796875
vt 0.4560546875 0.796875
vt 0.4559734375 0.8125
vt 0.4688140625 0.84375
vt 0.470378125 0.828125
vt 0.471515625 0.828125
vt 0.4716796875 0.84375
vt 0.40753546875 0.28076796875
vt 0.40639796875 0.28076796875
vt 0.40742765625 0.27903203125
vt 0.719653125 0.5276890624999999
vt 0.7216796875 0.5276890624999999
vt 0.7214875 0.53125
vt 0.2195734375 0.546875
vt 0.2188125 0.53125
vt 0.2216796875 0.53125
vt 0.2215984375 0.546875
vt 0.0625175 0.51343125
vt 0.0657046875 0.5107421875
vt 0.066710625 0.51127296875
vt 0.06505203125 0.5147684375
vt 0.71889796875 0.622114375
vt 0.7194 0.62109375
vt 0.72050328125 0.62278390625
vt 0.5 0.27768906250000003
vt 0.5020265625 0.27768906250000003
vt 0.5001921875 0.28125
vt 0.25 0.53125
vt 0.2528671875 0.53125
vt 0.25210625 0.546875
vt 0.25008125 0.546875
vt 0.48993 0.96439796875
vt 0.4909359375 0.9638671875
vt 0.494123125 0.96655625
vt 0.49158859375 0.9678934375
vt 0.4085296875 0.27734375
vt 0.40903171875 0.278364375
vt 0.40742640625 0.27903390625
vt 0.5671128125 0.68519703125
vt 0.568359375 0.6875
vt 0.56480546875 0.6872134375000001
vt 0.5041359375 0.62015109375
vt 0.5078125 0.6206071875
vt 0.50645515625 0.625
vt 0.50385625 0.62467765625
vt 0.4884596875 0.96439796875
vt 0.48993 0.96439796875
vt 0.491589375 0.96789484375
vt 0.4878846875 0.96789484375
vt 0.40903171875 0.278364375
vt 0.40862078125 0.27977609375
vt 0.40742765625 0.2790334375
vt 0.56499765625 0.683653125
vt 0.5671128125 0.68519703125
vt 0.56480546875 0.6872134375000001
vt 0.50043125 0.62015109375
vt 0.5041359375 0.62015109375
vt 0.50385625 0.62467765625
vt 0.5012375 0.62467765625
vt 0.48706671875 0.9639271875
vt 0.4884596875 0.96439796875
vt 0.4878846875 0.96789484375
vt 0.484375 0.96670859375
vt 0.40862078125 0.27977609375
vt 0.40753546875 0.28076796875
vt 0.40742765625 0.2790334375
vn 0.3144159203310308 0.9109824276617906 0.26693378492394243
vn 0.8027322548713286 0.4535497696242675 0.38718669071000655
vn 0.8906120733187107 -0.3449358973529723 0.2963601889192397
vn 0.45875832502954955 -0.8876120008020721 0.04105770631957754
vn 0.3497455009275782 0.9344486509702874 -0.06696120728248106
vn 0.8590510199525211 0.4909311779669412 -0.14497559663103582
vn 0.9377801481805209 -0.31354620502633807 -0.14918837418546416
vn 0.4701913882643704 -0.8800180579802689 -0.06699459702588284
vn 0.050394349679547354 0.92608665277949 -0.3739303692722162
vn 0.477972774362781 0.46063328301521145 -0.7479030722938463
vn 0.6231685941304922 -0.49277513671622025 -0.6073166949160351
vn 0.37503346822589084 -0.9134348483966154 -0.1580717414502418
vn -0.4533901071075249 0.7764067690760801 -0.43775557073539306
vn -0.4639184694717234 0.18076897490902658 -0.8672382783257169
vn -0.10094487962919663 -0.7078853851832602 -0.6990768289112397
vn 0.22360056600236933 -0.9584272233861969 -0.17725700086497378
vn -0.04214587181922556 0.8646206102723173 0.500654497414058
vn 0.3049463194725058 0.3456865435532543 0.8874167881251609
vn 0.4901710271160798 -0.581084118439178 0.6496719260316941
vn 0.3472186476608521 -0.9319097009038867 0.10480229042247853
vn -0.5459303286062979 0.7149407265689073 0.43682929595088116
vn -0.6369528919898978 0.06583796439867019 0.7680861773457099
vn -0.23394955547171176 -0.7962282800519215 0.5579320133673523
vn 0.19578574543733063 -0.9769020758934682 0.08561703100774655
vn -0.8064437084649557 0.5779627470706133 0.12493041293408004
vn -0.9839510751738972 -0.07729343018692066 0.1608291245828048
vn -0.604733337512333 -0.7892194082359189 0.1069126567107045
vn 0.09611034700889672 -0.9953586897761434 -0.004886704917319192
vn -0.7711141278684084 0.6014289703791103 -0.2089645792723435
vn -0.9276409311411559 -0.039914583252230275 -0.371334254971677
vn -0.5576505399181704 -0.7578550527201606 -0.3386467102977611
vn 0.10754341024371751 -0.9877647469543399 -0.11293900826277956
usemtl m_939b02b2-df4c-255e-486f-2d355257d222
f 626/2469/638 629/2470/638 625/2471/638
f 626/2472/639 627/2473/639 630/2474/639 629/2475/639
f 627/2476/640 628/2477/640 631/2478/640 630/2479/640
f 631/2480/641 628/2481/641 624/2482/641
f 629/2483/642 632/2484/642 625/2485/642
f 629/2486/643 630/2487/643 633/2488/643 632/2489/643
f 630/2490/644 631/2491/644 634/2492/644 633/2493/644
f 634/2494/645 631/2495/645 624/2496/645
f 632/2497/646 635/2498/646 625/2499/646
f 632/2500/647 633/2501/647 636/2502/647 635/2503/647
f 633/2504/648 634/2505/648 637/2506/648 636/2507/648
f 637/2508/649 634/2509/649 624/2510/649
f 635/2511/650 647/2512/650 625/2513/650
f 635/2514/651 636/2515/651 648/2516/651 647/2517/651
f 636/2518/652 637/2519/652 649/2520/652 648/2521/652
f 649/2522/653 637/2523/653 624/2524/653
f 638/2525/654 626/2526/654 625/2527/654
f 638/2528/655 639/2529/655 627/2530/655 626/2531/655
f 639/2532/656 640/2533/656 628/2534/656 627/2535/656
f 628/2536/657 640/2537/657 624/2538/657
f 641/2539/658 638/2540/658 625/2541/658
f 642/2542/659 639/2543/659 638/2544/659 641/2545/659
f 643/2546/660 640/2547/660 639/2548/660 642/2549/660
f 640/2550/661 643/2551/661 624/2552/661
f 644/2553/662 641/2554/662 625/2555/662
f 645/2556/663 642/2557/663 641/2558/663 644/2559/663
f 646/2560/664 643/2561/664 642/2562/664 645/2563/664
f 643/2564/665 646/2565/665 624/2566/665
f 647/2567/666 644/2568/666 625/2569/666
f 648/2570/667 645/2571/667 644/2572/667 647/2573/667
f 649/2574/668 646/2575/668 645/2576/668 648/2577/668
f 646/2578/669 649/2579/669 624/2580/669
o sphere
v 0.19691635764881915 0.2691611907796846 0.10327334560247292
v 0.19830024388197626 0.2319077985969407 0.09920891086042652
v 0.2057631987590864 0.2404855539962901 0.09068894249477077
v 0.20937120051715738 0.2587649266198849 0.08747340969167589
v 0.20129683015236036 0.26882738209877394 0.09792914152928364
v 0.20765153127739988 0.23943853086271621 0.1009285953460295
v 0.21003966780186367 0.2570808008059849 0.10313720703213129
v 0.20235657215950098 0.26823965565127583 0.1036768943416302
v 0.20390414780396812 0.23824133159726568 0.1106258309664579
v 0.2064878781101869 0.2552842168999513 0.11839481993996535
v 0.20025329810682962 0.2675676436369355 0.10912021832634457
v 0.1967154526783958 0.237595219134979 0.11410024884479025
v 0.1955034934953407 0.25448093206747974 0.12201745068317896
v 0.19621803692469555 0.2672049605317327 0.11107051007959265
v 0.19934458138196776 0.2407690694860033 0.08590487012398998
v 0.1993238956845766 0.25909287244639184 0.0810465821041954
v 0.19769383666547932 0.26898652699478354 0.09524369545810815
v 0.19215650816281693 0.24012297359579032 0.08937934785856057
v 0.18826804991597762 0.2582025864429957 0.08544230795985445
v 0.19365919738976678 0.2686238604616544 0.09719404706759446
v 0.1894638779802702 0.23895388056733632 0.09917809965902519
v 0.18377158437002356 0.2563808295570105 0.10060899924181882
v 0.1915553014306739 0.26795183187524035 0.10263731119607059
v 0.19029745720769867 0.23787875119676588 0.10931623633024769
v 0.18538472750900717 0.254721876723062 0.11636371820814394
v 0.19261566534423602 0.267364121999816 0.10838512386465539
vt 0.5625 0.625
vt 0.56377515625 0.6227162500000001
vt 0.56604125 0.62473140625
vt 0.50145703125 0.6875
vt 0.5 0.6830045312499999
vt 0.50393796875 0.68282296875
vt 0.50404078125 0.6872917187500001
vt 0.31551625 0.530595625
vt 0.317456875 0.526926875
vt 0.318925625 0.526926875
vt 0.319419375 0.5302534375
vt 0.46917640625 0.4946075
vt 0.46875 0.49320203124999995
vt 0.47034515625 0.49386921875
vt 0.56377515625 0.6227162500000001
vt 0.565894375 0.621183125
vt 0.56604125 0.62473140625
vt 0.50404109375 0.68730734375
vt 0.50393796875 0.68282296875
vt 0.50788015625 0.68282296875
vt 0.50663171875 0.6873682812499999
vt 0.31942328125 0.5302795312499999
vt 0.318925625 0.526926875
vt 0.3203315625 0.526501875
vt 0.3232421875 0.5294237500000001
vt 0.4702625 0.49559624999999996
vt 0.46917640625 0.4946075
vt 0.47034515625 0.49386921875
vt 0.565894375 0.621183125
vt 0.5678959375 0.621183125
vt 0.56604125 0.6247315625000001
vt 0.453425 0.96875
vt 0.453125 0.953125
vt 0.4560234375 0.953125
vt 0.4554109375 0.9686578125
vt 0.4701171875 0.4997446875
vt 0.4702625 0.49559624999999996
vt 0.4713859375 0.49559624999999996
vt 0.472990625 0.4994696875
vt 0.4713859375 0.49559624999999996
vt 0.4702625 0.49559624999999996
vt 0.4703453125 0.493868125
vt 0.7196765625 0.4652015625
vt 0.7216796875 0.4652015625
vt 0.7215328125 0.46875
vt 0.03189375 0.5467953125
vt 0.03128125 0.53125
vt 0.0341796875 0.53125
vt 0.0338796875 0.546875
vt 0.12505625 0.5466171875
vt 0.1266609375 0.53125
vt 0.127784375 0.53125
vt 0.1279296875 0.546875
vt 0.71875 0.5596090625
vt 0.71923078125 0.55859375
vt 0.72034671875 0.56027515625
vt 0.719678125 0.4027015625
vt 0.7216796875 0.4027015625
vt 0.7215328125 0.40625
vt 0.4079578125 0.562453125
vt 0.4071734375 0.546875
vt 0.41015625 0.546875
vt 0.40995625 0.5625
vt 0.31301203125 0.5289825
vt 0.3164828125 0.5263671875
vt 0.317456875 0.526926875
vt 0.31551671875 0.53059484375
vt 0.46875 0.49320203124999995
vt 0.46923265625 0.4921875
vt 0.47034609375 0.49386953125
vt 0.5625 0.2777015625
vt 0.564503125 0.2777015625
vt 0.562646875 0.28125
vt 0.4375 0.546875
vt 0.4404828125 0.546875
vt 0.4396984375 0.562453125
vt 0.4377015625 0.5625
vt 0.2871040625 0.5269270312500001
vt 0.288078125 0.5263671875
vt 0.29154859375 0.5289804687499999
vt 0.2890440625 0.53059328125
vt 0.721388125 0.56200203125
vt 0.7202646875 0.56200203125
vt 0.7203459375 0.56027390625
vt 0.44170234375 0.653451875
vt 0.44426015625 0.653439375
vt 0.44208953125 0.65625
vt 0.44145859375 0.64886125
vt 0.44543984375 0.64886125
vt 0.44426015625 0.653439375
vt 0.44170390625 0.653451875
vt 0.2856353125 0.5269270312500001
vt 0.2871040625 0.5269270312500001
vt 0.28904625 0.53059734375
vt 0.2850775 0.53039734375
vt 0.7202646875 0.56200203125
vt 0.71917765625 0.56101421875
vt 0.72034578125 0.56027484375
vt 0.4392371875 0.65413421875
vt 0.44170234375 0.653451875
vt 0.44208953125 0.65625
vt 0.4375 0.64928546875
vt 0.44145859375 0.64886125
vt 0.44170390625 0.653451875
vt 0.439160625 0.6537103125
vt 0.28424046875 0.52646734375
vt 0.2856353125 0.5269270312500001
vt 0.28507609375 0.5304065625000001
vt 0.28125 0.5293365624999999
vt 0.71917765625 0.56101421875
vt 0.71875 0.5596090625
vt 0.72034578125 0.56027484375
vn 0.6366981032409049 -0.7463795646555228 -0.19373453691602371
vn 0.9768983284294553 -0.2040135193707547 -0.06362499371862111
vn 0.7420805985246913 0.6667870267564276 -0.06863997554311137
vn 0.16148069851090846 0.9843273538827667 0.0708776721300836
vn 0.6058240492306357 -0.7836503255067917 0.13736589353582587
vn 0.9658571856900106 -0.15658198903534065 0.2064024650063774
vn 0.7754616805241757 0.5163463755485675 0.3633807954425757
vn 0.15144140795739036 0.9722080514674726 0.17854132467779962
vn 0.25838676724860554 -0.8929761076214738 0.368551149405367
vn 0.31073490918609886 -0.4328547412869073 0.8462154507916713
vn 0.2759480722962219 0.6644546927674492 0.6945161068364893
vn 0.03177530813876133 0.9687738661785283 0.24590145587652362
vn -0.27642843792823557 -0.9072215023611439 0.31707485607998775
vn -0.45332847014955163 -0.404862408133284 0.794090504056298
vn -0.4645159012700496 0.5923989977139723 0.658246462181723
vn -0.12914794202903776 0.9644846791559231 0.23041291791729193
vn 0.33963604048372875 -0.7948930301260977 -0.5027846762397258
vn 0.5207958226773417 -0.21823249258379246 -0.8253158730222606
vn 0.4010560774156819 0.7725214702156844 -0.4923053938600957
vn 0.05622207769186635 0.9982856919108014 -0.016271303149482445
vn -0.19517970107997037 -0.8091390723850829 -0.5542552172295189
vn -0.34171755244173757 -0.2412135016567483 -0.9083199661857699
vn -0.3401230395244888 0.7527539027610183 -0.5636292042315397
vn -0.10470119850780131 0.9939964734628594 -0.03175956193698969
vn -0.6021800228910424 -0.7563014116289736 -0.2557095907449808
vn -0.9159342304122852 -0.2630055205590743 -0.30313789224461135
vn -0.7494754220367436 0.6270814629627264 -0.2122626452567012
vn -0.22373907791598618 0.9740635093468972 0.03378024233351863
vn -0.6230729927355326 -0.781523136067486 -0.03164859419988022
vn -0.9470770185173523 -0.3145930863305127 0.06384599462241808
vn -0.8282747924207335 0.5210495740725678 0.20607816380972238
vn -0.23378230459178806 0.9619394552954148 0.1414861067586253
usemtl m_939b02b2-df4c-255e-486f-2d355257d222
f 652/2581/670 655/2582/670 651/2583/670
f 652/2584/671 653/2585/671 656/2586/671 655/2587/671
f 653/2588/672 654/2589/672 657/2590/672 656/2591/672
f 657/2592/673 654/2593/673 650/2594/673
f 655/2595/674 658/2596/674 651/2597/674
f 655/2598/675 656/2599/675 659/2600/675 658/2601/675
f 656/2602/676 657/2603/676 660/2604/676 659/2605/676
f 660/2606/677 657/2607/677 650/2608/677
f 658/2609/678 661/2610/678 651/2611/678
f 658/2612/679 659/2613/679 662/2614/679 661/2615/679
f 659/2616/680 660/2617/680 663/2618/680 662/2619/680
f 663/2620/681 660/2621/681 650/2622/681
f 661/2623/682 673/2624/682 651/2625/682
f 661/2626/683 662/2627/683 674/2628/683 673/2629/683
f 662/2630/684 663/2631/684 675/2632/684 674/2633/684
f 675/2634/685 663/2635/685 650/2636/685
f 664/2637/686 652/2638/686 651/2639/686
f 664/2640/687 665/2641/687 653/2642/687 652/2643/687
f 665/2644/688 666/2645/688 654/2646/688 653/2647/688
f 654/2648/689 666/2649/689 650/2650/689
f 667/2651/690 664/2652/690 651/2653/690
f 668/2654/691 665/2655/691 664/2656/691 667/2657/691
f 669/2658/692 666/2659/692 665/2660/692 668/2661/692
f 666/2662/693 669/2663/693 650/2664/693
f 670/2665/694 667/2666/694 651/2667/694
f 671/2668/695 668/2669/695 667/2670/695 670/2671/695
f 672/2672/696 669/2673/696 668/2674/696 671/2675/696
f 669/2676/697 672/2677/697 650/2678/697
f 673/2679/698 670/2680/698 651/2681/698
f 674/2682/699 671/2683/699 670/2684/699 673/2685/699
f 675/2686/700 672/2687/700 671/2688/700 674/2689/700
f 672/2690/701 675/2691/701 650/2692/701
o sphere
v 0.20514376690848604 0.2142555061287443 0.10176353892161467
v 0.20478473703910266 0.226747453433731 0.10203528185703485
v 0.20244294321881043 0.22507708095083778 0.09150999045802198
v 0.20157794707670984 0.22072713054097212 0.08707023774852501
v 0.20269677697579983 0.21624415016463597 0.0913181831573123
v 0.20007726334504386 0.22479110252223264 0.10153717439227557
v 0.19823276570056836 0.2203221384625974 0.10125121725263261
v 0.20033109710203326 0.21595817173603082 0.10134536709156589
v 0.2005002118653388 0.2245794332721019 0.11183275369874757
v 0.19883044797204485 0.22002283422135543 0.11581175304769051
v 0.20075410328877635 0.21574657210009446 0.11164032796983292
v 0.20346357401058188 0.22456610745946506 0.11636610555955187
v 0.20324155790227713 0.22005991740223535 0.11992045784541594
v 0.20371746543401942 0.21573324628745763 0.11617367983063723
v 0.20723172697178885 0.22475880939783935 0.11248063762133723
v 0.20835059147255644 0.2202765195255673 0.11672803234249858
v 0.2074856183952264 0.21592594822583192 0.11228821189242258
v 0.20959740684555545 0.2250447878264445 0.10245345368708364
v 0.21169579591346846 0.22068089071407232 0.10254698509781195
v 0.20985124060254484 0.21621185704024265 0.10226164638637396
v 0.2091744583252605 0.22525645707657524 0.09215787438061164
v 0.21109809057722143 0.22098081584518398 0.08798651704333309
v 0.2094282920822499 0.21642352629037342 0.09196606707990196
v 0.20621107311524686 0.22527040377908178 0.08762459026038637
v 0.2069069890957195 0.22099978315694047 0.08157640567507574
v 0.2064649299370068 0.21643685210301022 0.08743271521909765
vt 0.37613546875 0.46772953125000005
vt 0.37856828125 0.46688578125
vt 0.378830625 0.46813906250000004
vt 0.62784484375 0.31208437499999997
vt 0.626823125 0.31089390625
vt 0.63046671875 0.31083000000000005
vt 0.63041984375 0.3120396875
vt 0.5646496875 0.56119265625
vt 0.565760625 0.56008484375
vt 0.5683246875 0.56032859375
vt 0.5682778125 0.56153953125
vt 0.0041425 0.29581640625000005
vt 0.0015728125 0.29602078125
vt 0.00387796875 0.29456375
vt 0.37856828125 0.46688578125
vt 0.3811359375 0.46668171875
vt 0.378830625 0.46813906250000004
vt 0.63041984375 0.312039375
vt 0.63046671875 0.31083000000000005
vt 0.63409484375 0.31117531249999997
vt 0.63298390625 0.31228468750000005
vt 0.5682778125 0.561538125
vt 0.5683246875 0.56032859375
vt 0.57089984375 0.5602835937499999
vt 0.5719215625 0.5614742187499999
vt 0.00657515625 0.29496750000000005
vt 0.0041425 0.29581640625000005
vt 0.00387796875 0.29456359374999996
vt 0.3811359375 0.46668171875
vt 0.3823609375 0.46725671874999997
vt 0.3788296875 0.46813953124999996
vt 0.3811359375 0.46668171875
vt 0.3823075 0.46563828124999995
vt 0.383544375 0.4664975
vt 0.382343125 0.4672484375
vt 0.5719209375 0.5614734375
vt 0.57089984375 0.5602835937499999
vt 0.57218796875 0.55986859375
vt 0.5732421875 0.5608020312499999
vt 0.0074646875 0.2939453125
vt 0.00657515625 0.29496750000000005
vt 0.00387828125 0.29456359374999996
vt 0.062848125 0.29538171874999997
vt 0.064073125 0.29480671875
vt 0.066379375 0.29626453124999996
vt 0.40785625 0.24991093750000004
vt 0.4072109375 0.24862656250000004
vt 0.4087140625 0.24852656250000005
vt 0.4091796875 0.25
vt 0.5625 0.59210359375
vt 0.56355390625 0.5911299999999999
vt 0.56484609375 0.5915335937499999
vt 0.5638453125 0.59269984375
vt 0.68873734375 0.31059250000000005
vt 0.6878478125 0.3095703125
vt 0.69143421875 0.31018859374999996
vt 0.064073125 0.29480671875
vt 0.06664078125 0.29501078125
vt 0.0663784375 0.29626406250000004
vt 0.65803296875 0.31228625
vt 0.65692203125 0.311176875
vt 0.66055015625 0.3108315625
vt 0.66059703125 0.31204093749999995
vt 0.563824375 0.5927242187499999
vt 0.56484609375 0.5915335937499999
vt 0.56742125 0.59157859375
vt 0.56746796875 0.592788125
vt 0.69117 0.31144140625000005
vt 0.68873734375 0.31059250000000005
vt 0.69143453125 0.31018859374999996
vt 0.06664078125 0.29501078125
vt 0.06907359375 0.29585453125000005
vt 0.0663784375 0.29626406250000004
vt 0.66059703125 0.31204109375
vt 0.66055015625 0.3108315625
vt 0.66419375 0.3108953125
vt 0.66317203125 0.3120859375
vt 0.567468125 0.59278953125
vt 0.56742125 0.59157859375
vt 0.5699853125 0.59133484375
vt 0.57109625 0.59244265625
vt 0.6937396875 0.31164578125
vt 0.69117 0.31144140625000005
vt 0.69143453125 0.31018875
vt 0.06907359375 0.29585453125000005
vt 0.069964375 0.296875
vt 0.0663771875 0.29626421875
vt 0.66317234375 0.31208562500000003
vt 0.66419375 0.3108953125
vt 0.666015625 0.31147984375000004
vt 0.66446234375 0.3125
vt 0.57109640625 0.59244296875
vt 0.5699853125 0.59133484375
vt 0.57123640625 0.5908203125
vt 0.5728675 0.591715625
vt 0.6949646875 0.31107078125
vt 0.6937396875 0.31164578125
vt 0.6914334375 0.31018796875
vt 0.3752446875 0.46875
vt 0.37613546875 0.46772953125000005
vt 0.378831875 0.46813921875
vt 0.626555625 0.3125
vt 0.625 0.31147953125000005
vt 0.626823125 0.31089390625
vt 0.62784546875 0.31208515625
vt 0.56287875 0.56046421875
vt 0.56450953125 0.5595703125
vt 0.565760625 0.56008484375
vt 0.564649375 0.56119296875
vt 0.0015728125 0.29602078125
vt 0.0003478125 0.29544578125
vt 0.0038790625 0.29456296875
vn -0.3773466216888065 0.9239488053345452 -0.06267481328980239
vn -0.9007522960666083 0.38476789601003214 -0.20149185425407712
vn -0.8774435523505629 -0.4266759817324825 -0.2191812470332422
vn -0.3237667950448492 -0.940490886402073 -0.10320830887593252
vn -0.38667106218449404 0.921559696559698 0.034831240947063545
vn -0.9244235643435404 0.37861585926180347 0.04572859938627882
vn -0.9011108078385093 -0.4326752621360423 0.028132357386757824
vn -0.33308493328546895 -0.9428796367836596 -0.005693659361863669
vn -0.19457596030969437 0.9722281788383744 0.13004831387672142
vn -0.5128875585343616 0.6635549868967195 0.5446477133571352
vn -0.6202878959106795 -0.6726340657887995 0.403492676175332
vn -0.1382652156619263 -0.9865240728076188 0.0874813346321907
vn 0.11464426865380174 0.9804680365515324 0.15980963977688642
vn 0.4268034752418342 0.5470079898610826 0.7201534923539777
vn 0.6503795174135736 -0.4551210656839938 0.6081704521756652
vn 0.17091830702617497 -0.9782851932144481 0.11723912768643463
vn 0.3237667950448491 0.9404908864020729 0.10320830887593252
vn 0.8774438417926326 0.4266916415567471 0.2191496007885807
vn 0.9007420186903062 -0.3847639234134824 0.20154537703746966
vn 0.37734571647993737 -0.923948639000121 0.06268271487473344
vn 0.33308430586136917 0.9428798105202741 0.005701587682571564
vn 0.9011028506458197 0.43269541384382443 -0.028077239830498292
vn 0.924418609965094 -0.3786241751400664 -0.045759890184612295
vn 0.3866710621844941 -0.9215596965596982 -0.034831240947063524
vn 0.13837303225818104 0.9865145048799077 -0.08741873715186642
vn 0.6202004157627409 0.67270251305949 -0.4035130397040103
vn 0.6574095677134989 -0.6177184401965966 -0.4315513746007937
vn 0.19457596030969443 -0.9722281788383744 -0.1300483138767214
vn -0.1710354199455203 0.9782696315417282 -0.11719817885646153
vn -0.566598038322442 0.6409826027351236 -0.5177914309449967
vn -0.5296379556855128 -0.6492572562954796 -0.5458467285281986
vn -0.11464426865380177 -0.9804680365515324 -0.15980963977688642
usemtl m_939b02b2-df4c-255e-486f-2d355257d222
f 678/2693/702 681/2694/702 677/2695/702
f 678/2696/703 679/2697/703 682/2698/703 681/2699/703
f 679/2700/704 680/2701/704 683/2702/704 682/2703/704
f 683/2704/705 680/2705/705 676/2706/705
f 681/2707/706 684/2708/706 677/2709/706
f 681/2710/707 682/2711/707 685/2712/707 684/2713/707
f 682/2714/708 683/2715/708 686/2716/708 685/2717/708
f 686/2718/709 683/2719/709 676/2720/709
f 684/2721/710 687/2722/710 677/2723/710
f 684/2724/711 685/2725/711 688/2726/711 687/2727/711
f 685/2728/712 686/2729/712 689/2730/712 688/2731/712
f 689/2732/713 686/2733/713 676/2734/713
f 687/2735/714 690/2736/714 677/2737/714
f 687/2738/715 688/2739/715 691/2740/715 690/2741/715
f 688/2742/716 689/2743/716 692/2744/716 691/2745/716
f 692/2746/717 689/2747/717 676/2748/717
f 690/2749/718 693/2750/718 677/2751/718
f 690/2752/719 691/2753/719 694/2754/719 693/2755/719
f 691/2756/720 692/2757/720 695/2758/720 694/2759/720
f 695/2760/721 692/2761/721 676/2762/721
f 693/2763/722 696/2764/722 677/2765/722
f 693/2766/723 694/2767/723 697/2768/723 696/2769/723
f 694/2770/724 695/2771/724 698/2772/724 697/2773/724
f 698/2774/725 695/2775/725 676/2776/725
f 696/2777/726 699/2778/726 677/2779/726
f 696/2780/727 697/2781/727 700/2782/727 699/2783/727
f 697/2784/728 698/2785/728 701/2786/728 700/2787/728
f 701/2788/729 698/2789/729 676/2790/729
f 699/2791/730 678/2792/730 677/2793/730
f 699/2794/731 700/2795/731 679/2796/731 678/2797/731
f 700/2798/732 701/2799/732 680/2800/732 679/2801/732
f 680/2802/733 701/2803/733 676/2804/733
o Palm
v 0.1882220288407857 0.25820136010954187 0.08543787859822552
v 0.18533870643381525 0.2547206503896082 0.116359288846515
v 0.20041105553567556 0.22121696926314907 0.08258686544234256
v 0.19701197346006194 0.22035730792587302 0.118141344041085
v 0.2093668471722068 0.2587648106153691 0.08747299069800829
v 0.20648352476523632 0.2552841008954354 0.11839440094629776
v 0.21284918396592326 0.22154841073716508 0.08378399020692065
v 0.20945010189030963 0.22068874939988903 0.1193384688056631
v 0.19929901942771608 0.25909220956344386 0.08104418785466624
v 0.20753275724157413 0.22176605605309344 0.07997894545999837
v 0.202926674161906 0.22015560494484482 0.12200397048918349
v 0.1954786172384802 0.2544802691845318 0.12201505643364981
v 0.21003966780186367 0.257080800805985 0.1031372070321313
v 0.21341081844984733 0.2203909452654831 0.09458420134841374
v 0.2062352621584374 0.2201997366791233 0.09389358007172864
v 0.1978631579120377 0.21997664342296314 0.09308779539269112
v 0.18360864488758732 0.25637648767370097 0.10059331690740285
v 0.1978453557312094 0.25671330789363517 0.10235353520285984
v 0.21461985238120185 0.2385592813017142 0.10146486730132454
v 0.21216803443832039 0.2403863667570793 0.08388353738643306
v 0.20045188232971708 0.24035015030501064 0.08022629182593335
v 0.18887701704626006 0.23976572602491064 0.08164186140852235
v 0.19242171615966716 0.22864519558437424 0.09827896998001515
v 0.19217836704253305 0.22830005263872502 0.1157758010361631
v 0.19619487279021894 0.23576912402158512 0.12076515203575933
v 0.20896201058756178 0.23651609600529067 0.1182656718697111
vt 0.322265 0.7094325
vt 0.321341875 0.7116465625
vt 0.3170078125 0.7110528125
vt 0.31609515625 0.70833171875
vt 0.34906046875 0.76055203125
vt 0.34459796875 0.76055203125
vt 0.34393234375 0.75664109375
vt 0.35006359375 0.75591453125
vt 0.43812890625 0.748828125
vt 0.43759765625 0.744921875
vt 0.44065234375 0.7450203125
vt 0.44078515625 0.75
vt 0.439453125 0.5205078125
vt 0.439303125 0.5275828124999999
vt 0.4375 0.5275828124999999
vt 0.437890625 0.5213281249999999
vt 0.314053125 0.5530937499999999
vt 0.3157109375 0.55778125
vt 0.3126421875 0.55778125
vt 0.3125 0.5530984375
vt 0.5349984375 0.9913296875
vt 0.53515625 0.99529375
vt 0.5318984375 0.99529375
vt 0.5332640625 0.991271875
vt 0.3159015625 0.5529489062499999
vt 0.31862234375 0.5576876562499999
vt 0.3157046875 0.5577634375
vt 0.314053125 0.5530937499999999
vt 0.441015625 0.5213265625
vt 0.44140625 0.5275828124999999
vt 0.439303125 0.5275828124999999
vt 0.439453125 0.5205078125
vt 0.0046528125 0.5068359375
vt 0.0029909375 0.51076078125
vt 0.001503125 0.5088025
vt 0.0028903125 0.5068515625000001
vt 0.44078515625 0.75
vt 0.44065234375 0.7450203125
vt 0.44423828125 0.744921875
vt 0.44344140625 0.748828125
vt 0.353515625 0.76032453125
vt 0.34906046875 0.76055203125
vt 0.35008953125 0.75579484375
vt 0.35279609375 0.75567234375
vt 0.437890625 0.5302734375
vt 0.4375 0.5275828124999999
vt 0.439303125 0.5275828124999999
vt 0.439303125 0.5310984375000001
vt 0.439303125 0.5310984375000001
vt 0.439303125 0.5275828124999999
vt 0.44140625 0.5275828124999999
vt 0.441015625 0.5302734375
vt 0.31601421875 0.70836
vt 0.31700703125 0.7110531250000001
vt 0.3125 0.7133965625
vt 0.31334375 0.7080078125
vt 0.44344140625 0.741015625
vt 0.44423828125 0.744921875
vt 0.44065234375 0.7450203125
vt 0.44078515625 0.7396484375
vt 0.44078515625 0.7396484375
vt 0.44065234375 0.7450203125
vt 0.43759765625 0.744921875
vt 0.43812890625 0.741015625
vt 0.34883328125 0.765334375
vt 0.34906046875 0.76055203125
vt 0.35350203125 0.7609671875
vt 0.352748125 0.765625
vt 0.3130296875 0.5625
vt 0.3126421875 0.55778125
vt 0.3157109375 0.55778125
vt 0.3159109375 0.5624109374999999
vt 0.315903125 0.5624582812500001
vt 0.3157046875 0.5577634375
vt 0.31862234375 0.5576876562499999
vt 0.31878984375 0.56233171875
vt 0.3129390625 0.7180856250000001
vt 0.3125 0.7133965625
vt 0.3170078125 0.7110528125
vt 0.316503125 0.718110625
vt 0.31648734375 0.71833234375
vt 0.3170078125 0.7110528125
vt 0.32134390625 0.711646875
vt 0.32045671875 0.71840359375
vt 0 0.5154603125
vt 0.001503125 0.5088025
vt 0.002990625 0.5107603125
vt 0.0028640625 0.5154259375
vt 0.53193125 0.999984375
vt 0.5318984375 0.99529375
vt 0.53515625 0.99529375
vt 0.5348125 1
vt 0.34490890625 0.76527390625
vt 0.34459796875 0.76055203125
vt 0.34906046875 0.76055203125
vt 0.34883390625 0.76531921875
vn -0.8510934930186675 -0.5245452511024694 -0.022184356811292816
vn 0.9445693562759755 0.05111114950533544 0.3243090834075307
vn -0.0369036328841898 0.9934237915398374 0.10838492645457067
vn 0.026488810279801177 -0.9996479108075066 0.0015483372203659866
vn 0.2952804253365071 0.12511376915715813 -0.947183200431881
vn 0.187557100824753 0.0721823211536737 0.9795979003872363
vn -0.11445288833499484 -0.1214022988681881 -0.9859827676898295
vn 0.025091625340950593 -0.9995564696280272 0.01603977439068713
vn -0.598835921087531 -0.19659021202620985 0.7763683585455672
vn -0.0369036328841898 0.9934237915398374 0.10838492645457067
vn 0.9901440003803502 -0.013081678919046429 -0.1394407694594949
vn 0.0369036328841898 -0.9934237915398374 -0.10838492645457067
vn 0.0369036328841898 -0.9934237915398374 -0.10838492645457067
vn -0.8728034764357878 -0.4707907075470381 -0.12872529358662357
vn -0.0369036328841898 0.9934237915398374 0.10838492645457067
vn -0.0369036328841898 0.9934237915398374 0.10838492645457067
vn 0.9627008124389119 0.24786245674470234 -0.10849584446392198
vn 0.28964215344043287 0.22580565411397524 -0.9301178578656302
vn -0.12309116854149825 0.03570810313990887 -0.9917527391427957
vn -0.9841056396213579 -0.06868374440087374 0.16376395610913239
vn -0.9533159487279717 -0.30136344143481186 -0.01920359517002704
vn -0.6198209305267051 -0.17733920754714663 0.7644428164013053
vn 0.19506798222309343 -0.05793521746209267 0.979077112840981
vn 0.9361418661993243 0.12136249421429908 0.33001447142046775
usemtl m_939b02b2-df4c-255e-486f-2d355257d222
f 705/2805/734 725/2806/734 724/2807/734 717/2808/734
f 720/2809/735 727/2810/735 709/2811/735 715/2812/735
f 707/2813/736 714/2814/736 719/2815/736 713/2816/736
f 712/2817/737 716/2818/737 715/2819/737 709/2820/737
f 711/2821/738 722/2822/738 721/2823/738 708/2824/738
f 709/2825/739 727/2826/739 726/2827/739 712/2828/739
f 704/2829/740 723/2830/740 722/2831/740 711/2832/740
f 705/2833/741 717/2834/741 716/2835/741 712/2836/741
f 712/2837/742 726/2838/742 725/2839/742 705/2840/742
f 713/2841/743 719/2842/743 718/2843/743 703/2844/743
f 721/2845/744 720/2846/744 715/2847/744 708/2848/744
f 708/2849/745 715/2850/745 716/2851/745 711/2852/745
f 711/2853/746 716/2854/746 717/2855/746 704/2856/746
f 717/2857/747 724/2858/747 723/2859/747 704/2860/747
f 702/2861/748 718/2862/748 719/2863/748 710/2864/748
f 710/2865/749 719/2866/749 714/2867/749 706/2868/749
f 714/2869/750 720/2870/750 721/2871/750 706/2872/750
f 706/2873/751 721/2874/751 722/2875/751 710/2876/751
f 710/2877/752 722/2878/752 723/2879/752 702/2880/752
f 702/2881/753 723/2882/753 724/2883/753 718/2884/753
f 718/2885/754 724/2886/754 725/2887/754 703/2888/754
f 703/2889/755 725/2890/755 726/2891/755 713/2892/755
f 713/2893/756 726/2894/756 727/2895/756 707/2896/756
f 707/2897/757 727/2898/757 720/2899/757 714/2900/757
o sphere
v 0.19502197457042011 0.2429431194241673 0.08614541126988748
v 0.1969609530861133 0.25454788258201994 0.09036676583516934
v 0.19379998528284412 0.25457017122480613 0.08633668070533357
v 0.1919226183598835 0.25118059056523695 0.08343080477810041
v 0.19242893357439744 0.24636444319588852 0.08335176089222278
v 0.19199154087583084 0.25375311308571824 0.08941348954512077
v 0.1893654776924842 0.25002496181963746 0.08778226079126163
v 0.19062048916738417 0.24554738505680063 0.08642856973200996
v 0.19292800794635348 0.25240601962684256 0.09268658845156726
v 0.1906894116833315 0.24811990757728186 0.09241125449903032
v 0.1915569562379068 0.24420029159792497 0.08970166863845645
v 0.19606038634421405 0.25131802352357485 0.09423877331954875
v 0.19511948649177605 0.24658134940513007 0.09460599629876208
v 0.19468933463576737 0.24311229549465727 0.09125385350643796
v 0.19955399408213598 0.2511265588102987 0.09316041621283404
v 0.20006030929664992 0.24631041144095026 0.0930813723269564
v 0.1981829423736893 0.2429208307813811 0.09017549639972325
v 0.20136243848914925 0.2519436169493866 0.09008360737304685
v 0.2026174499640492 0.24746604018654977 0.08872991631379519
v 0.19999138678070258 0.24373788892046902 0.08709868755993605
v 0.20042597141862661 0.2532907104082623 0.08681050846660036
v 0.20129351597320191 0.24937109442890537 0.0841009226060265
v 0.19905491971017994 0.24508498237934465 0.08382558865348956
v 0.19729359302076604 0.25437870651153 0.08525832359861886
v 0.19686344116475737 0.2509096526010572 0.08190618080629473
v 0.19592254131231937 0.24617297848261235 0.08227340378550807
vt 0.65742125 0.27898421875
vt 0.658103125 0.2795953125
vt 0.6569634375 0.28018109375
vt 0.0008484375 0.421875
vt 0.000659375 0.40625
vt 0.001953125 0.40625
vt 0.0017640625 0.421875
vt 0.094409375 0.421875
vt 0.0945984375 0.40625
vt 0.0955140625 0.40625
vt 0.095703125 0.421875
vt 0.34385 0.26435
vt 0.34375 0.26343984374999996
vt 0.3449896875 0.26376421875
vt 0.658103125 0.2795953125
vt 0.658203125 0.28050546875000004
vt 0.6569634375 0.28018109375
vt 0.5626890625 0.46875
vt 0.5625 0.453125
vt 0.56379375 0.453125
vt 0.5636046875 0.46875
vt 0.578125 0.96875
vt 0.5783140625 0.953125
vt 0.5792296875 0.953125
vt 0.57941875 0.96875
vt 0.344531875 0.26496109375
vt 0.34385 0.26435
vt 0.3449896875 0.26376421875
vt 0.658203125 0.28050546875000004
vt 0.65767015625 0.28125
vt 0.6569634375 0.28018109375
vt 0.2189390625 0.421875
vt 0.21875 0.40625
vt 0.22004375 0.40625
vt 0.2198546875 0.421875
vt 0.59375 0.9375
vt 0.5939390625 0.921875
vt 0.5948546875 0.921875
vt 0.59504375 0.9375
vt 0.3454475 0.26496109375
vt 0.344531875 0.26496109375
vt 0.3449896875 0.26376421875
vt 0.719005625 0.37273421875
vt 0.71992125 0.37273421875
vt 0.7194634375 0.37393109375
vt 0.1883484375 0.421875
vt 0.188159375 0.40625
vt 0.189453125 0.40625
vt 0.1892640625 0.421875
vt 0.344409375 0.421875
vt 0.3445984375 0.40625
vt 0.3455140625 0.40625
vt 0.345703125 0.421875
vt 0.75 0.99781484375
vt 0.75053296875 0.9970703125
vt 0.7512396875 0.99813921875
vt 0.71992125 0.37273421875
vt 0.720603125 0.3733453125
vt 0.7194634375 0.37393109375
vt 0.0320984375 0.421875
vt 0.031909375 0.40625
vt 0.033203125 0.40625
vt 0.0330140625 0.421875
vt 0.125659375 0.421875
vt 0.1258484375 0.40625
vt 0.1267640625 0.40625
vt 0.126953125 0.421875
vt 0.7501 0.998725
vt 0.75 0.99781484375
vt 0.7512396875 0.99813921875
vt 0.720603125 0.3733453125
vt 0.720703125 0.37425546875000004
vt 0.7194634375 0.37393109375
vt 0.5626890625 0.4375
vt 0.5625 0.421875
vt 0.56379375 0.421875
vt 0.5636046875 0.4375
vt 0.0625 0.421875
vt 0.0626890625 0.40625
vt 0.0636046875 0.40625
vt 0.06379375 0.421875
vt 0.750781875 0.99933609375
vt 0.7501 0.998725
vt 0.7512396875 0.99813921875
vt 0.720703125 0.37425546875000004
vt 0.72017015625 0.375
vt 0.7194634375 0.37393109375
vt 0.2501890625 0.421875
vt 0.25 0.40625
vt 0.25129375 0.40625
vt 0.2511046875 0.421875
vt 0.59375 0.90625
vt 0.5939390625 0.890625
vt 0.5948546875 0.890625
vt 0.59504375 0.90625
vt 0.7516975 0.99933609375
vt 0.750781875 0.99933609375
vt 0.7512396875 0.99813921875
vt 0.656505625 0.27898421875
vt 0.65742125 0.27898421875
vt 0.6569634375 0.28018109375
vt 0.5789734375 0.8125
vt 0.578784375 0.796875
vt 0.580078125 0.796875
vt 0.5798890625 0.8125
vt 0.594409375 1
vt 0.5945984375 0.984375
vt 0.5955140625 0.984375
vt 0.595703125 1
vt 0.34375 0.26343984374999996
vt 0.34428296875 0.2626953125
vt 0.3449896875 0.26376421875
vn -0.18409246651635983 0.9714322743769501 0.1497641481488448
vn -0.7310807155875929 0.6298344381405178 -0.26235389806166726
vn -0.849773364380725 -0.08078605608809204 -0.5209211479012879
vn -0.47071376483187577 -0.7439927579414897 -0.47423973655569807
vn -0.2218489557993183 0.8777248313096113 0.42471421133895076
vn -0.82224363503111 0.4036042653731029 0.4012717304065472
vn -0.9409429751178865 -0.3069345349628962 0.14288984856668877
vn -0.5084702541148344 -0.8377002010088285 -0.19928967336559208
vn -0.045711958642111535 0.7723117929876567 0.6335968049550856
vn -0.3968973708907253 0.14911684338825135 0.9056691691771086
vn -0.5157004008769736 -0.5614951554683658 0.6471292660055521
vn -0.33233325695762744 -0.9431132393307827 0.00959292025054276
vn 0.24119225784996845 0.7169113294822378 0.6541134767096953
vn 0.29559108183916905 0.015337057017021094 0.9551914399842611
vn 0.17695386937708227 -0.6951783909000243 0.6967168240670892
vn -0.0454290404655476 -0.998513702836202 0.030109592005152466
vn 0.47071376483187577 0.7439927579414894 0.47423973655569795
vn 0.8498154668239455 0.08079162375362761 0.520851596789385
vn 0.7310349560079928 -0.6298618937234164 0.2624154872135862
vn 0.18409246651635972 -0.9714322743769501 -0.14976414814884484
vn 0.5084702541148343 0.8377002010088285 0.1992896733655921
vn 0.9409607290918955 0.3069161185370758 -0.1428124731561779
vn 0.8222295377622691 -0.40356396361071395 -0.4013411447958653
vn 0.2218489557993184 -0.8777248313096113 -0.42471421133895076
vn 0.33233325695762744 0.9431132393307827 -0.00959292025054287
vn 0.5156321221270778 0.5615092185058939 -0.6471714704493907
vn 0.3969619925042413 -0.14915279434314255 -0.9056349266932536
vn 0.04571195864211151 -0.7723117929876568 -0.6335968049550856
vn 0.04542904046554761 0.998513702836202 -0.030109592005152355
vn -0.1768739877783835 0.6951833268931576 -0.696732182733892
vn -0.29566730673269964 -0.015320107673585773 -0.9551681202962657
vn -0.24119225784996842 -0.7169113294822378 -0.6541134767096953
usemtl m_939b02b2-df4c-255e-486f-2d355257d222
f 730/2901/758 733/2902/758 729/2903/758
f 730/2904/759 731/2905/759 734/2906/759 733/2907/759
f 731/2908/760 732/2909/760 735/2910/760 734/2911/760
f 735/2912/761 732/2913/761 728/2914/761
f 733/2915/762 736/2916/762 729/2917/762
f 733/2918/763 734/2919/763 737/2920/763 736/2921/763
f 734/2922/764 735/2923/764 738/2924/764 737/2925/764
f 738/2926/765 735/2927/765 728/2928/765
f 736/2929/766 739/2930/766 729/2931/766
f 736/2932/767 737/2933/767 740/2934/767 739/2935/767
f 737/2936/768 738/2937/768 741/2938/768 740/2939/768
f 741/2940/769 738/2941/769 728/2942/769
f 739/2943/770 742/2944/770 729/2945/770
f 739/2946/771 740/2947/771 743/2948/771 742/2949/771
f 740/2950/772 741/2951/772 744/2952/772 743/2953/772
f 744/2954/773 741/2955/773 728/2956/773
f 742/2957/774 745/2958/774 729/2959/774
f 742/2960/775 743/2961/775 746/2962/775 745/2963/775
f 743/2964/776 744/2965/776 747/2966/776 746/2967/776
f 747/2968/777 744/2969/777 728/2970/777
f 745/2971/778 748/2972/778 729/2973/778
f 745/2974/779 746/2975/779 749/2976/779 748/2977/779
f 746/2978/780 747/2979/780 750/2980/780 749/2981/780
f 750/2982/781 747/2983/781 728/2984/781
f 748/2985/782 751/2986/782 729/2987/782
f 748/2988/783 749/2989/783 752/2990/783 751/2991/783
f 749/2992/784 750/2993/784 753/2994/784 752/2995/784
f 753/2996/785 750/2997/785 728/2998/785
f 751/2999/786 730/3000/786 729/3001/786
f 751/3002/787 752/3003/787 731/3004/787 730/3005/787
f 752/3006/788 753/3007/788 732/3008/788 731/3009/788
f 732/3010/789 753/3011/789 728/3012/789
o Thumb
v 0.19200448433873524 0.2511315960796647 0.08352789044589005
v 0.1907960900254167 0.24813249464124512 0.09232765173501656
v 0.1881265273073488 0.22792206976395937 0.07508518131532636
v 0.18691813299403026 0.22492296832553982 0.08388494260445285
v 0.20118683763111675 0.24935850736494203 0.08418452537004026
v 0.1999784433177982 0.2463594059265225 0.09298428665916675
v 0.1973088805997303 0.22614898104923672 0.07574181623947657
v 0.19610048628641177 0.22314987961081717 0.08454157752860306
v 0.20272518957601315 0.2474452359456303 0.08873762083023856
v 0.19884723254462672 0.224235709629925 0.08029491169967486
v 0.18537978104913386 0.22683623974485154 0.07933184714425456
v 0.1892577380805203 0.25004576606055684 0.08777455627481826
v 0.1951053079984998 0.24654615994825257 0.09470924683122117
v 0.19122735096711335 0.22333663363254727 0.08626653770065747
v 0.1921135067968803 0.22553597468738829 0.0798133794219647
v 0.19299966262664722 0.22773531574222927 0.07336022114327194
v 0.19687761965803366 0.2509448420579346 0.08180293027383564
v 0.1959914638282667 0.2487455010030936 0.08825608855252841
vt 0.015625 0.921875
vt 0 0.921875
vt 0 0.90625
vt 0.015625 0.90625
vt 0.078125 0.90625
vt 0.09375 0.90625
vt 0.09375 0.921875
vt 0.078125 0.921875
vt 0.159375 0.28070312500000005
vt 0.158203125 0.28125
vt 0.158203125 0.27953125
vt 0.159921875 0.27953125
vt 0.722421875 0.8415625
vt 0.720703125 0.8415625
vt 0.720703125 0.83984375
vt 0.721875 0.840390625
vt 0.046875 0.890625
vt 0.03125 0.890625
vt 0.03125 0.875
vt 0.046875 0.875
vt 0.0625 0.875
vt 0.078125 0.875
vt 0.078125 0.890625
vt 0.0625 0.890625
vt 0.109375 1
vt 0.09375 1
vt 0.09375 0.984375
vt 0.109375 0.984375
vt 0.721875 0.842734375
vt 0.720703125 0.84328125
vt 0.720703125 0.8415625
vt 0.722421875 0.8415625
vt 0 0.875
vt 0.015625 0.875
vt 0.015625 0.890625
vt 0 0.890625
vt 0.159921875 0.27953125
vt 0.158203125 0.27953125
vt 0.158203125 0.2778125
vt 0.159375 0.27835937499999996
vt 0.125 0.9375
vt 0.109375 0.9375
vt 0.109375 0.921875
vt 0.125 0.921875
vt 0.71953125 0.840390625
vt 0.720703125 0.83984375
vt 0.720703125 0.8415625
vt 0.718984375 0.8415625
vt 0.718984375 0.8415625
vt 0.720703125 0.8415625
vt 0.720703125 0.84328125
vt 0.71953125 0.842734375
vt 0.09375 0.875
vt 0.109375 0.875
vt 0.109375 0.890625
vt 0.09375 0.890625
vt 0.15703125 0.27835937499999996
vt 0.158203125 0.2778125
vt 0.158203125 0.27953125
vt 0.156484375 0.27953125
vt 0.156484375 0.27953125
vt 0.158203125 0.27953125
vt 0.158203125 0.28125
vt 0.15703125 0.28070312500000005
vn -0.9420699872562489 0.03610311377453144 0.3334676960168624
vn 0.8330540104047938 -0.30666874734494115 0.4604077487948858
vn 0.15511828125545724 0.9283810526282122 0.3377083652225481
vn -0.15511828125545724 -0.9283810526282122 -0.3377083652225481
vn -0.29739276711339857 0.3698718511818873 -0.8802001793750782
vn -0.5309984317950881 -0.20991164932613343 0.8209614880786673
vn 0.9420699872562489 -0.03610311377453144 -0.3334676960168624
vn -0.15511828125545724 -0.9283810526282122 -0.3377083652225481
vn -0.8330540104047938 0.30666874734494115 -0.4604077487948858
vn 0.15511828125545724 0.9283810526282122 0.3377083652225481
vn 0.29739276711339857 -0.3698718511818873 0.8802001793750782
vn -0.15511828125545724 -0.9283810526282122 -0.3377083652225481
vn -0.15511828125545724 -0.9283810526282122 -0.3377083652225481
vn 0.5309984317950881 0.20991164932613343 -0.8209614880786673
vn 0.15511828125545724 0.9283810526282122 0.3377083652225481
vn 0.15511828125545724 0.9283810526282122 0.3377083652225481
usemtl m_939b02b2-df4c-255e-486f-2d355257d222
f 755/3013/790 765/3014/790 764/3015/790 757/3016/790
f 761/3017/791 763/3018/791 762/3019/791 759/3020/791
f 755/3021/792 766/3022/792 771/3023/792 765/3024/792
f 764/3025/793 768/3026/793 767/3027/793 757/3028/793
f 754/3029/794 770/3030/794 769/3031/794 756/3032/794
f 757/3033/795 767/3034/795 766/3035/795 755/3036/795
f 758/3037/796 762/3038/796 763/3039/796 760/3040/796
f 756/3041/797 769/3042/797 768/3043/797 764/3044/797
f 756/3045/798 764/3046/798 765/3047/798 754/3048/798
f 765/3049/799 771/3050/799 770/3051/799 754/3052/799
f 759/3053/800 766/3054/800 767/3055/800 761/3056/800
f 761/3057/801 767/3058/801 768/3059/801 763/3060/801
f 763/3061/802 768/3062/802 769/3063/802 760/3064/802
f 760/3065/803 769/3066/803 770/3067/803 758/3068/803
f 758/3069/804 770/3070/804 771/3071/804 762/3072/804
f 762/3073/805 771/3074/805 766/3075/805 759/3076/805
o sphere
v 0.19114401753903368 0.219733593108462 0.07770270213932379
v 0.19308299605472687 0.23133835626631463 0.08192405670460565
v 0.18992202825145768 0.23136064490910083 0.07789397157476988
v 0.18804466132849706 0.22797106424953167 0.07498809564753672
v 0.188550976543011 0.2231549168801832 0.07490905176165909
v 0.1881135838444444 0.2305435867700129 0.08097078041455708
v 0.18548752066109778 0.22681543550393216 0.07933955166069794
v 0.18674253213599773 0.22233785874109532 0.07798586060144627
v 0.18905005091496704 0.22919649331113728 0.08424387932100356
v 0.18681145465194507 0.22491038126157656 0.08396854536846662
v 0.18767899920652037 0.22099076528221967 0.08125895950789276
v 0.1921824293128276 0.22810849720786958 0.08579606418898506
v 0.1912415294603896 0.22337182308942477 0.08616328716819839
v 0.19081137760438094 0.21990276917895196 0.08281114437587427
v 0.19567603705074954 0.2279170324945934 0.08471770708227035
v 0.19618235226526348 0.22310088512524495 0.08463866319639271
v 0.19430498534230287 0.2197113044656758 0.08173278726915956
v 0.19748448145776282 0.2287340906336813 0.08164089824248316
v 0.19873949293266277 0.22425651387084447 0.0802872071832315
v 0.19611342974931614 0.22052836260476372 0.07865597842937236
v 0.19654801438724018 0.23008118409255696 0.07836779933603667
v 0.19741555894181548 0.22616156811320007 0.07565821347546281
v 0.1951769626787935 0.22187545606363934 0.07538287952292587
v 0.1934156359893796 0.23116918019582466 0.07681561446805517
v 0.19298548413337094 0.22770012628535186 0.07346347167573104
v 0.19204458428093293 0.22296345216690705 0.07383069465494438
vt 0.68867125 0.27898421875
vt 0.689353125 0.2795953125
vt 0.6882134375 0.28018109375
vt 0.5945984375 0.84375
vt 0.594409375 0.828125
vt 0.595703125 0.828125
vt 0.5955140625 0.84375
vt 0.594409375 0.71875
vt 0.5945984375 0.703125
vt 0.5955140625 0.703125
vt 0.595703125 0.71875
vt 0.7501 0.936225
vt 0.75 0.93531484375
vt 0.7512396875 0.93563921875
vt 0.689353125 0.2795953125
vt 0.689453125 0.28050546875000004
vt 0.6882134375 0.28018109375
vt 0.5939390625 0.875
vt 0.59375 0.859375
vt 0.59504375 0.859375
vt 0.5948546875 0.875
vt 0.59375 0.75
vt 0.5939390625 0.734375
vt 0.5948546875 0.734375
vt 0.59504375 0.75
vt 0.750781875 0.93683609375
vt 0.7501 0.936225
vt 0.7512396875 0.93563921875
vt 0.689453125 0.28050546875000004
vt 0.68892015625 0.28125
vt 0.6882134375 0.28018109375
vt 0.3751890625 0.40625
vt 0.375 0.390625
vt 0.37629375 0.390625
vt 0.3761046875 0.40625
vt 0.4375 0.40625
vt 0.4376890625 0.390625
vt 0.4386046875 0.390625
vt 0.43879375 0.40625
vt 0.7516975 0.93683609375
vt 0.750781875 0.93683609375
vt 0.7512396875 0.93563921875
vt 0.719005625 0.34148421875
vt 0.71992125 0.34148421875
vt 0.7194634375 0.34268109375
vt 0.5945984375 0.6875
vt 0.594409375 0.671875
vt 0.595703125 0.671875
vt 0.5955140625 0.6875
vt 0.406909375 0.40625
vt 0.4070984375 0.390625
vt 0.4080140625 0.390625
vt 0.408203125 0.40625
vt 0.75 0.90406484375
vt 0.75053296875 0.9033203125
vt 0.7512396875 0.90438921875
vt 0.71992125 0.34148421875
vt 0.720603125 0.3420953125
vt 0.7194634375 0.34268109375
vt 0.5945984375 0.78125
vt 0.594409375 0.765625
vt 0.595703125 0.765625
vt 0.5955140625 0.78125
vt 0.313159375 0.40625
vt 0.3133484375 0.390625
vt 0.3142640625 0.390625
vt 0.314453125 0.40625
vt 0.7501 0.904975
vt 0.75 0.90406484375
vt 0.7512396875 0.90438921875
vt 0.720603125 0.3420953125
vt 0.720703125 0.34300546875000004
vt 0.7194634375 0.34268109375
vt 0.1564390625 0.40625
vt 0.15625 0.390625
vt 0.15754375 0.390625
vt 0.1573546875 0.40625
vt 0.28125 0.40625
vt 0.2814390625 0.390625
vt 0.2823546875 0.390625
vt 0.28254375 0.40625
vt 0.750781875 0.90558609375
vt 0.7501 0.904975
vt 0.7512396875 0.90438921875
vt 0.720703125 0.34300546875000004
vt 0.72017015625 0.34375
vt 0.7194634375 0.34268109375
vt 0.5939390625 0.625
vt 0.59375 0.609375
vt 0.59504375 0.609375
vt 0.5948546875 0.625
vt 0.59375 0.5625
vt 0.5939390625 0.546875
vt 0.5948546875 0.546875
vt 0.59504375 0.5625
vt 0.7516975 0.90558609375
vt 0.750781875 0.90558609375
vt 0.7512396875 0.90438921875
vt 0.687755625 0.27898421875
vt 0.68867125 0.27898421875
vt 0.6882134375 0.28018109375
vt 0.5945984375 0.65625
vt 0.594409375 0.640625
vt 0.595703125 0.640625
vt 0.5955140625 0.65625
vt 0.594409375 0.59375
vt 0.5945984375 0.578125
vt 0.5955140625 0.578125
vt 0.595703125 0.59375
vt 0.75 0.93531484375
vt 0.75053296875 0.9345703125
vt 0.7512396875 0.93563921875
vn -0.18409246651635983 0.9714322743769501 0.1497641481488448
vn -0.7310807155875929 0.6298344381405178 -0.26235389806166726
vn -0.849773364380725 -0.08078605608809204 -0.5209211479012879
vn -0.47071376483187577 -0.7439927579414897 -0.47423973655569807
vn -0.2218489557993183 0.8777248313096113 0.42471421133895076
vn -0.82224363503111 0.4036042653731029 0.4012717304065472
vn -0.9409429751178865 -0.3069345349628962 0.14288984856668877
vn -0.5084702541148344 -0.8377002010088285 -0.19928967336559208
vn -0.045711958642111535 0.7723117929876567 0.6335968049550856
vn -0.3968973708907253 0.14911684338825135 0.9056691691771086
vn -0.5157004008769736 -0.5614951554683658 0.6471292660055521
vn -0.33233325695762744 -0.9431132393307827 0.00959292025054276
vn 0.24119225784996845 0.7169113294822378 0.6541134767096953
vn 0.29559108183916905 0.015337057017021094 0.9551914399842611
vn 0.17695386937708227 -0.6951783909000243 0.6967168240670892
vn -0.0454290404655476 -0.998513702836202 0.030109592005152466
vn 0.47071376483187577 0.7439927579414894 0.47423973655569795
vn 0.8498154668239455 0.08079162375362761 0.520851596789385
vn 0.7310349560079928 -0.6298618937234164 0.2624154872135862
vn 0.18409246651635972 -0.9714322743769501 -0.14976414814884484
vn 0.5084702541148343 0.8377002010088285 0.1992896733655921
vn 0.9409607290918955 0.3069161185370758 -0.1428124731561779
vn 0.8222295377622691 -0.40356396361071395 -0.4013411447958653
vn 0.2218489557993184 -0.8777248313096113 -0.42471421133895076
vn 0.33233325695762744 0.9431132393307827 -0.00959292025054287
vn 0.5156321221270778 0.5615092185058939 -0.6471714704493907
vn 0.3969619925042413 -0.14915279434314255 -0.9056349266932536
vn 0.04571195864211151 -0.7723117929876568 -0.6335968049550856
vn 0.04542904046554761 0.998513702836202 -0.030109592005152355
vn -0.1768739877783835 0.6951833268931576 -0.696732182733892
vn -0.29566730673269964 -0.015320107673585773 -0.9551681202962657
vn -0.24119225784996842 -0.7169113294822378 -0.6541134767096953
usemtl m_939b02b2-df4c-255e-486f-2d355257d222
f 774/3077/806 777/3078/806 773/3079/806
f 774/3080/807 775/3081/807 778/3082/807 777/3083/807
f 775/3084/808 776/3085/808 779/3086/808 778/3087/808
f 779/3088/809 776/3089/809 772/3090/809
f 777/3091/810 780/3092/810 773/3093/810
f 777/3094/811 778/3095/811 781/3096/811 780/3097/811
f 778/3098/812 779/3099/812 782/3100/812 781/3101/812
f 782/3102/813 779/3103/813 772/3104/813
f 780/3105/814 783/3106/814 773/3107/814
f 780/3108/815 781/3109/815 784/3110/815 783/3111/815
f 781/3112/816 782/3113/816 785/3114/816 784/3115/816
f 785/3116/817 782/3117/817 772/3118/817
f 783/3119/818 786/3120/818 773/3121/818
f 783/3122/819 784/3123/819 787/3124/819 786/3125/819
f 784/3126/820 785/3127/820 788/3128/820 787/3129/820
f 788/3130/821 785/3131/821 772/3132/821
f 786/3133/822 789/3134/822 773/3135/822
f 786/3136/823 787/3137/823 790/3138/823 789/3139/823
f 787/3140/824 788/3141/824 791/3142/824 790/3143/824
f 791/3144/825 788/3145/825 772/3146/825
f 789/3147/826 792/3148/826 773/3149/826
f 789/3150/827 790/3151/827 793/3152/827 792/3153/827
f 790/3154/828 791/3155/828 794/3156/828 793/3157/828
f 794/3158/829 791/3159/829 772/3160/829
f 792/3161/830 795/3162/830 773/3163/830
f 792/3164/831 793/3165/831 796/3166/831 795/3167/831
f 793/3168/832 794/3169/832 797/3170/832 796/3171/832
f 797/3172/833 794/3173/833 772/3174/833
f 795/3175/834 774/3176/834 773/3177/834
f 795/3178/835 796/3179/835 775/3180/835 774/3181/835
f 796/3182/836 797/3183/836 776/3184/836 775/3185/836
f 776/3186/837 797/3187/837 772/3188/837
o sphere
v 0.19067342320960826 0.21806215356724193 0.07977014136981234
v 0.1930813824188646 0.23031383197171032 0.07918013397999416
v 0.189617755485314 0.22895729052939634 0.07565921305343352
v 0.18747765208871997 0.22480704022819678 0.07437342208873336
v 0.18791508752844885 0.22029412872959672 0.07607640727877396
v 0.1880432879860098 0.22942432173754174 0.07893148164826998
v 0.18525141667845393 0.22546745358601997 0.07900130991363646
v 0.18634062002914464 0.22076115993774212 0.07934867587361041
v 0.18921373196424152 0.2293613176258994 0.08240004030976575
v 0.1869062559264345 0.22537844144708707 0.08390673543314704
v 0.18751106400737635 0.22069815582609978 0.08281723453510619
v 0.1924430387115263 0.22880527427882108 0.08403319723443987
v 0.19147337929316394 0.22459201986597918 0.08621596493123547
v 0.19074037075466113 0.22014211247902146 0.08445039145978031
v 0.195839718100024 0.22808185680935553 0.08287386807103253
v 0.1962771535397529 0.22356894531075547 0.08457685326107313
v 0.19413705014315885 0.2194186950095559 0.08329106229637297
v 0.19741418559932822 0.22761482560121013 0.07960159947619608
v 0.19850338895001893 0.22290853195293228 0.07994896543617003
v 0.19571151764246306 0.2189516638014105 0.08001879370153651
v 0.1962437416210965 0.22767782971285247 0.0761330408147003
v 0.19684854970203836 0.22299754409186517 0.07504353991665945
v 0.19454107366423135 0.21901466791305285 0.07655023504004074
v 0.19301443487381173 0.2282338730599308 0.07449988389002618
v 0.19228142633530892 0.22378396567297307 0.07273431041857102
v 0.19131176691694657 0.21957071126013117 0.07491707811536662
vt 0.71992125 0.27898421875
vt 0.720603125 0.2795953125
vt 0.7194634375 0.28018109375
vt 0.5008484375 0.40625
vt 0.500659375 0.390625
vt 0.501953125 0.390625
vt 0.5017640625 0.40625
vt 0.563159375 0.40625
vt 0.5633484375 0.390625
vt 0.5642640625 0.390625
vt 0.564453125 0.40625
vt 0.7501 0.873725
vt 0.75 0.8728148437500001
vt 0.7512396875 0.87313921875
vt 0.720603125 0.2795953125
vt 0.720703125 0.28050546875000004
vt 0.7194634375 0.28018109375
vt 0.4689390625 0.40625
vt 0.46875 0.390625
vt 0.47004375 0.390625
vt 0.4698546875 0.40625
vt 0.53125 0.40625
vt 0.5314390625 0.390625
vt 0.5323546875 0.390625
vt 0.53254375 0.40625
vt 0.750781875 0.87433609375
vt 0.7501 0.873725
vt 0.7512396875 0.87313921875
vt 0.720703125 0.28050546875000004
vt 0.72017015625 0.28125
vt 0.7194634375 0.28018109375
vt 0.0314390625 0.390625
vt 0.03125 0.375
vt 0.03254375 0.375
vt 0.0323546875 0.390625
vt 0.125 0.390625
vt 0.1251890625 0.375
vt 0.1261046875 0.375
vt 0.12629375 0.390625
vt 0.7516975 0.87433609375
vt 0.750781875 0.87433609375
vt 0.7512396875 0.87313921875
vt 0.719005625 0.31023421875
vt 0.71992125 0.31023421875
vt 0.7194634375 0.31143109375
vt 0.5945984375 0.40625
vt 0.594409375 0.390625
vt 0.595703125 0.390625
vt 0.5955140625 0.40625
vt 0.063159375 0.390625
vt 0.0633484375 0.375
vt 0.0642640625 0.375
vt 0.064453125 0.390625
vt 0.15625 0.24781484374999996
vt 0.15678296875 0.2470703125
vt 0.1574896875 0.24813921875
vt 0.71992125 0.31023421875
vt 0.720603125 0.3108453125
vt 0.7194634375 0.31143109375
vt 0.5945984375 0.5
vt 0.594409375 0.484375
vt 0.595703125 0.484375
vt 0.5955140625 0.5
vt 0.594409375 0.4375
vt 0.5945984375 0.421875
vt 0.5955140625 0.421875
vt 0.595703125 0.4375
vt 0.15635 0.24872499999999997
vt 0.15625 0.24781484374999996
vt 0.1574896875 0.24813921875
vt 0.720603125 0.3108453125
vt 0.720703125 0.31175546875000004
vt 0.7194634375 0.31143109375
vt 0.5939390625 0.53125
vt 0.59375 0.515625
vt 0.59504375 0.515625
vt 0.5948546875 0.53125
vt 0.59375 0.46875
vt 0.5939390625 0.453125
vt 0.5948546875 0.453125
vt 0.59504375 0.46875
vt 0.157031875 0.24933609375
vt 0.15635 0.24872499999999997
vt 0.1574896875 0.24813921875
vt 0.720703125 0.31175546875000004
vt 0.72017015625 0.3125
vt 0.7194634375 0.31143109375
vt 0.6095640625 0.96875
vt 0.609375 0.953125
vt 0.61066875 0.953125
vt 0.6104796875 0.96875
vt 0.1875 0.390625
vt 0.1876890625 0.375
vt 0.1886046875 0.375
vt 0.18879375 0.390625
vt 0.1579475 0.24933609375
vt 0.157031875 0.24933609375
vt 0.1574896875 0.24813921875
vt 0.719005625 0.27898421875
vt 0.71992125 0.27898421875
vt 0.7194634375 0.28018109375
vt 0.0008484375 0.390625
vt 0.000659375 0.375
vt 0.001953125 0.375
vt 0.0017640625 0.390625
vt 0.094409375 0.390625
vt 0.0945984375 0.375
vt 0.0955140625 0.375
vt 0.095703125 0.390625
vt 0.75 0.8728148437500001
vt 0.75053296875 0.8720703125
vt 0.7512396875 0.87313921875
vn -0.15956108814850847 0.9636451513047664 -0.214308846097584
vn -0.7411747897149213 0.515439592043812 -0.43009528949379483
vn -0.8885912670502676 -0.2348233548324567 -0.39403496310255326
vn -0.5155074739706881 -0.8474073912642548 -0.1270934990905143
vn -0.1770552466605058 0.9811394646323763 0.07756797387376702
vn -0.7834327004260546 0.557613913426492 0.2744083224983031
vn -0.9308404262807028 -0.19250376933612795 0.31060972230910977
vn -0.5330016324826856 -0.8299130779366448 0.1647833208808367
vn 0.013406368816046713 0.9543414057421769 0.2984170748486324
vn -0.32349551861413434 0.49295623366310026 0.8076786496678388
vn -0.47101980539349364 -0.2572841038174487 0.8437684711162938
vn -0.34254001700613296 -0.8567111368268445 0.3856324218557019
vn 0.30031058530812665 0.8989409422367576 0.31893374660324186
vn 0.368992305442931 0.3591817706581078 0.8572240863104684
vn 0.22163961544543134 -0.3909514800356112 0.8933268277193775
vn -0.05563580051405308 -0.9121116003322636 0.40614909361031165
vn 0.5155074739706882 0.8474073912642548 0.12709349909051432
vn 0.8886279127816918 0.23480079267869355 0.39396576041924175
vn 0.7411336022956169 -0.5154401379639343 0.43016560499886897
vn 0.15956108814850842 -0.9636451513047666 0.21430884609758397
vn 0.5330016324826855 0.8299130779366448 -0.16478332088083666
vn 0.930863895576568 0.19251490222248913 -0.3105324787108138
vn 0.7834137722825613 -0.5576019409636302 -0.2744866787871494
vn 0.1770552466605059 -0.9811394646323763 -0.07756797387376703
vn 0.34254001700613296 0.8567111368268445 -0.385632421855702
vn 0.4709486416809048 0.2572841510594051 -0.8438081787423919
vn 0.323562140638843 -0.4929793889789423 -0.8076378292199782
vn -0.013406368816046748 -0.9543414057421769 -0.2984170748486323
vn 0.05563580051405309 0.9121116003322636 -0.40614909361031154
vn -0.22156111029241754 0.3909470449908733 -0.893348242522979
vn -0.3690662694435732 -0.359154230264147 -0.8572037841974172
vn -0.30031058530812665 -0.8989409422367576 -0.318933746603242
usemtl m_939b02b2-df4c-255e-486f-2d355257d222
f 800/3189/838 803/3190/838 799/3191/838
f 800/3192/839 801/3193/839 804/3194/839 803/3195/839
f 801/3196/840 802/3197/840 805/3198/840 804/3199/840
f 805/3200/841 802/3201/841 798/3202/841
f 803/3203/842 806/3204/842 799/3205/842
f 803/3206/843 804/3207/843 807/3208/843 806/3209/843
f 804/3210/844 805/3211/844 808/3212/844 807/3213/844
f 808/3214/845 805/3215/845 798/3216/845
f 806/3217/846 809/3218/846 799/3219/846
f 806/3220/847 807/3221/847 810/3222/847 809/3223/847
f 807/3224/848 808/3225/848 811/3226/848 810/3227/848
f 811/3228/849 808/3229/849 798/3230/849
f 809/3231/850 812/3232/850 799/3233/850
f 809/3234/851 810/3235/851 813/3236/851 812/3237/851
f 810/3238/852 811/3239/852 814/3240/852 813/3241/852
f 814/3242/853 811/3243/853 798/3244/853
f 812/3245/854 815/3246/854 799/3247/854
f 812/3248/855 813/3249/855 816/3250/855 815/3251/855
f 813/3252/856 814/3253/856 817/3254/856 816/3255/856
f 817/3256/857 814/3257/857 798/3258/857
f 815/3259/858 818/3260/858 799/3261/858
f 815/3262/859 816/3263/859 819/3264/859 818/3265/859
f 816/3266/860 817/3267/860 820/3268/860 819/3269/860
f 820/3270/861 817/3271/861 798/3272/861
f 818/3273/862 821/3274/862 799/3275/862
f 818/3276/863 819/3277/863 822/3278/863 821/3279/863
f 819/3280/864 820/3281/864 823/3282/864 822/3283/864
f 823/3284/865 820/3285/865 798/3286/865
f 821/3287/866 800/3288/866 799/3289/866
f 821/3290/867 822/3291/867 801/3292/867 800/3293/867
f 822/3294/868 823/3295/868 802/3296/868 801/3297/868
f 802/3298/869 823/3299/869 798/3300/869
o Thumb
v 0.18756617594705932 0.2247945848703913 0.07447606961947155
v 0.187006276389032 0.22535448938328356 0.08381757080618472
v 0.18515821673780297 0.21254290646592292 0.07506607700928973
v 0.18459831717977568 0.21310281097881517 0.08440757819600292
v 0.1967485292394408 0.22302149615566869 0.07513270454362175
v 0.1961886296814135 0.22358140066856094 0.08447420573033493
v 0.19434057003018448 0.21076981775120027 0.07572271193343993
v 0.1937806704721572 0.21132972226409252 0.08506421312015312
v 0.19861112856198285 0.22288772771201287 0.0799566699526134
v 0.19620316935272653 0.21063604930754445 0.08054667734243158
v 0.18273571785723364 0.21323657942247098 0.07958361278701127
v 0.18514367706649 0.22548825782693938 0.07899360539719309
v 0.1914668098050164 0.2245985894122638 0.08632557187849291
v 0.18905885059576005 0.21234691100779537 0.08691557926831109
v 0.18946944360498008 0.2119363143650077 0.08006514506472143
v 0.18988003661420008 0.21152571772222006 0.07321471086113177
v 0.19228799582345643 0.22377739612668845 0.07262470347131358
v 0.1918774028142364 0.22418799276947612 0.07947513767490325
vt 0.140625 1
vt 0.125 1
vt 0.125 0.984375
vt 0.140625 0.984375
vt 0.125 0.953125
vt 0.140625 0.953125
vt 0.140625 0.96875
vt 0.125 0.96875
vt 0.721875 0.780703125
vt 0.720703125 0.78125
vt 0.720703125 0.77953125
vt 0.722421875 0.77953125
vt 0.722421875 0.7478125
vt 0.720703125 0.7478125
vt 0.720703125 0.74609375
vt 0.721875 0.746640625
vt 0.015625 0.859375
vt 0 0.859375
vt 0 0.84375
vt 0.015625 0.84375
vt 0.03125 0.84375
vt 0.046875 0.84375
vt 0.046875 0.859375
vt 0.03125 0.859375
vt 0.140625 0.90625
vt 0.125 0.90625
vt 0.125 0.890625
vt 0.140625 0.890625
vt 0.721875 0.748984375
vt 0.720703125 0.74953125
vt 0.720703125 0.7478125
vt 0.722421875 0.7478125
vt 0.125 0.859375
vt 0.140625 0.859375
vt 0.140625 0.875
vt 0.125 0.875
vt 0.722421875 0.77953125
vt 0.720703125 0.77953125
vt 0.720703125 0.7778125
vt 0.721875 0.778359375
vt 0.078125 0.859375
vt 0.0625 0.859375
vt 0.0625 0.84375
vt 0.078125 0.84375
vt 0.71953125 0.746640625
vt 0.720703125 0.74609375
vt 0.720703125 0.7478125
vt 0.718984375 0.7478125
vt 0.718984375 0.7478125
vt 0.720703125 0.7478125
vt 0.720703125 0.74953125
vt 0.71953125 0.748984375
vt 0.140625 0.921875
vt 0.15625 0.921875
vt 0.15625 0.9375
vt 0.140625 0.9375
vt 0.71953125 0.778359375
vt 0.720703125 0.7778125
vt 0.720703125 0.77953125
vt 0.718984375 0.77953125
vt 0.718984375 0.77953125
vt 0.720703125 0.77953125
vt 0.720703125 0.78125
vt 0.71953125 0.780703125
vn -0.9128178265782615 0.1966419818104498 0.35790438174266287
vn 0.8623061710827812 -0.14612987930902283 0.4848444345206863
vn 0.19263673674050696 0.9801342723574725 -0.04720059118545472
vn -0.19263673674050696 -0.9801342723574725 0.04720059118545472
vn -0.3600759685662286 0.02585999110491946 -0.9325645059303652
vn -0.468315230342258 0.13410021075083445 0.8733258146339541
vn 0.9128178265782615 -0.1966419818104498 -0.35790438174266287
vn -0.19263673674050696 -0.9801342723574725 0.04720059118545472
vn -0.8623061710827812 0.14612987930902283 -0.4848444345206863
vn 0.19263673674050696 0.9801342723574725 -0.04720059118545472
vn 0.3600759685662286 -0.02585999110491946 0.9325645059303652
vn -0.19263673674050696 -0.9801342723574725 0.04720059118545472
vn -0.19263673674050696 -0.9801342723574725 0.04720059118545472
vn 0.468315230342258 -0.13410021075083445 -0.8733258146339541
vn 0.19263673674050696 0.9801342723574725 -0.04720059118545472
vn 0.19263673674050696 0.9801342723574725 -0.04720059118545472
usemtl m_939b02b2-df4c-255e-486f-2d355257d222
f 825/3301/870 835/3302/870 834/3303/870 827/3304/870
f 831/3305/871 833/3306/871 832/3307/871 829/3308/871
f 825/3309/872 836/3310/872 841/3311/872 835/3312/872
f 834/3313/873 838/3314/873 837/3315/873 827/3316/873
f 824/3317/874 840/3318/874 839/3319/874 826/3320/874
f 827/3321/875 837/3322/875 836/3323/875 825/3324/875
f 828/3325/876 832/3326/876 833/3327/876 830/3328/876
f 826/3329/877 839/3330/877 838/3331/877 834/3332/877
f 826/3333/878 834/3334/878 835/3335/878 824/3336/878
f 835/3337/879 841/3338/879 840/3339/879 824/3340/879
f 829/3341/880 836/3342/880 837/3343/880 831/3344/880
f 831/3345/881 837/3346/881 838/3347/881 833/3348/881
f 833/3349/882 838/3350/882 839/3351/882 830/3352/882
f 830/3353/883 839/3354/883 840/3355/883 828/3356/883
f 828/3357/884 840/3358/884 841/3359/884 832/3360/884
f 832/3361/885 841/3362/885 836/3363/885 829/3364/885
o sphere
v 0.1882654640003519 0.20581047516277357 0.08036014875963052
v 0.19067342320960826 0.21806215356724196 0.07977014136981234
v 0.18720979627605766 0.21670561212492798 0.0762492204432517
v 0.18506969287946362 0.21255536182372842 0.07496342947855154
v 0.1855071283191925 0.20804245032512836 0.07666641466859214
v 0.18563532877675346 0.21717264333307337 0.07952148903808816
v 0.18284345746919758 0.2132157751815516 0.07959131730345465
v 0.1839326608198883 0.20850948153327376 0.0799386832634286
v 0.18680577275498517 0.21710963922143103 0.08299004769958393
v 0.18449829671717816 0.2131267630426187 0.08449674282296522
v 0.18510310479812 0.20844647742163142 0.08340724192492437
v 0.19003507950226994 0.21655359587435272 0.08462320462425806
v 0.1890654200839076 0.21234034146151082 0.08680597232105365
v 0.18833241154540478 0.2078904340745531 0.08504039884959849
v 0.19343175889076766 0.21583017840488716 0.08346387546085071
v 0.19386919433049654 0.2113172669062871 0.08516686065089131
v 0.1917290909339025 0.20716701660508755 0.08388106968619115
v 0.19500622639007187 0.21536314719674177 0.08019160686601426
v 0.19609542974076258 0.21065685354846392 0.08053897282598821
v 0.1933035584332067 0.20669998539694215 0.0806088010913547
v 0.19383578241184016 0.2154261513083841 0.07672304820451849
v 0.194440590492782 0.2107458656873968 0.07563354730647763
v 0.192133114454975 0.2067629895085845 0.07714024242985892
v 0.19060647566455538 0.21598219465546242 0.07508989127984436
v 0.18987346712605258 0.2115322872685047 0.0733243178083892
v 0.18890380770769022 0.2073190328556628 0.0755070855051848
vt 0.03242125 0.26335921875
vt 0.033103125 0.2639703125
vt 0.0319634375 0.26455609375
vt 0.2508484375 0.390625
vt 0.250659375 0.375
vt 0.251953125 0.375
vt 0.2517640625 0.390625
vt 0.625659375 0.90625
vt 0.6258484375 0.890625
vt 0.6267640625 0.890625
vt 0.626953125 0.90625
vt 0.7501 0.842475
vt 0.75 0.8415648437500001
vt 0.7512396875 0.84188921875
vt 0.033103125 0.2639703125
vt 0.033203125 0.26488046875000004
vt 0.0319634375 0.26455609375
vt 0.6095640625 0.8125
vt 0.609375 0.796875
vt 0.61066875 0.796875
vt 0.6104796875 0.8125
vt 0.625 1
vt 0.6251890625 0.984375
vt 0.6261046875 0.984375
vt 0.62629375 1
vt 0.750781875 0.84308609375
vt 0.7501 0.842475
vt 0.7512396875 0.84188921875
vt 0.033203125 0.26488046875000004
vt 0.03267015625 0.265625
vt 0.0319634375 0.26455609375
vt 0.6251890625 0.78125
vt 0.625 0.765625
vt 0.62629375 0.765625
vt 0.6261046875 0.78125
vt 0.3125 0.375
vt 0.3126890625 0.359375
vt 0.3136046875 0.359375
vt 0.31379375 0.375
vt 0.7516975 0.84308609375
vt 0.750781875 0.84308609375
vt 0.7512396875 0.84188921875
vt 0.000255625 0.26335921875
vt 0.00117125 0.26335921875
vt 0.0007134375 0.26455609375
vt 0.1570984375 0.375
vt 0.156909375 0.359375
vt 0.158203125 0.359375
vt 0.1580140625 0.375
vt 0.281909375 0.375
vt 0.2820984375 0.359375
vt 0.2830140625 0.359375
vt 0.283203125 0.375
vt 0.75 0.7790648437500001
vt 0.75053296875 0.7783203125
vt 0.7512396875 0.77938921875
vt 0.00117125 0.26335921875
vt 0.001853125 0.2639703125
vt 0.0007134375 0.26455609375
vt 0.3445984375 0.390625
vt 0.344409375 0.375
vt 0.345703125 0.375
vt 0.3455140625 0.390625
vt 0.625659375 0.875
vt 0.6258484375 0.859375
vt 0.6267640625 0.859375
vt 0.626953125 0.875
vt 0.7501 0.779975
vt 0.75 0.7790648437500001
vt 0.7512396875 0.77938921875
vt 0.001853125 0.2639703125
vt 0.001953125 0.26488046875000004
vt 0.0007134375 0.26455609375
vt 0.2189390625 0.390625
vt 0.21875 0.375
vt 0.22004375 0.375
vt 0.2198546875 0.390625
vt 0.625 0.9375
vt 0.6251890625 0.921875
vt 0.6261046875 0.921875
vt 0.62629375 0.9375
vt 0.750781875 0.78058609375
vt 0.7501 0.779975
vt 0.7512396875 0.77938921875
vt 0.001953125 0.26488046875000004
vt 0.00142015625 0.265625
vt 0.0007134375 0.26455609375
vt 0.6251890625 0.75
vt 0.625 0.734375
vt 0.62629375 0.734375
vt 0.6261046875 0.75
vt 0.625 0.6875
vt 0.6251890625 0.671875
vt 0.6261046875 0.671875
vt 0.62629375 0.6875
vt 0.7516975 0.78058609375
vt 0.750781875 0.78058609375
vt 0.7512396875 0.77938921875
vt 0.031505625 0.26335921875
vt 0.03242125 0.26335921875
vt 0.0319634375 0.26455609375
vt 0.6258484375 0.84375
vt 0.625659375 0.828125
vt 0.626953125 0.828125
vt 0.6267640625 0.84375
vt 0.625659375 0.71875
vt 0.6258484375 0.703125
vt 0.6267640625 0.703125
vt 0.626953125 0.71875
vt 0.75 0.8415648437500001
vt 0.75053296875 0.8408203125
vt 0.7512396875 0.84188921875
vn -0.15956108814850847 0.9636451513047664 -0.214308846097584
vn -0.7411747897149213 0.515439592043812 -0.43009528949379483
vn -0.8885912670502676 -0.2348233548324567 -0.39403496310255326
vn -0.5155074739706881 -0.8474073912642548 -0.1270934990905143
vn -0.1770552466605058 0.9811394646323763 0.07756797387376702
vn -0.7834327004260546 0.557613913426492 0.2744083224983031
vn -0.9308404262807028 -0.19250376933612795 0.31060972230910977
vn -0.5330016324826856 -0.8299130779366448 0.1647833208808367
vn 0.013406368816046713 0.9543414057421769 0.2984170748486324
vn -0.32349551861413434 0.49295623366310026 0.8076786496678388
vn -0.47101980539349364 -0.2572841038174487 0.8437684711162938
vn -0.34254001700613296 -0.8567111368268445 0.3856324218557019
vn 0.30031058530812665 0.8989409422367576 0.31893374660324186
vn 0.368992305442931 0.3591817706581078 0.8572240863104684
vn 0.22163961544543134 -0.3909514800356112 0.8933268277193775
vn -0.05563580051405308 -0.9121116003322636 0.40614909361031165
vn 0.5155074739706882 0.8474073912642548 0.12709349909051432
vn 0.8886279127816918 0.23480079267869355 0.39396576041924175
vn 0.7411336022956169 -0.5154401379639343 0.43016560499886897
vn 0.15956108814850842 -0.9636451513047666 0.21430884609758397
vn 0.5330016324826855 0.8299130779366448 -0.16478332088083666
vn 0.930863895576568 0.19251490222248913 -0.3105324787108138
vn 0.7834137722825613 -0.5576019409636302 -0.2744866787871494
vn 0.1770552466605059 -0.9811394646323763 -0.07756797387376703
vn 0.34254001700613296 0.8567111368268445 -0.385632421855702
vn 0.4709486416809048 0.2572841510594051 -0.8438081787423919
vn 0.323562140638843 -0.4929793889789423 -0.8076378292199782
vn -0.013406368816046748 -0.9543414057421769 -0.2984170748486323
vn 0.05563580051405309 0.9121116003322636 -0.40614909361031154
vn -0.22156111029241754 0.3909470449908733 -0.893348242522979
vn -0.3690662694435732 -0.359154230264147 -0.8572037841974172
vn -0.30031058530812665 -0.8989409422367576 -0.318933746603242
usemtl m_939b02b2-df4c-255e-486f-2d355257d222
f 844/3365/886 847/3366/886 843/3367/886
f 844/3368/887 845/3369/887 848/3370/887 847/3371/887
f 845/3372/888 846/3373/888 849/3374/888 848/3375/888
f 849/3376/889 846/3377/889 842/3378/889
f 847/3379/890 850/3380/890 843/3381/890
f 847/3382/891 848/3383/891 851/3384/891 850/3385/891
f 848/3386/892 849/3387/892 852/3388/892 851/3389/892
f 852/3390/893 849/3391/893 842/3392/893
f 850/3393/894 853/3394/894 843/3395/894
f 850/3396/895 851/3397/895 854/3398/895 853/3399/895
f 851/3400/896 852/3401/896 855/3402/896 854/3403/896
f 855/3404/897 852/3405/897 842/3406/897
f 853/3407/898 856/3408/898 843/3409/898
f 853/3410/899 854/3411/899 857/3412/899 856/3413/899
f 854/3414/900 855/3415/900 858/3416/900 857/3417/900
f 858/3418/901 855/3419/901 842/3420/901
f 856/3421/902 859/3422/902 843/3423/902
f 856/3424/903 857/3425/903 860/3426/903 859/3427/903
f 857/3428/904 858/3429/904 861/3430/904 860/3431/904
f 861/3432/905 858/3433/905 842/3434/905
f 859/3435/906 862/3436/906 843/3437/906
f 859/3438/907 860/3439/907 863/3440/907 862/3441/907
f 860/3442/908 861/3443/908 864/3444/908 863/3445/908
f 864/3446/909 861/3447/909 842/3448/909
f 862/3449/910 865/3450/910 843/3451/910
f 862/3452/911 863/3453/911 866/3454/911 865/3455/911
f 863/3456/912 864/3457/912 867/3458/912 866/3459/912
f 867/3460/913 864/3461/913 842/3462/913
f 865/3463/914 844/3464/914 843/3465/914
f 865/3466/915 866/3467/915 845/3468/915 844/3469/915
f 866/3470/916 867/3471/916 846/3472/916 845/3473/916
f 846/3474/917 867/3475/917 842/3476/917
o sphere
v 0.2005464153412945 0.19503035494809356 0.09952319716230154
v 0.20288800848298513 0.20729787381639422 0.10004752756831872
v 0.20017001191047187 0.2063841616633177 0.08992149019251117
v 0.19835822323364966 0.202412717696605 0.08557317901706042
v 0.1985142713999824 0.1977097990715423 0.08955073616241643
v 0.1978681049140304 0.20641218089902205 0.09954596185214862
v 0.19510320592960712 0.20245225413020815 0.09918465790158751
v 0.19621236440354095 0.19773781830724665 0.09917520782205387
v 0.19830614644176453 0.20590656944090974 0.10941928410448121
v 0.19572218662668459 0.20173726627449012 0.11314861263602148
v 0.19665040593127506 0.19723220684913434 0.10904853007438646
v 0.20122703413528348 0.20516356234948735 0.11375876717927774
v 0.2000643601779113 0.20074059179098708 0.11707575323422856
v 0.199571293624794 0.19648919975771195 0.113388013149183
v 0.20492015242429723 0.2046184296929455 0.11001998856820383
v 0.20507614113339287 0.19991549583270918 0.11399816769243926
v 0.20326441191380776 0.19594406710117007 0.10964923453810908
v 0.20722205942073868 0.20459041045724113 0.10039551690856639
v 0.20833121789467252 0.19987597463427964 0.10038606682903276
v 0.20556631891024923 0.19591604786546574 0.10002476287847165
v 0.20678401789300457 0.20509602191535345 0.09052219465623379
v 0.20771217774035794 0.20059094725482404 0.0864227340734782
v 0.2051282773825151 0.19642165932357805 0.09015144062613906
v 0.20386307074224852 0.20583901377160221 0.08618333356031668
v 0.20358113683808426 0.20164172183982546 0.08028694647446068
v 0.20220733023175905 0.19716465117982682 0.08581257953022194
vt 0.001685 0.44881703125000005
vt 0.00381546875 0.45007359375
vt 0.0030246875 0.45108203125
vt 0.69029765625 0.71821625
vt 0.68920921875 0.717125625
vt 0.6926840625 0.7167203125
vt 0.692754375 0.7179296875000001
vt 0.56420921875 0.52994453125
vt 0.56529765625 0.5288540625
vt 0.56775453125 0.5291406249999999
vt 0.56768421875 0.53035
vt 0.22256546875 0.45129359375
vt 0.220435 0.45255015624999995
vt 0.2217746875 0.45028515625
vt 0.00381546875 0.45007359375
vt 0.00554390625 0.45184296874999996
vt 0.0030246875 0.45108203125
vt 0.692754375 0.7179296875000001
vt 0.6926840625 0.7167203125
vt 0.6961825 0.7167203125
vt 0.6952278125 0.7179296875000001
vt 0.56768421875 0.53035
vt 0.56775453125 0.5291406249999999
vt 0.57022796875 0.5291406249999999
vt 0.57118265625 0.53035
vt 0.22429390625 0.44952421875000004
vt 0.22256546875 0.45129359375
vt 0.2217746875 0.45028515625
vt 0.00554390625 0.45184296874999996
vt 0.005859375 0.453125
vt 0.003025 0.45108218749999995
vt 0.53125 0.90625
vt 0.53156875 0.890625
vt 0.533053125 0.890625
vt 0.5325328125 0.906034375
vt 0.57118265625 0.53035
vt 0.57022796875 0.5291406249999999
vt 0.57148921875 0.52875046875
vt 0.57249296875 0.5297059375
vt 0.224609375 0.4482421875
vt 0.22429390625 0.44952421875000004
vt 0.221775 0.45028500000000005
vt 0.53125 0.46875
vt 0.53156546875 0.46746796874999996
vt 0.534084375 0.46670718749999995
vt 0.5319203125 0.8748281250000001
vt 0.5314 0.859375
vt 0.532884375 0.859375
vt 0.533203125 0.875
vt 0.0625 0.32606609374999995
vt 0.0636128125 0.3251953125
vt 0.064825 0.32571859375
vt 0.0637603125 0.32678546875000003
vt 0.54719046875 0.80889921875
vt 0.546875 0.8076171875
vt 0.549709375 0.80966
vt 0.53156546875 0.46746796874999996
vt 0.53329390625 0.46569859375
vt 0.5340846875 0.46670703125
vt 0.3448384375 0.29677140625
vt 0.34375 0.2956809375
vt 0.34722484375 0.29527546875
vt 0.34729515625 0.29648484374999995
vt 0.06373671875 0.32680921875
vt 0.064825 0.32571859375
vt 0.067281875 0.3260053125
vt 0.0672115625 0.32721468750000005
vt 0.54891890625 0.81066859375
vt 0.54719046875 0.80889921875
vt 0.5497096875 0.80966015625
vt 0.53329390625 0.46569859375
vt 0.535424375 0.46444203125000005
vt 0.5340846875 0.46670703125
vt 0.34729515625 0.29648484374999995
vt 0.34722484375 0.29527546875
vt 0.35072328125 0.29527546875
vt 0.34976859375 0.29648484374999995
vt 0.0672115625 0.32721468750000005
vt 0.067281875 0.3260053125
vt 0.0697553125 0.3260053125
vt 0.07071 0.32721468750000005
vt 0.551049375 0.8119251562500001
vt 0.54891890625 0.81066859375
vt 0.5497096875 0.80966015625
vt 0.535424375 0.46444203125000005
vt 0.5367446875 0.46444203125000005
vt 0.5340853125 0.46670609375000005
vt 0.34976859375 0.29648484374999995
vt 0.35072328125 0.29527546875
vt 0.35250859375 0.29582765624999996
vt 0.35103 0.296875
vt 0.07071 0.32721468750000005
vt 0.0697553125 0.3260053125
vt 0.0710165625 0.32561515625000004
vt 0.0724953125 0.32666249999999997
vt 0.5523696875 0.8119251562500001
vt 0.551049375 0.8119251562500001
vt 0.5497103125 0.80966109375
vt 0.0003646875 0.44881703125000005
vt 0.001685 0.44881703125000005
vt 0.0030240625 0.45108109375000005
vt 0.68909 0.71875
vt 0.6875 0.71788109375
vt 0.68920921875 0.717125625
vt 0.69029765625 0.71821625
vt 0.5625 0.52918921875
vt 0.56409 0.5283203125
vt 0.56529765625 0.5288540625
vt 0.56420921875 0.5299446875
vt 0.220435 0.45255015624999995
vt 0.2191146875 0.45255015624999995
vt 0.2217740625 0.45028609374999995
vn -0.16938407575214706 0.9845950187920133 -0.04337838000140554
vn -0.7962983806302621 0.5735938711307381 -0.19209102010993787
vn -0.9482835045290708 -0.2227385196303913 -0.22615469685798165
vn -0.5188371353310888 -0.8461764870020586 -0.12162803889845761
vn -0.17909809163770374 0.9821059236758797 0.05823940463706642
vn -0.8209524190372144 0.5672349556502472 0.06543417123650618
vn -0.9729274475114044 -0.22896224986970887 0.03143994296344554
vn -0.5285511512166454 -0.8486655821181919 -0.02001025425998564
vn 0.01934581673676686 0.987556831415061 0.15606807521153201
vn -0.35353067559678414 0.7357744680835656 0.5776261710902886
vn -0.7440866454909129 -0.5270073296408069 0.4106072801436268
vn -0.34757630860873184 -0.9347344563972032 0.07390673661955814
vn 0.32295619561159766 0.928425860267467 0.18364290811980072
vn 0.5243093888535171 0.418378212239807 0.7416598521445491
vn 0.5297686314406844 -0.5899777574965998 0.6093204762690548
vn -0.043965929733901045 -0.9938654275447972 0.10148156952782686
vn 0.5188371353310888 0.8461764870020585 0.12162803889845761
vn 0.9482945215382825 0.2227267832960124 0.2261200575426499
vn 0.7962684884648048 -0.5736272240559015 0.19211533541051767
vn 0.16938407575214706 -0.9845950187920133 0.04337838000140555
vn 0.5285511512166454 0.848665582118192 0.02001025425998566
vn 0.9729283959521666 0.22896241178250654 -0.031409398922652716
vn 0.8209520119557361 -0.5672313714744706 -0.0654703389407786
vn 0.1790980916377037 -0.9821059236758797 -0.05823940463706641
vn 0.34756098469170893 0.934739565401993 -0.07391418532476168
vn 0.7440425221114424 0.5270051928415517 -0.41068997066897395
vn 0.5045318727802645 -0.7279212826353907 -0.46430399054421945
vn -0.019361826627465266 -0.9875553162006945 -0.15607567752021576
vn 0.04398309631992107 0.9938642087191447 -0.10148606734513312
vn -0.4108498569391507 0.751907572836897 -0.5155942173488818
vn -0.6504101942162256 -0.5029503415156004 -0.5692165960589631
vn -0.3229397149992531 -0.9284306728835428 -0.1836475595405872
usemtl m_939b02b2-df4c-255e-486f-2d355257d222
f 870/3477/918 873/3478/918 869/3479/918
f 870/3480/919 871/3481/919 874/3482/919 873/3483/919
f 871/3484/920 872/3485/920 875/3486/920 874/3487/920
f 875/3488/921 872/3489/921 868/3490/921
f 873/3491/922 876/3492/922 869/3493/922
f 873/3494/923 874/3495/923 877/3496/923 876/3497/923
f 874/3498/924 875/3499/924 878/3500/924 877/3501/924
f 878/3502/925 875/3503/925 868/3504/925
f 876/3505/926 879/3506/926 869/3507/926
f 876/3508/927 877/3509/927 880/3510/927 879/3511/927
f 877/3512/928 878/3513/928 881/3514/928 880/3515/928
f 881/3516/929 878/3517/929 868/3518/929
f 879/3519/930 882/3520/930 869/3521/930
f 879/3522/931 880/3523/931 883/3524/931 882/3525/931
f 880/3526/932 881/3527/932 884/3528/932 883/3529/932
f 884/3530/933 881/3531/933 868/3532/933
f 882/3533/934 885/3534/934 869/3535/934
f 882/3536/935 883/3537/935 886/3538/935 885/3539/935
f 883/3540/936 884/3541/936 887/3542/936 886/3543/936
f 887/3544/937 884/3545/937 868/3546/937
f 885/3547/938 888/3548/938 869/3549/938
f 885/3550/939 886/3551/939 889/3552/939 888/3553/939
f 886/3554/940 887/3555/940 890/3556/940 889/3557/940
f 890/3558/941 887/3559/941 868/3560/941
f 888/3561/942 891/3562/942 869/3563/942
f 888/3564/943 889/3565/943 892/3566/943 891/3567/943
f 889/3568/944 890/3569/944 893/3570/944 892/3571/944
f 893/3572/945 890/3573/945 868/3574/945
f 891/3575/946 870/3576/946 869/3577/946
f 891/3578/947 892/3579/947 871/3580/947 870/3581/947
f 892/3582/948 893/3583/948 872/3584/948 871/3585/948
f 872/3586/949 893/3587/949 868/3588/949
o Index
v 0.20189972789716557 0.22077901676276135 0.08704804414951287
v 0.19923675716179282 0.22009666380699996 0.11490523420084992
v 0.19842438004334478 0.20238722997347097 0.08587405569861019
v 0.19591980338761464 0.20174546352021358 0.11207429401517985
v 0.21106547898160666 0.21899390070405259 0.08788050598948324
v 0.2084025082462339 0.2183115477482912 0.11573769604082029
v 0.2075901311277859 0.2006021139147622 0.08670651753858058
v 0.20508555447205576 0.19996034746150482 0.11290675585515024
v 0.21187266886695655 0.2182361971458065 0.10200334211114485
v 0.20847645859571998 0.19986468837259452 0.10000149977173792
v 0.19503335700520635 0.20248285859203405 0.09878055573978135
v 0.19842956727644293 0.22085436736524605 0.1007823980791883
v 0.20341764232395942 0.21910110076885075 0.11952666432457472
v 0.20012464981633382 0.20075604025703025 0.11644506665049953
v 0.20175490780046318 0.20117377348231427 0.09939102775575963
v 0.20359160131181442 0.20164440323038127 0.08017747819168325
v 0.2071039910243504 0.2200456815328323 0.08096397380070902
v 0.20515111807169972 0.21954528225552628 0.10139287009516658
vt 0.4778625 0.6560546875
vt 0.4743203125 0.6560546875
vt 0.47401875 0.6513671875
vt 0.4773546875 0.6513671875
vt 0.46925625 0.6203037499999999
vt 0.4725921875 0.6203037499999999
vt 0.472290625 0.62499125
vt 0.46875 0.62499125
vt 0.440625 0.49894375
vt 0.439453125 0.5
vt 0.439453125 0.49544374999999996
vt 0.441171875 0.49544374999999996
vt 0.034921875 0.47889375
vt 0.033203125 0.47889375
vt 0.033203125 0.474609375
vt 0.034375 0.475603125
vt 0.4707796875 0.65605546875
vt 0.46876890625 0.65606359375
vt 0.46875 0.6513760937499999
vt 0.47068125 0.6513684375
vt 0.125 0.46875
vt 0.1265359375 0.46875
vt 0.126909375 0.484375
vt 0.12533125 0.484375
vt 0.47583125 0.62499125
vt 0.472290625 0.62499125
vt 0.4725921875 0.6203037499999999
vt 0.475928125 0.6203037499999999
vt 0.034375 0.482184375
vt 0.033203125 0.4837203125
vt 0.033203125 0.47889375
vt 0.034921875 0.47889375
vt 0.47068125 0.6513684375
vt 0.47401875 0.6513671875
vt 0.4743203125 0.65605609375
vt 0.4707796875 0.6560557812500001
vt 0.441171875 0.49544374999999996
vt 0.439453125 0.49544374999999996
vt 0.439453125 0.49031250000000004
vt 0.440625 0.49194531249999995
vt 0.064109375 0.484375
vt 0.06253125 0.484375
vt 0.0629171875 0.46875
vt 0.064453125 0.46875
vt 0.03203125 0.475603125
vt 0.033203125 0.474609375
vt 0.033203125 0.47889375
vt 0.031484375 0.47889375
vt 0.031484375 0.47889375
vt 0.033203125 0.47889375
vt 0.033203125 0.4837203125
vt 0.03203125 0.482184375
vt 0.475928125 0.6203042187500001
vt 0.477859375 0.6203125
vt 0.4778390625 0.625
vt 0.47583125 0.62499125
vt 0.43828125 0.49194531249999995
vt 0.439453125 0.49031250000000004
vt 0.439453125 0.49544374999999996
vt 0.437734375 0.4954453125
vt 0.437734375 0.4954453125
vt 0.439453125 0.49544374999999996
vt 0.439453125 0.5
vt 0.43828125 0.49894375
vn -0.9824779021835138 0.1744849256708067 0.06551474974946571
vn 0.9468034654718712 -0.20229999246083333 0.2502756696540877
vn 0.18732745133525225 0.9814015094640542 0.0419464324813739
vn -0.18732745133525225 -0.9814015094640542 -0.0419464324813739
vn -0.7388455560888555 0.16891181394974547 -0.6523618960024846
vn -0.7191938241970975 0.012402120485238456 0.694698805702316
vn 0.9824779021835138 -0.17448492567080673 -0.06551474974946571
vn -0.18732745133525225 -0.9814015094640542 -0.0419464324813739
vn -0.9468075621233287 0.202299136415272 -0.2502608633240814
vn 0.18732745133525225 0.9814015094640542 0.0419464324813739
vn 0.5644977171790361 -0.23428297871365344 0.7914883531579697
vn -0.18732745133525225 -0.9814015094640542 -0.0419464324813739
vn -0.18732745133525225 -0.9814015094640542 -0.0419464324813739
vn 0.8349323254505973 -0.1365828602126807 -0.533135193186289
vn 0.18732745133525225 0.9814015094640542 0.0419464324813739
vn 0.18732745133525225 0.9814015094640542 0.0419464324813739
usemtl m_939b02b2-df4c-255e-486f-2d355257d222
f 895/3589/950 905/3590/950 904/3591/950 897/3592/950
f 901/3593/951 903/3594/951 902/3595/951 899/3596/951
f 895/3597/952 906/3598/952 911/3599/952 905/3600/952
f 904/3601/953 908/3602/953 907/3603/953 897/3604/953
f 894/3605/954 910/3606/954 909/3607/954 896/3608/954
f 897/3609/955 907/3610/955 906/3611/955 895/3612/955
f 898/3613/956 902/3614/956 903/3615/956 900/3616/956
f 896/3617/957 909/3618/957 908/3619/957 904/3620/957
f 896/3621/958 904/3622/958 905/3623/958 894/3624/958
f 905/3625/959 911/3626/959 910/3627/959 894/3628/959
f 899/3629/960 906/3630/960 907/3631/960 901/3632/960
f 901/3633/961 907/3634/961 908/3635/961 903/3636/961
f 903/3637/962 908/3638/962 909/3639/962 900/3640/962
f 900/3641/963 909/3642/963 910/3643/963 898/3644/963
f 898/3645/964 910/3646/964 911/3647/964 902/3648/964
f 902/3649/965 911/3650/965 906/3651/965 899/3652/965
o sphere
v 0.2039800242146689 0.2134114466455079 0.10113381478655507
v 0.20632161735635957 0.2256789655138086 0.10165814519257226
v 0.20364304093204563 0.22477535428083723 0.09111973581971111
v 0.20184754353818965 0.22080808475169436 0.08660100243130005
v 0.2019873004215562 0.2161009916890618 0.09074898178961636
v 0.20130171378740483 0.22479327259643642 0.10115657947640215
v 0.19853681480298155 0.2208333458276225 0.10079527552584104
v 0.19964597327691536 0.21611891000466102 0.1007858254463074
v 0.2017003351669396 0.22427756021821893 0.11144227372578833
v 0.19910008406889343 0.22010408261422945 0.11534202447028892
v 0.20004459465645014 0.21560319762644353 0.1110715196956936
v 0.20460493157749232 0.2235303786892267 0.11595217901354518
v 0.2034281067976896 0.21910378215940662 0.11941719604179729
v 0.20294919106700285 0.21485601609745128 0.11558142498345043
v 0.2083143411494723 0.2229894204702547 0.11204297818951096
v 0.2084540385756017 0.21828231217244853 0.1161915795267067
v 0.20665860063898284 0.2143150578784793 0.11167222415941622
v 0.2106556682941131 0.2229715021546555 0.10200613453281993
v 0.21176482676804695 0.218257066331694 0.10199668445328629
v 0.20899992778362367 0.21429713956288007 0.10163538050272518
v 0.21025704691457833 0.22348721453287296 0.09172044028343374
v 0.21120149804489793 0.21898631430991342 0.08745055748771782
v 0.2086013064040889 0.21481285194109756 0.09134968625333899
v 0.20735239104678854 0.2242343808266916 0.08721115697455631
v 0.20709352655062027 0.2200430001422765 0.08107344208348644
v 0.20569665053629907 0.2155600182349162 0.08684040294446156
vt 0.53265921875 0.5893668750000001
vt 0.53489578125 0.59064609375
vt 0.5341240625 0.591668125
vt 0.69038765625 0.84321703125
vt 0.6892596875 0.8421259375
vt 0.69288109375 0.84172203125
vt 0.69294828125 0.84293140625
vt 0.56425984375 0.77994421875
vt 0.56538765625 0.778853125
vt 0.5679484375 0.77913875
vt 0.56788109375 0.780348125
vt 0.53489578125 0.52947109375
vt 0.53265921875 0.5307503124999999
vt 0.5341240625 0.5284490625
vt 0.53489578125 0.59064609375
vt 0.53673828125 0.5924471875
vt 0.5341240625 0.591668125
vt 0.69294828125 0.84292984375
vt 0.69288109375 0.84172203125
vt 0.69652484375 0.84172203125
vt 0.69552484375 0.84292984375
vt 0.56788125 0.7803465625
vt 0.5679484375 0.77913875
vt 0.570525 0.77913875
vt 0.571525 0.780348125
vt 0.53673828125 0.52767
vt 0.53489578125 0.52947109375
vt 0.5341240625 0.5284490625
vt 0.53673828125 0.5924471875
vt 0.537109375 0.59375
vt 0.5341234375 0.5916679687499999
vt 0.515625 0.8125
vt 0.515990625 0.796875
vt 0.5174984375 0.796875
vt 0.5169390625 0.8122765625
vt 0.571525 0.78034828125
vt 0.570525 0.77913875
vt 0.571821875 0.7787471875
vt 0.5728578125 0.77970265625
vt 0.537109375 0.5263671875
vt 0.53673828125 0.52767
vt 0.5341234375 0.5284492187500001
vt 0.40625 0.46875
vt 0.40662109375 0.4674471875
vt 0.4092359375 0.46666796875000005
vt 0.2193890625 0.48419687499999997
vt 0.2188296875 0.46875
vt 0.2203375 0.46875
vt 0.220703125 0.484375
vt 0.28125 0.43544421874999995
vt 0.28238984375 0.4345703125
vt 0.28364015625 0.43509171874999997
vt 0.28253609375 0.43616
vt 0.46912109375 0.46517
vt 0.46875 0.4638671875
vt 0.4717359375 0.46594921874999995
vt 0.40662109375 0.4674471875
vt 0.40846359375 0.46564609375
vt 0.4092353125 0.466668125
vt 0.2198778125 0.29676875
vt 0.21875 0.29567765625
vt 0.22237125 0.2952740625
vt 0.2224384375 0.29648343749999995
vt 0.28251234375 0.43618296874999996
vt 0.28364015625 0.43509171874999997
vt 0.28620078125 0.4353771875
vt 0.28613359375 0.43658656250000005
vt 0.47096359375 0.46697109375
vt 0.46912109375 0.46517
vt 0.4717353125 0.4659490625
vt 0.40846359375 0.46564609375
vt 0.41070015625 0.46436687499999996
vt 0.4092353125 0.466668125
vt 0.2224384375 0.29648343749999995
vt 0.22237125 0.2952740625
vt 0.226015 0.2952740625
vt 0.225015 0.29648343749999995
vt 0.28613359375 0.43658656250000005
vt 0.28620078125 0.4353771875
vt 0.28877734375 0.4353771875
vt 0.28977734375 0.43658656250000005
vt 0.47320015625 0.46825031250000004
vt 0.47096359375 0.46697109375
vt 0.4717353125 0.4659490625
vt 0.41070015625 0.46436687499999996
vt 0.41205484375 0.46436687499999996
vt 0.40923609375 0.46666687500000004
vt 0.225015 0.29648343749999995
vt 0.226015 0.2952740625
vt 0.2278475 0.29582718750000003
vt 0.226311875 0.296875
vt 0.2897775 0.43658671875
vt 0.28877734375 0.4353771875
vt 0.29007421875 0.43498562500000004
vt 0.29160984375 0.4360334375
vt 0.47455484375 0.46825031250000004
vt 0.47320015625 0.46825031250000004
vt 0.47173609375 0.46595031249999996
vt 0.53130453125 0.5893668750000001
vt 0.53265921875 0.5893668750000001
vt 0.53412328125 0.591666875
vt 0.6891421875 0.84375
vt 0.6875 0.84287890625
vt 0.6892596875 0.8421259375
vt 0.69038765625 0.8432171875
vt 0.5625 0.77919140625
vt 0.5641421875 0.7783203125
vt 0.56538765625 0.778853125
vt 0.5642596875 0.779944375
vt 0.53265921875 0.5307503124999999
vt 0.53130453125 0.5307503124999999
vt 0.53412328125 0.5284503125
vn -0.16959876446126673 0.9846465654746607 -0.041320699318463
vn -0.7973322908251631 0.5738417778213837 -0.18699420321039714
vn -0.9494178946478874 -0.22300494605505258 -0.22107567789640797
vn -0.5190880469003023 -0.846314710528315 -0.11957846925180142
vn -0.17891952515000573 0.9822582370858338 0.05618326438652665
vn -0.8209995268515075 0.5677406347229961 0.06025237417671113
vn -0.9730760636812608 -0.22898677200773787 0.02623037430269167
vn -0.5284088075890415 -0.8487030389171417 -0.022074505546811788
vn 0.019869269767242514 0.9883420849773467 0.1509474583474266
vn -0.3562393497643112 0.7467593500795175 0.5616440142548634
vn -0.7494288484406264 -0.5316563299846162 0.39458579284136097
vn -0.34729784786804785 -0.9352327082757635 0.06873126099092591
vn 0.323660406667644 0.9291759095075739 0.17853870825820495
vn 0.5368201281834367 0.42691776721197655 0.7277124226065261
vn 0.538951174706834 -0.5971936590547587 0.5940466015952894
vn -0.04350671096764636 -0.9943988837455365 0.0963225109017043
vn 0.5190880469003023 0.846314710528315 0.1195784692518014
vn 0.9494270866327771 0.22299540522959393 0.22104582424123354
vn 0.7973054830657257 -0.5738723942465481 0.18701454968815792
vn 0.1695987644612668 -0.9846465654746607 0.041320699318462994
vn 0.5284088075890415 0.8487030389171417 0.02207450554681178
vn 0.973076736028521 0.22898687830741657 -0.02620449127735073
vn 0.8209993106604563 -0.5677376477459172 -0.06028345732445016
vn 0.17891952515000567 -0.9822582370858338 -0.056183264386526655
vn 0.3472831334198065 0.9352376637608899 -0.0687381809854878
vn 0.7494014198598811 0.5316464238505423 -0.3946512281989296
vn 0.5075392431812094 -0.7355135624534009 -0.4488025357305287
vn -0.019884664825348522 -0.9883406951818392 -0.15095453074440218
vn 0.04352317293256471 0.99439776733156 -0.09632659935807322
vn -0.4167813684787294 0.7587623726293878 -0.5005726248715763
vn -0.6586625715827339 -0.5083713630611641 -0.5547271167117701
vn -0.32364462531259036 -0.9291805916111691 -0.17854294911698762
usemtl m_939b02b2-df4c-255e-486f-2d355257d222
f 914/3653/966 917/3654/966 913/3655/966
f 914/3656/967 915/3657/967 918/3658/967 917/3659/967
f 915/3660/968 916/3661/968 919/3662/968 918/3663/968
f 919/3664/969 916/3665/969 912/3666/969
f 917/3667/970 920/3668/970 913/3669/970
f 917/3670/971 918/3671/971 921/3672/971 920/3673/971
f 918/3674/972 919/3675/972 922/3676/972 921/3677/972
f 922/3678/973 919/3679/973 912/3680/973
f 920/3681/974 923/3682/974 913/3683/974
f 920/3684/975 921/3685/975 924/3686/975 923/3687/975
f 921/3688/976 922/3689/976 925/3690/976 924/3691/976
f 925/3692/977 922/3693/977 912/3694/977
f 923/3695/978 926/3696/978 913/3697/978
f 923/3698/979 924/3699/979 927/3700/979 926/3701/979
f 924/3702/980 925/3703/980 928/3704/980 927/3705/980
f 928/3706/981 925/3707/981 912/3708/981
f 926/3709/982 929/3710/982 913/3711/982
f 926/3712/983 927/3713/983 930/3714/983 929/3715/983
f 927/3716/984 928/3717/984 931/3718/984 930/3719/984
f 931/3720/985 928/3721/985 912/3722/985
f 929/3723/986 932/3724/986 913/3725/986
f 929/3726/987 930/3727/987 933/3728/987 932/3729/987
f 930/3730/988 931/3731/988 934/3732/988 933/3733/988
f 934/3734/989 931/3735/989 912/3736/989
f 932/3737/990 935/3738/990 913/3739/990
f 932/3740/991 933/3741/991 936/3742/991 935/3743/991
f 933/3744/992 934/3745/992 937/3746/992 936/3747/992
f 937/3748/993 934/3749/993 912/3750/993
f 935/3751/994 914/3752/994 913/3753/994
f 935/3754/995 936/3755/995 915/3756/995 914/3757/995
f 936/3758/996 937/3759/996 916/3760/996 915/3761/996
f 916/3762/997 937/3763/997 912/3764/997
o sphere
v 0.18785452584072804 0.17891177701067382 0.09444521582546633
v 0.19469465059806879 0.18933464082043724 0.09535439309483604
v 0.19240993434975423 0.18946828696161214 0.08584244845441752
v 0.18923531441877514 0.1864133103434522 0.0839882601254036
v 0.1875732821338386 0.18209827996172845 0.08519956920724621
v 0.1906337705387038 0.18983698491041703 0.0949785034676323
v 0.1869483373025206 0.18699230545781026 0.09455651990553783
v 0.18579711832278817 0.18246697791053335 0.09433562422046099
v 0.19064964338808044 0.18901723441163734 0.10425675515844281
v 0.18805059003738447 0.1871935104537186 0.1054395147213609
v 0.1866680067668324 0.18295008538797405 0.1037275230699427
v 0.19244823652584037 0.1874892792910911 0.10824174994545627
v 0.19059418012311607 0.18503263376840404 0.11107543420089189
v 0.1884665999045923 0.18142213026742782 0.10771251785695617
v 0.19497589430495824 0.1861481378693826 0.10460003971305616
v 0.1941688776146893 0.18313596546387928 0.10592499595356998
v 0.19099425768371017 0.18008098884571935 0.10407080762455606
v 0.19675205811600865 0.18577943992057772 0.09546398469984138
v 0.1956008391362762 0.1812541123733008 0.09524308901476454
v 0.191915405900093 0.17840943292069403 0.09482110545267007
v 0.19673618526663203 0.1865991904193574 0.08618573300903087
v 0.19535360199607996 0.1823557653536129 0.0844737413576127
v 0.1918995330507164 0.17922918341947372 0.08554285376185956
v 0.1949375921288721 0.18812714553990367 0.08220073822201741
v 0.19281001191034836 0.18451664203892745 0.07883782187808169
v 0.19010093991295646 0.18075713854001996 0.0815578589748461
vt 0.67238375 0.81146
vt 0.67422078125 0.8100296875
vt 0.6747646875 0.81090140625
vt 0.12718296875 0.29631125
vt 0.12685796875 0.29516125000000004
vt 0.12956421875 0.29516125000000004
vt 0.12951109375 0.296326875
vt 0.72050875 0.87437375
vt 0.720843125 0.8732253125
vt 0.72317125 0.8732253125
vt 0.723215 0.8743909375
vt 0.69085515625 0.93592421875
vt 0.68876328125 0.9369459375
vt 0.69031125 0.93505265625
vt 0.67422078125 0.8100296875
vt 0.6763128125 0.809008125
vt 0.6747646875 0.81090140625
vt 0.1295109375 0.29632765625
vt 0.12956421875 0.29516125000000004
vt 0.13222875 0.29577515624999995
vt 0.13183125 0.29652078125000003
vt 0.723215 0.87439359375
vt 0.72317125 0.8732253125
vt 0.72552453125 0.87341859375
vt 0.725945 0.874535625
vt 0.6928221875 0.934619375
vt 0.69085515625 0.93592421875
vt 0.6903109375 0.9350521875
vt 0.6763128125 0.809008125
vt 0.677470625 0.809008125
vt 0.674764375 0.810901875
vt 0.1318296875 0.29652359375000004
vt 0.13222875 0.29577515624999995
vt 0.1337890625 0.29627203125
vt 0.1329328125 0.296875
vt 0.72594515625 0.87453625
vt 0.72552453125 0.87341859375
vt 0.7266515625 0.87315296875
vt 0.7275390625 0.87416078125
vt 0.693359375 0.93359375
vt 0.6928221875 0.934619375
vt 0.69031125 0.9350521875
vt 0.21901375 0.32463312499999997
vt 0.2201715625 0.32463312499999997
vt 0.22172 0.326526875
vt 0.1883553125 0.296875
vt 0.1875 0.29627078124999995
vt 0.1890609375 0.29577609375
vt 0.1894590625 0.29652515625
vt 0.68768015625 0.7488942187500001
vt 0.68847234375 0.74781
vt 0.68961875 0.74797171875
vt 0.68930171875 0.749123125
vt 0.6880371875 0.997119375
vt 0.6875 0.99609375
vt 0.690548125 0.9975521875
vt 0.2201715625 0.32463312499999997
vt 0.22226359375 0.32565468750000004
vt 0.2217196875 0.32652640624999996
vt 0.18945875 0.29652484375
vt 0.1890609375 0.29577609375
vt 0.19172578125 0.29516234374999994
vt 0.19177890625 0.29632859375
vt 0.6893015625 0.7491232812499999
vt 0.68961875 0.74797171875
vt 0.6919453125 0.74756390625
vt 0.6920078125 0.74872953125
vt 0.69000421875 0.99842421875
vt 0.6880371875 0.997119375
vt 0.6905484375 0.9975521875
vt 0.22226359375 0.32565468750000004
vt 0.224100625 0.32708499999999996
vt 0.2217196875 0.32652640624999996
vt 0.19177890625 0.29632953124999994
vt 0.19172578125 0.29516234374999994
vt 0.19443203125 0.29516234374999994
vt 0.19410703125 0.29631078125
vt 0.69200796875 0.748731875
vt 0.6919453125 0.74756390625
vt 0.69426390625 0.74735234375
vt 0.69470109375 0.7484640625000001
vt 0.69209609375 0.9994459375
vt 0.69000421875 0.99842421875
vt 0.690548125 0.99755265625
vt 0.224100625 0.32708499999999996
vt 0.224609375 0.328125
vt 0.2217190625 0.32652625
vt 0.194106875 0.29631140624999996
vt 0.19443203125 0.29516234374999994
vt 0.196051875 0.2954025
vt 0.1952521875 0.29648125000000003
vt 0.6947009375 0.74846375
vt 0.69426390625 0.74735234375
vt 0.69538671875 0.7470703125
vt 0.6962890625 0.7480648437499999
vt 0.69325390625 0.9994459375
vt 0.69209609375 0.9994459375
vt 0.69054765625 0.9975521875
vt 0.671875 0.8125
vt 0.67238375 0.81146
vt 0.6747653125 0.81090125
vt 0.12603734375 0.29647984375
vt 0.12523796875 0.29540078125
vt 0.12685796875 0.29516125000000004
vt 0.12718265625 0.29631046875
vt 0.71889125 0.87411953125
vt 0.7196990625 0.873046875
vt 0.720843125 0.8732253125
vt 0.72050921875 0.874371875
vt 0.68876328125 0.9369459375
vt 0.68760546875 0.9369459375
vt 0.69031171875 0.9350521875
vn 0.12420076389833168 0.9921298285435478 -0.015892563079044412
vn -0.6267292383003851 0.7588224328184624 -0.17719756575892792
vn -0.9325211797492263 0.3048358247996793 -0.19359589158298368
vn -0.8542924255825417 -0.49888117118931846 -0.14595214498277095
vn 0.11434216629370991 0.9896036861696123 0.08723768295167776
vn -0.6137397529107373 0.7880727227785571 0.047590958274219095
vn -0.9671326069470956 0.24226406730411176 0.07721814730349075
vn -0.8620989984366392 -0.49564964440043174 0.10543598484516165
vn 0.3517551899856051 0.9160870690527833 0.19249095623553863
vn -0.35375650729552954 0.8088124330079147 0.4697646024956388
vn -0.8892627486651173 0.11068768452675562 0.4438017579175031
vn -0.8076281918368229 -0.5714873459025372 0.14539228735960533
vn 0.6843780044214737 0.6954972361677059 0.218884310874863
vn 0.8257879087927247 0.02658487344413482 0.5633538623242925
vn 0.3934063705574734 -0.7399865945266639 0.5455742548229587
vn -0.23078243040674037 -0.9540417125659845 0.19116453776713324
vn 0.8542924255825417 0.49888117118931846 0.14595214498277095
vn 0.9685920284809137 -0.18783370791266985 0.1629355103561118
vn 0.616674001161483 -0.7616374770397745 0.19905157587915337
vn -0.13597589386839506 -0.9772022238961029 0.1630532731937694
vn 0.8641510231871634 0.5014073135632541 0.04282189895204878
vn 0.9685998041508398 -0.24410224875924286 -0.047207113337248474
vn 0.614547886423576 -0.7857255528228274 -0.07047163211944261
vn -0.11434216629370991 -0.9896036861696123 -0.08723768295167776
vn 0.7102094008900488 0.7021162085422968 -0.051336503480352305
vn 0.8892697640092365 -0.11069653187412071 -0.4437854939607631
vn 0.49303973291627806 -0.7144454635075934 -0.4964670194879671
vn -0.3517551899856051 -0.9160870690527833 -0.19249095623553863
vn 0.37758658645418014 0.9227060414273741 -0.07772985811967668
vn -0.3934248365417586 0.7399859223552652 -0.5455618504882083
vn -0.7896570636038599 0.13618664135848427 -0.5982431952107982
vn -0.6843780044214737 -0.6954972361677059 -0.218884310874863
usemtl m_939b02b2-df4c-255e-486f-2d355257d222
f 940/3765/998 943/3766/998 939/3767/998
f 940/3768/999 941/3769/999 944/3770/999 943/3771/999
f 941/3772/1000 942/3773/1000 945/3774/1000 944/3775/1000
f 945/3776/1001 942/3777/1001 938/3778/1001
f 943/3779/1002 946/3780/1002 939/3781/1002
f 943/3782/1003 944/3783/1003 947/3784/1003 946/3785/1003
f 944/3786/1004 945/3787/1004 948/3788/1004 947/3789/1004
f 948/3790/1005 945/3791/1005 938/3792/1005
f 946/3793/1006 949/3794/1006 939/3795/1006
f 946/3796/1007 947/3797/1007 950/3798/1007 949/3799/1007
f 947/3800/1008 948/3801/1008 951/3802/1008 950/3803/1008
f 951/3804/1009 948/3805/1009 938/3806/1009
f 949/3807/1010 952/3808/1010 939/3809/1010
f 949/3810/1011 950/3811/1011 953/3812/1011 952/3813/1011
f 950/3814/1012 951/3815/1012 954/3816/1012 953/3817/1012
f 954/3818/1013 951/3819/1013 938/3820/1013
f 952/3821/1014 955/3822/1014 939/3823/1014
f 952/3824/1015 953/3825/1015 956/3826/1015 955/3827/1015
f 953/3828/1016 954/3829/1016 957/3830/1016 956/3831/1016
f 957/3832/1017 954/3833/1017 938/3834/1017
f 955/3835/1018 958/3836/1018 939/3837/1018
f 955/3838/1019 956/3839/1019 959/3840/1019 958/3841/1019
f 956/3842/1020 957/3843/1020 960/3844/1020 959/3845/1020
f 960/3846/1021 957/3847/1021 938/3848/1021
f 958/3849/1022 961/3850/1022 939/3851/1022
f 958/3852/1023 959/3853/1023 962/3854/1023 961/3855/1023
f 959/3856/1024 960/3857/1024 963/3858/1024 962/3859/1024
f 963/3860/1025 960/3861/1025 938/3862/1025
f 961/3863/1026 940/3864/1026 939/3865/1026
f 961/3866/1027 962/3867/1027 941/3868/1027 940/3869/1027
f 962/3870/1028 963/3871/1028 942/3872/1028 941/3873/1028
f 942/3874/1029 963/3875/1029 938/3876/1029
o Index
v 0.198586375313428 0.20258590776803848 0.08602064316306166
v 0.1960307248910263 0.20193105430064787 0.11275516133705069
v 0.1893136467276621 0.18638989744029313 0.08366734002089922
v 0.18806875162232312 0.18715467955486356 0.1057480372428267
v 0.2063823584649377 0.19741574340789664 0.08663924819900595
v 0.203826708042536 0.196760889940506 0.11337376637299498
v 0.19533734304272862 0.18239508377802355 0.0841453155120055
v 0.19409244793738964 0.18315986589259395 0.10622601273393299
v 0.20692356626047057 0.19588193737258142 0.10015115945049384
v 0.19569326332104758 0.18119369287425297 0.09524039565178227
v 0.18685781574933658 0.18705321248241372 0.09453930994437873
v 0.19548945763825631 0.20346484510078947 0.09924387206444221
v 0.19954295791245635 0.19924712631417835 0.11709986282468154
v 0.1905907316033641 0.1850317501283345 0.11111150897589807
v 0.19127553953519208 0.18412345267833333 0.0948898527980805
v 0.19281536306168764 0.1845180132045526 0.07878184377893414
v 0.20308066352008963 0.20015361914412838 0.08009211949935882
v 0.20120651194936343 0.19967339123668545 0.09969751575746802
vt 0.38425375 0.56224703125
vt 0.3808534375 0.5623353125
vt 0.3799390625 0.5576403125
vt 0.38274046875 0.55795984375
vt 0.470264375 0.5579534374999999
vt 0.47306609375 0.5576365624999999
vt 0.4721503125 0.56233078125
vt 0.46875 0.56224078125
vt 0.503125 0.4989859375
vt 0.501953125 0.5
vt 0.501953125 0.495628125
vt 0.503671875 0.495628125
vt 0.15904296875 0.43277656249999996
vt 0.15771484375 0.43277656249999996
vt 0.15771484375 0.4287109375
vt 0.15862109375 0.42999374999999995
vt 0.3774515625 0.56233265625
vt 0.3754940625 0.5623040625
vt 0.37557359375 0.5576171875
vt 0.377146875 0.5576403125
vt 0.382745625 0.55797421875
vt 0.38431 0.5578062500000001
vt 0.3857421875 0.56202921875
vt 0.38425375 0.56224703125
vt 0.475551875 0.56233078125
vt 0.4721503125 0.56233078125
vt 0.4730659375 0.5576370312500001
vt 0.475858125 0.55763859375
vt 0.15861953125 0.43553437500000003
vt 0.15771484375 0.436821875
vt 0.15771484375 0.43277656249999996
vt 0.15904296875 0.43277656249999996
vt 0.377146875 0.5576403125
vt 0.3799390625 0.5576403125
vt 0.380853125 0.5623340625
vt 0.3774515625 0.5623325
vt 0.503671875 0.495628125
vt 0.501953125 0.495628125
vt 0.501953125 0.490703125
vt 0.503125 0.4922703125
vt 0.7209234375 0.6558359375
vt 0.7193734375 0.6558359375
vt 0.720153125 0.651446875
vt 0.7216796875 0.6513671875
vt 0.15680109375 0.429991875
vt 0.15771484375 0.4287109375
vt 0.15771484375 0.43277609375000003
vt 0.15639859375 0.432775625
vt 0.15638671875 0.43277656249999996
vt 0.15771484375 0.43277656249999996
vt 0.15771484375 0.436821875
vt 0.15680859375 0.43553437500000003
vt 0.475858125 0.55763875
vt 0.47743296875 0.5576171875
vt 0.47750796875 0.5623040625
vt 0.475551875 0.56233078125
vt 0.50078125 0.4922703125
vt 0.501953125 0.490703125
vt 0.501953125 0.495628125
vt 0.500234375 0.495628125
vt 0.500234375 0.495628125
vt 0.501953125 0.495628125
vt 0.501953125 0.5
vt 0.50078125 0.4989859375
vn -0.8917247809258909 0.4443010808913902 0.0861595299512157
vn 0.737479249157948 -0.6379635848811119 0.22164571150164303
vn 0.5472099805872598 0.8338291047810722 0.07273418154957581
vn -0.553818868318622 -0.8323132321412483 0.023223795918613024
vn -0.6099152354392492 0.4548131381627516 -0.6489594863576887
vn -0.811867134852039 0.3003776472780674 0.500644608842275
vn 0.8061620351181803 -0.5834353528865508 -0.09851884152922286
vn -0.5472099805872598 -0.8338291047810722 -0.07273418154957581
vn -0.8361250211088171 0.5026902452468912 -0.2195392138306972
vn 0.5472099805872598 0.8338291047810722 0.07273418154957581
vn 0.3498607457507769 -0.542159211679646 0.7639769942698634
vn -0.4361672499402617 -0.8992985529610001 0.031941238576494266
vn -0.5472099805872598 -0.8338291047810722 -0.07273418154957581
vn 0.7340002417754559 -0.4384305698688263 -0.518673577964088
vn 0.5472099805872598 0.8338291047810722 0.07273418154957581
vn 0.5472099805872598 0.8338291047810722 0.07273418154957581
usemtl m_939b02b2-df4c-255e-486f-2d355257d222
f 965/3877/1030 975/3878/1030 974/3879/1030 967/3880/1030
f 971/3881/1031 973/3882/1031 972/3883/1031 969/3884/1031
f 965/3885/1032 976/3886/1032 981/3887/1032 975/3888/1032
f 974/3889/1033 978/3890/1033 977/3891/1033 967/3892/1033
f 964/3893/1034 980/3894/1034 979/3895/1034 966/3896/1034
f 967/3897/1035 977/3898/1035 976/3899/1035 965/3900/1035
f 968/3901/1036 972/3902/1036 973/3903/1036 970/3904/1036
f 966/3905/1037 979/3906/1037 978/3907/1037 974/3908/1037
f 966/3909/1038 974/3910/1038 975/3911/1038 964/3912/1038
f 975/3913/1039 981/3914/1039 980/3915/1039 964/3916/1039
f 969/3917/1040 976/3918/1040 977/3919/1040 971/3920/1040
f 971/3921/1041 977/3922/1041 978/3923/1041 973/3924/1041
f 973/3925/1042 978/3926/1042 979/3927/1042 970/3928/1042
f 970/3929/1043 979/3930/1043 980/3931/1043 968/3932/1043
f 968/3933/1044 980/3934/1044 981/3935/1044 972/3936/1044
f 972/3937/1045 981/3938/1045 976/3939/1045 969/3940/1045
o sphere
v 0.19778621174174463 0.1944618983911093 0.09924541503830084
v 0.20462633649908538 0.2048847622008727 0.10015459230767054
v 0.2017437422416618 0.20546252520827601 0.09004935364361763
v 0.19854623235916863 0.20264921092363 0.08559694432327035
v 0.19690709002574616 0.19809251820839233 0.0894064743964463
v 0.19964656989226245 0.20599649633010125 0.09970578976689684
v 0.1955806926782856 0.20340412089826937 0.09925361827904829
v 0.1948099176763468 0.19862648933021754 0.09906291051972552
v 0.19987987677295443 0.20498493298586806 0.10954714755558766
v 0.19591019575220356 0.20197375950151514 0.11317237794223142
v 0.1950432245570388 0.19761492598598435 0.10890426830841635
v 0.20230655219627175 0.20302060046728862 0.11380947109549158
v 0.19955342238618648 0.1992498077047342 0.11699039454190412
v 0.1974698999803561 0.1956505934674049 0.11316659184832027
v 0.20550545821508384 0.20125414238358968 0.10999353294952506
v 0.20386625642442427 0.1966974344331784 0.11380368500158043
v 0.2006688059991682 0.193884135383706 0.10935065370235375
v 0.20760263056448316 0.20072017126176447 0.10033709682624585
v 0.2068318555625444 0.19594253969371264 0.1001463890669231
v 0.20276597834856755 0.19335016426188076 0.09969421757907454
v 0.2073693236837912 0.20173173460599766 0.09049573903755503
v 0.20650229303138934 0.19737288585529325 0.08622825138261937
v 0.20253267146787557 0.19436172760611395 0.08985285979038371
v 0.2049425888032368 0.20369605188940348 0.08623403747653052
v 0.20307019904635945 0.20015093775357257 0.08020158778213624
v 0.20010593658732115 0.19632604488951977 0.08559115822935921
vt 0.54856 0.9644420312499999
vt 0.55069046875 0.96569859375
vt 0.5498996875 0.96670703125
vt 0.31529765625 0.31196625
vt 0.31420921875 0.310875625
vt 0.3176840625 0.3104703125
vt 0.317754375 0.31167968749999997
vt 0.50170921875 0.43619453124999996
vt 0.50279765625 0.4351040625
vt 0.50525453125 0.43539062500000003
vt 0.50518421875 0.4366
vt 0.34756546875 0.45129359375
vt 0.345435 0.45255015624999995
vt 0.3467746875 0.45028515625
vt 0.55069046875 0.96569859375
vt 0.55241890625 0.96746796875
vt 0.5498996875 0.96670703125
vt 0.317754375 0.31167968749999997
vt 0.3176840625 0.3104703125
vt 0.3211825 0.3104703125
vt 0.3202278125 0.31167968749999997
vt 0.50518421875 0.4366
vt 0.50525453125 0.43539062500000003
vt 0.50772796875 0.43539062500000003
vt 0.50868265625 0.4366
vt 0.34929390625 0.44952421875000004
vt 0.34756546875 0.45129359375
vt 0.3467746875 0.45028515625
vt 0.55241890625 0.96746796875
vt 0.552734375 0.96875
vt 0.5499 0.9667071875
vt 0.15625 0.46875
vt 0.15656875 0.453125
vt 0.158053125 0.453125
vt 0.1575328125 0.46853437499999995
vt 0.50868265625 0.4366
vt 0.50772796875 0.43539062500000003
vt 0.50898921875 0.43500046875
vt 0.50999296875 0.43595593749999995
vt 0.349609375 0.4482421875
vt 0.34929390625 0.44952421875000004
vt 0.346775 0.45028500000000005
vt 0.03125 0.453125
vt 0.03156546875 0.45184296874999996
vt 0.034084375 0.45108218749999995
vt 0.5319203125 0.8435781250000001
vt 0.5314 0.828125
vt 0.532884375 0.828125
vt 0.533203125 0.84375
vt 0.09375 0.32606609374999995
vt 0.0948628125 0.3251953125
vt 0.096075 0.32571859375
vt 0.0950103125 0.32678546875000003
vt 0.25031546875 0.44952421875000004
vt 0.25 0.4482421875
vt 0.252834375 0.45028500000000005
vt 0.03156546875 0.45184296874999996
vt 0.03329390625 0.45007359375
vt 0.0340846875 0.45108203125
vt 0.7198384375 0.99989640625
vt 0.71875 0.9988059375
vt 0.72222484375 0.99840046875
vt 0.72229515625 0.99960984375
vt 0.09498671875 0.32680921875
vt 0.096075 0.32571859375
vt 0.098531875 0.3260053125
vt 0.0984615625 0.32721468750000005
vt 0.25204390625 0.45129359375
vt 0.25031546875 0.44952421875000004
vt 0.2528346875 0.45028515625
vt 0.03329390625 0.45007359375
vt 0.035424375 0.44881703125000005
vt 0.0340846875 0.45108203125
vt 0.72229515625 0.99960984375
vt 0.72222484375 0.99840046875
vt 0.72572328125 0.99840046875
vt 0.72476859375 0.99960984375
vt 0.0984615625 0.32721468750000005
vt 0.098531875 0.3260053125
vt 0.1010053125 0.3260053125
vt 0.10196 0.32721468750000005
vt 0.254174375 0.45255015624999995
vt 0.25204390625 0.45129359375
vt 0.2528346875 0.45028515625
vt 0.035424375 0.44881703125000005
vt 0.0367446875 0.44881703125000005
vt 0.0340853125 0.45108109375000005
vt 0.72476859375 0.99960984375
vt 0.72572328125 0.99840046875
vt 0.72750859375 0.99895265625
vt 0.72603 1
vt 0.10196 0.32721468750000005
vt 0.1010053125 0.3260053125
vt 0.1022665625 0.32561515625000004
vt 0.1037453125 0.32666249999999997
vt 0.2554946875 0.45255015624999995
vt 0.254174375 0.45255015624999995
vt 0.2528353125 0.45028609374999995
vt 0.5472396875 0.9644420312499999
vt 0.54856 0.9644420312499999
vt 0.5498990625 0.96670609375
vt 0.31409 0.3125
vt 0.3125 0.31163109375
vt 0.31420921875 0.310875625
vt 0.31529765625 0.31196625
vt 0.5 0.43543921875
vt 0.50159 0.4345703125
vt 0.50279765625 0.4351040625
vt 0.50170921875 0.4361946875
vt 0.345435 0.45255015624999995
vt 0.3441146875 0.45255015624999995
vt 0.3467740625 0.45028609374999995
vn 0.21844147135291708 0.9758282739778856 -0.00651945538473904
vn -0.5180948636965668 0.8404220497606354 -0.1589606570424524
vn -0.9620985067809876 0.16382804889994174 -0.21800649908530842
vn -0.8023603416505871 -0.5796518745788649 -0.14220262460152075
vn 0.20872745546736027 0.973339178861752 0.09509832925373288
vn -0.5427655671279138 0.8340808116721362 0.09856337423538705
vn -0.9867082219883024 0.1576052123761541 0.039591434585659176
vn -0.812074357536144 -0.5821409696949983 -0.040584839963048826
vn 0.3944868648924297 0.8990941978044532 0.18976231686430425
vn -0.04530007799418566 0.7922789471540913 0.6084751209623327
vn -0.8878828690483174 -0.21937974326039017 0.40439651222226686
vn -0.6773445600064898 -0.7341439908348545 0.04729638200420905
vn 0.6527244470093556 0.7278353947051183 0.21025326273514983
vn 0.6457400049894357 0.15859804256332782 0.7469046169701488
vn 0.2663127830084373 -0.7700628826432316 0.579724640136589
vn -0.41910697788956397 -0.9054027939341897 0.06778732787505456
vn 0.8023603416505871 0.5796518745788648 0.14220262460152075
vn 0.9621041475948445 -0.16384176107500859 0.2179712974422041
vn 0.5180545701372157 -0.8404424167941902 0.15898429612098725
vn -0.21844147135291708 -0.9758282739778856 0.006519455384739055
vn 0.8120743575361438 0.5821409696949983 0.040584839963048826
vn 0.9867092253897557 -0.15760659217749567 -0.039560923054767265
vn 0.5427664796148091 -0.8340759617235529 -0.09859938479259005
vn -0.20872745546736027 -0.973339178861752 -0.09509832925373286
vn 0.6773323227735926 0.7341548292554192 -0.04730339530177588
vn 0.887841084358291 0.2193977279613693 -0.40447848631402294
vn 0.18814362318078487 -0.846837654808887 -0.4974615195713044
vn -0.3945011059514558 -0.8990864127794893 -0.1897695965068916
vn 0.4191223756439115 0.9053953052979393 -0.06779214835845729
vn -0.09446845590592218 0.8708213709367538 -0.48243740605241603
vn -0.7941857522426105 -0.19533143270257713 -0.5754256010408275
vn -0.6527110530811369 -0.727845936736969 -0.21025834956357295
usemtl m_939b02b2-df4c-255e-486f-2d355257d222
f 984/3941/1046 987/3942/1046 983/3943/1046
f 984/3944/1047 985/3945/1047 988/3946/1047 987/3947/1047
f 985/3948/1048 986/3949/1048 989/3950/1048 988/3951/1048
f 989/3952/1049 986/3953/1049 982/3954/1049
f 987/3955/1050 990/3956/1050 983/3957/1050
f 987/3958/1051 988/3959/1051 991/3960/1051 990/3961/1051
f 988/3962/1052 989/3963/1052 992/3964/1052 991/3965/1052
f 992/3966/1053 989/3967/1053 982/3968/1053
f 990/3969/1054 993/3970/1054 983/3971/1054
f 990/3972/1055 991/3973/1055 994/3974/1055 993/3975/1055
f 991/3976/1056 992/3977/1056 995/3978/1056 994/3979/1056
f 995/3980/1057 992/3981/1057 982/3982/1057
f 993/3983/1058 996/3984/1058 983/3985/1058
f 993/3986/1059 994/3987/1059 997/3988/1059 996/3989/1059
f 994/3990/1060 995/3991/1060 998/3992/1060 997/3993/1060
f 998/3994/1061 995/3995/1061 982/3996/1061
f 996/3997/1062 999/3998/1062 983/3999/1062
f 996/4000/1063 997/4001/1063 1000/4002/1063 999/4003/1063
f 997/4004/1064 998/4005/1064 1001/4006/1064 1000/4007/1064
f 1001/4008/1065 998/4009/1065 982/4010/1065
f 999/4011/1066 1002/4012/1066 983/4013/1066
f 999/4014/1067 1000/4015/1067 1003/4016/1067 1002/4017/1067
f 1000/4018/1068 1001/4019/1068 1004/4020/1068 1003/4021/1068
f 1004/4022/1069 1001/4023/1069 982/4024/1069
f 1002/4025/1070 1005/4026/1070 983/4027/1070
f 1002/4028/1071 1003/4029/1071 1006/4030/1071 1005/4031/1071
f 1003/4032/1072 1004/4033/1072 1007/4034/1072 1006/4035/1072
f 1007/4036/1073 1004/4037/1073 982/4038/1073
f 1005/4039/1074 984/4040/1074 983/4041/1074
f 1005/4042/1075 1006/4043/1075 985/4044/1075 984/4045/1075
f 1006/4046/1076 1007/4047/1076 986/4048/1076 985/4049/1076
f 986/4050/1077 1007/4051/1077 982/4052/1077
o sphere
v -0.1048048542341056 0.46080186497293396 0.08220002118269142
v -0.08023654761815745 0.511791597449292 0.10870842535974798
v -0.10215977022607692 0.5049297260847297 0.12064543694270638
v -0.11843680528515152 0.48715326217211347 0.11782601561538007
v -0.11953201983421385 0.4688748862506969 0.10190134434910969
v -0.10688091678090611 0.5146433157101987 0.10633666310191012
v -0.12511264752470985 0.5008900094230141 0.0975902094621797
v -0.12425316638904306 0.47858847587616593 0.08759257050831343
v -0.09810132861662751 0.5183118543834302 0.0911430883842897
v -0.11269727788479766 0.5060785294142512 0.07610321799484349
v -0.11547357822476445 0.48225701454939734 0.072398995790693
v -0.08096481242188613 0.5137867847491983 0.08396487075774975
v -0.08846225931668213 0.49967885950981344 0.06595187471280302
v -0.09833706203002307 0.47773194491516546 0.06522077816415306
v -0.08670433982223998 0.49486151750706053 0.12568766837828632
v -0.09657914253558093 0.47291460291241255 0.12495657182963638
v -0.10407658943037693 0.4588066776730277 0.10694357578468965
v -0.0695678236274986 0.49033644787282865 0.11850945075174638
v -0.0723441239674654 0.46651493300797475 0.11480522854759591
v -0.08694007323563555 0.45428160803879586 0.09976535815814969
v -0.06078823546322 0.49400498654606007 0.10331587603412595
v -0.0599287543275532 0.4717034529992119 0.0933182370802597
v -0.07816048507135694 0.4579501467120273 0.08457178344052926
v -0.06550938201804919 0.503718576171529 0.0890071021933297
v -0.06660459656711154 0.4854402002501126 0.07308243092705932
v -0.08288163162618613 0.46766373633749625 0.070263009599733
vt 0.3210984375 0.6480770312499999
vt 0.3212890625 0.65255421875
vt 0.31501828125 0.6509525
vt 0.0625 0.65625
vt 0.0688390625 0.65625
vt 0.0680640625 0.671875
vt 0.0635828125 0.671875
vt 0.3292078125 0.78125
vt 0.3336890625 0.78125
vt 0.3344625 0.796875
vt 0.328125 0.796875
vt 0.2900390625 0.64822703125
vt 0.2898484375 0.6527042187500001
vt 0.28376828125 0.64982875
vt 0.31775859375 0.6450890625
vt 0.3210984375 0.6480770312499999
vt 0.31501828125 0.6509525
vt 0.328621875 0.953125
vt 0.3349609375 0.953125
vt 0.333878125 0.96875
vt 0.329396875 0.96875
vt 0.188771875 0.65625
vt 0.193253125 0.65625
vt 0.1943359375 0.671875
vt 0.1879984375 0.671875
vt 0.2898484375 0.6527042187500001
vt 0.28650859375 0.6556921875
vt 0.28376828125 0.64982875
vt 0.31297734375 0.6450890625
vt 0.31775859375 0.6450890625
vt 0.31501796875 0.650953125
vt 0.312575 0.90625
vt 0.3193359375 0.90625
vt 0.3182015625 0.921875
vt 0.3134203125 0.921875
vt 0.3134203125 0.84375
vt 0.3182015625 0.84375
vt 0.3193359375 0.859375
vt 0.312575 0.859375
vt 0.28650859375 0.6556921875
vt 0.28172734375 0.6556921875
vt 0.28376796875 0.649828125
vt 0.3629065625 0.957589375
vt 0.36768625 0.957589375
vt 0.365645625 0.963451875
vt 0.3125 0.734375
vt 0.319259375 0.734375
vt 0.3184140625 0.75
vt 0.313634375 0.75
vt 0.032384375 0.6875
vt 0.0371640625 0.6875
vt 0.0380109375 0.703125
vt 0.03125 0.703125
vt 0.00831125 0.640066875
vt 0.0035315625 0.640066875
vt 0.006270625 0.6342043749999999
vt 0.3212890625 0.65255421875
vt 0.318255625 0.65625
vt 0.3150175 0.6509521875
vt 0.3125 0.984375
vt 0.3192609375 0.984375
vt 0.318415625 1
vt 0.313634375 1
vt 0.313634375 0.875
vt 0.318415625 0.875
vt 0.3192609375 0.890625
vt 0.3125 0.890625
vt 0.287005625 0.64453125
vt 0.2900390625 0.64822703125
vt 0.2837675 0.6498290625
vt 0.36240671875 0.96875
vt 0.359375 0.96505484375
vt 0.3656446875 0.96345390625
vt 0.282171875 0.6875
vt 0.2813265625 0.671875
vt 0.2880859375 0.671875
vt 0.2869515625 0.6875
vt 0.000075 0.703125
vt 0.000921875 0.6875
vt 0.0057015625 0.6875
vt 0.0068359375 0.703125
vt 0 0.63260140625
vt 0.00303171875 0.62890625
vt 0.0062696875 0.63420234375
vt 0.359375 0.96505484375
vt 0.35956703125 0.96057765625
vt 0.36564625 0.9634534375
vt 0.345021875 0.875
vt 0.3442484375 0.859375
vt 0.3505859375 0.859375
vt 0.349503125 0.875
vt 0.3442484375 0.84375
vt 0.345021875 0.828125
vt 0.349503125 0.828125
vt 0.3505859375 0.84375
vt 0.00019203125 0.63707859375
vt 0 0.63260140625
vt 0.00627125 0.6342028125
vt 0.35956703125 0.96057765625
vt 0.3629065625 0.957589375
vt 0.36564625 0.9634534375
vt 0.3448328125 0.90625
vt 0.34375 0.890625
vt 0.3500875 0.890625
vt 0.3493140625 0.90625
vt 0.15625 0.65625
vt 0.1573328125 0.640625
vt 0.1618140625 0.640625
vt 0.1625875 0.65625
vt 0.0035315625 0.640066875
vt 0.00019203125 0.63707859375
vt 0.00627125 0.6342028125
vn 0.03998234270334246 0.8327860332573725 0.5521492869536306
vn -0.6529743623179529 0.508935420435373 0.5609003654676408
vn -0.9646298091725465 -0.13792140713532133 0.22464865169759995
vn -0.6906350000279153 -0.6835570924943876 -0.23616307509231987
vn 0.07792657547517945 0.9579016909438619 0.2763182934979179
vn -0.5586642334909386 0.8199499012318883 -0.12480558356018634
vn -0.8702945658834362 0.1731624999000501 -0.46108797123989975
vn -0.6526907672560784 -0.5584414348078984 -0.5119940685480326
vn 0.28157688627494204 0.9570628654793396 0.0688848941073751
vn -0.04333086778619398 0.7952182273647206 -0.6047730208630401
vn -0.3383424704642046 0.18296797635328682 -0.9230639697818142
vn -0.442270999137869 -0.5452307442405072 -0.7121234435521232
vn 0.53302396907968 0.8444756278977545 0.052405746566935654
vn 0.5538880743097762 0.52780172297802 -0.6439202919297087
vn 0.2589061178252232 -0.08443931334362759 -0.9622045647962435
vn -0.19082391633313098 -0.6578179818220922 -0.7286025910925625
vn 0.19082391633313098 0.6578179818220922 0.7286025910925625
vn -0.25889529140069883 0.08443433049203086 0.9622079151227712
vn -0.5538976337240756 -0.5277941105389051 0.6439183086660263
vn -0.53302396907968 -0.8444756278977545 -0.052405746566935654
vn 0.442270999137869 0.5452307442405072 0.7121234435521232
vn 0.3383279928187946 -0.18297668513661258 0.9230675500588366
vn 0.043346962176645895 -0.7952146686259096 0.6047765468933474
vn -0.28157688627494204 -0.9570628654793396 -0.0688848941073751
vn 0.6526907672560784 0.5584414348078984 0.5119940685480326
vn 0.8703120074900647 -0.17312699408683627 0.46106838271244605
vn 0.5586294133913415 -0.819971666283961 0.12481844809782922
vn -0.07792657547517945 -0.9579016909438619 -0.2763182934979179
vn 0.6906350000279153 0.6835570924943876 0.23616307509231987
vn 0.9646380138783127 0.13788037741758127 -0.22463860688690562
vn 0.6529871102910577 -0.5088978130140329 -0.5609196463873132
vn -0.03998234270334246 -0.8327860332573725 -0.5521492869536306
usemtl m_939b02b2-df4c-255e-486f-2d355257d222
f 1013/4053/1078 1010/4054/1078 1009/4055/1078
f 1014/4056/1079 1011/4057/1079 1010/4058/1079 1013/4059/1079
f 1015/4060/1080 1012/4061/1080 1011/4062/1080 1014/4063/1080
f 1012/4064/1081 1015/4065/1081 1008/4066/1081
f 1016/4067/1082 1013/4068/1082 1009/4069/1082
f 1017/4070/1083 1014/4071/1083 1013/4072/1083 1016/4073/1083
f 1018/4074/1084 1015/4075/1084 1014/4076/1084 1017/4077/1084
f 1015/4078/1085 1018/4079/1085 1008/4080/1085
f 1019/4081/1086 1016/4082/1086 1009/4083/1086
f 1020/4084/1087 1017/4085/1087 1016/4086/1087 1019/4087/1087
f 1021/4088/1088 1018/4089/1088 1017/4090/1088 1020/4091/1088
f 1018/4092/1089 1021/4093/1089 1008/4094/1089
f 1031/4095/1090 1019/4096/1090 1009/4097/1090
f 1032/4098/1091 1020/4099/1091 1019/4100/1091 1031/4101/1091
f 1033/4102/1092 1021/4103/1092 1020/4104/1092 1032/4105/1092
f 1021/4106/1093 1033/4107/1093 1008/4108/1093
f 1010/4109/1094 1022/4110/1094 1009/4111/1094
f 1011/4112/1095 1023/4113/1095 1022/4114/1095 1010/4115/1095
f 1012/4116/1096 1024/4117/1096 1023/4118/1096 1011/4119/1096
f 1024/4120/1097 1012/4121/1097 1008/4122/1097
f 1022/4123/1098 1025/4124/1098 1009/4125/1098
f 1022/4126/1099 1023/4127/1099 1026/4128/1099 1025/4129/1099
f 1023/4130/1100 1024/4131/1100 1027/4132/1100 1026/4133/1100
f 1027/4134/1101 1024/4135/1101 1008/4136/1101
f 1025/4137/1102 1028/4138/1102 1009/4139/1102
f 1025/4140/1103 1026/4141/1103 1029/4142/1103 1028/4143/1103
f 1026/4144/1104 1027/4145/1104 1030/4146/1104 1029/4147/1104
f 1030/4148/1105 1027/4149/1105 1008/4150/1105
f 1028/4151/1106 1031/4152/1106 1009/4153/1106
f 1028/4154/1107 1029/4155/1107 1032/4156/1107 1031/4157/1107
f 1029/4158/1108 1030/4159/1108 1033/4160/1108 1032/4161/1108
f 1033/4162/1109 1030/4163/1109 1008/4164/1109
o Left Upper Arm
v -0.07229655697470269 0.46646279246830763 0.11486143682387909
v -0.06654055900462559 0.4854423690484623 0.07301890839637468
v -0.13707144852489606 0.36733947700338637 0.05610858790655089
v -0.13241183112054794 0.382703896139702 0.022236064893809235
v -0.11850084284763744 0.48715109337376383 0.11788953814606466
v -0.11274484487756034 0.5061306699539184 0.07604700971856027
v -0.16720467844202744 0.38083184715911866 0.058083436594932786
v -0.1625450610376793 0.39619626629543436 0.02421091358219113
v -0.05977956864655756 0.47163665403887933 0.09330845986264145
v -0.12526183320570547 0.5009568083833468 0.09759998667979788
v -0.17116116713753157 0.3913287915443454 0.04155916166300898
v -0.1284553424250438 0.3722069517544753 0.03876033982573304
v -0.0884419041786279 0.4997459776539664 0.06580390550796542
v -0.14650637169997524 0.39265535686505354 0.01615711255506995
v -0.14980825478128768 0.3817678716494104 0.04015975074437101
v -0.15311013786260014 0.3708803864337672 0.06416238893367207
v -0.09659949767363514 0.4728474847682597 0.12510454103447394
v -0.09252070092613152 0.48629673121111305 0.09545422327121968
v -0.1211882038836653 0.4258819035164426 0.09696038822419574
v -0.14019058775761783 0.4384591838537282 0.0903792389002342
v -0.14596841377758246 0.45079816253893756 0.07199979147276869
v -0.1349827800704052 0.4556311817119633 0.05252171318011116
v -0.11380752405484924 0.45021863517493915 0.04330743227164042
v -0.10049925014256175 0.4401909334763029 0.05026175784057209
v -0.09472142412259713 0.4278519547910935 0.06864120526803758
v -0.10570705782977438 0.42301893561806775 0.08811928356069512
vt 0.2253046875 0.9846843750000001
vt 0.2195859375 0.9846843750000001
vt 0.21969375 0.966815625
vt 0.2246765625 0.966796875
vt 0.068359375 0.72734375
vt 0.068359375 0.733984375
vt 0.064225 0.7320296875000001
vt 0.0625 0.72734375
vt 0.22488125 0.7971390625
vt 0.2189515625 0.7971390625
vt 0.218940625 0.779296875
vt 0.2235046875 0.77930625
vt 0.131634375 0.7658875
vt 0.1257046875 0.7658875
vt 0.12708125 0.7480515624999999
vt 0.1316453125 0.748046875
vt 0.162284375 0.73464375
vt 0.1565640625 0.73464375
vt 0.156878125 0.716796875
vt 0.1618625 0.716809375
vt 0.08740234375 0.960546875
vt 0.08740234375 0.96875
vt 0.08106328125 0.966334375
vt 0.07841796875 0.960546875
vt 0.256521875 0.8596421875
vt 0.2508015625 0.8596421875
vt 0.2512234375 0.8418046875
vt 0.2562078125 0.841796875
vt 0.068359375 0.720703125
vt 0.068359375 0.72734375
vt 0.0625 0.72734375
vt 0.064225 0.7226578125
vt 0.0694765625 0.7815624999999999
vt 0.0637578125 0.7815624999999999
vt 0.0643859375 0.763671875
vt 0.06936875 0.7636968749999999
vt 0.08740234375 0.96875
vt 0.08740234375 0.960546875
vt 0.09638671875 0.960546875
vt 0.09374140625 0.966334375
vt 0.0066796875 0.781546875
vt 0.002165625 0.781546875
vt 0.0027625 0.7636875
vt 0.0073265625 0.763671875
vt 0.068359375 0.72734375
vt 0.068359375 0.720703125
vt 0.07249375 0.7226578125
vt 0.07421875 0.72734375
vt 0.068359375 0.733984375
vt 0.068359375 0.72734375
vt 0.07421875 0.72734375
vt 0.07249375 0.7320296875000001
vt 0.161896875 0.7971734375
vt 0.1573828125 0.7971734375
vt 0.1567359375 0.779296875
vt 0.1613 0.7793171875
vt 0.08740234375 0.960546875
vt 0.08740234375 0.95234375
vt 0.09374140625 0.954759375
vt 0.09638671875 0.960546875
vt 0.08740234375 0.95234375
vt 0.08740234375 0.960546875
vt 0.07841796875 0.960546875
vt 0.08106328125 0.954759375
vt 0.2189515625 0.7971390625
vt 0.22488125 0.7971390625
vt 0.2255328125 0.8121296875
vt 0.21875 0.8121328125
vt 0.1565640625 0.73464375
vt 0.162284375 0.73464375
vt 0.1626140625 0.7496359375
vt 0.15625 0.7496390625
vt 0.2508015625 0.8596421875
vt 0.256521875 0.8596421875
vt 0.2568359375 0.8746390625
vt 0.250471875 0.874634375
vt 0.1257046875 0.7658875
vt 0.131634375 0.7658875
vt 0.1318359375 0.7808828125
vt 0.125053125 0.780878125
vt 0.002165625 0.781546875
vt 0.0066796875 0.781546875
vt 0.006715625 0.796553125
vt 0 0.7966078125
vt 0.0637578125 0.7815624999999999
vt 0.0694765625 0.7815624999999999
vt 0.0688640625 0.7967953125
vt 0.0625 0.7968125
vt 0.2195859375 0.9846843750000001
vt 0.2253046875 0.9846843750000001
vt 0.2265625 0.999934375
vt 0.2201984375 0.9999171875
vt 0.1573828125 0.7971734375
vt 0.161896875 0.7971734375
vt 0.1640625 0.812265625
vt 0.157346875 0.81215
vn 0.7578414122740653 -0.5886523205903621 0.2813624696117659
vn -0.3930929058551705 -0.8158357196217296 -0.42413446683290507
vn -0.4639860669833389 -0.25750643311850746 0.8475891496166739
vn -0.22660827118133509 0.5178140044212293 -0.824934753939642
vn -0.8991830690029501 0.17581044754864142 0.40070000617816603
vn 0.3930929058551705 0.8158357196217296 0.42413446683290507
vn -0.7930054882087305 0.5194013475593364 -0.3183779763494618
vn -0.3930929058551705 -0.8158357196217296 -0.42413446683290507
vn 0.8498729984549955 -0.27324735857710536 -0.4506126579755058
vn 0.3930929058551705 0.8158357196217296 0.42413446683290507
vn 0.5278304309282504 0.11710220436605767 -0.8412384382080431
vn -0.3930929058551705 -0.8158357196217296 -0.42413446683290507
vn -0.3930929058551705 -0.8158357196217296 -0.42413446683290507
vn 0.30389812876177635 -0.611844372286044 0.730268711802024
vn 0.3930929058551705 0.8158357196217296 0.42413446683290507
vn 0.3930929058551705 0.8158357196217296 0.42413446683290507
vn -0.46619649241050176 -0.26224278399086187 0.844919849872677
vn -0.899664139497616 0.17469970823037914 0.40010554613281035
vn -0.8020235450933927 0.4987936216775268 -0.3285774734969562
vn -0.23757466377426517 0.49419225004673706 -0.8362609037413434
vn 0.5259715316347778 0.11348503934667614 -0.8428968464493443
vn 0.7980274000117026 -0.35339646421171933 -0.4881221239743361
vn 0.6964922023680942 -0.6818226942688443 0.22364352353782982
vn 0.28215472063282926 -0.6508518174765305 0.7048266633095738
usemtl m_939b02b2-df4c-255e-486f-2d355257d222
f 1058/4165/1110 1059/4166/1110 1036/4167/1110 1045/4168/1110
f 1048/4169/1111 1049/4170/1111 1040/4171/1111 1044/4172/1111
f 1052/4173/1112 1053/4174/1112 1040/4175/1112 1049/4176/1112
f 1055/4177/1113 1056/4178/1113 1047/4179/1113 1041/4180/1113
f 1053/4181/1114 1054/4182/1114 1044/4183/1114 1040/4184/1114
f 1051/4185/1115 1046/4186/1115 1039/4187/1115 1043/4188/1115
f 1054/4189/1116 1055/4190/1116 1041/4191/1116 1044/4192/1116
f 1047/4193/1117 1048/4194/1117 1044/4195/1117 1041/4196/1117
f 1057/4197/1118 1058/4198/1118 1045/4199/1118 1037/4200/1118
f 1046/4201/1119 1051/4202/1119 1042/4203/1119 1035/4204/1119
f 1056/4205/1120 1057/4206/1120 1037/4207/1120 1047/4208/1120
f 1048/4209/1121 1047/4210/1121 1037/4211/1121 1045/4212/1121
f 1049/4213/1122 1048/4214/1122 1045/4215/1122 1036/4216/1122
f 1059/4217/1123 1052/4218/1123 1049/4219/1123 1036/4220/1123
f 1051/4221/1124 1050/4222/1124 1034/4223/1124 1042/4224/1124
f 1050/4225/1125 1051/4226/1125 1043/4227/1125 1038/4228/1125
f 1053/4229/1126 1052/4230/1126 1050/4231/1126 1038/4232/1126
f 1054/4233/1127 1053/4234/1127 1038/4235/1127 1043/4236/1127
f 1055/4237/1128 1054/4238/1128 1043/4239/1128 1039/4240/1128
f 1056/4241/1129 1055/4242/1129 1039/4243/1129 1046/4244/1129
f 1057/4245/1130 1056/4246/1130 1046/4247/1130 1035/4248/1130
f 1058/4249/1131 1057/4250/1131 1035/4251/1131 1042/4252/1131
f 1059/4253/1132 1058/4254/1132 1042/4255/1132 1034/4256/1132
f 1052/4257/1133 1059/4258/1133 1034/4259/1133 1050/4260/1133
o sphere
v -0.15963557742766693 0.36137197865886717 0.029556389073548416
v -0.1375241014733136 0.40726273788758943 0.05341395283289932
v -0.15336475728647245 0.3991321684979829 0.06215394838391101
v -0.16712182376816104 0.3808299549055294 0.05801028569852787
v -0.16828017623301458 0.36817630191158585 0.04606069620801997
v -0.1561152909172794 0.4065085870798544 0.05051440741180022
v -0.17101198145653593 0.3912619925840128 0.04154938444539079
v -0.17103070986382155 0.37555272049345734 0.03442115523590918
v -0.15008322934321422 0.40995253556947314 0.03829927939944752
v -0.16248100767453472 0.39613237942014656 0.02427443653147588
v -0.16499864828975636 0.37899666898307616 0.022206027223556482
v -0.13880172193040605 0.4074465038237354 0.03266387245764339
v -0.14652672683802945 0.39258823872090065 0.016305081759907553
v -0.15371714087694818 0.3764906372373384 0.016570620281752355
v -0.14344253802403237 0.3921440793091182 0.06639972162469537
v -0.15308978272454593 0.37094750457792014 0.06401441972883454
v -0.15835795697057448 0.3611882127227212 0.05030646944880435
v -0.1321610306112242 0.38963804756338044 0.06076431468289126
v -0.13713550188804063 0.3674033638786742 0.0560450649572662
v -0.14707644955776633 0.35868218097698346 0.04467106250700022
v -0.126128969037159 0.3930819960529992 0.048549186670538556
v -0.12860452810603942 0.372273750714808 0.038770117043351295
v -0.14104438798370114 0.3621261294666022 0.032455934494647516
v -0.12887950266796597 0.40045841463487075 0.03690964569842777
v -0.1324946857944143 0.3827057883932914 0.022309215790214214
v -0.14379492161450808 0.3695025480484737 0.02081639352253673
vt 0.50686375 0.90286640625
vt 0.5078125 0.90625
vt 0.50292078125 0.90543734375
vt 0.375 0.703125
vt 0.37996875 0.703125
vt 0.3790984375 0.71875
vt 0.375584375 0.71875
vt 0.375584375 0.609375
vt 0.3790984375 0.609375
vt 0.37996875 0.625
vt 0.375 0.625
vt 0.2578125 0.509765625
vt 0.2568628125 0.51314890625
vt 0.2529190625 0.5105765625
vt 0.5041503125 0.90063359375
vt 0.50686375 0.90286640625
vt 0.50292078125 0.90543734375
vt 0.375890625 0.671875
vt 0.380859375 0.671875
vt 0.380275 0.6875
vt 0.3767609375 0.6875
vt 0.0330109375 0.59375
vt 0.036525 0.59375
vt 0.037109375 0.609375
vt 0.032140625 0.609375
vt 0.2568628125 0.51314890625
vt 0.254149375 0.51538171875
vt 0.2529190625 0.5105765625
vt 0.5009346875 0.90063359375
vt 0.5041503125 0.90063359375
vt 0.502920625 0.90543828125
vt 0.1253359375 0.5625
vt 0.1298828125 0.5625
vt 0.1293734375 0.578125
vt 0.126159375 0.578125
vt 0.2511578125 0.5625
vt 0.2543734375 0.5625
vt 0.2548828125 0.578125
vt 0.2503359375 0.578125
vt 0.254149375 0.51538171875
vt 0.25093375 0.51538171875
vt 0.2529196875 0.51057859375
vt 0.50366140625 0.77563359375
vt 0.50687703125 0.77563359375
vt 0.50489265625 0.78043828125
vt 0.421875 0.953125
vt 0.426421875 0.953125
vt 0.4256 0.96875
vt 0.422384375 0.96875
vt 0.188009375 0.5625
vt 0.191225 0.5625
vt 0.192046875 0.578125
vt 0.1875 0.578125
vt 0.28812515625 0.49975812500000005
vt 0.28490953125 0.49975812500000005
vt 0.28614078125 0.49495500000000003
vt 0.46875 0.30769531250000004
vt 0.471965625 0.30769531250000004
vt 0.4699796875 0.3125
vt 0.0625 0.5625
vt 0.067046875 0.5625
vt 0.0662234375 0.578125
vt 0.063009375 0.578125
vt 0.422384375 0.796875
vt 0.4256 0.796875
vt 0.426421875 0.8125
vt 0.421875 0.8125
vt 0.565715625 0.3124203125
vt 0.5625 0.3124203125
vt 0.5637296875 0.3076171875
vt 0.406940625 0.30769531250000004
vt 0.41015625 0.30769531250000004
vt 0.408925 0.3125
vt 0.0949078125 0.578125
vt 0.0940859375 0.5625
vt 0.0986328125 0.5625
vt 0.0981234375 0.578125
vt 0.2190859375 0.578125
vt 0.2199078125 0.5625
vt 0.2231234375 0.5625
vt 0.2236328125 0.578125
vt 0.69140625 0.4374203125
vt 0.688190625 0.4374203125
vt 0.690175 0.4326171875
vt 0.5 0.78125
vt 0.50094765625 0.7778660937499999
vt 0.5048925 0.7804378125
vt 0.3142609375 0.625
vt 0.313390625 0.609375
vt 0.318359375 0.609375
vt 0.317775 0.625
vt 0.000890625 0.609375
vt 0.0017609375 0.59375
vt 0.005275 0.59375
vt 0.005859375 0.609375
vt 0.28219625 0.49752484374999995
vt 0.28125 0.494140625
vt 0.286140625 0.4949553125
vt 0.50094765625 0.7778660937499999
vt 0.50366140625 0.77563359375
vt 0.5048925 0.7804378125
vt 0.375584375 0.65625
vt 0.375 0.640625
vt 0.37996875 0.640625
vt 0.3790984375 0.65625
vt 0.390625 0.96875
vt 0.391209375 0.953125
vt 0.3947234375 0.953125
vt 0.39559375 0.96875
vt 0.28490953125 0.49975812500000005
vt 0.28219625 0.49752484374999995
vt 0.286140625 0.4949553125
vn -0.119497139326618 0.8256022945993946 0.5514537921213069
vn -0.753514676281169 0.4600607796878533 0.4696378515642555
vn -0.9802589275076318 -0.08071420624643816 0.18049280304653445
vn -0.7959887439301464 -0.5784068005510532 -0.17845865799339136
vn -0.07604855381927643 0.9688677648484989 0.2356095747194297
vn -0.6715980328280577 0.7301573407851043 -0.12580278215965054
vn -0.9011926951065712 0.17998323154512108 -0.39428132424593765
vn -0.7525401584228048 -0.4351413303019489 -0.4943028753952685
vn 0.21467303847466207 0.9766752878417446 -0.004568224086188011
vn -0.14339030645629808 0.7653560076043053 -0.6274307943019433
vn -0.4102839985331318 0.16846602885803622 -0.8962623709988436
vn -0.47658515539027124 -0.4579807887143543 -0.7504133439846397
vn 0.5837705481624484 0.8114092264881503 -0.028757855761800295
vn 0.59527123995051 0.4346092534076168 -0.6758453578595154
vn 0.2985276426506803 -0.14889575101351193 -0.9427148571564734
vn -0.10748764570248492 -0.6232468500679489 -0.7746029756602519
vn 0.10748764570248492 0.6232468500679489 0.7746029756602519
vn -0.357908107808108 0.05802065376860577 0.9319524612883875
vn -0.6161178080048277 -0.5102395252459563 0.600045392896327
vn -0.5837705481624484 -0.8114092264881503 0.028757855761800295
vn 0.47658515539027124 0.4579807887143543 0.7504133439846397
vn 0.38075664968458933 -0.2727217975548627 0.883542412597953
vn 0.0926906676733209 -0.8276136119160649 0.553592042480308
vn -0.21467303847466207 -0.9766752878417446 0.004568224086188011
vn 0.7525401584228048 0.4351413303019489 0.4943028753952685
vn 0.8904163776653824 -0.27602115880158506 0.3618991493207596
vn 0.6066636183989774 -0.7912701757436299 0.07649028101468203
vn 0.07604855381927643 -0.9688677648484989 -0.23560957471942964
vn 0.7959887439301464 0.5784068005510532 0.1784586579933913
vn 0.9723288658906232 -0.00592273717120631 -0.23354121208098477
vn 0.6857195730408951 -0.5305681360115844 -0.49828317270183375
vn 0.11949713932661794 -0.8256022945993945 -0.5514537921213067
usemtl m_939b02b2-df4c-255e-486f-2d355257d222
f 1065/4261/1134 1062/4262/1134 1061/4263/1134
f 1066/4264/1135 1063/4265/1135 1062/4266/1135 1065/4267/1135
f 1067/4268/1136 1064/4269/1136 1063/4270/1136 1066/4271/1136
f 1064/4272/1137 1067/4273/1137 1060/4274/1137
f 1068/4275/1138 1065/4276/1138 1061/4277/1138
f 1069/4278/1139 1066/4279/1139 1065/4280/1139 1068/4281/1139
f 1070/4282/1140 1067/4283/1140 1066/4284/1140 1069/4285/1140
f 1067/4286/1141 1070/4287/1141 1060/4288/1141
f 1071/4289/1142 1068/4290/1142 1061/4291/1142
f 1072/4292/1143 1069/4293/1143 1068/4294/1143 1071/4295/1143
f 1073/4296/1144 1070/4297/1144 1069/4298/1144 1072/4299/1144
f 1070/4300/1145 1073/4301/1145 1060/4302/1145
f 1083/4303/1146 1071/4304/1146 1061/4305/1146
f 1084/4306/1147 1072/4307/1147 1071/4308/1147 1083/4309/1147
f 1085/4310/1148 1073/4311/1148 1072/4312/1148 1084/4313/1148
f 1073/4314/1149 1085/4315/1149 1060/4316/1149
f 1062/4317/1150 1074/4318/1150 1061/4319/1150
f 1063/4320/1151 1075/4321/1151 1074/4322/1151 1062/4323/1151
f 1064/4324/1152 1076/4325/1152 1075/4326/1152 1063/4327/1152
f 1076/4328/1153 1064/4329/1153 1060/4330/1153
f 1074/4331/1154 1077/4332/1154 1061/4333/1154
f 1074/4334/1155 1075/4335/1155 1078/4336/1155 1077/4337/1155
f 1075/4338/1156 1076/4339/1156 1079/4340/1156 1078/4341/1156
f 1079/4342/1157 1076/4343/1157 1060/4344/1157
f 1077/4345/1158 1080/4346/1158 1061/4347/1158
f 1077/4348/1159 1078/4349/1159 1081/4350/1159 1080/4351/1159
f 1078/4352/1160 1079/4353/1160 1082/4354/1160 1081/4355/1160
f 1082/4356/1161 1079/4357/1161 1060/4358/1161
f 1080/4359/1162 1083/4360/1162 1061/4361/1162
f 1080/4362/1163 1081/4363/1163 1084/4364/1163 1083/4365/1163
f 1081/4366/1164 1082/4367/1164 1085/4368/1164 1084/4369/1164
f 1085/4370/1165 1082/4371/1165 1060/4372/1165
o sphere
v -0.14980208000260659 0.3733284088512046 0.003791159403825385
v -0.14620027863468069 0.38728199997119134 0.05816382553086237
v -0.15967756018514373 0.3967907946554756 0.04714721248131079
v -0.16603211589526398 0.39773878502133775 0.03093085223898652
v -0.16210717530788574 0.3873783222455379 0.010469828474950624
v -0.1463941539379103 0.4009409802539057 0.045202224471021485
v -0.14724639437851747 0.40360838223354195 0.02818012457289857
v -0.1488237690606523 0.3915285078439679 0.008524840464661315
v -0.13334049846527127 0.39576006489253607 0.045667084891567546
v -0.12878560695130686 0.3962811020898677 0.02883762004414483
v -0.13577011358801327 0.38634759248259837 0.00898970088520738
v -0.12816311728529406 0.3842825991504318 0.04826956837310312
v -0.12146401752277529 0.3800496741549243 0.0325180685513249
v -0.13059273240803607 0.3748701267404941 0.01159218436674295
v -0.1654096262292512 0.3857402820819018 0.0503628005679448
v -0.1741381409625202 0.38211113368080346 0.0354783237308114
v -0.1678392413519932 0.3763278096719641 0.013685416561584635
v -0.160232245049274 0.3742628163397976 0.05296528404948037
v -0.16681655153398864 0.36587970574586004 0.03915877223799147
v -0.162661860172016 0.3648503439298598 0.016287900043120206
v -0.14717858957663496 0.36908190097842797 0.05343014447002643
v -0.14835576410677803 0.3585524256021858 0.03981626770923773
v -0.14960820469937697 0.35966942856849027 0.01675276046366627
v -0.13389518332940153 0.37323208657685797 0.05148515645973713
v -0.12957004259003152 0.36442202281439 0.03706554004314978
v -0.13632479845214354 0.36381961416692027 0.014807772453376961
vt 0.4912378125 0.80911671875
vt 0.4921875 0.8125
vt 0.4872940625 0.8116890625
vt 0.390625 0.796875
vt 0.39559375 0.796875
vt 0.3947234375 0.8125
vt 0.391209375 0.8125
vt 0.063084375 0.59375
vt 0.0665984375 0.59375
vt 0.06746875 0.609375
vt 0.0625 0.609375
vt 0.5078125 0.994140625
vt 0.50686375 0.99752421875
vt 0.50292078125 0.99495328125
vt 0.488524375 0.80688390625
vt 0.4912378125 0.80911671875
vt 0.4872940625 0.8116890625
vt 0.250890625 0.59375
vt 0.255859375 0.59375
vt 0.255275 0.609375
vt 0.2517609375 0.609375
vt 0.1267609375 0.59375
vt 0.130275 0.59375
vt 0.130859375 0.609375
vt 0.125890625 0.609375
vt 0.50686375 0.99752421875
vt 0.5041503125 0.99975703125
vt 0.50292078125 0.99495328125
vt 0.48530875 0.80688390625
vt 0.488524375 0.80688390625
vt 0.4872946875 0.81168703125
vt 0.4378359375 0.765625
vt 0.4423828125 0.765625
vt 0.4418734375 0.78125
vt 0.438659375 0.78125
vt 0.4386578125 0.890625
vt 0.4418734375 0.890625
vt 0.4423828125 0.90625
vt 0.4378359375 0.90625
vt 0.5041503125 0.99975703125
vt 0.5009346875 0.99975703125
vt 0.502920625 0.99495234375
vt 0.31615953125 0.49438249999999995
vt 0.31937515625 0.49438249999999995
vt 0.31739078125 0.49918562499999997
vt 0.4375 0.859375
vt 0.442046875 0.859375
vt 0.441225 0.875
vt 0.438009375 0.875
vt 0.344259375 0.5625
vt 0.347475 0.5625
vt 0.348296875 0.578125
vt 0.34375 0.578125
vt 0.16312703125 0.49975703125000004
vt 0.15991140625 0.49975703125000004
vt 0.16114265625 0.49495234374999997
vt 0.59375 0.307696875
vt 0.596965625 0.307696875
vt 0.5949796875 0.3125
vt 0.15625 0.546875
vt 0.160796875 0.546875
vt 0.1599734375 0.5625
vt 0.156759375 0.5625
vt 0.438009375 0.984375
vt 0.441225 0.984375
vt 0.442046875 1
vt 0.4375 1
vt 0.690715625 0.5311718750000001
vt 0.6875 0.5311718750000001
vt 0.6887296875 0.5263671875
vt 0.688190625 0.401446875
vt 0.69140625 0.401446875
vt 0.690175 0.40625
vt 0.4386578125 0.84375
vt 0.4378359375 0.828125
vt 0.4423828125 0.828125
vt 0.4418734375 0.84375
vt 0.4378359375 0.9375
vt 0.4386578125 0.921875
vt 0.4418734375 0.921875
vt 0.4423828125 0.9375
vt 0.69140625 0.5936718750000001
vt 0.688190625 0.5936718750000001
vt 0.690175 0.5888671875
vt 0.3125 0.5
vt 0.31344625 0.49661578125000005
vt 0.317390625 0.4991853125
vt 0.2205109375 0.609375
vt 0.219640625 0.59375
vt 0.224609375 0.59375
vt 0.224025 0.609375
vt 0.094640625 0.609375
vt 0.0955109375 0.59375
vt 0.099025 0.59375
vt 0.099609375 0.609375
vt 0.15719765625 0.49752453124999996
vt 0.15625 0.494140625
vt 0.1611425 0.4949528125
vt 0.31344625 0.49661578125000005
vt 0.31615953125 0.49438249999999995
vt 0.317390625 0.4991853125
vt 0.344334375 0.609375
vt 0.34375 0.59375
vt 0.34871875 0.59375
vt 0.3478484375 0.609375
vt 0.1875 0.609375
vt 0.188084375 0.59375
vt 0.1915984375 0.59375
vt 0.19246875 0.609375
vt 0.15991140625 0.49975703125000004
vt 0.15719765625 0.49752453124999996
vt 0.1611425 0.4949528125
vn -0.10785200971495872 0.6835254683496346 0.7219147305034419
vn -0.2725583296630311 0.948360955263269 0.16224504757754077
vn -0.32501000578805617 0.817128115795344 -0.4760988747249871
vn -0.2180476561693804 0.25662102894323224 -0.9415948529718907
vn 0.24085996163940482 0.6698782433329932 0.7023173200115228
vn 0.3620475878967853 0.923523726201516 0.1265917502880309
vn 0.33237031325630173 0.7913947232329313 -0.5130539610070076
vn 0.1306643151849831 0.2429738039265908 -0.9611922634638099
vn 0.49125538096369836 0.3973525113984269 0.7750994338532151
vn 0.8611477761432118 0.4444100343713549 0.2468283391218522
vn 0.8511527580653626 0.2838226515238462 -0.4415695697392426
vn 0.37865436267832675 -0.03887048047438656 -0.9247215577525814
vn 0.48159987063065 0.005203488636140632 0.8763757688997083
vn 0.8426088380222619 -0.3086448152521094 0.44130343767612457
vn 0.8318322330966273 -0.5009936000392362 -0.23887349936986318
vn 0.3689988523452784 -0.4310195032366729 -0.8234452227060882
vn -0.3689988523452784 0.4310195032366729 0.8234452227060882
vn -0.7908754005842028 0.5090632058025522 0.3396627051190715
vn -0.8704967715084494 0.3512048957964302 -0.3448050057090024
vn -0.48159987063065 -0.005203488636140632 -0.8763757688997083
vn -0.37865436267832675 0.03887048047438656 0.9247215577525814
vn -0.8094171333046799 -0.24399096905213624 0.5341463388752502
vn -0.8898206369813552 -0.43361482887963004 -0.142117606853566
vn -0.49125538096369836 -0.3973525113984269 -0.7750994338532151
vn -0.13066431518498314 -0.24297380392659082 0.96119226346381
vn -0.314071604755133 -0.7376597414687929 0.5976764449957263
vn -0.36801514396477064 -0.9294831277381138 -0.02501937374840496
vn -0.24085996163940487 -0.6698782433329932 -0.7023173200115228
vn 0.21804765616938046 -0.25662102894323224 0.9415948529718907
vn 0.32053450291685376 -0.7624892493123739 0.5620211536258204
vn 0.2893653288070605 -0.9552102768109305 -0.0619760724729088
vn 0.10785200971495876 -0.6835254683496346 -0.7219147305034419
usemtl m_939b02b2-df4c-255e-486f-2d355257d222
f 1091/4373/1166 1088/4374/1166 1087/4375/1166
f 1092/4376/1167 1089/4377/1167 1088/4378/1167 1091/4379/1167
f 1093/4380/1168 1090/4381/1168 1089/4382/1168 1092/4383/1168
f 1090/4384/1169 1093/4385/1169 1086/4386/1169
f 1094/4387/1170 1091/4388/1170 1087/4389/1170
f 1095/4390/1171 1092/4391/1171 1091/4392/1171 1094/4393/1171
f 1096/4394/1172 1093/4395/1172 1092/4396/1172 1095/4397/1172
f 1093/4398/1173 1096/4399/1173 1086/4400/1173
f 1097/4401/1174 1094/4402/1174 1087/4403/1174
f 1098/4404/1175 1095/4405/1175 1094/4406/1175 1097/4407/1175
f 1099/4408/1176 1096/4409/1176 1095/4410/1176 1098/4411/1176
f 1096/4412/1177 1099/4413/1177 1086/4414/1177
f 1109/4415/1178 1097/4416/1178 1087/4417/1178
f 1110/4418/1179 1098/4419/1179 1097/4420/1179 1109/4421/1179
f 1111/4422/1180 1099/4423/1180 1098/4424/1180 1110/4425/1180
f 1099/4426/1181 1111/4427/1181 1086/4428/1181
f 1088/4429/1182 1100/4430/1182 1087/4431/1182
f 1089/4432/1183 1101/4433/1183 1100/4434/1183 1088/4435/1183
f 1090/4436/1184 1102/4437/1184 1101/4438/1184 1089/4439/1184
f 1102/4440/1185 1090/4441/1185 1086/4442/1185
f 1100/4443/1186 1103/4444/1186 1087/4445/1186
f 1100/4446/1187 1101/4447/1187 1104/4448/1187 1103/4449/1187
f 1101/4450/1188 1102/4451/1188 1105/4452/1188 1104/4453/1188
f 1105/4454/1189 1102/4455/1189 1086/4456/1189
f 1103/4457/1190 1106/4458/1190 1087/4459/1190
f 1103/4460/1191 1104/4461/1191 1107/4462/1191 1106/4463/1191
f 1104/4464/1192 1105/4465/1192 1108/4466/1192 1107/4467/1192
f 1108/4468/1193 1105/4469/1193 1086/4470/1193
f 1106/4471/1194 1109/4472/1194 1087/4473/1194
f 1106/4474/1195 1107/4475/1195 1110/4476/1195 1109/4477/1195
f 1107/4478/1196 1108/4479/1196 1111/4480/1196 1110/4481/1196
f 1111/4482/1197 1108/4483/1197 1086/4484/1197
o Left Lower Arm
v -0.16689392135550185 0.36580461700164857 0.039183167369918795
v -0.12949651585071775 0.36434102856796174 0.037081454875898215
v -0.16961465191910002 0.34110341618066115 -0.07068187030450042
v -0.14101663594485336 0.3399842014960771 -0.07228906221169262
v -0.1661056426345777 0.39781977926776607 0.03091493740623831
v -0.1287082371297936 0.39635619083407925 0.02881322491221773
v -0.16914168468654553 0.36031251354033167 -0.07564280828270872
v -0.14054366871229887 0.35919329885574763 -0.07725000018990091
v -0.14835966677164728 0.3583939227202183 0.03985720263460603
v -0.14724249171364817 0.4037668851155095 0.028139189647530496
v -0.15474400779829972 0.36376024623679176 -0.07748133914332334
v -0.15541431283309917 0.336536468799617 -0.07045053135107801
v -0.12130065017179732 0.3800432805946731 0.03250888740097432
v -0.13481412632034326 0.349355263212235 -0.07510481840139016
v -0.15507916031569943 0.3501483575182044 -0.07396593524720067
v -0.17534419431105563 0.3509414518241738 -0.07282705209301119
v -0.17430150831349814 0.3821175272410547 0.0354875048811622
v -0.14780107924264774 0.3810804039178639 0.03399819614106826
vt 0.2553203125 0.78125
vt 0.255859375 0.8125
vt 0.2508671875 0.8125
vt 0.2516 0.78125
vt 0.41015625 0.9318359375
vt 0.41015625 0.9369140625
vt 0.407675 0.93541875
vt 0.406640625 0.9318359375
vt 0.015625 0.9375
vt 0.015625 0.96875
vt 0 0.96875
vt 0.0016921875 0.9375
vt 0.28158109375 0.921875
vt 0.28158109375 0.890625
vt 0.28447796875 0.890625
vt 0.2861328125 0.921875
vt 0.05952 0.96875
vt 0.03125 0.96749796875
vt 0.03130078125 0.953125
vt 0.0595503125 0.953125
vt 0.099609375 0.727734375
vt 0.099609375 0.734375
vt 0.095475 0.7324203125
vt 0.09375 0.727734375
vt 0.2860296875 0.7998046875
vt 0.287109375 0.8280828124999999
vt 0.282115625 0.8280828124999999
vt 0.282309375 0.7998328125
vt 0.41015625 0.9267578125
vt 0.41015625 0.9318359375
vt 0.406640625 0.9318359375
vt 0.407675 0.928253125
vt 0.07501609375 1
vt 0.046875 0.9987484375
vt 0.04698328125 0.984375
vt 0.07514046875 0.984375
vt 0.099609375 0.734375
vt 0.099609375 0.727734375
vt 0.10546875 0.727734375
vt 0.10374375 0.7324203125
vt 0.28445 0.96875
vt 0.2858234375 1
vt 0.28125 1
vt 0.2815671875 0.96875
vt 0.41015625 0.9318359375
vt 0.41015625 0.9267578125
vt 0.4126375 0.928253125
vt 0.413671875 0.9318359375
vt 0.41015625 0.9369140625
vt 0.41015625 0.9318359375
vt 0.413671875 0.9318359375
vt 0.4126375 0.93541875
vt 0.25033828125 0.7177840625
vt 0.25033828125 0.6896046874999999
vt 0.25323109375 0.689453125
vt 0.2548828125 0.71756140625
vt 0.099609375 0.727734375
vt 0.099609375 0.72109375
vt 0.10374375 0.7230484374999999
vt 0.10546875 0.727734375
vt 0.099609375 0.72109375
vt 0.099609375 0.727734375
vt 0.09375 0.727734375
vt 0.095475 0.7230484374999999
vn -0.36987336312593616 -0.9065684414672838 0.20329130868163012
vn -0.06403202431868245 -0.24806384213309718 -0.9666251755917686
vn -0.8939778147055808 0.43284245184776876 -0.11597878552841653
vn 0.8611685347352279 0.44997348420810257 -0.23645849168850178
vn -0.25932517749573536 0.9091283197158128 -0.3259388755694975
vn 0.06403202431868245 0.24806384213309718 0.9666251755917686
vn 0.3584176778893985 0.8643155882486405 -0.35283896055676445
vn -0.06403202431868245 -0.24806384213309718 -0.9666251755917686
vn 0.25018953881350897 -0.9526575157384982 0.1727682041790005
vn 0.06403202431868245 0.24806384213309718 0.9666251755917686
vn 0.8886148046435889 -0.4582566642635313 0.01909341840262413
vn -0.06403202431868245 -0.24806384213309718 -0.9666251755917686
vn -0.06403202431868245 -0.24806384213309718 -0.9666251755917686
vn -0.8684317208419469 -0.47418025750471515 0.1448427755473391
vn 0.06403202431868245 0.24806384213309718 0.9666251755917686
vn 0.06403202431868245 0.24806384213309718 0.9666251755917686
usemtl m_939b02b2-df4c-255e-486f-2d355257d222
f 1123/4485/1198 1120/4486/1198 1112/4487/1198 1114/4488/1198
f 1126/4489/1199 1127/4490/1199 1118/4491/1199 1122/4492/1199
f 1127/4493/1200 1128/4494/1200 1116/4495/1200 1118/4496/1200
f 1124/4497/1201 1125/4498/1201 1119/4499/1201 1117/4500/1201
f 1121/4501/1202 1122/4502/1202 1118/4503/1202 1116/4504/1202
f 1129/4505/1203 1124/4506/1203 1117/4507/1203 1121/4508/1203
f 1122/4509/1204 1121/4510/1204 1117/4511/1204 1119/4512/1204
f 1125/4513/1205 1126/4514/1205 1122/4515/1205 1119/4516/1205
f 1120/4517/1206 1123/4518/1206 1115/4519/1206 1113/4520/1206
f 1124/4521/1207 1129/4522/1207 1120/4523/1207 1113/4524/1207
f 1125/4525/1208 1124/4526/1208 1113/4527/1208 1115/4528/1208
f 1126/4529/1209 1125/4530/1209 1115/4531/1209 1123/4532/1209
f 1127/4533/1210 1126/4534/1210 1123/4535/1210 1114/4536/1210
f 1128/4537/1211 1127/4538/1211 1114/4539/1211 1112/4540/1211
f 1129/4541/1212 1128/4542/1212 1112/4543/1212 1120/4544/1212
f 1128/4545/1213 1129/4546/1213 1121/4547/1213 1116/4548/1213
o sphere
v -0.155879560619683 0.34704755949154065 -0.08604874994209777
v -0.1534783597077324 0.3563499535715318 -0.04980030585740645
v -0.16383244260172986 0.3616535493786812 -0.05805080218913502
v -0.16905913255930227 0.3602178438480749 -0.0756239818045297
v -0.1613597078774154 0.35131004086113043 -0.08567007429184709
v -0.15371299983531214 0.36404670386972493 -0.05933529542863401
v -0.15474791046316902 0.3636017433548242 -0.07744040421795513
v -0.15567940221710844 0.3526537031497382 -0.0863911764497678
v -0.14373077595735162 0.36086684863296303 -0.059180504192973805
v -0.14063071933110904 0.35910526675275933 -0.07722164213578529
v -0.1500761369488011 0.3508684459515667 -0.0863042044320998
v -0.13973302759170936 0.3539772175398544 -0.05767724887130497
v -0.13497749367132122 0.34936165677248615 -0.07509563725103945
v -0.14783207473499882 0.347001348431792 -0.08546044902099893
v -0.16816144081990256 0.35508979463517 -0.05607958854004937
v -0.1751808269600777 0.3509350582639226 -0.07283623324336187
v -0.1637896978122036 0.34762586749266483 -0.08456363986155226
v -0.1641636924542603 0.3482001635420614 -0.05457633321838054
v -0.16952760130028988 0.34119144828364945 -0.07071022835861603
v -0.16154563559840135 0.3437587699728901 -0.08371988445045139
v -0.15418146857629977 0.34502030830529945 -0.05442154198272034
v -0.15541041016822993 0.3366949716815846 -0.07049146627644619
v -0.15594237033009398 0.3419735127747186 -0.08363291243278338
v -0.14406202580988206 0.34741346279634316 -0.05570603522221933
v -0.14109918807209668 0.34007887118833385 -0.07230788868987162
v -0.150262064669787 0.3433171750633264 -0.0843540145907041
vt 0.5671128125 0.65394703125
vt 0.568359375 0.65625
vt 0.56480546875 0.6559634375000001
vt 0.4103859375 0.49515109375
vt 0.4140625 0.4956071875
vt 0.41270515625 0.5
vt 0.41010625 0.49967765625000005
vt 0.0978346875 0.51127296875
vt 0.099305 0.51127296875
vt 0.100964375 0.51476984375
vt 0.0972596875 0.51476984375
vt 0.72153171875 0.590864375
vt 0.72112078125 0.59227609375
vt 0.71992765625 0.5915334375
vt 0.56499765625 0.652403125
vt 0.5671128125 0.65394703125
vt 0.56480546875 0.6559634375000001
vt 0.40668125 0.49515109375
vt 0.4103859375 0.49515109375
vt 0.41010625 0.49967765625000005
vt 0.4074875 0.49967765625000005
vt 0.09644171875 0.5108021875
vt 0.0978346875 0.51127296875
vt 0.0972596875 0.51476984375
vt 0.09375 0.51358359375
vt 0.72112078125 0.59227609375
vt 0.72003546875 0.59326796875
vt 0.71992765625 0.5915334375
vt 0.56297109375 0.652403125
vt 0.56499765625 0.652403125
vt 0.56480546875 0.6559640625000001
vt 0.4688125 0.859375
vt 0.4716796875 0.859375
vt 0.4715984375 0.875
vt 0.4695734375 0.875
vt 0.470378125 0.765625
vt 0.471515625 0.765625
vt 0.4716796875 0.78125
vt 0.4688140625 0.78125
vt 0.72003546875 0.59326796875
vt 0.71889796875 0.59326796875
vt 0.71992765625 0.59153203125
vt 0.37836171875 0.433653125
vt 0.38038828125 0.433653125
vt 0.37855390625 0.43721406249999994
vt 0.46875 0.984375
vt 0.4716171875 0.984375
vt 0.47085625 1
vt 0.46883125 1
vt 0.4689140625 0.734375
vt 0.4700515625 0.734375
vt 0.471615625 0.75
vt 0.46875 0.75
vt 0.44028171875 0.28076796875
vt 0.43914421875 0.28076796875
vt 0.43925203125 0.27903203125
vt 0.71875 0.49643906250000003
vt 0.7207765625 0.49643906250000003
vt 0.7189421875 0.5
vt 0.46875 0.921875
vt 0.4716171875 0.921875
vt 0.47085625 0.9375
vt 0.46883125 0.9375
vt 0.099305 0.51127296875
vt 0.1003109375 0.5107421875
vt 0.103498125 0.51343125
vt 0.10096359375 0.5147684375
vt 0.7210296875 0.58984375
vt 0.72153171875 0.590864375
vt 0.71992640625 0.59153390625
vt 0.532153125 0.27768906250000003
vt 0.5341796875 0.27768906250000003
vt 0.5339875 0.28125
vt 0.4695734375 0.90625
vt 0.4688125 0.890625
vt 0.4716796875 0.890625
vt 0.4715984375 0.90625
vt 0.1250175 0.51343125
vt 0.1282046875 0.5107421875
vt 0.129210625 0.51127296875
vt 0.12755203125 0.5147684375
vt 0.43764796875 0.278364375
vt 0.43815 0.27734375
vt 0.43925328125 0.27903390625
vt 0.375 0.4375
vt 0.3762465625 0.43519703125
vt 0.37855390625 0.43721343749999997
vt 0.50135734375 0.59375
vt 0.5 0.5893571875
vt 0.5036765625 0.58890109375
vt 0.50395625 0.59342765625
vt 0.12755125 0.51476984375
vt 0.129210625 0.51127296875
vt 0.1306809375 0.51127296875
vt 0.1312559375 0.51476984375
vt 0.43805890625 0.27977609375
vt 0.43764796875 0.278364375
vt 0.43925203125 0.2790334375
vt 0.3762465625 0.43519703125
vt 0.37836171875 0.433653125
vt 0.37855390625 0.43721343749999997
vt 0.50395625 0.59342765625
vt 0.5036765625 0.58890109375
vt 0.50738125 0.58890109375
vt 0.506575 0.59342765625
vt 0.1312559375 0.51476984375
vt 0.1306809375 0.51127296875
vt 0.13207390625 0.5108021875
vt 0.134765625 0.51358359375
vt 0.43914421875 0.28076796875
vt 0.43805890625 0.27977609375
vt 0.43925203125 0.2790334375
vn -0.10324461229868764 0.7727225634777545 0.6262909786382536
vn -0.23137394028773278 0.972806480002926 -0.010660779523353045
vn -0.24221945373791792 0.6263130500961975 -0.7409869766130189
vn -0.11255368931159537 -0.056575445122669425 -0.9920337121446633
vn 0.23254681499517516 0.7595809981075147 0.6074196952269424
vn 0.3038093980673132 0.9518605514514692 -0.040759541661824786
vn 0.20587287503064355 0.6088364355206511 -0.7661165408142061
vn -0.003887677512501568 -0.060828208539203336 -0.998140678967384
vn 0.5010040905353408 0.451772754936434 0.7381709010547631
vn 0.8517167874130318 0.515123270226439 0.09605483074808563
vn 0.597979660522743 0.17641356278816 -0.7818558565781119
vn 0.07081721095978938 -0.17323808448272784 -0.9823306412388001
vn 0.4883865910608509 -0.06067453349837045 0.8705154442379045
vn 0.8281297426623563 -0.44297439545280715 0.34347461957355696
vn 0.579869094238434 -0.560138724747046 -0.5916049717386183
vn 0.06702450846870535 -0.3272749529863053 -0.9425491076927187
vn -0.3785481864650775 0.4861949968557574 0.7876012287677255
vn -0.7928926497495626 0.5794849735042678 0.18846328941169296
vn -0.6661433122266257 0.22590731134262915 -0.7107875732296428
vn -0.19354987576327704 -0.162891788926854 -0.9674733643321812
vn -0.39116568593956713 -0.02625229157904703 0.9199457719508669
vn -0.8164829226242819 -0.3786106771060771 0.4359008972738971
vn -0.6842792252092099 -0.5106648953774786 -0.5205605695557359
vn -0.19734257825436108 -0.31692865743043147 -0.9276918307860998
vn -0.1313170261788316 -0.3674108204613033 0.9207416182857708
vn -0.2761221965592704 -0.8445997845978873 0.45870223067310884
vn -0.27967102589572257 -0.8947455906186205 -0.3481586496742111
vn -0.12163636467097896 -0.4254593407836143 -0.8967658245771865
vn 0.20447440111503115 -0.380552385831543 0.9018703348744594
vn 0.2590609258778907 -0.8655544824411369 0.42860573329033497
vn 0.16841916706681068 -0.9123089488480896 -0.37326581147516824
vn -0.012970352871885131 -0.4297121042001482 -0.902872791399907
usemtl m_939b02b2-df4c-255e-486f-2d355257d222
f 1135/4549/1214 1132/4550/1214 1131/4551/1214
f 1136/4552/1215 1133/4553/1215 1132/4554/1215 1135/4555/1215
f 1137/4556/1216 1134/4557/1216 1133/4558/1216 1136/4559/1216
f 1134/4560/1217 1137/4561/1217 1130/4562/1217
f 1138/4563/1218 1135/4564/1218 1131/4565/1218
f 1139/4566/1219 1136/4567/1219 1135/4568/1219 1138/4569/1219
f 1140/4570/1220 1137/4571/1220 1136/4572/1220 1139/4573/1220
f 1137/4574/1221 1140/4575/1221 1130/4576/1221
f 1141/4577/1222 1138/4578/1222 1131/4579/1222
f 1142/4580/1223 1139/4581/1223 1138/4582/1223 1141/4583/1223
f 1143/4584/1224 1140/4585/1224 1139/4586/1224 1142/4587/1224
f 1140/4588/1225 1143/4589/1225 1130/4590/1225
f 1153/4591/1226 1141/4592/1226 1131/4593/1226
f 1154/4594/1227 1142/4595/1227 1141/4596/1227 1153/4597/1227
f 1155/4598/1228 1143/4599/1228 1142/4600/1228 1154/4601/1228
f 1143/4602/1229 1155/4603/1229 1130/4604/1229
f 1132/4605/1230 1144/4606/1230 1131/4607/1230
f 1133/4608/1231 1145/4609/1231 1144/4610/1231 1132/4611/1231
f 1134/4612/1232 1146/4613/1232 1145/4614/1232 1133/4615/1232
f 1146/4616/1233 1134/4617/1233 1130/4618/1233
f 1144/4619/1234 1147/4620/1234 1131/4621/1234
f 1144/4622/1235 1145/4623/1235 1148/4624/1235 1147/4625/1235
f 1145/4626/1236 1146/4627/1236 1149/4628/1236 1148/4629/1236
f 1149/4630/1237 1146/4631/1237 1130/4632/1237
f 1147/4633/1238 1150/4634/1238 1131/4635/1238
f 1147/4636/1239 1148/4637/1239 1151/4638/1239 1150/4639/1239
f 1148/4640/1240 1149/4641/1240 1152/4642/1240 1151/4643/1240
f 1152/4644/1241 1149/4645/1241 1130/4646/1241
f 1150/4647/1242 1153/4648/1242 1131/4649/1242
f 1150/4650/1243 1151/4651/1243 1154/4652/1243 1153/4653/1243
f 1151/4654/1244 1152/4655/1244 1155/4656/1244 1154/4657/1244
f 1155/4658/1245 1152/4659/1245 1130/4660/1245
o sphere
v -0.15500873739781662 0.35214981675341056 -0.06803658834213831
v -0.15585072408934203 0.3396644064807213 -0.1033870563550787
v -0.14546675726828734 0.34826293912708006 -0.09890354059962925
v -0.13943923835039043 0.35754247987859716 -0.08357213718893072
v -0.14929632368392023 0.35525086525593885 -0.0704056203199471
v -0.1554739753361236 0.3512160197418353 -0.09970818280693529
v -0.15500996212419332 0.3599816454588089 -0.08406275702430763
v -0.15491363180826104 0.3569082890988695 -0.07085721032396035
v -0.16560556779798943 0.348830873718148 -0.09862445761639933
v -0.17067382258282124 0.3584233263812772 -0.0831392893335583
v -0.1606007444093216 0.3555696612221888 -0.07024896402413071
v -0.16992678379796003 0.342503986464137 -0.09628694430686381
v -0.17559187937940512 0.34856056355592285 -0.07953872657379303
v -0.16302637301395795 0.35201816025657756 -0.0689368373041615
v -0.14144584051146034 0.3417007953891332 -0.09668163229530659
v -0.1342060552714343 0.3473934419398718 -0.08011224998216149
v -0.14703926342043055 0.3515673077826458 -0.06915838615045532
v -0.14576704278660263 0.33537449721332113 -0.094344327368843
v -0.13990496294900065 0.33755328935528334 -0.07650107440908384
v -0.14946487830023863 0.3480163958952334 -0.06784646781355805
v -0.15587535793967636 0.33398842781497023 -0.09361401986830263
v -0.1555896714218121 0.3351001604936208 -0.07526107283207079
v -0.15515200462612747 0.3466771789403538 -0.06723801313065647
v -0.16590585331630472 0.3359424318043891 -0.09406524438561308
v -0.17113954718143146 0.3384341358579634 -0.07606822655371143
v -0.16076929902563997 0.3483351918614834 -0.06768981151774166
vt 0.40752515625 0.43521624999999997
vt 0.409644375 0.43368312499999995
vt 0.40979125 0.43723140625
vt 0.50485109375 0.65157296875
vt 0.5087890625 0.6517545312499999
vt 0.50733203125 0.65625
vt 0.50474828125 0.6560417187500001
vt 0.4730665625 0.683176875
vt 0.4745353125 0.683176875
vt 0.4764759375 0.686845625
vt 0.4725728125 0.6865034375
vt 0.5048828125 0.5244520312500001
vt 0.50445640625 0.5258575
vt 0.50328765625 0.52511921875
vt 0.40625 0.4375
vt 0.40752515625 0.43521624999999997
vt 0.40979125 0.43723140625
vt 0.50090890625 0.65157296875
vt 0.50485109375 0.65157296875
vt 0.50474796875 0.65605734375
vt 0.50215734375 0.6561182812499999
vt 0.471660625 0.682751875
vt 0.4730665625 0.683176875
vt 0.47256890625 0.6865295312499999
vt 0.46875 0.6856737500000001
vt 0.50445640625 0.5258575
vt 0.5033703125 0.52684625
vt 0.50328765625 0.52511921875
vt 0.625928125 0.2777015625
vt 0.6279296875 0.2777015625
vt 0.6277828125 0.28125
vt 0.09378125 0.53125
vt 0.0966796875 0.53125
vt 0.0963796875 0.546875
vt 0.09439375 0.5467828125
vt 0.502246875 0.52684625
vt 0.5033703125 0.52684625
vt 0.503515625 0.5309946875
vt 0.5006421875 0.5307196875
vt 0.5033703125 0.52684625
vt 0.502246875 0.52684625
vt 0.5032875 0.525118125
vt 0.71875 0.4339515625
vt 0.720753125 0.4339515625
vt 0.718896875 0.4375
vt 0.0625 0.53125
vt 0.0653984375 0.53125
vt 0.0647859375 0.5467953125
vt 0.0628 0.546875
vt 0.1876453125 0.53125
vt 0.18876875 0.53125
vt 0.1903734375 0.5466171875
vt 0.1875 0.546875
vt 0.471388125 0.28075203125000003
vt 0.4702646875 0.28075203125000003
vt 0.4703459375 0.27902390624999995
vt 0.409644375 0.43368312499999995
vt 0.4116459375 0.43368312499999995
vt 0.40979125 0.43723156249999995
vt 0.4375 0.578125
vt 0.4404828125 0.578125
vt 0.4396984375 0.593703125
vt 0.4377 0.59375
vt 0.4745353125 0.683176875
vt 0.475509375 0.6826171875
vt 0.47898015625 0.6852325
vt 0.47647546875 0.68684484375
vt 0.50440015625 0.5234375
vt 0.5048828125 0.5244520312500001
vt 0.50328671875 0.52511953125
vt 0.5946765625 0.2777015625
vt 0.5966796875 0.2777015625
vt 0.5965328125 0.28125
vt 0.0017078125 0.546828125
vt 0.0009234375 0.53125
vt 0.00390625 0.53125
vt 0.0037046875 0.546875
vt 0.46919359375 0.7164804687499999
vt 0.4726640625 0.7138671875
vt 0.473638125 0.7144270312500001
vt 0.471698125 0.71809328125
vt 0.46875 0.2783590625
vt 0.46923078125 0.27734375
vt 0.47034671875 0.27902515625
vt 0.43952890625 0.6846640625
vt 0.44208671875 0.6846765625
vt 0.44169953125 0.6874746875
vt 0.43952890625 0.6846640625
vt 0.43834921875 0.6800859375
vt 0.44233046875 0.6800859375
vt 0.44208515625 0.6846765625
vt 0.4716959375 0.71809734375
vt 0.473638125 0.7144270312500001
vt 0.475106875 0.7144270312500001
vt 0.4756646875 0.71789734375
vt 0.46917765625 0.27976421875
vt 0.46875 0.2783590625
vt 0.47034578125 0.27902484375000003
vt 0.44208515625 0.6846765625
vt 0.44462984375 0.68493515625
vt 0.44217359375 0.6875
vt 0.44208515625 0.6846765625
vt 0.44233046875 0.6800859375
vt 0.4462890625 0.6805103125
vt 0.4446284375 0.6849350000000001
vt 0.47566609375 0.7179065625000001
vt 0.475106875 0.7144270312500001
vt 0.47650171875 0.71396734375
vt 0.4794921875 0.7168365624999999
vt 0.4702646875 0.28075203125000003
vt 0.46917765625 0.27976421875
vt 0.47034578125 0.27902484375000003
vn 0.16265012598055126 0.29459429295649225 -0.9416788938252654
vn 0.14588166478101047 0.8198999213674716 -0.5536087597052045
vn 0.24110200266747667 0.9094461233385668 0.33878838978658155
vn 0.08062218565794166 0.5070548429551521 0.8581348666820748
vn -0.17180371041633466 0.3040262255189956 -0.9370440434066336
vn -0.11483396032669807 0.8680836201750443 -0.4829534034867918
vn -0.2006165866323204 0.9538455223579929 0.22345403251139728
vn -0.02813189112155542 0.5101218166491369 0.8596419771512495
vn -0.4534145524374341 -0.019539169698017698 -0.8910855539652035
vn -0.8559726975605336 0.2646946444856773 -0.4441255297903334
vn -0.563294302247161 0.5961073846003472 0.5721499061267229
vn -0.10845756713575752 0.40885219654515276 0.9061329027858973
vn -0.46521433714314153 -0.5261216423015764 -0.7118789489922844
vn -0.887425761991518 -0.4386842938343076 -0.1415330607909978
vn -0.6211117919294763 -0.11832198625120025 0.7747386975592002
vn -0.11200885976265212 0.2564231076766678 0.9600527095863594
vn 0.42674621714945254 -0.044360583356593444 -0.9032827933670026
vn 0.8421772165250843 0.2764311634295817 -0.4629506969981028
vn 0.633756280263459 0.5666253979790425 0.526582031208544
vn 0.15637049405202644 0.40138378045314055 0.9024629241021873
vn 0.41494062184814295 -0.5509428920955468 -0.7240761078710382
vn 0.8231332463730827 -0.5405508048671411 -0.17394391645813814
vn 0.6173851118950671 -0.13543373418316065 0.7749150451859355
vn 0.15281891942593856 0.24895469953731478 0.9563827348105851
vn 0.08203587797884769 -0.8619136003252229 -0.500374919733845
vn 0.1594045035817843 -0.98487613426839 0.06789112155795783
vn 0.20825510169508615 -0.5033719316571175 0.8385979436164578
vn 0.07214203533456827 0.1421665600972075 0.9872103098772383
vn -0.1442944224050903 -0.8555308595766932 -0.497238441770893
vn -0.2123271407713225 -0.975205682676206 0.062378375803721554
vn -0.22673944683286498 -0.548963193358793 0.8045052116594665
vn -0.03665468084686359 0.14523473626495634 0.9887180112418622
usemtl m_939b02b2-df4c-255e-486f-2d355257d222
f 1161/4661/1246 1158/4662/1246 1157/4663/1246
f 1162/4664/1247 1159/4665/1247 1158/4666/1247 1161/4667/1247
f 1163/4668/1248 1160/4669/1248 1159/4670/1248 1162/4671/1248
f 1160/4672/1249 1163/4673/1249 1156/4674/1249
f 1164/4675/1250 1161/4676/1250 1157/4677/1250
f 1165/4678/1251 1162/4679/1251 1161/4680/1251 1164/4681/1251
f 1166/4682/1252 1163/4683/1252 1162/4684/1252 1165/4685/1252
f 1163/4686/1253 1166/4687/1253 1156/4688/1253
f 1167/4689/1254 1164/4690/1254 1157/4691/1254
f 1168/4692/1255 1165/4693/1255 1164/4694/1255 1167/4695/1255
f 1169/4696/1256 1166/4697/1256 1165/4698/1256 1168/4699/1256
f 1166/4700/1257 1169/4701/1257 1156/4702/1257
f 1179/4703/1258 1167/4704/1258 1157/4705/1258
f 1180/4706/1259 1168/4707/1259 1167/4708/1259 1179/4709/1259
f 1181/4710/1260 1169/4711/1260 1168/4712/1260 1180/4713/1260
f 1169/4714/1261 1181/4715/1261 1156/4716/1261
f 1158/4717/1262 1170/4718/1262 1157/4719/1262
f 1159/4720/1263 1171/4721/1263 1170/4722/1263 1158/4723/1263
f 1160/4724/1264 1172/4725/1264 1171/4726/1264 1159/4727/1264
f 1172/4728/1265 1160/4729/1265 1156/4730/1265
f 1170/4731/1266 1173/4732/1266 1157/4733/1266
f 1170/4734/1267 1171/4735/1267 1174/4736/1267 1173/4737/1267
f 1171/4738/1268 1172/4739/1268 1175/4740/1268 1174/4741/1268
f 1175/4742/1269 1172/4743/1269 1156/4744/1269
f 1173/4745/1270 1176/4746/1270 1157/4747/1270
f 1173/4748/1271 1174/4749/1271 1177/4750/1271 1176/4751/1271
f 1174/4752/1272 1175/4753/1272 1178/4754/1272 1177/4755/1272
f 1178/4756/1273 1175/4757/1273 1156/4758/1273
f 1176/4759/1274 1179/4760/1274 1157/4761/1274
f 1176/4762/1275 1177/4763/1275 1180/4764/1275 1179/4765/1275
f 1177/4766/1276 1178/4767/1276 1181/4768/1276 1180/4769/1276
f 1181/4770/1277 1178/4771/1277 1156/4772/1277
o sphere
v -0.159959880211705 0.34015050666129865 -0.12203757655974355
v -0.15859144689132995 0.34426578892343285 -0.11031395355781809
v -0.14871909664424715 0.3398919469681207 -0.11188306436059
v -0.1450301211894057 0.33687496005581863 -0.11596607073827303
v -0.14968703996658908 0.33698209431084936 -0.12017268022191492
v -0.1588967417261336 0.33915426958661177 -0.11043599309555573
v -0.15942390874716447 0.33583195655899434 -0.11392023101667433
v -0.1598646850484755 0.33624441692934043 -0.11872560895688064
v -0.1690128446779352 0.34105801884897574 -0.10992331152506166
v -0.17373066686040722 0.33852391693337475 -0.11319495079665357
v -0.16998016330859247 0.3381481485747743 -0.11821293604334368
v -0.17314195770929153 0.3444876566048651 -0.11064510257007519
v -0.1772710183847711 0.3432420617352769 -0.11443822944843209
v -0.17410927633994877 0.3415777863306637 -0.11893472708835721
v -0.16886428713644588 0.34743420127388214 -0.11217884989564672
v -0.17352056718883307 0.34754152600215404 -0.11638487886177884
v -0.16983160576710316 0.3445243309996807 -0.12046847441392874
v -0.15868664205455946 0.34817187865539106 -0.113625921160681
v -0.15912679366418583 0.34858432140880713 -0.11843130775784443
v -0.15965458537690136 0.3452620259981197 -0.12191553702200592
v -0.14857053910275786 0.3462681293930271 -0.11413860273117506
v -0.14482002151783158 0.3458925691245979 -0.1191559988033983
v -0.14953848242509976 0.34335827673575575 -0.12242821859249997
v -0.14444141203829 0.34283869972730896 -0.11341622251169466
v -0.1389815891388756 0.3410422751932169 -0.11813493304832083
v -0.14540936939374344 0.3399286389798664 -0.12170642754748645
vt 0.5364796875 0.62313578125
vt 0.5389125 0.62397953125
vt 0.53621734375 0.6243890624999999
vt 0.69179890625 0.37333000000000005
vt 0.6954425 0.37339390625
vt 0.69442078125 0.37458437499999997
vt 0.69184578125 0.3745396875
vt 0.4736675 0.43532859375
vt 0.4762315625 0.43508484375
vt 0.4773425 0.43619265625000003
vt 0.473714375 0.43653953125
vt 0.7093646875 0.96789578125
vt 0.706795 0.9676914062499999
vt 0.70705953125 0.96643875
vt 0.53391203125 0.62293171875
vt 0.5364796875 0.62313578125
vt 0.53621734375 0.6243890624999999
vt 0.68817078125 0.37367531249999997
vt 0.69179890625 0.37333000000000005
vt 0.69184578125 0.374539375
vt 0.68928171875 0.37478468750000005
vt 0.47109234375 0.43528359375000003
vt 0.4736675 0.43532859375
vt 0.473714375 0.436538125
vt 0.470070625 0.43647421875000003
vt 0.706795 0.9676914062499999
vt 0.70436234375 0.9668425
vt 0.70705953125 0.96643859375
vt 0.53268703125 0.6235067187500001
vt 0.53391203125 0.62293171875
vt 0.53621828125 0.6243895312500001
vt 0.53148578125 0.62275578125
vt 0.53272265625 0.6218965625
vt 0.53389421875 0.62294015625
vt 0.53268703125 0.6235067187500001
vt 0.46980421875 0.43486859375
vt 0.47109234375 0.43528359375000003
vt 0.47007125 0.4364734375
vt 0.46875 0.43580203125000005
vt 0.70436234375 0.9668425
vt 0.7034728125 0.9658203125
vt 0.70705921875 0.96643859375
vt 0.099989375 0.29480671875
vt 0.101214375 0.29538171874999997
vt 0.097683125 0.29626453124999996
vt 0.750465625 0.5922765624999999
vt 0.75196875 0.5923765624999999
vt 0.7513234375 0.5936609374999999
vt 0.75 0.59375
vt 0.44589609375 0.43528359375000003
vt 0.44718828125 0.43488000000000004
vt 0.4482421875 0.43585359375
vt 0.446896875 0.43644984374999996
vt 0.0387146875 0.2939453125
vt 0.03782515625 0.29496750000000005
vt 0.03512828125 0.29456359374999996
vt 0.09742171875 0.29501078125
vt 0.099989375 0.29480671875
vt 0.0976840625 0.29626406250000004
vt 0.69296546875 0.3420815625
vt 0.69659359375 0.342426875
vt 0.69548265625 0.34353625
vt 0.69291859375 0.34329093749999995
vt 0.4433209375 0.43532859375
vt 0.44589609375 0.43528359375000003
vt 0.4469178125 0.43647421875000003
vt 0.44327421875 0.436538125
vt 0.03782515625 0.29496750000000005
vt 0.0353925 0.29581640625000005
vt 0.03512796875 0.29456359374999996
vt 0.09498890625 0.29585453125000005
vt 0.09742171875 0.29501078125
vt 0.0976840625 0.29626406250000004
vt 0.689321875 0.3421453125
vt 0.69296546875 0.3420815625
vt 0.69291859375 0.34329109375
vt 0.69034359375 0.3433359375
vt 0.440756875 0.43508484375
vt 0.4433209375 0.43532859375
vt 0.4432740625 0.43653953125
vt 0.4396459375 0.43619265625000003
vt 0.0353925 0.29581640625000005
vt 0.0328228125 0.29602078125
vt 0.03512796875 0.29456375
vt 0.094098125 0.296875
vt 0.09498890625 0.29585453125000005
vt 0.0976853125 0.29626421875
vt 0.6875 0.34272984375000004
vt 0.689321875 0.3421453125
vt 0.69034328125 0.34333562500000003
vt 0.68905328125 0.34375
vt 0.43950578125 0.4345703125
vt 0.440756875 0.43508484375
vt 0.43964578125 0.43619296875
vt 0.4378746875 0.43546562499999997
vt 0.0328228125 0.29602078125
vt 0.0315978125 0.29544578125
vt 0.0351290625 0.29456296875
vt 0.5389125 0.62397953125
vt 0.53980328125 0.625
vt 0.53621609375 0.62438921875
vt 0.6954425 0.37339390625
vt 0.697265625 0.37397953125000005
vt 0.69571 0.375
vt 0.69442015625 0.37458515625
vt 0.4762315625 0.43508484375
vt 0.47748265625 0.4345703125
vt 0.4791134375 0.43546421874999997
vt 0.4773428125 0.43619296875
vt 0.7105896875 0.96732078125
vt 0.7093646875 0.96789578125
vt 0.7070584375 0.96643796875
vn 0.14297703623917996 -0.032157187059143215 0.9892034585608279
vn 0.14799840013198134 -0.7267763373050931 0.6707403589256932
vn 0.05914423358905665 -0.994111903673245 -0.09079362647410942
vn -0.06128823079873691 -0.646370146418115 -0.7605586016770736
vn 0.04560960573707735 -0.026566229363530466 0.9986060280821025
vn -0.09888664635658675 -0.7126616204672542 0.6945033087648574
vn -0.18781155948128153 -0.9799252524475985 -0.06688286582316558
vn -0.1586633612209229 -0.640771919787115 -0.7511572968549357
vn -0.019573869108771815 0.1832847843839613 0.9828649711234181
vn -0.505205862829006 -0.155399367811776 0.8488922620962567
vn -0.5577437767502978 -0.7474480325556699 -0.3608923913370471
vn -0.234186188039484 -0.4619764902963218 -0.8554148419013011
vn -0.012749700067011281 0.47618237997182095 0.8792541078394651
vn -0.5872130893625072 0.6978846388966371 0.41004611749588704
vn -0.5861528599140847 0.5336093138146227 -0.6096604998069228
vn -0.22736282906706795 -0.16911366339045364 -0.9590134059611887
vn 0.061288230798736895 0.646370146418115 0.7605586016770735
vn -0.059110944549264174 0.9941128113824915 0.09080536591904975
vn -0.1480517218506588 0.7267765078206698 -0.6707284065380318
vn -0.14298489522050079 0.0321576289869168 -0.9892023082447404
vn 0.15865550837002318 0.6407726248363905 0.7511583540932844
vn 0.18775910200222595 0.9799335152708656 0.0669090820756216
vn 0.09891577373886827 0.7126492891102686 -0.6945118144684582
vn -0.04560960573707735 0.02656622936353046 -0.9986060280821024
vn 0.23413548863864447 0.46208228350386854 0.8553715778723268
vn 0.557763103977027 0.7473882848379139 0.3609862483931399
vn 0.4163851085320995 0.32239570423011726 -0.8501084938328041
vn 0.019573869108771808 -0.18328478438396129 -0.9828649711234181
vn 0.22730716570561668 0.1690064003095523 0.9590455093859138
vn 0.5316114542546656 -0.37680504895912165 0.7585560076778468
vn 0.3902462581133518 -0.8019662749999559 -0.4522808328806588
vn 0.012749700067011281 -0.47618237997182095 -0.8792541078394651
usemtl m_939b02b2-df4c-255e-486f-2d355257d222
f 1187/4773/1278 1184/4774/1278 1183/4775/1278
f 1188/4776/1279 1185/4777/1279 1184/4778/1279 1187/4779/1279
f 1189/4780/1280 1186/4781/1280 1185/4782/1280 1188/4783/1280
f 1186/4784/1281 1189/4785/1281 1182/4786/1281
f 1190/4787/1282 1187/4788/1282 1183/4789/1282
f 1191/4790/1283 1188/4791/1283 1187/4792/1283 1190/4793/1283
f 1192/4794/1284 1189/4795/1284 1188/4796/1284 1191/4797/1284
f 1189/4798/1285 1192/4799/1285 1182/4800/1285
f 1193/4801/1286 1190/4802/1286 1183/4803/1286
f 1194/4804/1287 1191/4805/1287 1190/4806/1287 1193/4807/1287
f 1195/4808/1288 1192/4809/1288 1191/4810/1288 1194/4811/1288
f 1192/4812/1289 1195/4813/1289 1182/4814/1289
f 1196/4815/1290 1193/4816/1290 1183/4817/1290
f 1197/4818/1291 1194/4819/1291 1193/4820/1291 1196/4821/1291
f 1198/4822/1292 1195/4823/1292 1194/4824/1292 1197/4825/1292
f 1195/4826/1293 1198/4827/1293 1182/4828/1293
f 1199/4829/1294 1196/4830/1294 1183/4831/1294
f 1200/4832/1295 1197/4833/1295 1196/4834/1295 1199/4835/1295
f 1201/4836/1296 1198/4837/1296 1197/4838/1296 1200/4839/1296
f 1198/4840/1297 1201/4841/1297 1182/4842/1297
f 1202/4843/1298 1199/4844/1298 1183/4845/1298
f 1203/4846/1299 1200/4847/1299 1199/4848/1299 1202/4849/1299
f 1204/4850/1300 1201/4851/1300 1200/4852/1300 1203/4853/1300
f 1201/4854/1301 1204/4855/1301 1182/4856/1301
f 1205/4857/1302 1202/4858/1302 1183/4859/1302
f 1206/4860/1303 1203/4861/1303 1202/4862/1303 1205/4863/1303
f 1207/4864/1304 1204/4865/1304 1203/4866/1304 1206/4867/1304
f 1204/4868/1305 1207/4869/1305 1182/4870/1305
f 1184/4871/1306 1205/4872/1306 1183/4873/1306
f 1185/4874/1307 1206/4875/1307 1205/4876/1307 1184/4877/1307
f 1186/4878/1308 1207/4879/1308 1206/4880/1308 1185/4881/1308
f 1207/4882/1309 1186/4883/1309 1182/4884/1309
o Palm
v -0.13990597858629467 0.3375096975685647 -0.07648565406176083
v -0.17114056281872547 0.33839054407124475 -0.07605280620638842
v -0.14068281755378043 0.33527914546331095 -0.11545958089223102
v -0.1761850952867841 0.3373227747843406 -0.11202074679229279
v -0.13943933442418854 0.3575383563312049 -0.08357067850742711
v -0.17067391865661932 0.3584192028338849 -0.08313783065205471
v -0.14040832098783565 0.34706070944133455 -0.11962724233085824
v -0.17591059872083933 0.34910433876236424 -0.11618840823092001
v -0.1342066042645662 0.3473698788119158 -0.08010391465928415
v -0.1372352432744107 0.3416436385228428 -0.11778956754635571
v -0.1793449697153871 0.3433065389301753 -0.11405888609199329
v -0.17559242837253702 0.3485370004279668 -0.07953039125091571
v -0.15500996212419332 0.3599816454588089 -0.08406275702430754
v -0.151132449110111 0.34883680370797066 -0.11999910989538218
v -0.15129080617900456 0.34204001944904877 -0.11759478601143812
v -0.15147556981754198 0.3341098487354411 -0.11478953309709813
v -0.155593267326826 0.3349458220055087 -0.0752064764672247
v -0.15566871482030972 0.3484761772515743 -0.07998345736985728
v -0.15533080738435137 0.35742027387620545 -0.1030405843403622
v -0.13805511381498714 0.3530897685977398 -0.10192257280504258
v -0.1357863363011531 0.34169921197141623 -0.09795358738199507
v -0.13856912235954705 0.3310282009706916 -0.09411841837814117
v -0.15603882908300765 0.3329448365978653 -0.10432431498608545
v -0.1733376468703669 0.3352972866628198 -0.10308563774613833
v -0.17679215897572442 0.3424076235750189 -0.09722710343715094
v -0.1727854727147116 0.35406919944099974 -0.10144128061769689
vt 0.31775859375 0.67980296875
vt 0.31340890625 0.68026828125
vt 0.31255171875 0.6780278125
vt 0.31875140625 0.67711
vt 0.07208328125 0.631946875
vt 0.07141765625 0.6358578125000001
vt 0.06695515625 0.6358578125000001
vt 0.06595203125 0.6312203125
vt 0.28493359375 0.5575187500000001
vt 0.28798828125 0.557421875
vt 0.28745703125 0.561328125
vt 0.28480078125 0.5625
vt 0.47314453125 0.5900828124999999
vt 0.47134140625 0.5900828124999999
vt 0.47119140625 0.5830078125
vt 0.47275390625 0.5838281249999999
vt 0.44419375 0.71403125
vt 0.441125 0.71403125
vt 0.4427828125 0.7093437499999999
vt 0.4443359375 0.7093484375
vt 0.5345078125 0.93279375
vt 0.53125 0.93279375
vt 0.5314078125 0.9288296875
vt 0.5331421875 0.928771875
vt 0.44113125 0.7140134375
vt 0.43821359375 0.7139376562499999
vt 0.440934375 0.7091989062499999
vt 0.4427828125 0.7093437499999999
vt 0.47134140625 0.5900828124999999
vt 0.46923828125 0.5900828124999999
vt 0.46962890625 0.5838265625
vt 0.47119140625 0.5830078125
vt 0.0346296875 0.5088025
vt 0.033141875 0.51076078125
vt 0.03148 0.5068359375
vt 0.0332425 0.5068515625000001
vt 0.28134765625 0.557421875
vt 0.28493359375 0.5575187500000001
vt 0.28480078125 0.5625
vt 0.28214453125 0.561328125
vt 0.06592609375 0.631100625
vt 0.06695515625 0.6358578125000001
vt 0.0625 0.6356303125
vt 0.06321953125 0.630978125
vt 0.47134140625 0.5900828124999999
vt 0.47314453125 0.5900828124999999
vt 0.47275390625 0.5927734375
vt 0.47134140625 0.5935984375000001
vt 0.46923828125 0.5900828124999999
vt 0.47134140625 0.5900828124999999
vt 0.47134140625 0.5935984375000001
vt 0.46962890625 0.5927734375
vt 0.322265625 0.6821465625
vt 0.31775859375 0.6798031250000001
vt 0.31875140625 0.67711
vt 0.321421875 0.6767578125
vt 0.28493359375 0.5575187500000001
vt 0.28134765625 0.557421875
vt 0.28214453125 0.553515625
vt 0.28480078125 0.5521484375
vt 0.28798828125 0.557421875
vt 0.28493359375 0.5575187500000001
vt 0.28480078125 0.5521484375
vt 0.28745703125 0.553515625
vt 0.0625 0.6356303125
vt 0.06695515625 0.6358578125000001
vt 0.06649265625 0.64062328125
vt 0.0625765625 0.640348125
vt 0.441125 0.71403125
vt 0.44419375 0.71403125
vt 0.44380625 0.71875
vt 0.440925 0.7186609374999999
vt 0.43820734375 0.7139528125
vt 0.441125 0.71403125
vt 0.4409221875 0.7187259375
vt 0.438035625 0.71859671875
vt 0.3177578125 0.6798028125
vt 0.322265625 0.6821465625
vt 0.3218265625 0.6868356250000001
vt 0.3182625 0.686860625
vt 0.31342171875 0.680396875
vt 0.3177578125 0.6798028125
vt 0.31827828125 0.68708234375
vt 0.31430890625 0.68715359375
vt 0.0331421875 0.5107603125
vt 0.0346296875 0.5088025
vt 0.0361328125 0.5154603125
vt 0.03326875 0.5154259375
vt 0.53125 0.93279375
vt 0.5345078125 0.93279375
vt 0.534475 0.937484375
vt 0.53159375 0.9375
vt 0.06695515625 0.6358578125000001
vt 0.07141765625 0.6358578125000001
vt 0.07110671875 0.6405796875
vt 0.06718171875 0.640625
vn -0.1449429895670031 -0.9739155906940296 -0.17458508521199367
vn -0.2054434465846821 0.9398557133125544 -0.2728813449269788
vn 0.02245297844067765 0.33294427393837944 0.9426791470117432
vn -0.13269269976638853 -0.3277951552671563 -0.9353838696557089
vn 0.9826950179163677 0.17055572598070504 -0.07225819052221412
vn -0.9334477560857538 0.3496575577855312 0.08009293940122837
vn 0.941405885540085 -0.3005244989856311 -0.15310122200663132
vn -0.1471048942039874 -0.32681728062339904 -0.9335687522551086
vn -0.8585034194993718 -0.5022790055760621 0.10338123265568082
vn 0.02245297844067765 0.33294427393837944 0.9426791470117432
vn 0.24764525890618722 0.8877551179568993 -0.38802406662811423
vn -0.02245297844067765 -0.33294427393837944 -0.9426791470117432
vn -0.02245297844067765 -0.33294427393837944 -0.9426791470117432
vn -0.035301483709554125 -0.991432235311526 -0.1257613932536344
vn 0.02245297844067765 0.33294427393837944 0.9426791470117432
vn 0.02245297844067765 0.33294427393837944 0.9426791470117432
vn 0.24909616185031047 0.9592094513179173 -0.13367247530372137
vn 0.9787707657537826 0.20348857691432432 0.024498717744756184
vn 0.967194595705692 -0.2539892082780278 -0.004908779482077697
vn -0.2818808440887793 -0.9072612349080832 0.3121221577665659
vn -0.12949900653938431 -0.9891089557347155 0.06995342015007892
vn -0.8465558258687563 -0.5166989825496782 0.12792730404333355
vn -0.9495482768388303 0.310629267825977 -0.0432149039372488
vn -0.2025857218424025 0.9577284715613436 -0.2042429926983191
usemtl m_939b02b2-df4c-255e-486f-2d355257d222
f 1230/4885/1310 1231/4886/1310 1211/4887/1310 1223/4888/1310
f 1215/4889/1311 1233/4890/1311 1226/4891/1311 1221/4892/1311
f 1225/4893/1312 1220/4894/1312 1213/4895/1312 1219/4896/1312
f 1221/4897/1313 1222/4898/1313 1218/4899/1313 1215/4900/1313
f 1227/4901/1314 1228/4902/1314 1217/4903/1314 1214/4904/1314
f 1232/4905/1315 1233/4906/1315 1215/4907/1315 1218/4908/1315
f 1228/4909/1316 1229/4910/1316 1210/4911/1316 1217/4912/1316
f 1222/4913/1317 1223/4914/1317 1211/4915/1317 1218/4916/1317
f 1231/4917/1318 1232/4918/1318 1218/4919/1318 1211/4920/1318
f 1224/4921/1319 1225/4922/1319 1219/4923/1319 1209/4924/1319
f 1221/4925/1320 1226/4926/1320 1227/4927/1320 1214/4928/1320
f 1222/4929/1321 1221/4930/1321 1214/4931/1321 1217/4932/1321
f 1223/4933/1322 1222/4934/1322 1217/4935/1322 1210/4936/1322
f 1229/4937/1323 1230/4938/1323 1223/4939/1323 1210/4940/1323
f 1225/4941/1324 1224/4942/1324 1208/4943/1324 1216/4944/1324
f 1220/4945/1325 1225/4946/1325 1216/4947/1325 1212/4948/1325
f 1227/4949/1326 1226/4950/1326 1220/4951/1326 1212/4952/1326
f 1228/4953/1327 1227/4954/1327 1212/4955/1327 1216/4956/1327
f 1229/4957/1328 1228/4958/1328 1216/4959/1328 1208/4960/1328
f 1230/4961/1329 1229/4962/1329 1208/4963/1329 1224/4964/1329
f 1231/4965/1330 1230/4966/1330 1224/4967/1330 1209/4968/1330
f 1232/4969/1331 1231/4970/1331 1209/4971/1331 1219/4972/1331
f 1233/4973/1332 1232/4974/1332 1219/4975/1332 1213/4976/1332
f 1226/4977/1333 1233/4978/1333 1213/4979/1333 1220/4980/1333
o sphere
v -0.1418803588281993 0.33851483494612317 -0.09305807979648281
v -0.14425900144076373 0.3450474861592668 -0.08266979180234699
v -0.14064650911300408 0.34151624930391217 -0.08182476763471165
v -0.13845332232652457 0.3381400937988069 -0.08451723569219798
v -0.13896457092165976 0.3368970116310983 -0.08917032607536508
v -0.14398996130860323 0.34003357969697645 -0.08165795616954112
v -0.14318184030395345 0.3360436207738126 -0.08428157870078185
v -0.14230802311725893 0.33541434202416265 -0.08900351461019455
v -0.14728694951677518 0.3409277696954093 -0.08297518842483166
v -0.1478446620993376 0.3373078279223322 -0.0861442350875377
v -0.14560501132543088 0.3363085320225955 -0.0903207468654851
v -0.1486063191165602 0.34367464645086454 -0.08500465627675804
v -0.14971012053825264 0.34119268094419214 -0.08901435658953491
v -0.14692438092521587 0.33905540877805074 -0.09235021471741148
v -0.14717478934730327 0.34666530947429164 -0.08655754552346472
v -0.14768603794243845 0.34542222730658306 -0.09121063590663182
v -0.14549285115595895 0.3420460718014778 -0.09390310396411815
v -0.1438313371517041 0.3481479790812273 -0.08672435698863525
v -0.14295751996500958 0.34751870033157733 -0.09144629289804795
v -0.1421493989603598 0.3435287414084135 -0.09406991542928868
v -0.14053434894353214 0.3472537890827945 -0.0854071247333447
v -0.13829469816962542 0.34625449318305773 -0.0895836365112921
v -0.13885241075218785 0.34263455140998067 -0.09275268317399814
v -0.13921497934374716 0.3445069123273392 -0.08337765688141832
v -0.1364292397307104 0.3423696401611978 -0.08671351500929489
v -0.13753304115240284 0.3398876746545254 -0.09072321532207175
vt 0.736228125 0.9670953125
vt 0.736328125 0.96800546875
vt 0.7350884375 0.96768109375
vt 0.625 0.609375
vt 0.62629375 0.609375
vt 0.6261046875 0.625
vt 0.6251890625 0.625
vt 0.6251890625 0.546875
vt 0.6261046875 0.546875
vt 0.62629375 0.5625
vt 0.625 0.5625
vt 0.282031875 0.24933609375
vt 0.28135 0.24872499999999997
vt 0.2824896875 0.24813921875
vt 0.73554625 0.96648421875
vt 0.736228125 0.9670953125
vt 0.7350884375 0.96768109375
vt 0.625659375 0.640625
vt 0.626953125 0.640625
vt 0.6267640625 0.65625
vt 0.6258484375 0.65625
vt 0.6258484375 0.578125
vt 0.6267640625 0.578125
vt 0.626953125 0.59375
vt 0.625659375 0.59375
vt 0.28135 0.24872499999999997
vt 0.28125 0.24781484374999996
vt 0.2824896875 0.24813921875
vt 0.734630625 0.96648421875
vt 0.73554625 0.96648421875
vt 0.7350884375 0.96768109375
vt 0.625659375 0.484375
vt 0.626953125 0.484375
vt 0.6267640625 0.5
vt 0.6258484375 0.5
vt 0.6258484375 0.421875
vt 0.6267640625 0.421875
vt 0.626953125 0.4375
vt 0.625659375 0.4375
vt 0.28125 0.24781484374999996
vt 0.28178296875 0.2470703125
vt 0.2824896875 0.24813921875
vt 0.064453125 0.26488046875000004
vt 0.06392015625 0.265625
vt 0.0632134375 0.26455609375
vt 0.625 0.515625
vt 0.62629375 0.515625
vt 0.6261046875 0.53125
vt 0.6251890625 0.53125
vt 0.6251890625 0.453125
vt 0.6261046875 0.453125
vt 0.62629375 0.46875
vt 0.625 0.46875
vt 0.7516975 0.74933609375
vt 0.750781875 0.74933609375
vt 0.7512396875 0.74813921875
vt 0.064353125 0.2639703125
vt 0.064453125 0.26488046875000004
vt 0.0632134375 0.26455609375
vt 0.40625 0.359375
vt 0.40754375 0.359375
vt 0.4073546875 0.375
vt 0.4064390625 0.375
vt 0.4689390625 0.359375
vt 0.4698546875 0.359375
vt 0.47004375 0.375
vt 0.46875 0.375
vt 0.750781875 0.74933609375
vt 0.7501 0.748725
vt 0.7512396875 0.74813921875
vt 0.06367125 0.26335921875
vt 0.064353125 0.2639703125
vt 0.0632134375 0.26455609375
vt 0.375659375 0.359375
vt 0.376953125 0.359375
vt 0.3767640625 0.375
vt 0.3758484375 0.375
vt 0.4383484375 0.359375
vt 0.4392640625 0.359375
vt 0.439453125 0.375
vt 0.438159375 0.375
vt 0.7501 0.748725
vt 0.75 0.7478148437500001
vt 0.7512396875 0.74813921875
vt 0.062755625 0.26335921875
vt 0.06367125 0.26335921875
vt 0.0632134375 0.26455609375
vt 0.531909375 0.359375
vt 0.533203125 0.359375
vt 0.5330140625 0.375
vt 0.5320984375 0.375
vt 0.5945984375 0.359375
vt 0.5955140625 0.359375
vt 0.595703125 0.375
vt 0.594409375 0.375
vt 0.75 0.7478148437500001
vt 0.75053296875 0.7470703125
vt 0.7512396875 0.74813921875
vt 0.736328125 0.96800546875
vt 0.73579515625 0.96875
vt 0.7350884375 0.96768109375
vt 0.5 0.359375
vt 0.50129375 0.359375
vt 0.5011046875 0.375
vt 0.5001890625 0.375
vt 0.5626890625 0.359375
vt 0.5636046875 0.359375
vt 0.56379375 0.375
vt 0.5625 0.375
vt 0.2829475 0.24933609375
vt 0.282031875 0.24933609375
vt 0.2824896875 0.24813921875
vn -0.03790296432551138 0.19572113642253405 0.979926835050868
vn 0.260020522268744 -0.49314960787789064 0.8301763621357646
vn 0.4057524077380296 -0.8931511329909837 0.19402586748089568
vn 0.3137098195830725 -0.7699403997932168 -0.5556779011832461
vn -0.32543304847672333 0.1702400566950497 0.9301137855421846
vn -0.43397975267877875 -0.5547014531414779 0.7099069461187142
vn -0.2884201478266658 -0.9546517567147897 0.07385013018952702
vn 0.026179735431860585 -0.7954214795207012 -0.6054909506919296
vn -0.5252714076415067 0.32785886268367453 0.7852378712683677
vn -0.916527571641427 -0.1740530652690876 0.3601148995688793
vn -0.7708339675970175 -0.5741492556252659 -0.2759848304954336
vn -0.17365862373292298 -0.6378026735320764 -0.7503668649657463
vn -0.5204148889460957 0.5762934837527969 0.6301223404603966
vn -0.904815953065754 0.42556140472687565 -0.014338126955770407
vn -0.7591548854036659 0.025662373914698146 -0.6504039533496156
vn -0.16880210503751172 -0.38936805246295403 -0.9054823957737176
vn -0.3137098195830725 0.7699403997932167 0.5556779011832462
vn -0.40567842234199575 0.8931812278410203 -0.19404203636974326
vn -0.2600900212713692 0.49310719169669276 -0.8301797867522793
vn 0.037902964325511344 -0.1957211364225339 -0.9799268350508679
vn -0.026179735431860557 0.7954214795207013 0.6054909506919295
vn 0.28834351355219634 0.9546735839620227 -0.07386722058857444
vn 0.43405190108882824 0.5546919457726035 -0.709870264524566
vn 0.3254330484767233 -0.17024005669504982 -0.9301137855421845
vn 0.17365862373292287 0.6378026735320764 0.7503668649657463
vn 0.7708696715681753 0.5740846852322175 0.27601942619714226
vn 0.9164963540636778 0.17410531433097484 -0.36016908877594994
vn 0.5252714076415068 -0.3278588626836745 -0.7852378712683677
vn 0.16880210503751183 0.3893680524629541 0.9054823957737176
vn 0.7591797139391717 -0.025589273906330846 0.6503778524859102
vn 0.9047866386658282 -0.4256221848568843 0.014383819014576603
vn 0.5204148889460956 -0.5762934837527969 -0.6301223404603966
usemtl m_939b02b2-df4c-255e-486f-2d355257d222
f 1239/4981/1334 1236/4982/1334 1235/4983/1334
f 1240/4984/1335 1237/4985/1335 1236/4986/1335 1239/4987/1335
f 1241/4988/1336 1238/4989/1336 1237/4990/1336 1240/4991/1336
f 1238/4992/1337 1241/4993/1337 1234/4994/1337
f 1242/4995/1338 1239/4996/1338 1235/4997/1338
f 1243/4998/1339 1240/4999/1339 1239/5000/1339 1242/5001/1339
f 1244/5002/1340 1241/5003/1340 1240/5004/1340 1243/5005/1340
f 1241/5006/1341 1244/5007/1341 1234/5008/1341
f 1245/5009/1342 1242/5010/1342 1235/5011/1342
f 1246/5012/1343 1243/5013/1343 1242/5014/1343 1245/5015/1343
f 1247/5016/1344 1244/5017/1344 1243/5018/1344 1246/5019/1344
f 1244/5020/1345 1247/5021/1345 1234/5022/1345
f 1248/5023/1346 1245/5024/1346 1235/5025/1346
f 1249/5026/1347 1246/5027/1347 1245/5028/1347 1248/5029/1347
f 1250/5030/1348 1247/5031/1348 1246/5032/1348 1249/5033/1348
f 1247/5034/1349 1250/5035/1349 1234/5036/1349
f 1251/5037/1350 1248/5038/1350 1235/5039/1350
f 1252/5040/1351 1249/5041/1351 1248/5042/1351 1251/5043/1351
f 1253/5044/1352 1250/5045/1352 1249/5046/1352 1252/5047/1352
f 1250/5048/1353 1253/5049/1353 1234/5050/1353
f 1254/5051/1354 1251/5052/1354 1235/5053/1354
f 1255/5054/1355 1252/5055/1355 1251/5056/1355 1254/5057/1355
f 1256/5058/1356 1253/5059/1356 1252/5060/1356 1255/5061/1356
f 1253/5062/1357 1256/5063/1357 1234/5064/1357
f 1257/5065/1358 1254/5066/1358 1235/5067/1358
f 1258/5068/1359 1255/5069/1359 1254/5070/1359 1257/5071/1359
f 1259/5072/1360 1256/5073/1360 1255/5074/1360 1258/5075/1360
f 1256/5076/1361 1259/5077/1361 1234/5078/1361
f 1236/5079/1362 1257/5080/1362 1235/5081/1362
f 1237/5082/1363 1258/5083/1363 1257/5084/1363 1236/5085/1363
f 1238/5086/1364 1259/5087/1364 1258/5088/1364 1237/5089/1364
f 1259/5090/1365 1238/5091/1365 1234/5092/1365
o Thumb
v -0.13854620436237844 0.33821335278497083 -0.08458457196297293
v -0.14774858851394593 0.3373978322632097 -0.08617883580737429
v -0.1337889191372496 0.32514805035868366 -0.10536114795124456
v -0.1429913032888171 0.3243325298369225 -0.10695541179564591
v -0.1383907717550171 0.3461644888421803 -0.08954903579145555
v -0.14759315590658462 0.34534896832041917 -0.0911432996358569
v -0.13363348652988827 0.33309918641589314 -0.11032561177972718
v -0.14283587068145578 0.33228366589413194 -0.11191987562412853
v -0.14295569622241655 0.3476119936613153 -0.09150454260696884
v -0.13819841099728772 0.33454669123502806 -0.11228111859524047
v -0.13842637882141764 0.32288502501778754 -0.10499990498013262
v -0.1431836640465465 0.3359503274440747 -0.084223328991861
v -0.14981809517896436 0.34118311217007014 -0.08903306261864258
v -0.14506080995383552 0.32811780974378296 -0.1098096386069142
v -0.13831239490935268 0.3287158581264078 -0.10864051178768655
v -0.13156397986486984 0.3293139065090327 -0.10747138496845889
v -0.13632126508999867 0.34237920893531987 -0.08669480898018726
v -0.14306968013448151 0.341781160552695 -0.08786393579941491
vt 0.109375 0.84375
vt 0.109375 0.859375
vt 0.09375 0.859375
vt 0.09375 0.84375
vt 0.15625 1
vt 0.15625 0.984375
vt 0.171875 0.984375
vt 0.171875 1
vt 0.283203125 0.27953125
vt 0.283203125 0.28125
vt 0.28203125 0.28070312500000005
vt 0.281484375 0.27953125
vt 0.720703125 0.71484375
vt 0.720703125 0.7165625
vt 0.718984375 0.7165625
vt 0.71953125 0.715390625
vt 0.140625 0.828125
vt 0.140625 0.84375
vt 0.125 0.84375
vt 0.125 0.828125
vt 0.15625 0.875
vt 0.15625 0.859375
vt 0.171875 0.859375
vt 0.171875 0.875
vt 0.171875 0.953125
vt 0.171875 0.96875
vt 0.15625 0.96875
vt 0.15625 0.953125
vt 0.720703125 0.7165625
vt 0.720703125 0.71828125
vt 0.71953125 0.717734375
vt 0.718984375 0.7165625
vt 0.15625 0.90625
vt 0.15625 0.890625
vt 0.171875 0.890625
vt 0.171875 0.90625
vt 0.283203125 0.2778125
vt 0.283203125 0.27953125
vt 0.281484375 0.27953125
vt 0.28203125 0.27835937499999996
vt 0.171875 0.828125
vt 0.171875 0.84375
vt 0.15625 0.84375
vt 0.15625 0.828125
vt 0.720703125 0.7165625
vt 0.720703125 0.71484375
vt 0.721875 0.715390625
vt 0.722421875 0.7165625
vt 0.720703125 0.71828125
vt 0.720703125 0.7165625
vt 0.722421875 0.7165625
vt 0.721875 0.717734375
vt 0 0.828125
vt 0 0.8125
vt 0.015625 0.8125
vt 0.015625 0.828125
vt 0.283203125 0.27953125
vt 0.283203125 0.2778125
vt 0.284375 0.27835937499999996
vt 0.284921875 0.27953125
vt 0.283203125 0.28125
vt 0.283203125 0.27953125
vt 0.284921875 0.27953125
vt 0.284375 0.28070312500000005
vn -0.4301231906440238 -0.8053394361795948 0.4079490573639519
vn -0.4000751035621395 0.7317667907754237 -0.5517764723400056
vn -0.1902914090051537 0.5226120970514874 0.8310630395308651
vn 0.1902914090051537 -0.5226120970514874 -0.8310630395308651
vn 0.8824869520446398 -0.2798302852612257 0.37803675869098097
vn -0.8965093926828526 -0.4374859539844498 0.06983515517086596
vn 0.4301231906440238 0.8053394361795948 -0.4079490573639519
vn 0.1902914090051537 -0.5226120970514874 -0.8310630395308651
vn 0.4000751035621395 -0.7317667907754237 0.5517764723400056
vn -0.1902914090051537 0.5226120970514874 0.8310630395308651
vn -0.8824869520446398 0.2798302852612257 -0.37803675869098097
vn 0.1902914090051537 -0.5226120970514874 -0.8310630395308651
vn 0.1902914090051537 -0.5226120970514874 -0.8310630395308651
vn 0.8965093926828526 0.4374859539844498 -0.06983515517086596
vn -0.1902914090051537 0.5226120970514874 0.8310630395308651
vn -0.1902914090051537 0.5226120970514874 0.8310630395308651
usemtl m_939b02b2-df4c-255e-486f-2d355257d222
f 1270/5093/1366 1271/5094/1366 1261/5095/1366 1263/5096/1366
f 1268/5097/1367 1269/5098/1367 1267/5099/1367 1265/5100/1367
f 1277/5101/1368 1272/5102/1368 1261/5103/1368 1271/5104/1368
f 1273/5105/1369 1274/5106/1369 1270/5107/1369 1263/5108/1369
f 1275/5109/1370 1276/5110/1370 1260/5111/1370 1262/5112/1370
f 1272/5113/1371 1273/5114/1371 1263/5115/1371 1261/5116/1371
f 1269/5117/1372 1268/5118/1372 1264/5119/1372 1266/5120/1372
f 1274/5121/1373 1275/5122/1373 1262/5123/1373 1270/5124/1373
f 1271/5125/1374 1270/5126/1374 1262/5127/1374 1260/5128/1374
f 1276/5129/1375 1277/5130/1375 1271/5131/1375 1260/5132/1375
f 1273/5133/1376 1272/5134/1376 1265/5135/1376 1267/5136/1376
f 1274/5137/1377 1273/5138/1377 1267/5139/1377 1269/5140/1377
f 1275/5141/1378 1274/5142/1378 1269/5143/1378 1266/5144/1378
f 1276/5145/1379 1275/5146/1379 1266/5147/1379 1264/5148/1379
f 1277/5149/1380 1276/5150/1380 1264/5151/1380 1268/5152/1380
f 1272/5153/1381 1277/5154/1381 1268/5155/1381 1265/5156/1381
o sphere
v -0.13712307360307047 0.325449532519836 -0.11383465578475443
v -0.1395017162156349 0.3319821837329796 -0.10344636779061861
v -0.13588922388787525 0.328450946877625 -0.10260134362298327
v -0.13369603710139574 0.3250747913725197 -0.1052938116804696
v -0.13420728569653093 0.32383170920481114 -0.1099469020636367
v -0.1392326760834744 0.3269682772706893 -0.10243453215781274
v -0.13842455507882462 0.32297831834752544 -0.10505815468905347
v -0.1375507378921301 0.3223490395978755 -0.10978009059846618
v -0.14252966429164635 0.3278624672691221 -0.10375176441310328
v -0.14308737687420878 0.32424252549604504 -0.10692081107580932
v -0.14084772610030205 0.3232432295963083 -0.11109732285375672
v -0.14384903389143136 0.33060934402457737 -0.10578123226502967
v -0.1449528353131238 0.32812737851790497 -0.10979093257780653
v -0.14216709570008704 0.32599010635176356 -0.1131267907056831
v -0.14241750412217444 0.33360000704800447 -0.10733412151173634
v -0.14292875271730962 0.3323569248802959 -0.11198721189490345
v -0.14073556593083011 0.3289807693751906 -0.11467967995238977
v -0.13907405192657527 0.3350826766549401 -0.10750093297690687
v -0.13820023473988075 0.33445339790529016 -0.11222286888631958
v -0.13739211373523097 0.3304634389821263 -0.1148464914175603
v -0.1357770637184033 0.3341884866565073 -0.10618370072161633
v -0.1335374129444966 0.33318919075677056 -0.11036021249956372
v -0.13409512552705902 0.3295692489836935 -0.11352925916226976
v -0.13445769411861833 0.33144160990105204 -0.10415423286968994
v -0.13167195450558156 0.32930433773491063 -0.10749009099756651
v -0.132775755927274 0.32682237222823823 -0.11149979131034338
vt 0.095603125 0.2639703125
vt 0.095703125 0.26488046875000004
vt 0.0944634375 0.26455609375
vt 0 0.34375
vt 0.00129375 0.34375
vt 0.0011046875 0.359375
vt 0.0001890625 0.359375
vt 0.0939390625 0.34375
vt 0.0948546875 0.34375
vt 0.09504375 0.359375
vt 0.09375 0.359375
vt 0.313281875 0.24933609375
vt 0.3126 0.24872499999999997
vt 0.3137396875 0.24813921875
vt 0.09492125 0.26335921875
vt 0.095603125 0.2639703125
vt 0.0944634375 0.26455609375
vt 0.625659375 0.390625
vt 0.626953125 0.390625
vt 0.6267640625 0.40625
vt 0.6258484375 0.40625
vt 0.6414734375 0.953125
vt 0.6423890625 0.953125
vt 0.642578125 0.96875
vt 0.641284375 0.96875
vt 0.3126 0.24872499999999997
vt 0.3125 0.24781484374999996
vt 0.3137396875 0.24813921875
vt 0.094005625 0.26335921875
vt 0.09492125 0.26335921875
vt 0.0944634375 0.26455609375
vt 0.219409375 0.34375
vt 0.220703125 0.34375
vt 0.2205140625 0.359375
vt 0.2195984375 0.359375
vt 0.6570984375 0.921875
vt 0.6580140625 0.921875
vt 0.658203125 0.9375
vt 0.656909375 0.9375
vt 0.3125 0.24781484374999996
vt 0.31303296875 0.2470703125
vt 0.3137396875 0.24813921875
vt 0.126953125 0.26488046875000004
vt 0.12642015625 0.265625
vt 0.1257134375 0.26455609375
vt 0.1875 0.34375
vt 0.18879375 0.34375
vt 0.1886046875 0.359375
vt 0.1876890625 0.359375
vt 0.3439390625 0.34375
vt 0.3448546875 0.34375
vt 0.34504375 0.359375
vt 0.34375 0.359375
vt 0.7516975 0.71808609375
vt 0.750781875 0.71808609375
vt 0.7512396875 0.71688921875
vt 0.126853125 0.2639703125
vt 0.126953125 0.26488046875000004
vt 0.1257134375 0.26455609375
vt 0.03125 0.34375
vt 0.03254375 0.34375
vt 0.0323546875 0.359375
vt 0.0314390625 0.359375
vt 0.1251890625 0.34375
vt 0.1261046875 0.34375
vt 0.12629375 0.359375
vt 0.125 0.359375
vt 0.750781875 0.71808609375
vt 0.7501 0.717475
vt 0.7512396875 0.71688921875
vt 0.12617125 0.26335921875
vt 0.126853125 0.2639703125
vt 0.1257134375 0.26455609375
vt 0.625659375 0.359375
vt 0.626953125 0.359375
vt 0.6267640625 0.375
vt 0.6258484375 0.375
vt 0.0633484375 0.34375
vt 0.0642640625 0.34375
vt 0.064453125 0.359375
vt 0.063159375 0.359375
vt 0.7501 0.717475
vt 0.75 0.7165648437500001
vt 0.7512396875 0.71688921875
vt 0.125255625 0.26335921875
vt 0.12617125 0.26335921875
vt 0.1257134375 0.26455609375
vt 0.250659375 0.34375
vt 0.251953125 0.34375
vt 0.2517640625 0.359375
vt 0.2508484375 0.359375
vt 0.6570984375 0.890625
vt 0.6580140625 0.890625
vt 0.658203125 0.90625
vt 0.656909375 0.90625
vt 0.75 0.7165648437500001
vt 0.75053296875 0.7158203125
vt 0.7512396875 0.71688921875
vt 0.095703125 0.26488046875000004
vt 0.09517015625 0.265625
vt 0.0944634375 0.26455609375
vt 0.640625 0.796875
vt 0.64191875 0.796875
vt 0.6417296875 0.8125
vt 0.6408140625 0.8125
vt 0.6564390625 0.984375
vt 0.6573546875 0.984375
vt 0.65754375 1
vt 0.65625 1
vt 0.3141975 0.24933609375
vt 0.313281875 0.24933609375
vt 0.3137396875 0.24813921875
vn -0.03790296432551138 0.19572113642253405 0.979926835050868
vn 0.260020522268744 -0.49314960787789064 0.8301763621357646
vn 0.4057524077380296 -0.8931511329909837 0.19402586748089568
vn 0.3137098195830725 -0.7699403997932168 -0.5556779011832461
vn -0.32543304847672333 0.1702400566950497 0.9301137855421846
vn -0.43397975267877875 -0.5547014531414779 0.7099069461187142
vn -0.2884201478266658 -0.9546517567147897 0.07385013018952702
vn 0.026179735431860585 -0.7954214795207012 -0.6054909506919296
vn -0.5252714076415067 0.32785886268367453 0.7852378712683677
vn -0.916527571641427 -0.1740530652690876 0.3601148995688793
vn -0.7708339675970175 -0.5741492556252659 -0.2759848304954336
vn -0.17365862373292298 -0.6378026735320764 -0.7503668649657463
vn -0.5204148889460957 0.5762934837527969 0.6301223404603966
vn -0.904815953065754 0.42556140472687565 -0.014338126955770407
vn -0.7591548854036659 0.025662373914698146 -0.6504039533496156
vn -0.16880210503751172 -0.38936805246295403 -0.9054823957737176
vn -0.3137098195830725 0.7699403997932167 0.5556779011832462
vn -0.40567842234199575 0.8931812278410203 -0.19404203636974326
vn -0.2600900212713692 0.49310719169669276 -0.8301797867522793
vn 0.037902964325511344 -0.1957211364225339 -0.9799268350508679
vn -0.026179735431860557 0.7954214795207013 0.6054909506919295
vn 0.28834351355219634 0.9546735839620227 -0.07386722058857444
vn 0.43405190108882824 0.5546919457726035 -0.709870264524566
vn 0.3254330484767233 -0.17024005669504982 -0.9301137855421845
vn 0.17365862373292287 0.6378026735320764 0.7503668649657463
vn 0.7708696715681753 0.5740846852322175 0.27601942619714226
vn 0.9164963540636778 0.17410531433097484 -0.36016908877594994
vn 0.5252714076415068 -0.3278588626836745 -0.7852378712683677
vn 0.16880210503751183 0.3893680524629541 0.9054823957737176
vn 0.7591797139391717 -0.025589273906330846 0.6503778524859102
vn 0.9047866386658282 -0.4256221848568843 0.014383819014576603
vn 0.5204148889460956 -0.5762934837527969 -0.6301223404603966
usemtl m_939b02b2-df4c-255e-486f-2d355257d222
f 1283/5157/1382 1280/5158/1382 1279/5159/1382
f 1284/5160/1383 1281/5161/1383 1280/5162/1383 1283/5163/1383
f 1285/5164/1384 1282/5165/1384 1281/5166/1384 1284/5167/1384
f 1282/5168/1385 1285/5169/1385 1278/5170/1385
f 1286/5171/1386 1283/5172/1386 1279/5173/1386
f 1287/5174/1387 1284/5175/1387 1283/5176/1387 1286/5177/1387
f 1288/5178/1388 1285/5179/1388 1284/5180/1388 1287/5181/1388
f 1285/5182/1389 1288/5183/1389 1278/5184/1389
f 1289/5185/1390 1286/5186/1390 1279/5187/1390
f 1290/5188/1391 1287/5189/1391 1286/5190/1391 1289/5191/1391
f 1291/5192/1392 1288/5193/1392 1287/5194/1392 1290/5195/1392
f 1288/5196/1393 1291/5197/1393 1278/5198/1393
f 1292/5199/1394 1289/5200/1394 1279/5201/1394
f 1293/5202/1395 1290/5203/1395 1289/5204/1395 1292/5205/1395
f 1294/5206/1396 1291/5207/1396 1290/5208/1396 1293/5209/1396
f 1291/5210/1397 1294/5211/1397 1278/5212/1397
f 1295/5213/1398 1292/5214/1398 1279/5215/1398
f 1296/5216/1399 1293/5217/1399 1292/5218/1399 1295/5219/1399
f 1297/5220/1400 1294/5221/1400 1293/5222/1400 1296/5223/1400
f 1294/5224/1401 1297/5225/1401 1278/5226/1401
f 1298/5227/1402 1295/5228/1402 1279/5229/1402
f 1299/5230/1403 1296/5231/1403 1295/5232/1403 1298/5233/1403
f 1300/5234/1404 1297/5235/1404 1296/5236/1404 1299/5237/1404
f 1297/5238/1405 1300/5239/1405 1278/5240/1405
f 1301/5241/1406 1298/5242/1406 1279/5243/1406
f 1302/5244/1407 1299/5245/1407 1298/5246/1407 1301/5247/1407
f 1303/5248/1408 1300/5249/1408 1299/5250/1408 1302/5251/1408
f 1300/5252/1409 1303/5253/1409 1278/5254/1409
f 1280/5255/1410 1301/5256/1410 1279/5257/1410
f 1281/5258/1411 1302/5259/1411 1301/5260/1411 1280/5261/1411
f 1282/5262/1412 1303/5263/1412 1302/5264/1412 1281/5265/1412
f 1303/5266/1413 1282/5267/1413 1278/5268/1413
o sphere
v -0.13740738794181395 0.32461068972267726 -0.11518705660018201
v -0.13870759160006685 0.33121325195476026 -0.10465303351218107
v -0.1352095723718381 0.3275165886660321 -0.10407654205575131
v -0.1333796619630018 0.3240514272405162 -0.10692293674137981
v -0.13429019836508746 0.3228479169117262 -0.1115251497812768
v -0.1385964888527653 0.32618910702374626 -0.10366254078387174
v -0.13816964994041234 0.3221744310598364 -0.10633768795754849
v -0.13767711484601466 0.3215204352694404 -0.11111114850939721
v -0.14193694134626528 0.32723848498682895 -0.10473258323245323
v -0.14289394173577813 0.3236581150526705 -0.10785075255188913
v -0.14101756733951462 0.32256981323252304 -0.1121811909579787
v -0.1432743166607039 0.33004965062194885 -0.10665964909867345
v -0.14478485874536756 0.3276338671595156 -0.11057608623288345
v -0.14235494265395326 0.32538097886764294 -0.11410825682419894
v -0.14182478117679334 0.3329760247657113 -0.10831494033108628
v -0.142735317578879 0.3317725144369213 -0.11291715337098326
v -0.1409054071700427 0.3283073530114054 -0.11576354805661176
v -0.13843786469586614 0.3343035064079971 -0.10872894160296587
v -0.13794532960146846 0.3336495106176011 -0.1135024021548146
v -0.1375184906891155 0.32963483465369126 -0.11617754932849134
v -0.13509741220236618 0.3332541284449145 -0.10765889915438438
v -0.13322103780610267 0.332165826624767 -0.11198933756047395
v -0.13417803819561552 0.32858545669060857 -0.11510750687990985
v -0.13376003688792754 0.33044296280979457 -0.10573183328816414
v -0.13133012079651324 0.3281900745179219 -0.10926400387947963
v -0.1328406628811769 0.32577429105548866 -0.11318044101368963
vt 0.189353125 0.2639703125
vt 0.189453125 0.26488046875000004
vt 0.1882134375 0.26455609375
vt 0.65625 0.828125
vt 0.65754375 0.828125
vt 0.6573546875 0.84375
vt 0.6564390625 0.84375
vt 0.6564390625 0.703125
vt 0.6573546875 0.703125
vt 0.65754375 0.71875
vt 0.65625 0.71875
vt 0.750781875 0.65558609375
vt 0.7501 0.654975
vt 0.7512396875 0.65438921875
vt 0.18867125 0.26335921875
vt 0.189353125 0.2639703125
vt 0.1882134375 0.26455609375
vt 0.656909375 0.859375
vt 0.658203125 0.859375
vt 0.6580140625 0.875
vt 0.6570984375 0.875
vt 0.6570984375 0.734375
vt 0.6580140625 0.734375
vt 0.658203125 0.75
vt 0.656909375 0.75
vt 0.7501 0.654975
vt 0.75 0.6540648437500001
vt 0.7512396875 0.65438921875
vt 0.187755625 0.26335921875
vt 0.18867125 0.26335921875
vt 0.1882134375 0.26455609375
vt 0.375659375 0.328125
vt 0.376953125 0.328125
vt 0.3767640625 0.34375
vt 0.3758484375 0.34375
vt 0.4383484375 0.328125
vt 0.4392640625 0.328125
vt 0.439453125 0.34375
vt 0.438159375 0.34375
vt 0.75 0.6540648437500001
vt 0.75053296875 0.6533203125
vt 0.7512396875 0.65438921875
vt 0.736328125 0.8117554687499999
vt 0.73579515625 0.8125
vt 0.7350884375 0.81143109375
vt 0.65625 0.671875
vt 0.65754375 0.671875
vt 0.6573546875 0.6875
vt 0.6564390625 0.6875
vt 0.4064390625 0.328125
vt 0.4073546875 0.328125
vt 0.40754375 0.34375
vt 0.40625 0.34375
vt 0.7516975 0.68683609375
vt 0.750781875 0.68683609375
vt 0.7512396875 0.68563921875
vt 0.736228125 0.8108453125
vt 0.736328125 0.8117554687499999
vt 0.7350884375 0.81143109375
vt 0.65625 0.765625
vt 0.65754375 0.765625
vt 0.6573546875 0.78125
vt 0.6564390625 0.78125
vt 0.3126890625 0.328125
vt 0.3136046875 0.328125
vt 0.31379375 0.34375
vt 0.3125 0.34375
vt 0.750781875 0.68683609375
vt 0.7501 0.686225
vt 0.7512396875 0.68563921875
vt 0.73554625 0.81023421875
vt 0.736228125 0.8108453125
vt 0.7350884375 0.81143109375
vt 0.156909375 0.328125
vt 0.158203125 0.328125
vt 0.1580140625 0.34375
vt 0.1570984375 0.34375
vt 0.2820984375 0.328125
vt 0.2830140625 0.328125
vt 0.283203125 0.34375
vt 0.281909375 0.34375
vt 0.7501 0.686225
vt 0.75 0.6853148437500001
vt 0.7512396875 0.68563921875
vt 0.734630625 0.81023421875
vt 0.73554625 0.81023421875
vt 0.7350884375 0.81143109375
vt 0.656909375 0.609375
vt 0.658203125 0.609375
vt 0.6580140625 0.625
vt 0.6570984375 0.625
vt 0.6570984375 0.546875
vt 0.6580140625 0.546875
vt 0.658203125 0.5625
vt 0.656909375 0.5625
vt 0.75 0.6853148437500001
vt 0.75053296875 0.6845703125
vt 0.7512396875 0.68563921875
vt 0.189453125 0.26488046875000004
vt 0.18892015625 0.265625
vt 0.1882134375 0.26455609375
vt 0.65625 0.640625
vt 0.65754375 0.640625
vt 0.6573546875 0.65625
vt 0.6564390625 0.65625
vt 0.6564390625 0.578125
vt 0.6573546875 0.578125
vt 0.65754375 0.59375
vt 0.65625 0.59375
vt 0.7516975 0.65558609375
vt 0.750781875 0.65558609375
vt 0.7512396875 0.65438921875
vn 0.043686871401289545 0.19416867092614126 0.9799948900366486
vn 0.2975825311895369 -0.5072279973125605 0.808804300107954
vn 0.37727534207746855 -0.9115139660285513 0.1637241765752092
vn 0.23588397806690908 -0.7818271659808206 -0.5771525200722321
vn -0.24760720696055988 0.1821268228826534 0.9515884044311705
vn -0.405507798835608 -0.5363419163511562 0.7402031976749828
vn -0.32597732493884946 -0.9405690717056139 0.09522922333271228
vn -0.055410100294940354 -0.7938690140243085 -0.6055590056777104
vn -0.45010655221983953 0.34924660220719905 0.8218460333271042
vn -0.8944760282810212 -0.13275178923998196 0.42695385849549755
vn -0.8148219765541574 -0.5371307174559022 -0.21807278346846487
vn -0.2579094455542202 -0.626749234699763 -0.7353013767817768
vn -0.4452500335244284 0.5976812232763213 0.6667305025191329
vn -0.8827695999595923 0.46686336177105237 0.05250176018966394
vn -0.8031363458638441 0.06268277547862822 -0.5924887168636782
vn -0.2530529268588089 -0.37831461363064056 -0.890416907589748
vn -0.2358839780669091 0.7818271659808207 0.5771525200722323
vn -0.3772014422139648 0.911540669064179 -0.16374578050665597
vn -0.29765397871947386 0.5071888410855531 -0.8088025645550097
vn -0.04368687140128957 -0.19416867092614115 -0.9799948900366487
vn 0.05541010029494037 0.7938690140243084 0.6055590056777101
vn 0.3259007280270882 0.9405944623202657 -0.09524060543625593
vn 0.4055819437029561 0.536328977459534 -0.7401719495356084
vn 0.2476072069605599 -0.18212682288265353 -0.9515884044311707
vn 0.25790944555422 0.6267492346997628 0.7353013767817768
vn 0.8148571172565934 0.5370644609916004 0.21810466110580054
vn 0.894443339912152 0.13280559251290402 -0.4270056045113355
vn 0.45010655221983953 -0.349246602207199 -0.821846033327104
vn 0.253052926858809 0.37831461363064045 0.8904169075897479
vn 0.8031625291510724 -0.06261081580194319 0.5924608320490629
vn 0.8827409646279505 -0.46692286972470787 -0.05245400933921781
vn 0.4452500335244284 -0.5976812232763214 -0.6667305025191331
usemtl m_939b02b2-df4c-255e-486f-2d355257d222
f 1309/5269/1414 1306/5270/1414 1305/5271/1414
f 1310/5272/1415 1307/5273/1415 1306/5274/1415 1309/5275/1415
f 1311/5276/1416 1308/5277/1416 1307/5278/1416 1310/5279/1416
f 1308/5280/1417 1311/5281/1417 1304/5282/1417
f 1312/5283/1418 1309/5284/1418 1305/5285/1418
f 1313/5286/1419 1310/5287/1419 1309/5288/1419 1312/5289/1419
f 1314/5290/1420 1311/5291/1420 1310/5292/1420 1313/5293/1420
f 1311/5294/1421 1314/5295/1421 1304/5296/1421
f 1315/5297/1422 1312/5298/1422 1305/5299/1422
f 1316/5300/1423 1313/5301/1423 1312/5302/1423 1315/5303/1423
f 1317/5304/1424 1314/5305/1424 1313/5306/1424 1316/5307/1424
f 1314/5308/1425 1317/5309/1425 1304/5310/1425
f 1318/5311/1426 1315/5312/1426 1305/5313/1426
f 1319/5314/1427 1316/5315/1427 1315/5316/1427 1318/5317/1427
f 1320/5318/1428 1317/5319/1428 1316/5320/1428 1319/5321/1428
f 1317/5322/1429 1320/5323/1429 1304/5324/1429
f 1321/5325/1430 1318/5326/1430 1305/5327/1430
f 1322/5328/1431 1319/5329/1431 1318/5330/1431 1321/5331/1431
f 1323/5332/1432 1320/5333/1432 1319/5334/1432 1322/5335/1432
f 1320/5336/1433 1323/5337/1433 1304/5338/1433
f 1324/5339/1434 1321/5340/1434 1305/5341/1434
f 1325/5342/1435 1322/5343/1435 1321/5344/1435 1324/5345/1435
f 1326/5346/1436 1323/5347/1436 1322/5348/1436 1325/5349/1436
f 1323/5350/1437 1326/5351/1437 1304/5352/1437
f 1327/5353/1438 1324/5354/1438 1305/5355/1438
f 1328/5356/1439 1325/5357/1439 1324/5358/1439 1327/5359/1439
f 1329/5360/1440 1326/5361/1440 1325/5362/1440 1328/5363/1440
f 1326/5364/1441 1329/5365/1441 1304/5366/1441
f 1306/5367/1442 1327/5368/1442 1305/5369/1442
f 1307/5370/1443 1328/5371/1443 1327/5372/1443 1306/5373/1443
f 1308/5374/1444 1329/5375/1444 1328/5376/1444 1307/5377/1444
f 1329/5378/1445 1308/5379/1445 1304/5380/1445
o Thumb
v -0.13347378078746255 0.3241291021443734 -0.1069832391558663
v -0.14279663136177956 0.3237437034758546 -0.10789238712801417
v -0.13217357712920963 0.3175265399122904 -0.11751726224386724
v -0.14149642770352666 0.31714114124377163 -0.11842641021601512
v -0.13331834818010121 0.3320802382015829 -0.11194770298434892
v -0.14264119875441825 0.33169483953306406 -0.1128568509564968
v -0.13201814452184832 0.3254776759694999 -0.12248172607234986
v -0.14134099509616532 0.3250922773009811 -0.12339087404449774
v -0.13794350585887544 0.333742803947339 -0.11356065186373547
v -0.1366433022006225 0.327140241715256 -0.12409467495173641
v -0.13687127002475244 0.3154785754980155 -0.11681346133662857
v -0.13817147368300536 0.3220811377300985 -0.10627943824862762
v -0.1448942468587729 0.32762934514847164 -0.11058675356909
v -0.14359404320051997 0.32102678291638864 -0.12112077665709094
v -0.13675728611268748 0.32130940860663576 -0.1204540681441825
v -0.12992052902485499 0.3215920342968829 -0.11978735963127406
v -0.1312207326831079 0.3281945965289659 -0.1092533365432731
v -0.1380574897709404 0.32791197083871876 -0.10992004505618155
vt 0.046875 0.8125
vt 0.046875 0.828125
vt 0.03125 0.828125
vt 0.03125 0.8125
vt 0.0625 0.828125
vt 0.0625 0.8125
vt 0.078125 0.8125
vt 0.078125 0.828125
vt 0.314453125 0.27953125
vt 0.314453125 0.28125
vt 0.31328125 0.28070312500000005
vt 0.312734375 0.27953125
vt 0.720703125 0.68359375
vt 0.720703125 0.6853125
vt 0.718984375 0.6853125
vt 0.71953125 0.684140625
vt 0.203125 0.984375
vt 0.203125 1
vt 0.1875 1
vt 0.1875 0.984375
vt 0.1875 0.96875
vt 0.1875 0.953125
vt 0.203125 0.953125
vt 0.203125 0.96875
vt 0.1875 0.921875
vt 0.1875 0.9375
vt 0.171875 0.9375
vt 0.171875 0.921875
vt 0.720703125 0.6853125
vt 0.720703125 0.68703125
vt 0.71953125 0.686484375
vt 0.718984375 0.6853125
vt 0.09375 0.828125
vt 0.09375 0.8125
vt 0.109375 0.8125
vt 0.109375 0.828125
vt 0.314453125 0.2778125
vt 0.314453125 0.27953125
vt 0.312734375 0.27953125
vt 0.31328125 0.27835937499999996
vt 0.203125 0.890625
vt 0.203125 0.90625
vt 0.1875 0.90625
vt 0.1875 0.890625
vt 0.720703125 0.6853125
vt 0.720703125 0.68359375
vt 0.721875 0.684140625
vt 0.722421875 0.6853125
vt 0.720703125 0.68703125
vt 0.720703125 0.6853125
vt 0.722421875 0.6853125
vt 0.721875 0.686484375
vt 0.125 0.8125
vt 0.125 0.796875
vt 0.140625 0.796875
vt 0.140625 0.8125
vt 0.314453125 0.27953125
vt 0.314453125 0.2778125
vt 0.315625 0.27835937499999996
vt 0.316171875 0.27953125
vt 0.314453125 0.28125
vt 0.314453125 0.27953125
vt 0.316171875 0.27953125
vt 0.315625 0.28070312500000005
vn -0.4355571638964188 -0.7859375929734633 0.4388531154379413
vn -0.4055090768145344 0.7511686339815552 -0.5208724142660162
vn -0.1040162926602331 0.5282049785666394 0.8427218470400758
vn 0.1040162926602331 -0.5282049785666394 -0.8427218470400758
vn 0.894131180442629 -0.32140566356007916 0.31181377710386093
vn -0.9081536210808417 -0.3959105756855962 0.13605813675798598
vn 0.4355571638964188 0.7859375929734633 -0.4388531154379413
vn 0.1040162926602331 -0.5282049785666394 -0.8427218470400758
vn 0.4055090768145344 -0.7511686339815552 0.5208724142660162
vn -0.1040162926602331 0.5282049785666394 0.8427218470400758
vn -0.894131180442629 0.32140566356007916 -0.31181377710386093
vn 0.1040162926602331 -0.5282049785666394 -0.8427218470400758
vn 0.1040162926602331 -0.5282049785666394 -0.8427218470400758
vn 0.9081536210808417 0.3959105756855962 -0.13605813675798598
vn -0.1040162926602331 0.5282049785666394 0.8427218470400758
vn -0.1040162926602331 0.5282049785666394 0.8427218470400758
usemtl m_939b02b2-df4c-255e-486f-2d355257d222
f 1340/5381/1446 1341/5382/1446 1331/5383/1446 1333/5384/1446
f 1338/5385/1447 1339/5386/1447 1337/5387/1447 1335/5388/1447
f 1347/5389/1448 1342/5390/1448 1331/5391/1448 1341/5392/1448
f 1343/5393/1449 1344/5394/1449 1340/5395/1449 1333/5396/1449
f 1345/5397/1450 1346/5398/1450 1330/5399/1450 1332/5400/1450
f 1342/5401/1451 1343/5402/1451 1333/5403/1451 1331/5404/1451
f 1339/5405/1452 1338/5406/1452 1334/5407/1452 1336/5408/1452
f 1344/5409/1453 1345/5410/1453 1332/5411/1453 1340/5412/1453
f 1341/5413/1454 1340/5414/1454 1332/5415/1454 1330/5416/1454
f 1346/5417/1455 1347/5418/1455 1341/5419/1455 1330/5420/1455
f 1343/5421/1456 1342/5422/1456 1335/5423/1456 1337/5424/1456
f 1344/5425/1457 1343/5426/1457 1337/5427/1457 1339/5428/1457
f 1345/5429/1458 1344/5430/1458 1339/5431/1458 1336/5432/1458
f 1346/5433/1459 1345/5434/1459 1336/5435/1459 1334/5436/1459
f 1347/5437/1460 1346/5438/1460 1334/5439/1460 1338/5440/1460
f 1342/5441/1461 1347/5442/1461 1338/5443/1461 1335/5444/1461
o sphere
v -0.13610718428356106 0.31800812749059426 -0.1257210796881829
v -0.13740738794181395 0.32461068972267726 -0.11518705660018197
v -0.1339093687135852 0.3209140264339491 -0.11461056514375223
v -0.1320794583047489 0.3174488650084332 -0.11745695982938072
v -0.13298999470683456 0.3162453546796432 -0.1220591728692777
v -0.1372962851945124 0.31958654479166326 -0.11419656387187264
v -0.13686944628215944 0.3155718688277534 -0.11687171104554939
v -0.13637691118776177 0.3149178730373574 -0.12164517159739811
v -0.14063673768801238 0.32063592275474595 -0.11526660632045413
v -0.14159373807752523 0.3170555528205875 -0.11838477563989003
v -0.13971736368126172 0.31596725100044004 -0.1227152140459796
v -0.141974113002451 0.32344708838986586 -0.11719367218667436
v -0.14348465508711467 0.3210313049274326 -0.12111010932088435
v -0.14105473899570037 0.31877841663555995 -0.12464227991219984
v -0.14052457751854044 0.3263734625336283 -0.11884896341908718
v -0.1414351139206261 0.3251699522048383 -0.12345117645898417
v -0.13960520351178982 0.3217047907793224 -0.12629757114461265
v -0.13713766103761324 0.3277009441759141 -0.11926296469096677
v -0.13664512594321557 0.3270469483855181 -0.1240364252428155
v -0.1362182870308626 0.32303227242160826 -0.12671157241649225
v -0.13379720854411328 0.3266515662128315 -0.11819292224238528
v -0.13192083414784977 0.325563264392684 -0.12252336064847485
v -0.13287783453736263 0.32198289445852557 -0.12564152996791075
v -0.13245983322967464 0.3238404005777116 -0.11626585637616504
v -0.13002991713826034 0.32158751228583893 -0.11979802696748053
v -0.131540459222924 0.31917172882340566 -0.12371446410169053
vt 0.220603125 0.2639703125
vt 0.220703125 0.26488046875000004
vt 0.2194634375 0.26455609375
vt 0.5 0.328125
vt 0.50129375 0.328125
vt 0.5011046875 0.34375
vt 0.5001890625 0.34375
vt 0.5626890625 0.328125
vt 0.5636046875 0.328125
vt 0.56379375 0.34375
vt 0.5625 0.34375
vt 0.750781875 0.62433609375
vt 0.7501 0.623725
vt 0.7512396875 0.62313921875
vt 0.21992125 0.26335921875
vt 0.220603125 0.2639703125
vt 0.2194634375 0.26455609375
vt 0.469409375 0.328125
vt 0.470703125 0.328125
vt 0.4705140625 0.34375
vt 0.4695984375 0.34375
vt 0.5320984375 0.328125
vt 0.5330140625 0.328125
vt 0.533203125 0.34375
vt 0.531909375 0.34375
vt 0.7501 0.623725
vt 0.75 0.6228148437500001
vt 0.7512396875 0.62313921875
vt 0.219005625 0.26335921875
vt 0.21992125 0.26335921875
vt 0.2194634375 0.26455609375
vt 0.625659375 0.328125
vt 0.626953125 0.328125
vt 0.6267640625 0.34375
vt 0.6258484375 0.34375
vt 0.0320984375 0.3125
vt 0.0330140625 0.3125
vt 0.033203125 0.328125
vt 0.031909375 0.328125
vt 0.75 0.6228148437500001
vt 0.75053296875 0.6220703125
vt 0.7512396875 0.62313921875
vt 0.251953125 0.26488046875000004
vt 0.25142015625 0.265625
vt 0.2507134375 0.26455609375
vt 0.59375 0.328125
vt 0.59504375 0.328125
vt 0.5948546875 0.34375
vt 0.5939390625 0.34375
vt 0.6564390625 0.328125
vt 0.6573546875 0.328125
vt 0.65754375 0.34375
vt 0.65625 0.34375
vt 0.3766975 0.24933609375
vt 0.375781875 0.24933609375
vt 0.3762396875 0.24813921875
vt 0.251853125 0.2639703125
vt 0.251953125 0.26488046875000004
vt 0.2507134375 0.26455609375
vt 0.65625 0.484375
vt 0.65754375 0.484375
vt 0.6573546875 0.5
vt 0.6564390625 0.5
vt 0.6564390625 0.421875
vt 0.6573546875 0.421875
vt 0.65754375 0.4375
vt 0.65625 0.4375
vt 0.375781875 0.24933609375
vt 0.3751 0.24872499999999997
vt 0.3762396875 0.24813921875
vt 0.25117125 0.26335921875
vt 0.251853125 0.2639703125
vt 0.2507134375 0.26455609375
vt 0.656909375 0.515625
vt 0.658203125 0.515625
vt 0.6580140625 0.53125
vt 0.6570984375 0.53125
vt 0.6570984375 0.453125
vt 0.6580140625 0.453125
vt 0.658203125 0.46875
vt 0.656909375 0.46875
vt 0.3751 0.24872499999999997
vt 0.375 0.24781484374999996
vt 0.3762396875 0.24813921875
vt 0.250255625 0.26335921875
vt 0.25117125 0.26335921875
vt 0.2507134375 0.26455609375
vt 0.656909375 0.359375
vt 0.658203125 0.359375
vt 0.6580140625 0.375
vt 0.6570984375 0.375
vt 0.6727234375 0.953125
vt 0.6736390625 0.953125
vt 0.673828125 0.96875
vt 0.672534375 0.96875
vt 0.375 0.24781484374999996
vt 0.37553296875 0.2470703125
vt 0.3762396875 0.24813921875
vt 0.220703125 0.26488046875000004
vt 0.22017015625 0.265625
vt 0.2194634375 0.26455609375
vt 0.65625 0.390625
vt 0.65754375 0.390625
vt 0.6573546875 0.40625
vt 0.6564390625 0.40625
vt 0.0001890625 0.3125
vt 0.0011046875 0.3125
vt 0.00129375 0.328125
vt 0 0.328125
vt 0.7516975 0.62433609375
vt 0.750781875 0.62433609375
vt 0.7512396875 0.62313921875
vn 0.043686871401289545 0.19416867092614126 0.9799948900366486
vn 0.2975825311895369 -0.5072279973125605 0.808804300107954
vn 0.37727534207746855 -0.9115139660285513 0.1637241765752092
vn 0.23588397806690908 -0.7818271659808206 -0.5771525200722321
vn -0.24760720696055988 0.1821268228826534 0.9515884044311705
vn -0.405507798835608 -0.5363419163511562 0.7402031976749828
vn -0.32597732493884946 -0.9405690717056139 0.09522922333271228
vn -0.055410100294940354 -0.7938690140243085 -0.6055590056777104
vn -0.45010655221983953 0.34924660220719905 0.8218460333271042
vn -0.8944760282810212 -0.13275178923998196 0.42695385849549755
vn -0.8148219765541574 -0.5371307174559022 -0.21807278346846487
vn -0.2579094455542202 -0.626749234699763 -0.7353013767817768
vn -0.4452500335244284 0.5976812232763213 0.6667305025191329
vn -0.8827695999595923 0.46686336177105237 0.05250176018966394
vn -0.8031363458638441 0.06268277547862822 -0.5924887168636782
vn -0.2530529268588089 -0.37831461363064056 -0.890416907589748
vn -0.2358839780669091 0.7818271659808207 0.5771525200722323
vn -0.3772014422139648 0.911540669064179 -0.16374578050665597
vn -0.29765397871947386 0.5071888410855531 -0.8088025645550097
vn -0.04368687140128957 -0.19416867092614115 -0.9799948900366487
vn 0.05541010029494037 0.7938690140243084 0.6055590056777101
vn 0.3259007280270882 0.9405944623202657 -0.09524060543625593
vn 0.4055819437029561 0.536328977459534 -0.7401719495356084
vn 0.2476072069605599 -0.18212682288265353 -0.9515884044311707
vn 0.25790944555422 0.6267492346997628 0.7353013767817768
vn 0.8148571172565934 0.5370644609916004 0.21810466110580054
vn 0.894443339912152 0.13280559251290402 -0.4270056045113355
vn 0.45010655221983953 -0.349246602207199 -0.821846033327104
vn 0.253052926858809 0.37831461363064045 0.8904169075897479
vn 0.8031625291510724 -0.06261081580194319 0.5924608320490629
vn 0.8827409646279505 -0.46692286972470787 -0.05245400933921781
vn 0.4452500335244284 -0.5976812232763214 -0.6667305025191331
usemtl m_939b02b2-df4c-255e-486f-2d355257d222
f 1353/5445/1462 1350/5446/1462 1349/5447/1462
f 1354/5448/1463 1351/5449/1463 1350/5450/1463 1353/5451/1463
f 1355/5452/1464 1352/5453/1464 1351/5454/1464 1354/5455/1464
f 1352/5456/1465 1355/5457/1465 1348/5458/1465
f 1356/5459/1466 1353/5460/1466 1349/5461/1466
f 1357/5462/1467 1354/5463/1467 1353/5464/1467 1356/5465/1467
f 1358/5466/1468 1355/5467/1468 1354/5468/1468 1357/5469/1468
f 1355/5470/1469 1358/5471/1469 1348/5472/1469
f 1359/5473/1470 1356/5474/1470 1349/5475/1470
f 1360/5476/1471 1357/5477/1471 1356/5478/1471 1359/5479/1471
f 1361/5480/1472 1358/5481/1472 1357/5482/1472 1360/5483/1472
f 1358/5484/1473 1361/5485/1473 1348/5486/1473
f 1362/5487/1474 1359/5488/1474 1349/5489/1474
f 1363/5490/1475 1360/5491/1475 1359/5492/1475 1362/5493/1475
f 1364/5494/1476 1361/5495/1476 1360/5496/1476 1363/5497/1476
f 1361/5498/1477 1364/5499/1477 1348/5500/1477
f 1365/5501/1478 1362/5502/1478 1349/5503/1478
f 1366/5504/1479 1363/5505/1479 1362/5506/1479 1365/5507/1479
f 1367/5508/1480 1364/5509/1480 1363/5510/1480 1366/5511/1480
f 1364/5512/1481 1367/5513/1481 1348/5514/1481
f 1368/5515/1482 1365/5516/1482 1349/5517/1482
f 1369/5518/1483 1366/5519/1483 1365/5520/1483 1368/5521/1483
f 1370/5522/1484 1367/5523/1484 1366/5524/1484 1369/5525/1484
f 1367/5526/1485 1370/5527/1485 1348/5528/1485
f 1371/5529/1486 1368/5530/1486 1349/5531/1486
f 1372/5532/1487 1369/5533/1487 1368/5534/1487 1371/5535/1487
f 1373/5536/1488 1370/5537/1488 1369/5538/1488 1372/5539/1488
f 1370/5540/1489 1373/5541/1489 1348/5542/1489
f 1350/5543/1490 1371/5544/1490 1349/5545/1490
f 1351/5546/1491 1372/5547/1491 1371/5548/1491 1350/5549/1491
f 1352/5550/1492 1373/5551/1492 1372/5552/1492 1351/5553/1492
f 1373/5554/1493 1352/5555/1493 1348/5556/1493
o sphere
v -0.16078125802337506 0.32457652550346 -0.13506950586793573
v -0.1594249653095347 0.3332853201205152 -0.12620568240442215
v -0.14979942322469347 0.32903180359780454 -0.12608100294700142
v -0.14620924805214294 0.3247190887914728 -0.1286253867031198
v -0.15075845780265 0.3228738149240848 -0.13234861251805186
v -0.1594974655544588 0.3285891379210948 -0.12416213930053176
v -0.1599247450110662 0.32409338500676227 -0.12591195784894088
v -0.16045650013241533 0.3224311492473751 -0.1304297488715822
v -0.1692693988748711 0.330150492894665 -0.12420093946706796
v -0.1737453387262091 0.32630123406314276 -0.12596644149504113
v -0.17022843345282762 0.3239925042209453 -0.13046854903811841
v -0.17339195026024865 0.33280100762775533 -0.12617428675963788
v -0.17736883366145578 0.32992296197759385 -0.12897037821558846
v -0.17435098483820516 0.3266430189540356 -0.1324418963306883
v -0.16944776553025978 0.33498803069989036 -0.12892657575430602
v -0.17399759637224474 0.3331427925186481 -0.13264974159528506
v -0.1704068001082163 0.32883004202617067 -0.13519418532535646
v -0.15974972320049444 0.3354306963766001 -0.13084543940077567
v -0.16028147832184356 0.33376846061721294 -0.135363230423417
v -0.16070875777845095 0.32927270770288036 -0.1371130489718261
v -0.14997778988008215 0.3338693414030299 -0.13080663923423946
v -0.1464615056981786 0.33156064724697815 -0.1353086868033637
v -0.15093682445803866 0.3277113527293101 -0.1370742488052899
v -0.14585585958618252 0.33121886235608533 -0.1288332319677165
v -0.1406325149247993 0.32781219782898136 -0.13251771759006542
v -0.14681489416413904 0.32506087368236564 -0.13510084153876697
vt 0.09579390625 0.45007359375
vt 0.097924375 0.44881703125000005
vt 0.0965846875 0.45108203125
vt 0.691105 0.6854703125
vt 0.69457984375 0.685875625
vt 0.69349140625 0.68696625
vt 0.6910346875 0.6866796875000001
vt 0.56798765625 0.49789062500000003
vt 0.57044453125 0.4976040625
vt 0.57153296875 0.49869453124999996
vt 0.56805796875 0.4991
vt 0.566674375 0.9369251562500001
vt 0.56454390625 0.93566859375
vt 0.5653346875 0.93466015625
vt 0.09406546875 0.45184296874999996
vt 0.09579390625 0.45007359375
vt 0.0965846875 0.45108203125
vt 0.6876065625 0.6854703125
vt 0.691105 0.6854703125
vt 0.6910346875 0.6866796875000001
vt 0.68856125 0.6866796875000001
vt 0.56551421875 0.49789062500000003
vt 0.56798765625 0.49789062500000003
vt 0.56805796875 0.4991
vt 0.56455953125 0.4991
vt 0.56454390625 0.93566859375
vt 0.56281546875 0.93389921875
vt 0.5653346875 0.93466015625
vt 0.09375 0.453125
vt 0.09406546875 0.45184296874999996
vt 0.096584375 0.45108218749999995
vt 0.5314 0.765625
vt 0.532884375 0.765625
vt 0.533203125 0.78125
vt 0.5319203125 0.781034375
vt 0.56425296875 0.49750046875
vt 0.56551421875 0.49789062500000003
vt 0.56455953125 0.4991
vt 0.56324921875 0.49845593749999995
vt 0.56281546875 0.93389921875
vt 0.5625 0.9326171875
vt 0.565334375 0.93466
vt 0.06804390625 0.45184296874999996
vt 0.068359375 0.453125
vt 0.065525 0.45108218749999995
vt 0.53156875 0.734375
vt 0.533053125 0.734375
vt 0.5325328125 0.7498281250000001
vt 0.53125 0.75
vt 0.1334171875 0.32571859375
vt 0.134629375 0.3251953125
vt 0.1357421875 0.32606609374999995
vt 0.134481875 0.32678546875000003
vt 0.568359375 0.9951171875
vt 0.56804390625 0.99639921875
vt 0.565525 0.99716
vt 0.06631546875 0.45007359375
vt 0.06804390625 0.45184296874999996
vt 0.0655246875 0.45108203125
vt 0.72406421875 0.93590046875
vt 0.7275390625 0.9363059375
vt 0.726450625 0.93739640625
vt 0.72399390625 0.9371098437500001
vt 0.1309603125 0.3260053125
vt 0.1334171875 0.32571859375
vt 0.13450546875 0.32680921875
vt 0.131030625 0.32721468750000005
vt 0.56804390625 0.99639921875
vt 0.56631546875 0.99816859375
vt 0.5655246875 0.99716015625
vt 0.064185 0.44881703125000005
vt 0.06631546875 0.45007359375
vt 0.0655246875 0.45108203125
vt 0.72056578125 0.93590046875
vt 0.72406421875 0.93590046875
vt 0.72399390625 0.9371098437500001
vt 0.72152046875 0.9371098437500001
vt 0.128486875 0.3260053125
vt 0.1309603125 0.3260053125
vt 0.131030625 0.32721468750000005
vt 0.1275321875 0.32721468750000005
vt 0.56631546875 0.99816859375
vt 0.564185 0.99942515625
vt 0.5655246875 0.99716015625
vt 0.0628646875 0.44881703125000005
vt 0.064185 0.44881703125000005
vt 0.0655240625 0.45108109375000005
vt 0.71878046875 0.93645265625
vt 0.72056578125 0.93590046875
vt 0.72152046875 0.9371098437500001
vt 0.7202590625 0.9375
vt 0.127225625 0.32561515625000004
vt 0.128486875 0.3260053125
vt 0.1275321875 0.32721468750000005
vt 0.125746875 0.32666249999999997
vt 0.564185 0.99942515625
vt 0.5628646875 0.99942515625
vt 0.5655240625 0.99716109375
vt 0.097924375 0.44881703125000005
vt 0.0992446875 0.44881703125000005
vt 0.0965853125 0.45108109375000005
vt 0.69457984375 0.685875625
vt 0.6962890625 0.68663109375
vt 0.6946990625 0.6875
vt 0.69349140625 0.68696625
vt 0.57044453125 0.4976040625
vt 0.5716521875 0.4970703125
vt 0.5732421875 0.49793921875
vt 0.57153296875 0.4986946875
vt 0.5679946875 0.9369251562500001
vt 0.566674375 0.9369251562500001
vt 0.5653353125 0.93466109375
vn 0.16135210490293936 0.3916856156371785 0.9058409776259381
vn 0.19645818362610906 -0.37174371614218277 0.9073096448264673
vn 0.10844442865039979 -0.9370557100491362 0.3319132449285468
vn -0.041057370123936406 -0.9079914589109894 -0.416972184807571
vn 0.05987930231467262 0.3975159536004874 0.9156394136271129
vn -0.060709728110056496 -0.3570258630734137 0.9321195534959489
vn -0.14877276216656948 -0.9222453135168412 0.35683364041742566
vn -0.14253017271220317 -0.9021611209476805 -0.4071737488063962
vn -0.018233273206897018 0.5786807200452972 0.8153503369693417
vn -0.5015903583152922 0.19687397778837354 0.8424059290596903
vn -0.5429769082068642 -0.8397227601402154 0.00646244973774753
vn -0.23076114420741003 -0.7859668667597236 -0.5735899046182648
vn -0.02642104442515838 0.8007438221568807 0.5984239798746986
vn -0.6283257088258626 0.7715622381654192 0.0994912873856118
vn -0.6341196272692571 0.205514008137276 -0.7454235646739714
vn -0.2389489154256714 -0.5639037646481401 -0.7905162617129079
vn 0.0410573701239364 0.9079914589109894 0.416972184807571
vn -0.10841086042805026 0.937053199936156 -0.3319312968532196
vn -0.19648936624485722 0.37170449796809557 -0.9073189599820894
vn -0.16135210490293939 -0.3916856156371784 -0.9058409776259382
vn 0.14253017271220317 0.9021611209476805 0.4071737488063962
vn 0.1487427298315526 0.9222507512932566 -0.356832106264671
vn 0.060745866179829244 0.3570220765986508 -0.9321186494021293
vn -0.05987930231467262 -0.3975159536004875 -0.9156394136271128
vn 0.23076782240495994 0.7859559133551989 0.5736022266383457
vn 0.5430542809038639 0.8396728606829367 -0.006444767220069583
vn 0.4042894700823109 -0.05118256620335791 -0.913197880690381
vn 0.018239554076200037 -0.5786942247059502 -0.8153406116213523
vn 0.23895471741863744 0.5639165750619722 0.7905053696172811
vn 0.5742093941416192 -0.005039794159312365 0.8186929657413371
vn 0.4354577105986765 -0.8958999763427298 -0.08797621649773092
vn 0.026426449089877534 -0.8007335629991766 -0.5984374686424168
usemtl m_939b02b2-df4c-255e-486f-2d355257d222
f 1379/5557/1494 1376/5558/1494 1375/5559/1494
f 1380/5560/1495 1377/5561/1495 1376/5562/1495 1379/5563/1495
f 1381/5564/1496 1378/5565/1496 1377/5566/1496 1380/5567/1496
f 1378/5568/1497 1381/5569/1497 1374/5570/1497
f 1382/5571/1498 1379/5572/1498 1375/5573/1498
f 1383/5574/1499 1380/5575/1499 1379/5576/1499 1382/5577/1499
f 1384/5578/1500 1381/5579/1500 1380/5580/1500 1383/5581/1500
f 1381/5582/1501 1384/5583/1501 1374/5584/1501
f 1385/5585/1502 1382/5586/1502 1375/5587/1502
f 1386/5588/1503 1383/5589/1503 1382/5590/1503 1385/5591/1503
f 1387/5592/1504 1384/5593/1504 1383/5594/1504 1386/5595/1504
f 1384/5596/1505 1387/5597/1505 1374/5598/1505
f 1388/5599/1506 1385/5600/1506 1375/5601/1506
f 1389/5602/1507 1386/5603/1507 1385/5604/1507 1388/5605/1507
f 1390/5606/1508 1387/5607/1508 1386/5608/1508 1389/5609/1508
f 1387/5610/1509 1390/5611/1509 1374/5612/1509
f 1391/5613/1510 1388/5614/1510 1375/5615/1510
f 1392/5616/1511 1389/5617/1511 1388/5618/1511 1391/5619/1511
f 1393/5620/1512 1390/5621/1512 1389/5622/1512 1392/5623/1512
f 1390/5624/1513 1393/5625/1513 1374/5626/1513
f 1394/5627/1514 1391/5628/1514 1375/5629/1514
f 1395/5630/1515 1392/5631/1515 1391/5632/1515 1394/5633/1515
f 1396/5634/1516 1393/5635/1516 1392/5636/1516 1395/5637/1516
f 1393/5638/1517 1396/5639/1517 1374/5640/1517
f 1397/5641/1518 1394/5642/1518 1375/5643/1518
f 1398/5644/1519 1395/5645/1519 1394/5646/1519 1397/5647/1519
f 1399/5648/1520 1396/5649/1520 1395/5650/1520 1398/5651/1520
f 1396/5652/1521 1399/5653/1521 1374/5654/1521
f 1376/5655/1522 1397/5656/1522 1375/5657/1522
f 1377/5658/1523 1398/5659/1523 1397/5660/1523 1376/5661/1523
f 1378/5662/1524 1399/5663/1524 1398/5664/1524 1377/5665/1524
f 1399/5666/1525 1378/5667/1525 1374/5668/1525
o Index
v -0.1448561997037278 0.33789011243174794 -0.11533133463979878
v -0.17267364481729663 0.3394884235274411 -0.11264522123099249
v -0.1465036987837374 0.32480468803736506 -0.12866443360781377
v -0.17266655620009833 0.3263079312407896 -0.12613809080990906
v -0.1451033818758296 0.3445940173724704 -0.12188016541479609
v -0.17292082698939845 0.34619232846816356 -0.1191940520059898
v -0.14675088095583919 0.33150859297808755 -0.13521326438281106
v -0.17291373837220014 0.3330118361815121 -0.13268692158490636
v -0.1590697802727711 0.34695741740648556 -0.12206516922455897
v -0.15989060659565468 0.3338244947521141 -0.1354780935240717
v -0.15952807274323869 0.3239921008390545 -0.12587314172074232
v -0.15870724642035514 0.33712502349342593 -0.1124602174212296
v -0.1769964353856383 0.3430816500291942 -0.11551415272198004
v -0.17673904690283385 0.3298867762258069 -0.12903119180397218
v -0.1597093396694467 0.32890829779558434 -0.130675617622407
v -0.14052320282468347 0.32780591706733 -0.13252827300580067
v -0.13848876375392294 0.3408691089929128 -0.11923253781053031
v -0.15888851334656312 0.3420412204499558 -0.11726269332289428
vt 0.379496875 0.5263671875
vt 0.3791953125 0.5310546875
vt 0.375653125 0.5310546875
vt 0.3761609375 0.5263671875
vt 0.412475 0.53124125
vt 0.4121734375 0.5265537499999999
vt 0.415509375 0.5265537499999999
vt 0.416015625 0.53124125
vt 0.501953125 0.55794375
vt 0.501953125 0.5625
vt 0.50078125 0.56144375
vt 0.500234375 0.5579453125
vt 0.517578125 0.958984375
vt 0.517578125 0.96326875
vt 0.515859375 0.96326875
vt 0.51640625 0.959978125
vt 0.384765625 0.5263760937499999
vt 0.38474671875 0.53106359375
vt 0.3827359375 0.53105546875
vt 0.382834375 0.5263684375
vt 0.18754375 0.484375
vt 0.1879171875 0.46875
vt 0.189453125 0.46875
vt 0.189121875 0.484375
vt 0.4121734375 0.5265537499999999
vt 0.412475 0.53124125
vt 0.408934375 0.53124125
vt 0.4088375 0.5265537499999999
vt 0.517578125 0.96326875
vt 0.517578125 0.9680953125
vt 0.51640625 0.966559375
vt 0.515859375 0.96326875
vt 0.3791953125 0.53105609375
vt 0.379496875 0.5263671875
vt 0.382834375 0.5263684375
vt 0.3827359375 0.5310557812500001
vt 0.501953125 0.5528124999999999
vt 0.501953125 0.55794375
vt 0.500234375 0.5579453125
vt 0.50078125 0.5544453125
vt 0.0952859375 0.46875
vt 0.095671875 0.484375
vt 0.09409375 0.484375
vt 0.09375 0.46875
vt 0.517578125 0.96326875
vt 0.517578125 0.958984375
vt 0.51875 0.959978125
vt 0.519296875 0.96326875
vt 0.517578125 0.9680953125
vt 0.517578125 0.96326875
vt 0.519296875 0.96326875
vt 0.51875 0.966559375
vt 0.4069265625 0.53125
vt 0.40690625 0.5265625
vt 0.4088375 0.5265542187500001
vt 0.408934375 0.53124125
vt 0.501953125 0.55794375
vt 0.501953125 0.5528124999999999
vt 0.503125 0.5544453125
vt 0.503671875 0.55794375
vt 0.501953125 0.5625
vt 0.501953125 0.55794375
vt 0.503671875 0.55794375
vt 0.503125 0.56144375
vn -0.12848652830391102 -0.7046610007786422 0.6978137903667789
vn -0.19006757334764238 0.707289735606359 -0.6808931982826864
vn 0.10850341710722837 0.6967035693644171 0.7091058770810857
vn -0.10850341710722837 -0.6967035693644171 -0.7091058770810857
vn 0.6008132947040462 -0.6142557021206506 0.5115792385536531
vn -0.7478678527155785 -0.4821003791328871 0.4563692576352142
vn 0.128486528303911 0.7046610007786422 -0.6978137903667789
vn -0.10850341710722837 -0.6967035693644171 -0.7091058770810857
vn 0.19005248231823804 -0.7072913654670422 0.680895717639965
vn 0.10850341710722837 0.6967035693644171 0.7091058770810857
vn -0.7624984514856571 0.4556577990096641 -0.4593169729975626
vn -0.10850341710722837 -0.6967035693644171 -0.7091058770810857
vn -0.10850341710722837 -0.6967035693644171 -0.7091058770810857
vn 0.5819032768136163 0.5338262745210597 -0.6135292047364512
vn 0.10850341710722837 0.6967035693644171 0.7091058770810857
vn 0.10850341710722837 0.6967035693644171 0.7091058770810857
usemtl m_939b02b2-df4c-255e-486f-2d355257d222
f 1410/5669/1526 1411/5670/1526 1401/5671/1526 1403/5672/1526
f 1408/5673/1527 1409/5674/1527 1407/5675/1527 1405/5676/1527
f 1417/5677/1528 1412/5678/1528 1401/5679/1528 1411/5680/1528
f 1413/5681/1529 1414/5682/1529 1410/5683/1529 1403/5684/1529
f 1415/5685/1530 1416/5686/1530 1400/5687/1530 1402/5688/1530
f 1412/5689/1531 1413/5690/1531 1403/5691/1531 1401/5692/1531
f 1409/5693/1532 1408/5694/1532 1404/5695/1532 1406/5696/1532
f 1414/5697/1533 1415/5698/1533 1402/5699/1533 1410/5700/1533
f 1411/5701/1534 1410/5702/1534 1402/5703/1534 1400/5704/1534
f 1416/5705/1535 1417/5706/1535 1411/5707/1535 1400/5708/1535
f 1413/5709/1536 1412/5710/1536 1405/5711/1536 1407/5712/1536
f 1414/5713/1537 1413/5714/1537 1407/5715/1537 1409/5716/1537
f 1415/5717/1538 1414/5718/1538 1409/5719/1538 1406/5720/1538
f 1416/5721/1539 1415/5722/1539 1406/5723/1539 1404/5724/1539
f 1417/5725/1540 1416/5726/1540 1404/5727/1540 1408/5728/1540
f 1412/5729/1541 1417/5730/1541 1408/5731/1541 1405/5732/1541
o sphere
v -0.15956976516087296 0.3376870015721569 -0.12169430518488582
v -0.1582134724470326 0.3463957961892121 -0.11283048172137225
v -0.14817614671232318 0.3421186197518716 -0.11274556499481779
v -0.14441579247481962 0.3377961269416053 -0.11530638161406942
v -0.1491351812902797 0.33596063107815183 -0.11901317456586823
v -0.1582859726919567 0.34169961398979176 -0.11078693861748186
v -0.1587132521485641 0.3372038610754592 -0.11253675716589098
v -0.15924500726991322 0.335541625316072 -0.1170545481885323
v -0.1684696896622372 0.3432846288779919 -0.1107859760531518
v -0.17311580857852824 0.33944514805040416 -0.1125350452179917
v -0.1694287242401937 0.33712664020427213 -0.11705358562420223
v -0.1727624201125678 0.3459449216150167 -0.11274289048258843
v -0.17688712328552247 0.3430753692675429 -0.11552470813771523
v -0.1737214546905243 0.33978693294129697 -0.11901050005363888
v -0.16864805631762586 0.3481221666832172 -0.11551161234038984
v -0.17336806622456388 0.3462867065059095 -0.11921834531823561
v -0.16960709089558237 0.3419641780094975 -0.12177922191144029
v -0.15853823033799233 0.3485411724452971 -0.11747023871772577
v -0.15906998545934145 0.34687893668590986 -0.12198802974036708
v -0.15949726491594884 0.34238318377157734 -0.12373784828877621
v -0.14835451336771185 0.3469561575570969 -0.11747120128205583
v -0.14466805012085523 0.34463768539711065 -0.12198968171431335
v -0.14931354794566837 0.34079816888337716 -0.12373881085310628
v -0.14406240400885917 0.34429590050621783 -0.11551422687866617
v -0.13859807585403877 0.3408753897545642 -0.11922198239479503
v -0.14502143858681568 0.3381379118324981 -0.1217818364497166
vt 0.53346359375 0.55939609375
vt 0.53570015625 0.5581168750000001
vt 0.5342353125 0.560418125
vt 0.69188453125 0.77922203125
vt 0.6955059375 0.7796259375
vt 0.69437796875 0.78071703125
vt 0.69181734375 0.78043140625
vt 0.56779375 0.74788875
vt 0.57035453125 0.7476031249999999
vt 0.57148234375 0.74869421875
vt 0.56786109375 0.749098125
vt 0.53570015625 0.49950031250000004
vt 0.53346359375 0.49822109375
vt 0.5342353125 0.4971990625
vt 0.53162109375 0.5611971875
vt 0.53346359375 0.55939609375
vt 0.5342353125 0.560418125
vt 0.68824078125 0.77922203125
vt 0.69188453125 0.77922203125
vt 0.69181734375 0.78042984375
vt 0.68924078125 0.78042984375
vt 0.5652171875 0.74788875
vt 0.56779375 0.74788875
vt 0.5678609375 0.7490965625
vt 0.5642171875 0.749098125
vt 0.53346359375 0.49822109375
vt 0.53162109375 0.49642
vt 0.5342353125 0.4971990625
vt 0.53125 0.5625
vt 0.53162109375 0.5611971875
vt 0.5342359375 0.5604179687499999
vt 0.2500796875 0.46875
vt 0.2515875 0.46875
vt 0.251953125 0.484375
vt 0.2506390625 0.4841515625
vt 0.5639203125 0.7474971875
vt 0.5652171875 0.74788875
vt 0.5642171875 0.74909828125
vt 0.562884375 0.74845265625
vt 0.53162109375 0.49642
vt 0.53125 0.4951171875
vt 0.5342359375 0.49719921874999995
vt 0.44298828125 0.4674471875
vt 0.443359375 0.46875
vt 0.4403734375 0.46666796875000005
vt 0.344115625 0.46875
vt 0.3456234375 0.46875
vt 0.3450640625 0.48419687499999997
vt 0.34375 0.484375
vt 0.57085203125 0.7163417187500001
vt 0.57210234375 0.7158203125
vt 0.5732421875 0.7166942187500001
vt 0.57195609375 0.71741
vt 0.505859375 0.4638671875
vt 0.50548828125 0.46517
vt 0.5028734375 0.46594921874999995
vt 0.44114578125 0.46564609375
vt 0.44298828125 0.4674471875
vt 0.4403740625 0.466668125
vt 0.256144375 0.2952740625
vt 0.259765625 0.29567765625
vt 0.2586378125 0.29676875
vt 0.2560771875 0.29648343749999995
vt 0.56829140625 0.7166271875
vt 0.57085203125 0.7163417187500001
vt 0.57197984375 0.7174329687500001
vt 0.56835859375 0.7178365625
vt 0.50548828125 0.46517
vt 0.50364578125 0.46697109375
vt 0.5028740625 0.4659490625
vt 0.43890921875 0.46436687499999996
vt 0.44114578125 0.46564609375
vt 0.4403740625 0.466668125
vt 0.252500625 0.2952740625
vt 0.256144375 0.2952740625
vt 0.2560771875 0.29648343749999995
vt 0.253500625 0.29648343749999995
vt 0.56571484375 0.7166271875
vt 0.56829140625 0.7166271875
vt 0.56835859375 0.7178365625
vt 0.56471484375 0.7178365625
vt 0.50364578125 0.46697109375
vt 0.50140921875 0.46825031250000004
vt 0.5028740625 0.4659490625
vt 0.43755453125 0.46436687499999996
vt 0.43890921875 0.46436687499999996
vt 0.44037328125 0.46666687500000004
vt 0.250668125 0.29582718750000003
vt 0.252500625 0.2952740625
vt 0.253500625 0.29648343749999995
vt 0.25220375 0.296875
vt 0.56441796875 0.7162356249999999
vt 0.56571484375 0.7166271875
vt 0.5647146875 0.71783671875
vt 0.56288234375 0.7172834375
vt 0.50140921875 0.46825031250000004
vt 0.50005453125 0.46825031250000004
vt 0.50287328125 0.46595031249999996
vt 0.53570015625 0.5581168750000001
vt 0.53705484375 0.5581168750000001
vt 0.53423609375 0.560416875
vt 0.6955059375 0.7796259375
vt 0.697265625 0.78037890625
vt 0.6956234375 0.78125
vt 0.69437796875 0.7807171875
vt 0.57035453125 0.7476031249999999
vt 0.5716 0.7470703125
vt 0.5732421875 0.74794140625
vt 0.5714825 0.748694375
vt 0.53705484375 0.49950031250000004
vt 0.53570015625 0.49950031250000004
vt 0.53423609375 0.49720031249999996
vn 0.15930959507718792 0.39184453391755225 0.9061337175909959
vn 0.1913705305682225 -0.37169827157968366 0.9084149464505263
vn 0.10329557590114874 -0.937376668199485 0.33264847198579256
vn -0.043120860879442585 -0.9079672597854441 -0.4168165621886056
vn 0.06194474407389091 0.39743884069352453 0.9155354807924199
vn -0.055532240578654565 -0.3575633899710167 0.9322363393521779
vn -0.1436488783765689 -0.9231602492993104 0.3565671800022948
vn -0.1404857118827396 -0.9023729530094718 -0.4074147989871815
vn -0.013027379362767554 0.5787753016172533 0.8153830005738383
vn -0.484570568896546 0.19825133954142404 0.8519904753747596
vn -0.5282748992502202 -0.8490609645128052 0.004594492654770833
vn -0.2256971542882944 -0.7867834543813265 -0.5744846303061144
vn -0.021220025267344744 0.8009706116198798 0.5983274938099777
vn -0.6122897375940825 0.7844521356062785 0.09867180032673337
vn -0.6192097838706023 0.20685691151209806 -0.757488918545082
vn -0.23388980019287164 -0.5645881443787001 -0.7915401370699751
vn 0.04312086087944259 0.9079672597854441 0.41681656218860547
vn -0.10326659443207427 0.9373745687291456 -0.33266338598386463
vn -0.19139715082209574 0.37166249673121826 -0.9084239754545788
vn -0.1593095950771879 -0.39184453391755214 -0.9061337175909958
vn 0.1404857118827396 0.9023729530094718 0.40741479898718164
vn 0.14362341307371723 0.9231647321231568 -0.356565832043729
vn 0.05556329749820402 0.35756019500013103 -0.9322357142496712
vn -0.06194474407389092 -0.39743884069352464 -0.91553548079242
vn 0.22570334424696029 0.7867729985158093 0.5744965180070116
vn 0.5283356784315073 0.8490231617727952 -0.004591477936883019
vn 0.38823109115319143 -0.050532610220079835 -0.9201755675773771
vn 0.013033175100001845 -0.5787882887899478 -0.8153736892409618
vn 0.2338951493853578 0.5646004911955042 0.791529749558282
vn 0.5597890908492315 -0.003938147329121261 0.8286257688255931
vn 0.41968951365599594 -0.9034957392272018 -0.08692618319865279
vn 0.021224980238399357 -0.8009607961102528 -0.5983404576896915
usemtl m_939b02b2-df4c-255e-486f-2d355257d222
f 1423/5733/1542 1420/5734/1542 1419/5735/1542
f 1424/5736/1543 1421/5737/1543 1420/5738/1543 1423/5739/1543
f 1425/5740/1544 1422/5741/1544 1421/5742/1544 1424/5743/1544
f 1422/5744/1545 1425/5745/1545 1418/5746/1545
f 1426/5747/1546 1423/5748/1546 1419/5749/1546
f 1427/5750/1547 1424/5751/1547 1423/5752/1547 1426/5753/1547
f 1428/5754/1548 1425/5755/1548 1424/5756/1548 1427/5757/1548
f 1425/5758/1549 1428/5759/1549 1418/5760/1549
f 1429/5761/1550 1426/5762/1550 1419/5763/1550
f 1430/5764/1551 1427/5765/1551 1426/5766/1551 1429/5767/1551
f 1431/5768/1552 1428/5769/1552 1427/5770/1552 1430/5771/1552
f 1428/5772/1553 1431/5773/1553 1418/5774/1553
f 1432/5775/1554 1429/5776/1554 1419/5777/1554
f 1433/5778/1555 1430/5779/1555 1429/5780/1555 1432/5781/1555
f 1434/5782/1556 1431/5783/1556 1430/5784/1556 1433/5785/1556
f 1431/5786/1557 1434/5787/1557 1418/5788/1557
f 1435/5789/1558 1432/5790/1558 1419/5791/1558
f 1436/5792/1559 1433/5793/1559 1432/5794/1559 1435/5795/1559
f 1437/5796/1560 1434/5797/1560 1433/5798/1560 1436/5799/1560
f 1434/5800/1561 1437/5801/1561 1418/5802/1561
f 1438/5803/1562 1435/5804/1562 1419/5805/1562
f 1439/5806/1563 1436/5807/1563 1435/5808/1563 1438/5809/1563
f 1440/5810/1564 1437/5811/1564 1436/5812/1564 1439/5813/1564
f 1437/5814/1565 1440/5815/1565 1418/5816/1565
f 1441/5817/1566 1438/5818/1566 1419/5819/1566
f 1442/5820/1567 1439/5821/1567 1438/5822/1567 1441/5823/1567
f 1443/5824/1568 1440/5825/1568 1439/5826/1568 1442/5827/1568
f 1440/5828/1569 1443/5829/1569 1418/5830/1569
f 1420/5831/1570 1441/5832/1570 1419/5833/1570
f 1421/5834/1571 1442/5835/1571 1441/5836/1571 1420/5837/1571
f 1422/5838/1572 1443/5839/1572 1442/5840/1572 1421/5841/1572
f 1443/5842/1573 1422/5843/1573 1418/5844/1573
o sphere
v -0.15857703946881768 0.30271683825423645 -0.13522113469441766
v -0.15770165341029868 0.3150674278891247 -0.13350455818311885
v -0.14840960498647088 0.3123579558498845 -0.13207925897713965
v -0.14716582222649216 0.30775325804022235 -0.13176482181203747
v -0.14902859046844966 0.303624853919055 -0.13329305022827903
v -0.15750991160645136 0.3127319334636264 -0.1301291929699532
v -0.15768688331098438 0.3081472007282291 -0.12923387391291463
v -0.15812889708843017 0.30399883153279694 -0.13134298422109258
v -0.1667976392820929 0.31341447988085464 -0.13030367012340385
v -0.16836356321107449 0.310521330660562 -0.12949278331509598
v -0.16730720150675682 0.3062252016543862 -0.1313028893106309
v -0.1708317826975741 0.31400573781215196 -0.13250045608023547
v -0.1740689895083307 0.31135751580379856 -0.13259950701152168
v -0.17134134492223801 0.30681645958568354 -0.1334996752674625
v -0.1672501024106667 0.3141594122243061 -0.13543264264925747
v -0.16900344739530934 0.3115748318074998 -0.1367462990015867
v -0.1677596646353306 0.3069701339978377 -0.1364318618364845
v -0.1581497957906862 0.3137854346105642 -0.13738270865644392
v -0.158591809568132 0.30963706541513203 -0.13949181896462187
v -0.158768781272665 0.30505233267973475 -0.1385964999075833
v -0.14886206811504468 0.3131028881933359 -0.13720823150299327
v -0.147805706410727 0.3088067591871602 -0.13901833749852818
v -0.14948105359702346 0.3043697862625065 -0.13842202275413265
v -0.14482792469956346 0.3125116302620386 -0.13501144554616165
v -0.1421002801134708 0.3079705740439236 -0.13591161380210248
v -0.14544691018154227 0.30377852833120916 -0.13622523679730103
vt 0.25351359375 0.32565468750000004
vt 0.255350625 0.32708499999999996
vt 0.2529696875 0.32652640624999996
vt 0.16057421875 0.31080828125000004
vt 0.1632803125 0.31079109375
vt 0.16296265625 0.311943125
vt 0.1606346875 0.31197343749999995
vt 0.1606178125 0.30964265625
vt 0.1629459375 0.30964265625
vt 0.1632803125 0.31079109375
vt 0.1605740625 0.31080828125000004
vt 0.69209609375 0.8744459375
vt 0.69000421875 0.87342421875
vt 0.690548125 0.87255265625
vt 0.2514215625 0.32463312499999997
vt 0.25351359375 0.32565468750000004
vt 0.2529696875 0.32652640624999996
vt 0.15791359375 0.3114390625
vt 0.16057421875 0.31080828125000004
vt 0.1606346875 0.311974375
vt 0.15831578125 0.31218218750000004
vt 0.15826453125 0.30983578125
vt 0.1606178125 0.30964265625
vt 0.1605740625 0.31081078124999995
vt 0.1578440625 0.31095296875
vt 0.69000421875 0.87342421875
vt 0.6880371875 0.872119375
vt 0.6905484375 0.8725521875
vt 0.25026375 0.32463312499999997
vt 0.2514215625 0.32463312499999997
vt 0.25297 0.326526875
vt 0.5314125 0.640625
vt 0.53305 0.640625
vt 0.533203125 0.65625
vt 0.5320453125 0.65625
vt 0.1571375 0.3095703125
vt 0.15826453125 0.30983578125
vt 0.15784390625 0.31095343750000004
vt 0.15625 0.31057796875
vt 0.6880371875 0.872119375
vt 0.6875 0.87109375
vt 0.690548125 0.8725521875
vt 0.3481878125 0.32463312499999997
vt 0.349345625 0.32463312499999997
vt 0.346639375 0.326526875
vt 0.710353125 0.81140109375
vt 0.7119140625 0.8118957812500001
vt 0.71105875 0.8125
vt 0.709955 0.81215015625
vt 0.2879203125 0.31047171875
vt 0.28906671875 0.31031
vt 0.28985890625 0.31139421874999995
vt 0.28823734375 0.311623125
vt 0.693359375 0.90234375
vt 0.6928221875 0.903369375
vt 0.69031125 0.9038021875
vt 0.34609578125 0.32565468750000004
vt 0.3481878125 0.32463312499999997
vt 0.3466396875 0.32652640624999996
vt 0.70768828125 0.81078734375
vt 0.710353125 0.81140109375
vt 0.7099553125 0.81214984375
vt 0.70763515625 0.81195359375
vt 0.28559375 0.31006390625
vt 0.2879203125 0.31047171875
vt 0.2882375 0.31162328125000005
vt 0.28553125 0.31122953124999997
vt 0.6928221875 0.903369375
vt 0.69085515625 0.90467421875
vt 0.6903109375 0.9038021875
vt 0.34425875 0.32708499999999996
vt 0.34609578125 0.32565468750000004
vt 0.3466396875 0.32652640624999996
vt 0.70498203125 0.81078734375
vt 0.70768828125 0.81078734375
vt 0.70763515625 0.8119545312500001
vt 0.70530703125 0.81193578125
vt 0.28327515625 0.30985234375000004
vt 0.28559375 0.31006390625
vt 0.28553109375 0.31123187500000005
vt 0.28283796875 0.31096406249999997
vt 0.69085515625 0.90467421875
vt 0.68876328125 0.9056959375
vt 0.69031125 0.90380265625
vt 0.34375 0.328125
vt 0.34425875 0.32708499999999996
vt 0.3466403125 0.32652625
vt 0.7033621875 0.8110275
vt 0.70498203125 0.81078734375
vt 0.7053071875 0.81193640625
vt 0.704161875 0.81210625
vt 0.28215234375 0.3095703125
vt 0.28327515625 0.30985234375000004
vt 0.282838125 0.31096375
vt 0.28125 0.31056484375000004
vt 0.68876328125 0.9056959375
vt 0.68760546875 0.9056959375
vt 0.69031171875 0.9038021875
vt 0.255350625 0.32708499999999996
vt 0.255859375 0.328125
vt 0.2529690625 0.32652625
vt 0.312653125 0.453125
vt 0.314290625 0.453125
vt 0.3136578125 0.46875
vt 0.3125 0.46875
vt 0.53125 0.671875
vt 0.5324078125 0.671875
vt 0.533040625 0.6875
vt 0.531403125 0.6875
vt 0.69325390625 0.8744459375
vt 0.69209609375 0.8744459375
vt 0.69054765625 0.8725521875
vn 0.15279842974360028 0.8167238049355838 0.5564304685398103
vn 0.23650007410227913 0.12963721942999798 0.9629443941827978
vn 0.17493442491086178 -0.41025142656694863 0.8950372696043948
vn 0.027572746468145233 -0.9500521344713275 0.3108708500948235
vn 0.04981532365064483 0.8226409206327769 0.5663747427543345
vn 0.018657928507327438 0.19093519837390768 0.9814253062387032
vn -0.10332574890230724 -0.4420115400180737 0.8910384885652406
vn -0.22124850084068282 -0.9180319347208317 0.32903870244771666
vn -0.049569781073865865 0.9378613256157059 0.34345155512625086
vn -0.3806733837502259 0.43478126716557974 0.8161207169445254
vn -0.4785597879971147 -0.4382504264629899 0.7608660151545503
vn -0.2673942329410469 -0.9332576100824043 0.2398552843135801
vn -0.08435730545612918 0.9951352788384541 -0.05088832702392376
vn -0.5040266075287251 0.6379044033297555 -0.5822672505951141
vn -0.6127060642292488 -0.2174120642186033 -0.7598179210764312
vn -0.3277239370973542 -0.8339311786921814 -0.44402230828921024
vn -0.027572746468145233 0.9500521344713275 -0.3108708500948235
vn -0.12713150950093 0.5166092747429607 -0.8467304391254441
vn -0.25910283270114814 -0.13529064227559146 -0.9563274356614991
vn -0.2971904510269134 -0.7930016033061578 -0.5318141526626415
vn 0.07541035962481021 0.9441350187741342 -0.3208151243093478
vn 0.07347598218683658 0.4457504095187166 -0.8921366781248131
vn 0.004339924224868106 -0.1918219144205396 -0.9814201537597247
vn -0.04981532365064483 -0.8226409206327769 -0.5663747427543345
vn 0.18547797434120622 0.9796313128937467 -0.0769442124682369
vn 0.47854296277529496 0.43825068522942545 -0.7608764483634525
vn 0.42785192573500375 -0.27717334795866994 -0.8603009152768764
vn 0.049569781073865865 -0.9378613256157059 -0.34345155512625086
vn 0.22026549872346954 0.9223573596709985 0.3173956696819377
vn 0.6126925834170588 0.2174011954843917 0.7598319014279986
vn 0.5619946598796365 -0.4980616845757966 0.6603760751452855
vn 0.08435730545612918 -0.9951352788384541 0.05088832702392376
usemtl m_939b02b2-df4c-255e-486f-2d355257d222
f 1449/5845/1574 1446/5846/1574 1445/5847/1574
f 1450/5848/1575 1447/5849/1575 1446/5850/1575 1449/5851/1575
f 1451/5852/1576 1448/5853/1576 1447/5854/1576 1450/5855/1576
f 1448/5856/1577 1451/5857/1577 1444/5858/1577
f 1452/5859/1578 1449/5860/1578 1445/5861/1578
f 1453/5862/1579 1450/5863/1579 1449/5864/1579 1452/5865/1579
f 1454/5866/1580 1451/5867/1580 1450/5868/1580 1453/5869/1580
f 1451/5870/1581 1454/5871/1581 1444/5872/1581
f 1455/5873/1582 1452/5874/1582 1445/5875/1582
f 1456/5876/1583 1453/5877/1583 1452/5878/1583 1455/5879/1583
f 1457/5880/1584 1454/5881/1584 1453/5882/1584 1456/5883/1584
f 1454/5884/1585 1457/5885/1585 1444/5886/1585
f 1458/5887/1586 1455/5888/1586 1445/5889/1586
f 1459/5890/1587 1456/5891/1587 1455/5892/1587 1458/5893/1587
f 1460/5894/1588 1457/5895/1588 1456/5896/1588 1459/5897/1588
f 1457/5898/1589 1460/5899/1589 1444/5900/1589
f 1461/5901/1590 1458/5902/1590 1445/5903/1590
f 1462/5904/1591 1459/5905/1591 1458/5906/1591 1461/5907/1591
f 1463/5908/1592 1460/5909/1592 1459/5910/1592 1462/5911/1592
f 1460/5912/1593 1463/5913/1593 1444/5914/1593
f 1464/5915/1594 1461/5916/1594 1445/5917/1594
f 1465/5918/1595 1462/5919/1595 1461/5920/1595 1464/5921/1595
f 1466/5922/1596 1463/5923/1596 1462/5924/1596 1465/5925/1596
f 1463/5926/1597 1466/5927/1597 1444/5928/1597
f 1467/5929/1598 1464/5930/1598 1445/5931/1598
f 1468/5932/1599 1465/5933/1599 1464/5934/1599 1467/5935/1599
f 1469/5936/1600 1466/5937/1600 1465/5938/1600 1468/5939/1600
f 1466/5940/1601 1469/5941/1601 1444/5942/1601
f 1446/5943/1602 1467/5944/1602 1445/5945/1602
f 1447/5946/1603 1468/5947/1603 1467/5948/1603 1446/5949/1603
f 1448/5950/1604 1469/5951/1604 1468/5952/1604 1447/5953/1604
f 1469/5954/1605 1448/5955/1605 1444/5956/1605
o Index
v -0.14649914194780983 0.3261768832474456 -0.12812457460136836
v -0.1731955169437134 0.32771078085006633 -0.12554671417780133
v -0.1468465589123861 0.30774277365436925 -0.13185219939522852
v -0.1686728444726345 0.3105469606542043 -0.12951946725780944
v -0.1473144887676809 0.3275192649331462 -0.13736707675031168
v -0.1740108637635845 0.32905316253576694 -0.13478921632674465
v -0.14747655022187317 0.30877998723685396 -0.13899357272231205
v -0.16930283578212157 0.31158417423668894 -0.13666084058489297
v -0.16085323440267493 0.3285994539708596 -0.1382347003863051
v -0.1585914388405049 0.30965224504857897 -0.13960122390641813
v -0.15766737911131765 0.30813087913811826 -0.1291263881376157
v -0.15965739240019733 0.3266306274984987 -0.12467903056785488
v -0.1776328318624646 0.32861350340651974 -0.12977885424494212
v -0.17410501281405066 0.31135958560025184 -0.1325960285222453
v -0.15812940897591127 0.3088915620933486 -0.13436380602201692
v -0.142044381880457 0.3079673622908064 -0.13591701145787619
v -0.14067788892557645 0.3264901777346045 -0.13334730445088955
v -0.16025531340143612 0.3276150407346791 -0.13145686547708
vt 0.443303125 0.6201403125
vt 0.44238875 0.6248353125
vt 0.4389884375 0.62474703125
vt 0.44050171875 0.62045984375
vt 0.47413875 0.53108078125
vt 0.47322296875 0.5263865624999999
vt 0.4760246875 0.5267034374999999
vt 0.4775390625 0.53099078125
vt 0.001953125 0.480003125
vt 0.001953125 0.484375
vt 0.00078125 0.4833609375
vt 0.000234375 0.480003125
vt 0.56396484375 0.8349609375
vt 0.56396484375 0.8390265625
vt 0.56263671875 0.8390265625
vt 0.56306015625 0.83624375
vt 0.44766859375 0.6201171875
vt 0.447748125 0.6248040625
vt 0.445790625 0.62483265625
vt 0.4460953125 0.6201403125
vt 0.4375 0.62452921875
vt 0.4389321875 0.6203062500000001
vt 0.4404965625 0.62047421875
vt 0.4389884375 0.62474703125
vt 0.473223125 0.5263870312500001
vt 0.47413875 0.53108078125
vt 0.4707371875 0.53108078125
vt 0.4704309375 0.52638859375
vt 0.56396484375 0.8390265625
vt 0.56396484375 0.843071875
vt 0.56305859375 0.841784375
vt 0.56263671875 0.8390265625
vt 0.4423890625 0.6248340625
vt 0.443303125 0.6201403125
vt 0.4460953125 0.6201403125
vt 0.445790625 0.6248325
vt 0.001953125 0.475078125
vt 0.001953125 0.480003125
vt 0.000234375 0.480003125
vt 0.00078125 0.4766453125
vt 0.3765265625 0.276446875
vt 0.37730625 0.2808359375
vt 0.37575625 0.2808359375
vt 0.375 0.2763671875
vt 0.56396484375 0.8390265625
vt 0.56396640625 0.83496140625
vt 0.5648796875 0.83624265625
vt 0.56528109375 0.8390265625
vt 0.56396484375 0.843071875
vt 0.56396484375 0.8390265625
vt 0.56529296875 0.8390265625
vt 0.56486953125 0.841784375
vt 0.46878109375 0.5310540625
vt 0.46885609375 0.5263671875
vt 0.4704309375 0.52638875
vt 0.4707371875 0.53108078125
vt 0.001953125 0.480003125
vt 0.001953125 0.475078125
vt 0.003125 0.4766453125
vt 0.003671875 0.480003125
vt 0.001953125 0.484375
vt 0.001953125 0.480003125
vt 0.003671875 0.480003125
vt 0.003125 0.4833609375
vn -0.08122705675665583 -0.24122093349097254 0.967064954641825
vn -0.2579992380475595 0.03882640278785832 -0.9653646480027295
vn 0.07003088468152037 0.9880471707910561 0.1373261209039031
vn -0.16519186787357065 -0.9779892249954206 -0.12747047729296926
vn 0.6646701469039331 -0.15056043156350624 0.7318095054466803
vn -0.5053557568058061 -0.2387224302127302 0.8292328746356834
vn 0.07010982965283308 0.0800822544445788 -0.9943195886178269
vn -0.07003088468152037 -0.9880471707910561 -0.1373261209039031
vn 0.23227898696279886 -0.2036565563770162 0.9510891016409511
vn 0.07003088468152037 0.9880471707910561 0.1373261209039031
vn -0.8056384740115439 -0.06864963546505991 -0.588416414406384
vn -0.17544332926548312 -0.9496085721234941 -0.25973678593110744
vn -0.07003088468152037 -0.9880471707910561 -0.1373261209039031
vn 0.5004562347611861 0.08264002111678283 -0.8618086701806117
vn 0.07003088468152037 0.9880471707910561 0.1373261209039031
vn 0.07003088468152037 0.9880471707910561 0.1373261209039031
usemtl m_939b02b2-df4c-255e-486f-2d355257d222
f 1480/5957/1606 1481/5958/1606 1471/5959/1606 1473/5960/1606
f 1478/5961/1607 1479/5962/1607 1477/5963/1607 1475/5964/1607
f 1487/5965/1608 1482/5966/1608 1471/5967/1608 1481/5968/1608
f 1483/5969/1609 1484/5970/1609 1480/5971/1609 1473/5972/1609
f 1485/5973/1610 1486/5974/1610 1470/5975/1610 1472/5976/1610
f 1482/5977/1611 1483/5978/1611 1473/5979/1611 1471/5980/1611
f 1479/5981/1612 1478/5982/1612 1474/5983/1612 1476/5984/1612
f 1484/5985/1613 1485/5986/1613 1472/5987/1613 1480/5988/1613
f 1481/5989/1614 1480/5990/1614 1472/5991/1614 1470/5992/1614
f 1486/5993/1615 1487/5994/1615 1481/5995/1615 1470/5996/1615
f 1483/5997/1616 1482/5998/1616 1475/5999/1616 1477/6000/1616
f 1484/6001/1617 1483/6002/1617 1477/6003/1617 1479/6004/1617
f 1485/6005/1618 1484/6006/1618 1479/6007/1618 1476/6008/1618
f 1486/6009/1619 1485/6010/1619 1476/6011/1619 1474/6012/1619
f 1487/6013/1620 1486/6014/1620 1474/6015/1620 1478/6016/1620
f 1482/6017/1621 1487/6018/1621 1478/6019/1621 1475/6020/1621
o sphere
v -0.16069549079660736 0.321439888661818 -0.1323149138369172
v -0.15982010473808836 0.3337904782967062 -0.13059833732561843
v -0.14991914006866014 0.3309380584840458 -0.1284550669203261
v -0.14607401867210085 0.32613915605834315 -0.12806992743512982
v -0.15053812555063895 0.32220495655321635 -0.12966885817146548
v -0.15953226072240556 0.33129676181652 -0.12613358919249731
v -0.15966944350212886 0.32664652085486057 -0.12478723603059033
v -0.16015124620438437 0.3225636598856905 -0.1273473804436367
v -0.16938911571883777 0.33205674778090627 -0.12657500344039266
v -0.173610109346167 0.32772130133001315 -0.12541098222705116
v -0.17000810120081658 0.32332364585007684 -0.12778879469153204
v -0.1737166609091305 0.3327728249235847 -0.12952022736468227
v -0.17752351976234876 0.32860722264486836 -0.12978940966067734
v -0.1743356463911093 0.32403972299275524 -0.13073401861582165
v -0.16997746998405677 0.33302541040530786 -0.13324439299107016
v -0.1744421979540728 0.32909124658632677 -0.1348432637534528
v -0.17059645546603555 0.3242923084744784 -0.13445818424220954
v -0.16036434933031135 0.33266670707283363 -0.13556587071889895
v -0.16084615203256683 0.32858384610366365 -0.1381260151319453
v -0.16098333481229013 0.3239336051420042 -0.13677966197003832
v -0.15050749433387914 0.3319067211084474 -0.1351244564710036
v -0.14690610728000664 0.3275091013146568 -0.13750220896153142
v -0.15112647981585792 0.3231736191776179 -0.13633824772214298
v -0.14618057023506437 0.33119067965191473 -0.13217917257276093
v -0.14078720102569228 0.32649645849625586 -0.1333367490351543
v -0.14679955571704315 0.32245757772108524 -0.1333929638239003
vt 0.18954390625 0.45007359375
vt 0.191674375 0.44881703125000005
vt 0.1903346875 0.45108203125
vt 0.691105 0.6542203125
vt 0.69457984375 0.654625625
vt 0.69349140625 0.65571625
vt 0.6910346875 0.6554296875000001
vt 0.53673765625 0.43539062500000003
vt 0.53919453125 0.4351040625
vt 0.54028296875 0.43619453124999996
vt 0.53680796875 0.4366
vt 0.566674375 0.8744251562500001
vt 0.56454390625 0.87316859375
vt 0.5653346875 0.87216015625
vt 0.18781546875 0.45184296874999996
vt 0.18954390625 0.45007359375
vt 0.1903346875 0.45108203125
vt 0.6876065625 0.6542203125
vt 0.691105 0.6542203125
vt 0.6910346875 0.6554296875000001
vt 0.68856125 0.6554296875000001
vt 0.53426421875 0.43539062500000003
vt 0.53673765625 0.43539062500000003
vt 0.53680796875 0.4366
vt 0.53330953125 0.4366
vt 0.56454390625 0.87316859375
vt 0.56281546875 0.87139921875
vt 0.5653346875 0.87216015625
vt 0.1875 0.453125
vt 0.18781546875 0.45184296874999996
vt 0.190334375 0.45108218749999995
vt 0.2814 0.453125
vt 0.282884375 0.453125
vt 0.283203125 0.46875
vt 0.2819203125 0.46853437499999995
vt 0.53300296875 0.43500046875
vt 0.53426421875 0.43539062500000003
vt 0.53330953125 0.4366
vt 0.53199921875 0.43595593749999995
vt 0.56281546875 0.87139921875
vt 0.5625 0.8701171875
vt 0.565334375 0.87216
vt 0.13054390625 0.45184296874999996
vt 0.130859375 0.453125
vt 0.128025 0.45108218749999995
vt 0.53156875 0.703125
vt 0.533053125 0.703125
vt 0.5325328125 0.7185781250000001
vt 0.53125 0.71875
vt 0.1959171875 0.32571859375
vt 0.197129375 0.3251953125
vt 0.1982421875 0.32606609374999995
vt 0.196981875 0.32678546875000003
vt 0.568359375 0.9013671875
vt 0.56804390625 0.90264921875
vt 0.565525 0.90341
vt 0.12881546875 0.45007359375
vt 0.13054390625 0.45184296874999996
vt 0.1280246875 0.45108203125
vt 0.72406421875 0.90465046875
vt 0.7275390625 0.9050559375
vt 0.726450625 0.90614640625
vt 0.72399390625 0.9058598437500001
vt 0.1934603125 0.3260053125
vt 0.1959171875 0.32571859375
vt 0.19700546875 0.32680921875
vt 0.193530625 0.32721468750000005
vt 0.56804390625 0.90264921875
vt 0.56631546875 0.90441859375
vt 0.5655246875 0.90341015625
vt 0.126685 0.44881703125000005
vt 0.12881546875 0.45007359375
vt 0.1280246875 0.45108203125
vt 0.72056578125 0.90465046875
vt 0.72406421875 0.90465046875
vt 0.72399390625 0.9058598437500001
vt 0.72152046875 0.9058598437500001
vt 0.190986875 0.3260053125
vt 0.1934603125 0.3260053125
vt 0.193530625 0.32721468750000005
vt 0.1900321875 0.32721468750000005
vt 0.56631546875 0.90441859375
vt 0.564185 0.9056751562500001
vt 0.5655246875 0.90341015625
vt 0.1253646875 0.44881703125000005
vt 0.126685 0.44881703125000005
vt 0.1280240625 0.45108109375000005
vt 0.71878046875 0.90520265625
vt 0.72056578125 0.90465046875
vt 0.72152046875 0.9058598437500001
vt 0.7202590625 0.90625
vt 0.189725625 0.32561515625000004
vt 0.190986875 0.3260053125
vt 0.1900321875 0.32721468750000005
vt 0.188246875 0.32666249999999997
vt 0.564185 0.9056751562500001
vt 0.5628646875 0.9056751562500001
vt 0.5655240625 0.90341109375
vt 0.191674375 0.44881703125000005
vt 0.1929946875 0.44881703125000005
vt 0.1903353125 0.45108109375000005
vt 0.69457984375 0.654625625
vt 0.6962890625 0.65538109375
vt 0.6946990625 0.65625
vt 0.69349140625 0.65571625
vt 0.53919453125 0.4351040625
vt 0.5404021875 0.4345703125
vt 0.5419921875 0.43543921875
vt 0.54028296875 0.4361946875
vt 0.5679946875 0.8744251562500001
vt 0.566674375 0.8744251562500001
vt 0.5653353125 0.87216109375
vn 0.14709922823437074 0.8675607188681678 0.47507916827598357
vn 0.23568467382388822 0.26390644258456897 0.9353107099177713
vn 0.17888751620883617 -0.5378160602487363 0.8238647594618679
vn 0.016458968397707052 -0.9756080446000608 0.21890190878777022
vn 0.045626425646104 0.8733910568314769 0.4848776042771585
vn -0.021479492991034247 0.2786224886829094 0.9601604762647703
vn -0.07833063059866416 -0.5229618684104599 0.8487491952860142
vn -0.0850138341905597 -0.9697777066367519 0.22870034478894502
vn -0.046501674708124205 0.9528097969365077 0.29998514148395944
vn -0.5014257940316279 0.6434747988501918 0.5783704317515349
vn -0.48258163561607964 -0.6881976040872707 0.5417555008439229
vn -0.1836726064856677 -0.9824984841730491 0.03100164873715588
vn -0.07350958214690073 0.9972754395702061 -0.006167573480721946
vn -0.6793272927406724 0.6436048231206846 -0.3525439844805488
vn -0.6581220085657491 -0.3182149339246238 -0.6823596395367558
vn -0.2106805139244442 -0.9380328415393504 -0.27515106622752555
vn -0.016458968397707063 0.9756080446000608 -0.21890190878777027
vn -0.17885413015787835 0.5378046934351096 -0.823879427977563
vn -0.2357131655235708 -0.2639446845971597 -0.9352927387036445
vn -0.14709922823437077 -0.867560718868168 -0.4750791682759837
vn 0.0850138341905597 0.9697777066367519 -0.22870034478894502
vn 0.07830031732528375 0.522965713758663 -0.8487496229982385
vn 0.021515817147881897 -0.27862325998475523 -0.960159439159938
vn -0.04562642564610402 -0.8733910568314769 -0.4848776042771585
vn 0.18368022124923797 0.9824975668938212 -0.030985599389921115
vn 0.4826625751443875 0.688172312272265 -0.541715522370213
vn 0.3930909917943485 -0.5752409580124956 -0.7173404438584247
vn 0.046509033025866495 -0.9528143323418805 -0.2999695950107201
vn 0.21068523846897097 0.9380366826979025 0.27513435300664907
vn 0.5854076300263934 0.5190072538384788 0.6228397684556778
vn 0.4958507371324278 -0.7443583097613956 0.4472837501792194
vn 0.07351405024559957 -0.9972752165377992 0.006150357385850033
usemtl m_939b02b2-df4c-255e-486f-2d355257d222
f 1493/6021/1622 1490/6022/1622 1489/6023/1622
f 1494/6024/1623 1491/6025/1623 1490/6026/1623 1493/6027/1623
f 1495/6028/1624 1492/6029/1624 1491/6030/1624 1494/6031/1624
f 1492/6032/1625 1495/6033/1625 1488/6034/1625
f 1496/6035/1626 1493/6036/1626 1489/6037/1626
f 1497/6038/1627 1494/6039/1627 1493/6040/1627 1496/6041/1627
f 1498/6042/1628 1495/6043/1628 1494/6044/1628 1497/6045/1628
f 1495/6046/1629 1498/6047/1629 1488/6048/1629
f 1499/6049/1630 1496/6050/1630 1489/6051/1630
f 1500/6052/1631 1497/6053/1631 1496/6054/1631 1499/6055/1631
f 1501/6056/1632 1498/6057/1632 1497/6058/1632 1500/6059/1632
f 1498/6060/1633 1501/6061/1633 1488/6062/1633
f 1502/6063/1634 1499/6064/1634 1489/6065/1634
f 1503/6066/1635 1500/6067/1635 1499/6068/1635 1502/6069/1635
f 1504/6070/1636 1501/6071/1636 1500/6072/1636 1503/6073/1636
f 1501/6074/1637 1504/6075/1637 1488/6076/1637
f 1505/6077/1638 1502/6078/1638 1489/6079/1638
f 1506/6080/1639 1503/6081/1639 1502/6082/1639 1505/6083/1639
f 1507/6084/1640 1504/6085/1640 1503/6086/1640 1506/6087/1640
f 1504/6088/1641 1507/6089/1641 1488/6090/1641
f 1508/6091/1642 1505/6092/1642 1489/6093/1642
f 1509/6094/1643 1506/6095/1643 1505/6096/1643 1508/6097/1643
f 1510/6098/1644 1507/6099/1644 1506/6100/1644 1509/6101/1644
f 1507/6102/1645 1510/6103/1645 1488/6104/1645
f 1511/6105/1646 1508/6106/1646 1489/6107/1646
f 1512/6108/1647 1509/6109/1647 1508/6110/1647 1511/6111/1647
f 1513/6112/1648 1510/6113/1648 1509/6114/1648 1512/6115/1648
f 1510/6116/1649 1513/6117/1649 1488/6118/1649
f 1490/6119/1650 1511/6120/1650 1489/6121/1650
f 1491/6122/1651 1512/6123/1651 1511/6124/1651 1490/6125/1651
f 1492/6126/1652 1513/6127/1652 1512/6128/1652 1491/6129/1652
f 1513/6130/1653 1492/6131/1653 1488/6132/1653
o Pelvis
v 0 0.29616876908059686 0.104551062420431
v 0 0.18904096345383067 0.06799790576339523
v 0 0.19476116889408066 -0.015557102500450525
v 0 0.32187097323574665 -0.011384088425061112
v 0 0.17885189884301078 0.027328562735058314
v 0 0.3236625132610107 0.05272583292559941
v 0 0.31448317395913705 0.09413115677256023
v 0 0.33375982707549934 0.007179793638441165
v 0 0.24464847355037395 0.105932781812525
v 0 0.27102705149908024 -0.01305329405521687
v 0.071690625 0.2992285488478881 0.09074928780477737
v 0.07720625 0.21412473742538557 0.07035797108959801
v 0.032260625 0.29616876908059686 0.104551062420431
v 0.007445 0.18904096345383067 0.06799790576339523
v 0.08125 0.3084078881497618 0.049343963957816546
v 0.087890625 0.22766669919900745 0.03815054343196346
v 0.01103 0.17885189884301078 0.027328562735058314
v 0.01103 0.19476116889408066 -0.015557102500450525
v 0.032260625 0.32064700721892664 -0.005863134504797883
v 0.071690625 0.31881119346845543 0.0024176861905925023
v 0.07720625 0.23645955851524286 -0.0015114818572838397
v 0.036144375 0.33284185256288434 0.011320509078638588
v 0.047794375 0.3236625132610107 0.05272583292559941
v 0.072885625 0.3236625132610107 0.05272583292559941
v 0.064970625 0.331694452059495 0.016496098286383133
v 0.064970625 0.3163955532230389 0.08550497136465118
v 0.036144375 0.31448317395913705 0.09413115677256023
v 0.035845 0.18190282386526058 0.028004936528614882
v 0.03033125 0.198488467709887 -0.017931653729143744
v 0.05197625 0.3197291679810704 -0.001723029249604914
v 0.050558125 0.33226815231118967 0.013908303682510857
v 0.060340625 0.3236625132610107 0.05272583292559941
v 0.050558125 0.3154392959537086 0.08981836916110791
v 0.05197625 0.2976987266016219 0.09764987002010195
v 0.02784875 0.1917537015793022 0.07019974206807672
v 0.022335 0.24464847355037395 0.105932781812525
v 0.0470125 0.2453248473439305 0.1028818567902752
v 0.07996375 0.24870671631171337 0.08762723167902625
v 0.09375 0.25817594942150535 0.044914281367529174
v 0.07996375 0.26832155632485394 -0.0008495939662177023
v 0.045151875 0.27068886460230196 -0.011527831544091979
v 0.024126875 0.2703506777055237 -0.010002369032967081
v 0.062556875 0.26950521046357795 -0.006188712755154844
v 0.04825375 0.2161140225742066 -0.018025254142394843
v 0.0647975 0.204784761532134 0.03307773998028917
v 0.058386875 0.2053137707310371 0.07400615539464372
v 0.063488125 0.24701578182782194 0.09525454423465074
v 0.06183375 0.2984635700873757 0.09419988400494189
v 0.057764375 0.31591749222575316 0.08766136517037731
v 0.066613125 0.3236625132610107 0.05272583292559941
v 0.057764375 0.3319813698227217 0.015201895891944768
v 0.06183375 0.3192701807247629 0.0003473284704937976
v -0.071690625 0.2992285488478881 0.09074928780477737
v -0.07720625 0.21412473742538557 0.07035797108959801
v -0.032260625 0.29616876908059686 0.104551062420431
v -0.007445 0.18904096345383067 0.06799790576339523
v -0.08125 0.3084078881497618 0.049343963957816546
v -0.087890625 0.22766669919900745 0.03815054343196346
v -0.01103 0.17885189884301078 0.027328562735058314
v -0.01103 0.19476116889408066 -0.015557102500450525
v -0.032260625 0.32064700721892664 -0.005863134504797883
v -0.071690625 0.31881119346845543 0.0024176861905925023
v -0.07720625 0.23645955851524286 -0.0015114818572838397
v -0.036144375 0.33284185256288434 0.011320509078638588
v -0.047794375 0.3236625132610107 0.05272583292559941
v -0.072885625 0.3236625132610107 0.05272583292559941
v -0.064970625 0.331694452059495 0.016496098286383133
v -0.064970625 0.3163955532230389 0.08550497136465118
v -0.036144375 0.31448317395913705 0.09413115677256023
v -0.035845 0.18190282386526058 0.028004936528614882
v -0.03033125 0.198488467709887 -0.017931653729143744
v -0.05197625 0.3197291679810704 -0.001723029249604914
v -0.050558125 0.33226815231118967 0.013908303682510857
v -0.060340625 0.3236625132610107 0.05272583292559941
v -0.050558125 0.3154392959537086 0.08981836916110791
v -0.05197625 0.2976987266016219 0.09764987002010195
v -0.02784875 0.1917537015793022 0.07019974206807672
v -0.022335 0.24464847355037395 0.105932781812525
v -0.0470125 0.2453248473439305 0.1028818567902752
v -0.07996375 0.24870671631171337 0.08762723167902625
v -0.09375 0.25817594942150535 0.044914281367529174
v -0.07996375 0.26832155632485394 -0.0008495939662177023
v -0.045151875 0.27068886460230196 -0.011527831544091979
v -0.024126875 0.2703506777055237 -0.010002369032967081
v -0.062556875 0.26950521046357795 -0.006188712755154844
v -0.04825375 0.2161140225742066 -0.018025254142394843
v -0.0647975 0.204784761532134 0.03307773998028917
v -0.058386875 0.2053137707310371 0.07400615539464372
v -0.063488125 0.24701578182782194 0.09525454423465074
v -0.06183375 0.2984635700873757 0.09419988400494189
v -0.057764375 0.31591749222575316 0.08766136517037731
v -0.066613125 0.3236625132610107 0.05272583292559941
v -0.057764375 0.3319813698227217 0.015201895891944768
v -0.06183375 0.3192701807247629 0.0003473284704937976
vt 0.2780384375 0.6465921875
vt 0.2780384375 0.6721984375000001
vt 0.2421896875 0.6721984375000001
vt 0.2498715625 0.6414709375000001
vt 0.6708725 0.23078374999999995
vt 0.6708725 0.26924187499999996
vt 0.659560625 0.26924187499999996
vt 0.6632371875 0.23078374999999995
vt 0.11536375 0.6102346875
vt 0.1046321875 0.6716893749999999
vt 0.087404375 0.6716893749999999
vt 0.0995484375 0.6127953125000001
vt 0.1244015625 0.6102346875
vt 0.1244015625 0.6716893749999999
vt 0.1046321875 0.6716893749999999
vt 0.11536375 0.6102346875
vt 0.6338046875 0.49831187499999996
vt 0.6190228125 0.49378124999999995
vt 0.6089903125 0.4548175
vt 0.6218571875 0.4548175
vt 0.6338046875 0.49831187499999996
vt 0.6218571875 0.4548175
vt 0.6708725 0.4548175
vt 0.6708725 0.49831187499999996
vt 0.31132625 0.6465921875
vt 0.3164475 0.6721984375000001
vt 0.2780384375 0.6721984375000001
vt 0.2780384375 0.6465921875
vt 0.659560625 0.315711875
vt 0.63976625 0.318916875
vt 0.6341115625 0.26924187499999996
vt 0.659560625 0.26924187499999996
vt 0.659560625 0.315711875
vt 0.659560625 0.26924187499999996
vt 0.6708725 0.26924187499999996
vt 0.6708725 0.315711875
vt 0.6708725 0.40697375
vt 0.6708725 0.4548175
vt 0.6218571875 0.4548175
vt 0.6338046875 0.4113234375
vt 0.6218571875 0.4548175
vt 0.6089903125 0.4548175
vt 0.6190228125 0.4140415625
vt 0.6338046875 0.4113234375
vt 0.313810625 0.72597125
vt 0.2834034375 0.72597125
vt 0.2834034375 0.7131681249999999
vt 0.322788125 0.7131681249999999
vt 0.094785 0.7254625
vt 0.082974375 0.7254625
vt 0.0818125 0.712659375
vt 0.0979675 0.712659375
vt 0.2834034375 0.72597125
vt 0.2558921875 0.72597125
vt 0.2486521875 0.7131681249999999
vt 0.2834034375 0.7131681249999999
vt 0.5093215625 0.7131681249999999
vt 0.5254765625 0.7131681249999999
vt 0.524314375 0.72597125
vt 0.5125040625 0.72597125
vt 0.5125040625 0.72597125
vt 0.4828875 0.72597125
vt 0.4828875 0.7131681249999999
vt 0.5093215625 0.7131681249999999
vt 0.1244015625 0.7254625
vt 0.094785 0.7254625
vt 0.0979675 0.712659375
vt 0.1244015625 0.712659375
vt 0.58073625 0.26924187499999996
vt 0.604419375 0.26924187499999996
vt 0.6213859375 0.3229228125
vt 0.59169375 0.3109046875
vt 0.0611390625 0.6460834375
vt 0.0848628125 0.6268787499999999
vt 0.0731428125 0.6716893749999999
vt 0.0588796875 0.6716893749999999
vt 0.0656584375 0.712659375
vt 0.0737353125 0.712659375
vt 0.0770696875 0.7254625
vt 0.071165 0.7254625
vt 0.604241875 0.41676
vt 0.6116321875 0.41540062499999997
vt 0.6025575 0.4548175
vt 0.5961246875 0.4548175
vt 0.5961246875 0.4548175
vt 0.6025575 0.4548175
vt 0.6116321875 0.491515625
vt 0.604241875 0.48925031249999995
vt 0.5361240625 0.72597125
vt 0.530219375 0.72597125
vt 0.53355375 0.7131681249999999
vt 0.5416303125 0.7131681249999999
vt 0.4889878125 0.6209862500000001
vt 0.5011884375 0.6721984375000001
vt 0.4828875 0.6721984375000001
vt 0.4828875 0.6209862500000001
vt 0.5057065625 0.623546875
vt 0.521409375 0.6721984375000001
vt 0.5011884375 0.6721984375000001
vt 0.4889878125 0.6209862500000001
vt 0.659560625 0.26924187499999996
vt 0.6341115625 0.26924187499999996
vt 0.6423121875 0.22918125
vt 0.6632371875 0.23078374999999995
vt 0.54615 0.6414709375000001
vt 0.548409375 0.6721984375000001
vt 0.534909375 0.6721984375000001
vt 0.530729375 0.6350696874999999
vt 0.59169375 0.23398843749999998
vt 0.61099375 0.22838000000000003
vt 0.604419375 0.26924187499999996
vt 0.58073625 0.26924187499999996
vt 0.4828875 0.7131681249999999
vt 0.4828875 0.6721984375000001
vt 0.5011884375 0.6721984375000001
vt 0.5093215625 0.7131681249999999
vt 0.5093215625 0.7131681249999999
vt 0.5011884375 0.6721984375000001
vt 0.521409375 0.6721984375000001
vt 0.5254765625 0.7131681249999999
vt 0.548409375 0.6721984375000001
vt 0.5416303125 0.7131681249999999
vt 0.53355375 0.7131681249999999
vt 0.534909375 0.6721984375000001
vt 0.2486521875 0.7131681249999999
vt 0.2421896875 0.6721984375000001
vt 0.2780384375 0.6721984375000001
vt 0.2834034375 0.7131681249999999
vt 0.2834034375 0.7131681249999999
vt 0.2780384375 0.6721984375000001
vt 0.3164475 0.6721984375000001
vt 0.322788125 0.7131681249999999
vt 0.0588796875 0.6716893749999999
vt 0.0731428125 0.6716893749999999
vt 0.0737353125 0.712659375
vt 0.0656584375 0.712659375
vt 0.0818125 0.712659375
vt 0.087404375 0.6716893749999999
vt 0.1046321875 0.6716893749999999
vt 0.0979675 0.712659375
vt 0.0979675 0.712659375
vt 0.1046321875 0.6716893749999999
vt 0.1244015625 0.6716893749999999
vt 0.1244015625 0.712659375
vt 0.087404375 0.6716893749999999
vt 0.0731428125 0.6716893749999999
vt 0.0848628125 0.6268787499999999
vt 0.0995484375 0.6127953125000001
vt 0.63976625 0.318916875
vt 0.6213859375 0.3229228125
vt 0.604419375 0.26924187499999996
vt 0.6341115625 0.26924187499999996
vt 0.6341115625 0.26924187499999996
vt 0.604419375 0.26924187499999996
vt 0.61099375 0.22838000000000003
vt 0.6423121875 0.22918125
vt 0.5057065625 0.623546875
vt 0.530729375 0.6350696874999999
vt 0.534909375 0.6721984375000001
vt 0.521409375 0.6721984375000001
vt 0.521409375 0.6721984375000001
vt 0.534909375 0.6721984375000001
vt 0.53355375 0.7131681249999999
vt 0.5254765625 0.7131681249999999
vt 0.5254765625 0.7131681249999999
vt 0.53355375 0.7131681249999999
vt 0.530219375 0.72597125
vt 0.524314375 0.72597125
vt 0.6190228125 0.49378124999999995
vt 0.6116321875 0.491515625
vt 0.6025575 0.4548175
vt 0.6089903125 0.4548175
vt 0.6089903125 0.4548175
vt 0.6025575 0.4548175
vt 0.6116321875 0.41540062499999997
vt 0.6190228125 0.4140415625
vt 0.082974375 0.7254625
vt 0.0770696875 0.7254625
vt 0.0737353125 0.712659375
vt 0.0818125 0.712659375
vt 0.0818125 0.712659375
vt 0.0737353125 0.712659375
vt 0.0731428125 0.6716893749999999
vt 0.087404375 0.6716893749999999
vt 0.6723728125 0.6721984375000001
vt 0.6365240625 0.6721984375000001
vt 0.6365240625 0.6465921875
vt 0.6646909375 0.6414709375000001
vt 0.682184375 0.26924187499999996
vt 0.6708725 0.26924187499999996
vt 0.6708725 0.23078374999999995
vt 0.6785078125 0.23078374999999995
vt 0.16139875 0.6716893749999999
vt 0.1441709375 0.6716893749999999
vt 0.1334396875 0.6102346875
vt 0.149255 0.6127953125000001
vt 0.1441709375 0.6716893749999999
vt 0.1244015625 0.6716893749999999
vt 0.1244015625 0.6102346875
vt 0.1334396875 0.6102346875
vt 0.732755 0.4548175
vt 0.7227225 0.49378124999999995
vt 0.7079403125 0.49831187499999996
vt 0.719888125 0.4548175
vt 0.6708725 0.4548175
vt 0.719888125 0.4548175
vt 0.7079403125 0.49831187499999996
vt 0.6708725 0.49831187499999996
vt 0.6365240625 0.6721984375000001
vt 0.598115 0.6721984375000001
vt 0.60323625 0.6465921875
vt 0.6365240625 0.6465921875
vt 0.7076334375 0.26924187499999996
vt 0.70197875 0.318916875
vt 0.682184375 0.315711875
vt 0.682184375 0.26924187499999996
vt 0.6708725 0.26924187499999996
vt 0.682184375 0.26924187499999996
vt 0.682184375 0.315711875
vt 0.6708725 0.315711875
vt 0.719888125 0.4548175
vt 0.6708725 0.4548175
vt 0.6708725 0.40697375
vt 0.7079403125 0.4113234375
vt 0.7227225 0.4140415625
vt 0.732755 0.4548175
vt 0.719888125 0.4548175
vt 0.7079403125 0.4113234375
vt 0.6311590625 0.7131681249999999
vt 0.6311590625 0.72597125
vt 0.600751875 0.72597125
vt 0.591774375 0.7131681249999999
vt 0.166990625 0.712659375
vt 0.16582875 0.7254625
vt 0.154018125 0.7254625
vt 0.1508359375 0.712659375
vt 0.6659103125 0.7131681249999999
vt 0.6586703125 0.72597125
vt 0.6311590625 0.72597125
vt 0.6311590625 0.7131681249999999
vt 0.4414603125 0.72597125
vt 0.440298125 0.7131681249999999
vt 0.456453125 0.7131681249999999
vt 0.4532709375 0.72597125
vt 0.4828875 0.7131681249999999
vt 0.4828875 0.72597125
vt 0.4532709375 0.72597125
vt 0.456453125 0.7131681249999999
vt 0.1508359375 0.712659375
vt 0.154018125 0.7254625
vt 0.1244015625 0.7254625
vt 0.1244015625 0.712659375
vt 0.7203590625 0.3229228125
vt 0.737325625 0.26924187499999996
vt 0.76100875 0.26924187499999996
vt 0.75005125 0.3109046875
vt 0.1756603125 0.6716893749999999
vt 0.163940625 0.6268787499999999
vt 0.1876640625 0.6460834375
vt 0.1899234375 0.6716893749999999
vt 0.1717334375 0.7254625
vt 0.1750678125 0.712659375
vt 0.1831446875 0.712659375
vt 0.177638125 0.7254625
vt 0.7391875 0.4548175
vt 0.7301128125 0.41540062499999997
vt 0.737503125 0.41676
vt 0.7456203125 0.4548175
vt 0.7301128125 0.491515625
vt 0.7391875 0.4548175
vt 0.7456203125 0.4548175
vt 0.737503125 0.48925031249999995
vt 0.4322209375 0.7131681249999999
vt 0.4355553125 0.72597125
vt 0.429650625 0.72597125
vt 0.424144375 0.7131681249999999
vt 0.4828875 0.6721984375000001
vt 0.46458625 0.6721984375000001
vt 0.476786875 0.6209862500000001
vt 0.4828875 0.6209862500000001
vt 0.46458625 0.6721984375000001
vt 0.444365625 0.6721984375000001
vt 0.460068125 0.623546875
vt 0.476786875 0.6209862500000001
vt 0.6994328125 0.22918125
vt 0.7076334375 0.26924187499999996
vt 0.682184375 0.26924187499999996
vt 0.6785078125 0.23078374999999995
vt 0.4308653125 0.6721984375000001
vt 0.4173653125 0.6721984375000001
vt 0.419625 0.6414709375000001
vt 0.4350453125 0.6350696874999999
vt 0.737325625 0.26924187499999996
vt 0.73075125 0.22838000000000003
vt 0.75005125 0.23398843749999998
vt 0.76100875 0.26924187499999996
vt 0.46458625 0.6721984375000001
vt 0.4828875 0.6721984375000001
vt 0.4828875 0.7131681249999999
vt 0.456453125 0.7131681249999999
vt 0.444365625 0.6721984375000001
vt 0.46458625 0.6721984375000001
vt 0.456453125 0.7131681249999999
vt 0.440298125 0.7131681249999999
vt 0.4322209375 0.7131681249999999
vt 0.424144375 0.7131681249999999
vt 0.4173653125 0.6721984375000001
vt 0.4308653125 0.6721984375000001
vt 0.6365240625 0.6721984375000001
vt 0.6723728125 0.6721984375000001
vt 0.6659103125 0.7131681249999999
vt 0.6311590625 0.7131681249999999
vt 0.598115 0.6721984375000001
vt 0.6365240625 0.6721984375000001
vt 0.6311590625 0.7131681249999999
vt 0.591774375 0.7131681249999999
vt 0.1750678125 0.712659375
vt 0.1756603125 0.6716893749999999
vt 0.1899234375 0.6716893749999999
vt 0.1831446875 0.712659375
vt 0.1441709375 0.6716893749999999
vt 0.16139875 0.6716893749999999
vt 0.166990625 0.712659375
vt 0.1508359375 0.712659375
vt 0.1244015625 0.6716893749999999
vt 0.1441709375 0.6716893749999999
vt 0.1508359375 0.712659375
vt 0.1244015625 0.712659375
vt 0.163940625 0.6268787499999999
vt 0.1756603125 0.6716893749999999
vt 0.16139875 0.6716893749999999
vt 0.149255 0.6127953125000001
vt 0.737325625 0.26924187499999996
vt 0.7203590625 0.3229228125
vt 0.70197875 0.318916875
vt 0.7076334375 0.26924187499999996
vt 0.73075125 0.22838000000000003
vt 0.737325625 0.26924187499999996
vt 0.7076334375 0.26924187499999996
vt 0.6994328125 0.22918125
vt 0.4308653125 0.6721984375000001
vt 0.4350453125 0.6350696874999999
vt 0.460068125 0.623546875
vt 0.444365625 0.6721984375000001
vt 0.4322209375 0.7131681249999999
vt 0.4308653125 0.6721984375000001
vt 0.444365625 0.6721984375000001
vt 0.440298125 0.7131681249999999
vt 0.4355553125 0.72597125
vt 0.4322209375 0.7131681249999999
vt 0.440298125 0.7131681249999999
vt 0.4414603125 0.72597125
vt 0.7391875 0.4548175
vt 0.7301128125 0.491515625
vt 0.7227225 0.49378124999999995
vt 0.732755 0.4548175
vt 0.7301128125 0.41540062499999997
vt 0.7391875 0.4548175
vt 0.732755 0.4548175
vt 0.7227225 0.4140415625
vt 0.1750678125 0.712659375
vt 0.1717334375 0.7254625
vt 0.16582875 0.7254625
vt 0.166990625 0.712659375
vt 0.1756603125 0.6716893749999999
vt 0.1750678125 0.712659375
vt 0.166990625 0.712659375
vt 0.16139875 0.6716893749999999
vn 0.9388726667250286 -0.23589994042967222 0.2507375795167341
vn 0 -0.9700204331905977 0.24302337170059446
vn -0.07346988517602207 0.08574515552380305 -0.9936045210627924
vn 0.1262859358680499 0.03254961649911381 -0.9914597242791517
vn 0 0.9762960071199334 0.21643961393810288
vn 0 0.9762960071199334 0.21643961393810288
vn 0.9499603376833412 -0.07591993641282466 -0.30300415852529994
vn 0.1357656895310908 -0.9265452431648475 -0.35082985892700336
vn 0 -0.9375657075631977 -0.34780820002052926
vn 0 0.9762960071199334 0.21643961393810288
vn 0 0.9762960071199334 0.21643961393810288
vn 0.8664394052523555 0.4928262646490814 -0.08003143068806277
vn 0.14080520926132922 0.7784670939538398 -0.6116885454836773
vn 0.8534304780028167 0.4258691238975863 0.30048612035597605
vn 0.27355656719748356 0.40665898605950923 0.8716623621564605
vn 0 0.49451137120535704 0.8691711590639659
vn 0.08794078223692732 0.802859177858111 -0.5896469785800277
vn 0.6949267033936121 -0.6209469779759019 -0.36263166912596234
vn 0.4535500256665333 0.07537043478178078 -0.8880381026615314
vn 0.16503868104209088 0.7712552252695134 -0.6147581729870368
vn 0 0.9762960071199334 0.21643961393810288
vn 0 0.9762960071199334 0.21643961393810288
vn 0.24028997553764622 0.38916108884356315 0.8892774452251727
vn 0 -0.5635463709318158 0.8260844314049142
vn 0.11743933921907646 -0.5474772106120837 0.8285388979789658
vn 0.11167304506845405 -0.9628288195796592 0.2459467324279377
vn 0.41493135042432766 -0.432756076618674 0.8003462704259054
vn 0.43530584300904207 -0.8967414075257797 0.07977262106055472
vn 0 0.026809294110907662 0.9996405662783374
vn 0.12261632928667483 0.0029938337451524124 0.9924496323500593
vn 0.3306944496776937 -0.004166463823891214 0.9437286800408111
vn 0.9342962260367423 0.1325432692218589 0.33094235721267584
vn 0.9402112251529462 0.25397924452385673 -0.22693037577082373
vn 0.29878669971593497 0.1285381369808615 -0.945623844567357
vn -0.07410770082805805 0.20542066215591354 -0.9758639250619963
vn 0.12690278707284686 0.060955029041389594 -0.9900404875901325
vn 0.2988401160857587 0.12954828174378055 -0.9454691045798823
vn 0.6534110454915478 -0.6663271430445235 -0.35925220120656964
vn 0.6052403873977819 -0.7890877535490526 0.10499805075091959
vn 0.09479060418265955 -0.461129985625372 0.8822549958576775
vn 0.4171853830338958 0.03203409337508778 0.9082566669419487
vn 0.2764463551608379 0.39299270576150525 0.8770029338243626
vn 0 0.9762960071199334 0.21643961393810288
vn 0 0.9762960071199334 0.21643961393810288
vn 0.1421218086802298 0.7709791323129785 -0.6207999428442202
vn 0.20959921913906202 0.13032073430272453 -0.9690638129385982
vn -0.9388726667250286 -0.23589994042967222 0.2507375795167341
vn 0 -0.9700204331905977 0.24302337170059446
vn 0.07346988517602208 0.08574515552380305 -0.9936045210627924
vn -0.1262859358680499 0.03254961649911381 -0.9914597242791517
vn 0 0.9762960071199334 0.21643961393810288
vn 0 0.9762960071199334 0.21643961393810288
vn -0.9499603376833412 -0.07591993641282466 -0.30300415852529994
vn -0.13576568953109078 -0.9265452431648475 -0.35082985892700325
vn 0 -0.9375657075631977 -0.34780820002052926
vn 0 0.9762960071199334 0.21643961393810288
vn 0 0.9762960071199334 0.21643961393810288
vn -0.8664394052523555 0.49282626464908136 -0.08003143068806279
vn -0.14080520926132925 0.7784670939538398 -0.6116885454836775
vn -0.8534304780028167 0.42586912389758635 0.30048612035597616
vn -0.27355656719748356 0.40665898605950923 0.8716623621564605
vn 0 0.49451137120535704 0.8691711590639659
vn -0.08794078223692732 0.8028591778581111 -0.5896469785800276
vn -0.6949267033936122 -0.6209469779759019 -0.3626316691259624
vn -0.4535500256665333 0.07537043478178078 -0.8880381026615314
vn -0.16503868104209088 0.7712552252695133 -0.6147581729870368
vn 0 0.9762960071199334 0.21643961393810288
vn 0 0.9762960071199334 0.21643961393810288
vn -0.24028997553764622 0.38916108884356304 0.8892774452251727
vn 0 -0.5635463709318158 0.8260844314049142
vn -0.11743933921907657 -0.5474772106120837 0.8285388979789656
vn -0.11167304506845405 -0.9628288195796592 0.2459467324279377
vn -0.41493135042432755 -0.432756076618674 0.8003462704259053
vn -0.435305843009042 -0.8967414075257797 0.07977262106055472
vn 0 0.026809294110907662 0.9996405662783374
vn -0.12261632928667485 0.0029938337451524124 0.9924496323500593
vn -0.33069444967769374 -0.004166463823891214 0.9437286800408111
vn -0.9342962260367423 0.13254326922185897 0.33094235721267584
vn -0.9402112251529462 0.25397924452385673 -0.22693037577082373
vn -0.29878669971593497 0.12853813698086153 -0.945623844567357
vn 0.07410770082805804 0.20542066215591354 -0.9758639250619963
vn -0.12690278707284683 0.06095502904138962 -0.9900404875901325
vn -0.2988401160857587 0.12954828174378055 -0.9454691045798823
vn -0.6534110454915478 -0.6663271430445235 -0.35925220120656975
vn -0.6052403873977819 -0.7890877535490527 0.10499805075091964
vn -0.09479060418265947 -0.461129985625372 0.8822549958576775
vn -0.4171853830338958 0.03203409337508781 0.9082566669419487
vn -0.2764463551608379 0.39299270576150525 0.8770029338243626
vn 0 0.9762960071199334 0.21643961393810288
vn 0 0.9762960071199334 0.21643961393810288
vn -0.1421218086802298 0.7709791323129787 -0.6207999428442202
vn -0.209599219139062 0.13032073430272453 -0.9690638129385982
usemtl m_7d8933a3-99bf-819d-20e5-6b9a6ad456ff
f 1529/6133/1654 1552/6134/1654 1551/6135/1654 1525/6136/1654
f 1515/6137/1655 1518/6138/1655 1530/6139/1655 1527/6140/1655
f 1531/6141/1656 1555/6142/1656 1554/6143/1656 1542/6144/1656
f 1516/6145/1657 1523/6146/1657 1555/6147/1657 1531/6148/1657
f 1540/6149/1658 1546/6150/1658 1545/6151/1658 1536/6152/1658
f 1540/6153/1659 1536/6154/1659 1519/6155/1659 1520/6156/1659
f 1534/6157/1660 1553/6158/1660 1552/6159/1660 1529/6160/1660
f 1531/6161/1661 1542/6162/1661 1541/6163/1661 1530/6164/1661
f 1531/6165/1662 1530/6166/1662 1518/6167/1662 1516/6168/1662
f 1521/6169/1663 1519/6170/1663 1536/6171/1663 1535/6172/1663
f 1536/6173/1664 1545/6174/1664 1544/6175/1664 1535/6176/1664
f 1538/6177/1665 1537/6178/1665 1528/6179/1665 1533/6180/1665
f 1535/6181/1666 1544/6182/1666 1543/6183/1666 1532/6184/1666
f 1537/6185/1667 1539/6186/1667 1524/6187/1667 1528/6188/1667
f 1526/6189/1668 1547/6190/1668 1546/6191/1668 1540/6192/1668
f 1540/6193/1669 1520/6194/1669 1514/6195/1669 1526/6196/1669
f 1521/6197/1670 1535/6198/1670 1532/6199/1670 1517/6200/1670
f 1529/6201/1671 1558/6202/1671 1557/6203/1671 1534/6204/1671
f 1534/6205/1672 1557/6206/1672 1556/6207/1672 1553/6208/1672
f 1533/6209/1673 1565/6210/1673 1564/6211/1673 1538/6212/1673
f 1538/6213/1674 1564/6214/1674 1563/6215/1674 1537/6216/1674
f 1537/6217/1675 1563/6218/1675 1562/6219/1675 1539/6220/1675
f 1539/6221/1676 1562/6222/1676 1561/6223/1676 1524/6224/1676
f 1527/6225/1677 1549/6226/1677 1522/6227/1677 1515/6228/1677
f 1548/6229/1678 1550/6230/1678 1549/6231/1678 1527/6232/1678
f 1530/6233/1679 1541/6234/1679 1548/6235/1679 1527/6236/1679
f 1525/6237/1680 1551/6238/1680 1560/6239/1680 1559/6240/1680
f 1525/6241/1681 1559/6242/1681 1558/6243/1681 1529/6244/1681
f 1514/6245/1682 1522/6246/1682 1549/6247/1682 1526/6248/1682
f 1526/6249/1683 1549/6250/1683 1550/6251/1683 1547/6252/1683
f 1551/6253/1684 1524/6254/1684 1561/6255/1684 1560/6256/1684
f 1524/6257/1685 1551/6258/1685 1552/6259/1685 1528/6260/1685
f 1528/6261/1686 1552/6262/1686 1553/6263/1686 1533/6264/1686
f 1553/6265/1687 1556/6266/1687 1565/6267/1687 1533/6268/1687
f 1543/6269/1688 1554/6270/1688 1555/6271/1688 1532/6272/1688
f 1532/6273/1689 1555/6274/1689 1523/6275/1689 1517/6276/1689
f 1554/6277/1690 1556/6278/1690 1557/6279/1690 1542/6280/1690
f 1542/6281/1691 1557/6282/1691 1558/6283/1691 1541/6284/1691
f 1541/6285/1692 1558/6286/1692 1559/6287/1692 1548/6288/1692
f 1548/6289/1693 1559/6290/1693 1560/6291/1693 1550/6292/1693
f 1550/6293/1694 1560/6294/1694 1561/6295/1694 1547/6296/1694
f 1547/6297/1695 1561/6298/1695 1562/6299/1695 1546/6300/1695
f 1546/6301/1696 1562/6302/1696 1563/6303/1696 1545/6304/1696
f 1545/6305/1697 1563/6306/1697 1564/6307/1697 1544/6308/1697
f 1544/6309/1698 1564/6310/1698 1565/6311/1698 1543/6312/1698
f 1543/6313/1699 1565/6314/1699 1556/6315/1699 1554/6316/1699
f 1593/6317/1700 1594/6318/1700 1571/6319/1700 1567/6320/1700
f 1572/6321/1701 1518/6322/1701 1515/6323/1701 1569/6324/1701
f 1596/6325/1702 1597/6326/1702 1573/6327/1702 1584/6328/1702
f 1597/6329/1703 1523/6330/1703 1516/6331/1703 1573/6332/1703
f 1587/6333/1704 1588/6334/1704 1582/6335/1704 1578/6336/1704
f 1519/6337/1705 1578/6338/1705 1582/6339/1705 1520/6340/1705
f 1594/6341/1706 1595/6342/1706 1576/6343/1706 1571/6344/1706
f 1583/6345/1707 1584/6346/1707 1573/6347/1707 1572/6348/1707
f 1518/6349/1708 1572/6350/1708 1573/6351/1708 1516/6352/1708
f 1578/6353/1709 1519/6354/1709 1521/6355/1709 1577/6356/1709
f 1586/6357/1710 1587/6358/1710 1578/6359/1710 1577/6360/1710
f 1570/6361/1711 1579/6362/1711 1580/6363/1711 1575/6364/1711
f 1585/6365/1712 1586/6366/1712 1577/6367/1712 1574/6368/1712
f 1566/6369/1713 1581/6370/1713 1579/6371/1713 1570/6372/1713
f 1588/6373/1714 1589/6374/1714 1568/6375/1714 1582/6376/1714
f 1514/6377/1715 1520/6378/1715 1582/6379/1715 1568/6380/1715
f 1574/6381/1716 1577/6382/1716 1521/6383/1716 1517/6384/1716
f 1599/6385/1717 1600/6386/1717 1571/6387/1717 1576/6388/1717
f 1598/6389/1718 1599/6390/1718 1576/6391/1718 1595/6392/1718
f 1606/6393/1719 1607/6394/1719 1575/6395/1719 1580/6396/1719
f 1605/6397/1720 1606/6398/1720 1580/6399/1720 1579/6400/1720
f 1604/6401/1721 1605/6402/1721 1579/6403/1721 1581/6404/1721
f 1603/6405/1722 1604/6406/1722 1581/6407/1722 1566/6408/1722
f 1522/6409/1723 1591/6410/1723 1569/6411/1723 1515/6412/1723
f 1591/6413/1724 1592/6414/1724 1590/6415/1724 1569/6416/1724
f 1590/6417/1725 1583/6418/1725 1572/6419/1725 1569/6420/1725
f 1602/6421/1726 1593/6422/1726 1567/6423/1726 1601/6424/1726
f 1600/6425/1727 1601/6426/1727 1567/6427/1727 1571/6428/1727
f 1591/6429/1728 1522/6430/1728 1514/6431/1728 1568/6432/1728
f 1592/6433/1729 1591/6434/1729 1568/6435/1729 1589/6436/1729
f 1603/6437/1730 1566/6438/1730 1593/6439/1730 1602/6440/1730
f 1594/6441/1731 1593/6442/1731 1566/6443/1731 1570/6444/1731
f 1595/6445/1732 1594/6446/1732 1570/6447/1732 1575/6448/1732
f 1607/6449/1733 1598/6450/1733 1595/6451/1733 1575/6452/1733
f 1597/6453/1734 1596/6454/1734 1585/6455/1734 1574/6456/1734
f 1523/6457/1735 1597/6458/1735 1574/6459/1735 1517/6460/1735
f 1599/6461/1736 1598/6462/1736 1596/6463/1736 1584/6464/1736
f 1600/6465/1737 1599/6466/1737 1584/6467/1737 1583/6468/1737
f 1601/6469/1738 1600/6470/1738 1583/6471/1738 1590/6472/1738
f 1602/6473/1739 1601/6474/1739 1590/6475/1739 1592/6476/1739
f 1603/6477/1740 1602/6478/1740 1592/6479/1740 1589/6480/1740
f 1604/6481/1741 1603/6482/1741 1589/6483/1741 1588/6484/1741
f 1605/6485/1742 1604/6486/1742 1588/6487/1742 1587/6488/1742
f 1606/6489/1743 1605/6490/1743 1587/6491/1743 1586/6492/1743
f 1607/6493/1744 1606/6494/1744 1586/6495/1744 1585/6496/1744
f 1598/6497/1745 1607/6498/1745 1585/6499/1745 1596/6500/1745
o sphere
v 0.049944135170790625 0.2106823289733994 0.002858543930874504
v 0.03426428920067695 0.2143254579830357 0.07611064315931065
v 0.057298523715111696 0.1884887969432742 0.07108032027014699
v 0.07143233554914626 0.17672009607964134 0.04754204791876025
v 0.06838574280057907 0.18591274042056039 0.019283760905719774
v 0.06781366838592251 0.2122922900346464 0.07214727471108646
v 0.08630235279806206 0.21038311168015902 0.04905082203600691
v 0.0789008874713899 0.20971623351193258 0.02035071534665926
v 0.06002082218321678 0.2369742647378162 0.06925165467537972
v 0.07528222030816617 0.24528842746693763 0.044955942138985475
v 0.07110804126868416 0.23439820821510235 0.017455095310952507
v 0.03848554502251005 0.2480760874332226 0.06408982033741879
v 0.044826510653838865 0.2609893612727595 0.03765592795032532
v 0.04957276410797743 0.24550003091050876 0.01229326097299159
v 0.034635660263490145 0.1795077560459263 0.06667592611719357
v 0.039709623078709344 0.16985508975956765 0.041093124999275164
v 0.045722879348957524 0.17693169952321247 0.014879366752766372
v 0.013100993287787865 0.19060954946251618 0.061514223847439445
v 0.014247017302105053 0.1794640482091723 0.035164879714443105
v 0.024188212373255247 0.18803349293980234 0.009717664483012242
v 0.005308147085082128 0.21529152416568595 0.0586186038117327
v 0.0032268848122091395 0.2143693639959509 0.031069999817421666
v 0.01639536617054951 0.21271546764297214 0.006822044447305494
v 0.015823291755892938 0.23909501725705815 0.05968555825267219
v 0.01809690206112496 0.24803237959646862 0.03257877393466832
v 0.02691051084136032 0.2365189607343443 0.007888998888244979
vt 0.1875 0.6667951562500001
vt 0.18836609375 0.66034203125
vt 0.195866875 0.6642557812500001
vt 0.3458109375 0.78125
vt 0.3443078125 0.765625
vt 0.353515625 0.765625
vt 0.352321875 0.78125
vt 0.0005578125 0.640625
vt 0.0020609375 0.625
vt 0.008571875 0.625
vt 0.009765625 0.640625
vt 0.328991875 0.994931875
vt 0.328125 0.98847890625
vt 0.33649359375 0.99101703125
vt 0.18836609375 0.66034203125
vt 0.19316375 0.65594046875
vt 0.195866875 0.6642557812500001
vt 0.3449421875 0.90625
vt 0.34375 0.890625
vt 0.3529578125 0.890625
vt 0.3514546875 0.90625
vt 0.34375 0.875
vt 0.3449421875 0.859375
vt 0.351453125 0.859375
vt 0.3529578125 0.875
vt 0.33378984375 0.999333125
vt 0.328991875 0.994931875
vt 0.33649234375 0.99101765625
vt 0.19316375 0.65594046875
vt 0.1993559375 0.65594046875
vt 0.195866875 0.6642560937499999
vt 0.1261203125 0.640625
vt 0.125 0.625
vt 0.133759375 0.625
vt 0.1323125 0.640625
vt 0.359375 0.9375
vt 0.3604953125 0.921875
vt 0.3666875 0.921875
vt 0.368134375 0.9375
vt 0.33998203125 0.999333125
vt 0.33378984375 0.999333125
vt 0.33649296875 0.9910159375
vt 0.3160409375 0.875
vt 0.3125 0.86992015625
vt 0.3208675 0.8673825
vt 0.3932375 1
vt 0.3915578125 0.984375
vt 0.399090625 0.984375
vt 0.3994140625 0.9998046875
vt 0.3907984375 0.9375
vt 0.3922453125 0.921875
vt 0.3984375 0.921875
vt 0.3983125 0.93725625
vt 0.31953109375 0.8274595312499999
vt 0.31333890625 0.8274595312499999
vt 0.31682796875 0.8191423437500001
vt 0.1910409375 0.671875
vt 0.1875 0.6667951562500001
vt 0.19586796875 0.6642553124999999
vt 0.2891328125 0.82690171875
vt 0.2886015625 0.81996890625
vt 0.296875 0.81996890625
vt 0.29524375 0.82719390625
vt 0.2886015625 0.81996890625
vt 0.28913953125 0.81303578125
vt 0.2953253125 0.8127553125
vt 0.2967740625 0.81996890625
vt 0.328125 0.98847890625
vt 0.33166515625 0.9833984375
vt 0.33649203125 0.9910165625
vt 0.318166875 0.8590653125000001
vt 0.3243590625 0.8590653125000001
vt 0.3208684375 0.8673825
vt 0.28173484375 0.82112921875
vt 0.2886015625 0.81996890625
vt 0.2891328125 0.82690078125
vt 0.28309765625 0.828125
vt 0.3125 0.5625
vt 0.3186921875 0.5625
vt 0.31954375 0.5779078125
vt 0.312625 0.578125
vt 0.321654375 0.8115234375
vt 0.3251953125 0.81660328125
vt 0.31682859375 0.8191423437500001
vt 0.313368125 0.86346578125
vt 0.318166875 0.8590653125000001
vt 0.32086796875 0.86738125
vt 0.28125 0.63375
vt 0.2904578125 0.63375
vt 0.2884640625 0.640625
vt 0.281953125 0.640625
vt 0.281953125 0.6268750000000001
vt 0.2884640625 0.6268750000000001
vt 0.2904578125 0.63375
vt 0.28125 0.63375
vt 0.3251953125 0.81660328125
vt 0.32432953125 0.82305640625
vt 0.31682703125 0.8191428125
vt 0.3125 0.86992015625
vt 0.313368125 0.86346578125
vt 0.32086921875 0.867381875
vt 0.3599328125 0.743125
vt 0.369140625 0.743125
vt 0.3684375 0.75
vt 0.3619265625 0.75
vt 0.3619265625 0.7362500000000001
vt 0.3684390625 0.7362500000000001
vt 0.369140625 0.743125
vt 0.3599328125 0.743125
vt 0.32432953125 0.82305640625
vt 0.31953109375 0.8274595312499999
vt 0.3168284375 0.8191434375
vn 0.1112170021358342 -0.09347775034206561 0.9893900588882549
vn 0.7187633067299052 -0.34456567617494444 0.6038657166132184
vn 0.8955373562354412 -0.3856507673297306 -0.2220052459849242
vn 0.5036479043316953 -0.18465698812236664 -0.8439434727515035
vn 0.125139321596983 0.15448557174316088 0.9800379371807174
vn 0.755320899044137 0.30642658063701833 0.5793039704216271
vn 0.9320929044726024 0.26536615850049 -0.24654334173633893
vn 0.5175702237928442 0.0633063339628598 -0.853295594459041
vn -0.04946651702761318 0.3405939796552678 0.938908304743197
vn 0.31001822981952953 0.822810660120002 0.476310103580065
vn 0.4941379299887124 0.7800347612822041 -0.3838925335792371
vn 0.3452110084309412 0.24889275088107293 -0.9049208574328171
vn -0.311411042725713 0.3531628286190886 0.8822126608421852
vn -0.4616122667396739 0.8357013968003665 0.2975185550203157
vn -0.2181007056277714 0.8142019837471997 -0.5380587438809943
vn 0.0832662866083887 0.26146164541336964 -0.9616155850921839
vn -0.08326994435746768 -0.2614616018135972 0.9616152802154156
vn 0.12355956173297578 -0.9201049870176132 0.3716716932585434
vn 0.3899126565991592 -0.9076148450048549 -0.15557446239855638
vn 0.3114075811010867 -0.353162830587792 -0.8822138819605985
vn -0.3452144532578574 -0.24889245367433896 0.9049196250307789
vn -0.392847117743856 -0.8834234218512689 0.2554098663030472
vn -0.37222046886273435 -0.871041285426216 -0.32052925239773644
vn 0.04946287607624431 -0.3405936368800581 -0.9389086209035902
vn -0.517575294055351 -0.06330831282064102 0.853292372233176
vn -0.9531236000894691 -0.2913224693897261 0.08177176640602857
vn -0.842322145317072 -0.3170779107935649 -0.4358382750461848
vn -0.1251453047365421 -0.15448733849880295 -0.98003689468609
vn -0.5036527351563475 0.18465927376993826 0.8439400896866371
vn -0.9142327090660175 0.40135193837520106 0.05563429909938472
vn -0.8034373617356665 0.3756229133063804 -0.4619478680180909
vn -0.11122274583753869 0.09348024809177637 -0.9893891772326289
usemtl m_b9306b6b-3402-fb8c-6949-e2c979050137
f 1610/6501/1746 1613/6502/1746 1609/6503/1746
f 1610/6504/1747 1611/6505/1747 1614/6506/1747 1613/6507/1747
f 1611/6508/1748 1612/6509/1748 1615/6510/1748 1614/6511/1748
f 1615/6512/1749 1612/6513/1749 1608/6514/1749
f 1613/6515/1750 1616/6516/1750 1609/6517/1750
f 1613/6518/1751 1614/6519/1751 1617/6520/1751 1616/6521/1751
f 1614/6522/1752 1615/6523/1752 1618/6524/1752 1617/6525/1752
f 1618/6526/1753 1615/6527/1753 1608/6528/1753
f 1616/6529/1754 1619/6530/1754 1609/6531/1754
f 1616/6532/1755 1617/6533/1755 1620/6534/1755 1619/6535/1755
f 1617/6536/1756 1618/6537/1756 1621/6538/1756 1620/6539/1756
f 1621/6540/1757 1618/6541/1757 1608/6542/1757
f 1619/6543/1758 1631/6544/1758 1609/6545/1758
f 1619/6546/1759 1620/6547/1759 1632/6548/1759 1631/6549/1759
f 1620/6550/1760 1621/6551/1760 1633/6552/1760 1632/6553/1760
f 1633/6554/1761 1621/6555/1761 1608/6556/1761
f 1622/6557/1762 1610/6558/1762 1609/6559/1762
f 1622/6560/1763 1623/6561/1763 1611/6562/1763 1610/6563/1763
f 1623/6564/1764 1624/6565/1764 1612/6566/1764 1611/6567/1764
f 1612/6568/1765 1624/6569/1765 1608/6570/1765
f 1625/6571/1766 1622/6572/1766 1609/6573/1766
f 1626/6574/1767 1623/6575/1767 1622/6576/1767 1625/6577/1767
f 1627/6578/1768 1624/6579/1768 1623/6580/1768 1626/6581/1768
f 1624/6582/1769 1627/6583/1769 1608/6584/1769
f 1628/6585/1770 1625/6586/1770 1609/6587/1770
f 1629/6588/1771 1626/6589/1771 1625/6590/1771 1628/6591/1771
f 1630/6592/1772 1627/6593/1772 1626/6594/1772 1629/6595/1772
f 1627/6596/1773 1630/6597/1773 1608/6598/1773
f 1631/6599/1774 1628/6600/1774 1609/6601/1774
f 1632/6602/1775 1629/6603/1775 1628/6604/1775 1631/6605/1775
f 1633/6606/1776 1630/6607/1776 1629/6608/1776 1632/6609/1776
f 1630/6610/1777 1633/6611/1777 1608/6612/1777
o Right Upper Leg
v 0.014124569978058596 0.17935362619306533 0.03514416121563823
v 0.017987374048428803 0.24815205683719968 0.032549377070705786
v 0.05951250070257719 0.17958387628829295 -0.1535250129610621
v 0.06261940251806161 0.23491931789412496 -0.15561203042915445
v 0.07154175852679079 0.17659854811324494 0.04757151533853709
v 0.075404562597161 0.2453969787573793 0.044976731193604645
v 0.10827238440817336 0.17724420605769883 -0.14297144255615607
v 0.11137928622365778 0.23257964766353084 -0.1450584600242484
v 0.0029668759769456987 0.21438058962135811 0.031013785798536954
v 0.08656222158659001 0.21036939175386474 0.049107130129310665
v 0.12127105793854151 0.20436243231095597 -0.14153773617606538
v 0.04962069397600959 0.20780046806564606 -0.15704571329064038
v 0.04483959507615675 0.2612550921536889 0.03764551282007577
v 0.08459659065220881 0.24544012494245815 -0.15143098619065465
v 0.08239495093502576 0.20622784427105623 -0.14995206576732273
v 0.08019334622952658 0.16701618717487612 -0.14847316886259557
v 0.03969287754636477 0.1695895345515376 0.04110274772028396
v 0.04210231160735269 0.21250273416422363 0.03948424437768173
v 0.049712921934588476 0.25623536290351656 -0.002656055262493663
v 0.02339722098397095 0.24451528344929196 -0.007706127273299931
v 0.008432050454392825 0.21411566376623978 -0.009397571392664263
v 0.019912333029359755 0.18244772374908702 -0.005365202948182768
v 0.0449379584641933 0.17119092700626082 0.0005514590923375931
v 0.07719161976708624 0.17969926268180716 0.0070323037599806515
v 0.09215675528498049 0.21009825878963756 0.008723771397949755
v 0.08067650772169743 0.24176682238201214 0.004691379434863488
v 0.07828317148017128 0.24681314288713843 -0.12565436001582841
v 0.10556830898724304 0.23369346072483496 -0.11916139321929028
v 0.11564325027315298 0.20490285080356377 -0.11557294406221452
v 0.10239814105899442 0.17723121869324046 -0.11703187763239062
v 0.07386914345885517 0.16819714395124716 -0.12268929895750225
v 0.05260704469587782 0.17962037012380586 -0.12780864330677846
v 0.04253210340996787 0.20841098004507705 -0.13139709246385425
v 0.055777212624126424 0.23608261215540036 -0.12993815889367813
vt 0.0625 0.8801484375
vt 0.0630703125 0.8484515625
vt 0.0707484375 0.8484515625
vt 0.07098125 0.8801421875
vt 0.28114453125 0.761875
vt 0.27412109375 0.7647671875
vt 0.27412109375 0.7549421875
vt 0.28407578125 0.7549421875
vt 0.09463125 0.8019640625
vt 0.0954609375 0.7703187499999999
vt 0.103075 0.7703187499999999
vt 0.103115625 0.801971875
vt 0.125573125 0.91166859375
vt 0.12572625 0.88002171875
vt 0.1334684375 0.88002171875
vt 0.1343121875 0.91166703125
vt 0.001221875 0.8644609375
vt 0.001909375 0.8328125
vt 0.0095875 0.8328125
vt 0.0097015625 0.8644625
vt 0.09621875 0.9339031250000001
vt 0.0881859375 0.9375
vt 0.0881859375 0.925284375
vt 0.0995703125 0.925284375
vt 0.1569121875 0.8335609374999999
vt 0.1573996875 0.8019140625
vt 0.1650778125 0.8019140625
vt 0.1653934375 0.833559375
vt 0.28407578125 0.7549421875
vt 0.27412109375 0.7549421875
vt 0.27412109375 0.7451171875
vt 0.28114609375 0.748009375
vt 0.1575009375 0.9113765625
vt 0.157361875 0.8796937499999999
vt 0.16504 0.8796937499999999
vt 0.1659821875 0.91138125
vt 0.0781640625 0.925284375
vt 0.0881859375 0.925284375
vt 0.0881859375 0.9375
vt 0.081515625 0.9339031250000001
vt 0.2202265625 0.8488503125
vt 0.22005109375 0.81719421875
vt 0.22637609375 0.81718875
vt 0.2275359375 0.8488503125
vt 0.26866015625 0.748009375
vt 0.27412109375 0.7451171875
vt 0.27412109375 0.7549421875
vt 0.26572890625 0.7549421875
vt 0.26572890625 0.7549421875
vt 0.27412109375 0.7549421875
vt 0.27412109375 0.7647671875
vt 0.26866015625 0.761875
vt 0.15625 0.75511640625
vt 0.15736921875 0.7234448437500001
vt 0.16353640625 0.7234640625
vt 0.1632515625 0.75511640625
vt 0.081515625 0.9166640625
vt 0.0881859375 0.91453125
vt 0.0881859375 0.925284375
vt 0.0781640625 0.925284375
vt 0.0995703125 0.925284375
vt 0.0881859375 0.925284375
vt 0.0881859375 0.91453125
vt 0.09621875 0.9166640625
vt 0.21908125 0.85901125
vt 0.2202265625 0.8488503125
vt 0.2275390625 0.8488503125
vt 0.226653125 0.8590034375
vt 0.156775 0.9215464062500001
vt 0.1575009375 0.9113765625
vt 0.1659821875 0.91138125
vt 0.166015625 0.9215703125
vt 0.0631840625 0.89032140625
vt 0.0625 0.8801484375
vt 0.07098125 0.8801421875
vt 0.0724246875 0.89029265625
vt 0.1574046875 0.76531171875
vt 0.15625 0.75511640625
vt 0.1632671875 0.75511640625
vt 0.1643953125 0.76527734375
vt 0.0952109375 0.81217703125
vt 0.09463125 0.8019640625
vt 0.1031265625 0.801971875
vt 0.103515625 0.812220625
vt 0.0004075 0.87469046875
vt 0.001221875 0.8644609375
vt 0.009703125 0.8644625
vt 0.009648125 0.8746484375
vt 0.15625 0.84373140625
vt 0.1569121875 0.8335609374999999
vt 0.1653934375 0.833559375
vt 0.1654921875 0.84375
vt 0.125 0.9218500000000001
vt 0.125573125 0.91166859375
vt 0.1343121875 0.91166703125
vt 0.1337953125 0.921875
vt 0.1332825 0.87337953125
vt 0.1334684375 0.88002171875
vt 0.12572625 0.88002171875
vt 0.125685625 0.87337953125
vt 0.1650965625 0.7952734375
vt 0.1650778125 0.8019140625
vt 0.1573996875 0.8019140625
vt 0.15757 0.7952734375
vt 0.009765625 0.826171875
vt 0.0095875 0.8328125
vt 0.001909375 0.8328125
vt 0.0022375 0.826171875
vt 0.103246875 0.763671875
vt 0.103075 0.7703187499999999
vt 0.0954609375 0.7703187499999999
vt 0.09565625 0.7636859375
vt 0.1637196875 0.71682234375
vt 0.16353640625 0.7234640625
vt 0.15736921875 0.7234448437500001
vt 0.1575478125 0.716796875
vt 0.070571875 0.841796875
vt 0.0707484375 0.8484515625
vt 0.0630703125 0.8484515625
vt 0.0630453125 0.8417984375
vt 0.164718125 0.873046875
vt 0.16504 0.8796937499999999
vt 0.157361875 0.8796937499999999
vt 0.1571915625 0.873046875
vt 0.226059375 0.810546875
vt 0.22637609375 0.81718875
vt 0.22005109375 0.81719421875
vt 0.219878125 0.8105521875
vn -0.9072975349177584 -0.34708384434992745 -0.23736888617389224
vn 0.2090646129348491 -0.04857505346181746 -0.9766946563791488
vn 0.2844085710947772 -0.9544738785360393 0.08995209769759467
vn 0.42793547872348936 0.9034023807079892 0.027117606473205783
vn 0.8820539254073256 -0.4320994317207386 0.1878056276583398
vn -0.2090646129348491 0.04857505346181746 0.9766946563791488
vn 0.9252406104734193 0.3437768727830276 0.16045957269760044
vn 0.2090646129348491 -0.04857505346181746 -0.9766946563791488
vn -0.8658546281763877 0.42809410633671485 -0.2589038411945627
vn -0.2090646129348491 0.04857505346181746 0.9766946563791488
vn -0.39941645727644104 0.9023603775508959 -0.1619019539194683
vn 0.2090646129348491 -0.04857505346181746 -0.9766946563791488
vn 0.2090646129348491 -0.04857505346181746 -0.9766946563791488
vn -0.4520568854932684 -0.8863386911182312 -0.10024119365284448
vn -0.2090646129348491 0.04857505346181746 0.9766946563791488
vn -0.2090646129348491 0.04857505346181746 0.9766946563791488
vn -0.3760045322131132 0.9128454686614569 -0.1591657692452847
vn -0.8822979918377211 0.4431638961337054 -0.15860647768209027
vn -0.9278427619980575 -0.352046039324677 -0.12317221766138713
vn -0.38238303791808587 -0.9155692522322534 -0.1245638658657002
vn 0.2560159840835972 -0.9666593068791347 -0.005059675647566537
vn 0.8915118568486247 -0.44390699056056115 0.09029503214343158
vn 0.9273736732610842 0.35224210973301506 0.126109342528928
vn 0.42813814896397795 0.903357004821047 -0.025374145156948164
vn 0.42199279499855824 0.9049198035884041 0.05515641433985077
vn 0.9187661624814497 0.3453559146134904 0.19130611835639202
vn 0.8796951611810244 -0.4315951306319966 0.19965486873462704
vn 0.28949592289891496 -0.9549641894505189 0.0650807766703755
vn -0.4585621728515318 -0.8857484354633232 -0.07190579047585342
vn -0.9058170975709907 -0.34723531615839553 -0.24274064546434215
vn -0.8681223871437362 0.42871701568957166 -0.25013044876241775
vn -0.40249517487111675 0.9033466129895337 -0.14819760796250067
usemtl m_b9306b6b-3402-fb8c-6949-e2c979050137
f 1654/6613/1778 1666/6614/1778 1665/6615/1778 1655/6616/1778
f 1640/6617/1779 1649/6618/1779 1648/6619/1779 1644/6620/1779
f 1656/6621/1780 1664/6622/1780 1663/6623/1780 1657/6624/1780
f 1659/6625/1781 1661/6626/1781 1660/6627/1781 1652/6628/1781
f 1657/6629/1782 1663/6630/1782 1662/6631/1782 1658/6632/1782
f 1639/6633/1783 1646/6634/1783 1651/6635/1783 1643/6636/1783
f 1658/6637/1784 1662/6638/1784 1661/6639/1784 1659/6640/1784
f 1644/6641/1785 1648/6642/1785 1647/6643/1785 1641/6644/1785
f 1653/6645/1786 1667/6646/1786 1666/6647/1786 1654/6648/1786
f 1642/6649/1787 1651/6650/1787 1646/6651/1787 1635/6652/1787
f 1652/6653/1788 1660/6654/1788 1667/6655/1788 1653/6656/1788
f 1637/6657/1789 1647/6658/1789 1648/6659/1789 1645/6660/1789
f 1645/6661/1790 1648/6662/1790 1649/6663/1790 1636/6664/1790
f 1655/6665/1791 1665/6666/1791 1664/6667/1791 1656/6668/1791
f 1634/6669/1792 1650/6670/1792 1651/6671/1792 1642/6672/1792
f 1643/6673/1793 1651/6674/1793 1650/6675/1793 1638/6676/1793
f 1646/6677/1794 1652/6678/1794 1653/6679/1794 1635/6680/1794
f 1635/6681/1795 1653/6682/1795 1654/6683/1795 1642/6684/1795
f 1642/6685/1796 1654/6686/1796 1655/6687/1796 1634/6688/1796
f 1634/6689/1797 1655/6690/1797 1656/6691/1797 1650/6692/1797
f 1650/6693/1798 1656/6694/1798 1657/6695/1798 1638/6696/1798
f 1638/6697/1799 1657/6698/1799 1658/6699/1799 1643/6700/1799
f 1643/6701/1800 1658/6702/1800 1659/6703/1800 1639/6704/1800
f 1639/6705/1801 1659/6706/1801 1652/6707/1801 1646/6708/1801
f 1647/6709/1802 1660/6710/1802 1661/6711/1802 1641/6712/1802
f 1641/6713/1803 1661/6714/1803 1662/6715/1803 1644/6716/1803
f 1644/6717/1804 1662/6718/1804 1663/6719/1804 1640/6720/1804
f 1640/6721/1805 1663/6722/1805 1664/6723/1805 1649/6724/1805
f 1649/6725/1806 1664/6726/1806 1665/6727/1806 1636/6728/1806
f 1636/6729/1807 1665/6730/1807 1666/6731/1807 1645/6732/1807
f 1645/6733/1808 1666/6734/1808 1667/6735/1808 1637/6736/1808
f 1637/6737/1809 1667/6738/1809 1660/6739/1809 1647/6740/1809
o sphere
v 0.08891708637376716 0.20451157692984734 -0.18046629486285642
v 0.0758505480653391 0.20754751777121092 -0.11942287883915961
v 0.09566641220346861 0.18678282229183538 -0.12352004760610938
v 0.10770122127125108 0.17729287114516434 -0.1430961221666908
v 0.1049057614413581 0.18463610852290718 -0.16668384707646539
v 0.1046226559414822 0.2058141385668658 -0.1225494408573799
v 0.12036783374656304 0.2042069410202265 -0.14172334097808348
v 0.11386200517937169 0.20366742479793762 -0.1657132403277359
v 0.09784588952475808 0.22560037984784842 -0.12498408075262611
v 0.11078343984960283 0.2321886922196391 -0.145166559018425
v 0.10708523876264756 0.22345366607892023 -0.1681478802229821
v 0.07930525188978427 0.2345508147722306 -0.1293979055416971
v 0.0845632945408426 0.24484710490654218 -0.15140861999752475
v 0.08854460112767375 0.23240410100330242 -0.17256170501205312
v 0.07622303331143251 0.17965499369775587 -0.12732746868996292
v 0.08020433989826367 0.1672119897945161 -0.14848055370449129
v 0.085462382549322 0.17750827992882767 -0.1704912681603189
v 0.057682395676458706 0.18860542862213803 -0.1317412934790339
v 0.06008604463400302 0.1795776143159087 -0.15340193261565135
v 0.06692174491434819 0.18645871485320983 -0.1749050929493899
v 0.050905629259734575 0.20839166990312064 -0.13417593337428013
v 0.05050165073704281 0.2075593655153213 -0.1568451506559929
v 0.06014497849762406 0.20624495613419244 -0.17733973284463614
v 0.059861872997748165 0.22742298617815107 -0.13320532662555065
v 0.06316826321235477 0.23447343539038346 -0.15547236946738555
v 0.06910122223563765 0.22527627240922288 -0.17636912609590666
vt 0.03125 0.62083828125
vt 0.03169296875 0.61559296875
vt 0.038200625 0.618783125
vt 0.4077078125 0.59375
vt 0.40661875 0.578125
vt 0.4140625 0.578125
vt 0.412971875 0.59375
vt 0.37536875 0.59375
vt 0.3764578125 0.578125
vt 0.381721875 0.578125
vt 0.3828125 0.59375
vt 0.21919296875 0.62073515625
vt 0.21875 0.61548984375
vt 0.225700625 0.617545
vt 0.03169296875 0.61559296875
vt 0.03556859375 0.61203078125
vt 0.03820125 0.61878328125
vt 0.0010890625 0.578125
vt 0 0.5625
vt 0.00744375 0.5625
vt 0.006353125 0.578125
vt 0.40625 0.625
vt 0.4073390625 0.609375
vt 0.412603125 0.609375
vt 0.41369375 0.625
vt 0.22306859375 0.62429734375
vt 0.21919296875 0.62073515625
vt 0.22570125 0.61754484375
vt 0.03556859375 0.61203078125
vt 0.04083265625 0.61203078125
vt 0.03820140625 0.61878390625
vt 0.4229640625 0.96875
vt 0.421875 0.953125
vt 0.42931875 0.953125
vt 0.428228125 0.96875
vt 0.28125 0.609375
vt 0.282340625 0.59375
vt 0.2876046875 0.59375
vt 0.2886953125 0.609375
vt 0.22833265625 0.62429734375
vt 0.22306859375 0.62429734375
vt 0.22570140625 0.61754421875
vt 0.06268296875 0.61203078125
vt 0.06794703125 0.61203078125
vt 0.06531421875 0.61878390625
vt 0.0953484375 0.5625
vt 0.094003125 0.546875
vt 0.1000328125 0.546875
vt 0.1005859375 0.5622828125
vt 0.21923125 0.5625
vt 0.220321875 0.546875
vt 0.2255859375 0.546875
vt 0.2252328125 0.5622437499999999
vt 0.38044703125 0.78054734375
vt 0.37518296875 0.78054734375
vt 0.37781421875 0.77379421875
vt 0.0344734375 0.625
vt 0.03125 0.62083828125
vt 0.03820015625 0.61878328125
vt 0.3920828125 0.71875
vt 0.3909921875 0.703125
vt 0.3984375 0.703125
vt 0.397346875 0.71875
vt 0.42224375 1
vt 0.4233328125 0.984375
vt 0.428596875 0.984375
vt 0.4296875 1
vt 0.21875 0.61548984375
vt 0.2219734375 0.611328125
vt 0.22570015625 0.61754484375
vt 0.072265625 0.62083828125
vt 0.0690421875 0.625
vt 0.06531546875 0.61878328125
vt 0.438053125 0.890625
vt 0.4440828125 0.890625
vt 0.4427375 0.90625
vt 0.4375 0.906034375
vt 0.4375 0.609375
vt 0.4427640625 0.609375
vt 0.443853125 0.625
vt 0.437853125 0.6247437499999999
vt 0.3815421875 0.767578125
vt 0.384765625 0.77173984375
vt 0.37781546875 0.77379484375
vt 0.07182265625 0.61559296875
vt 0.072265625 0.62083828125
vt 0.065315 0.618783125
vt 0.46875 0.8064328125
vt 0.47619375 0.8064328125
vt 0.47450625 0.812084375
vt 0.4692421875 0.812084375
vt 0.4692421875 0.80078125
vt 0.47450625 0.80078125
vt 0.47619375 0.8064328125
vt 0.46875 0.8064328125
vt 0.384765625 0.77173984375
vt 0.38432265625 0.77698515625
vt 0.377815 0.773795
vt 0.06794703125 0.61203078125
vt 0.07182265625 0.61559296875
vt 0.065314375 0.61878328125
vt 0.4691171875 0.9001828125
vt 0.4765625 0.9001828125
vt 0.4760703125 0.905834375
vt 0.47080625 0.905834375
vt 0.47080625 0.89453125
vt 0.4760703125 0.89453125
vt 0.4765625 0.9001828125
vt 0.4691171875 0.9001828125
vt 0.38432265625 0.77698515625
vt 0.38044703125 0.78054734375
vt 0.377814375 0.77379484375
vn 0.10165061388041441 -0.09832525307006017 0.989949138747261
vn 0.7050068311550033 -0.36287812079145937 0.6093314676558563
vn 0.8848582519413523 -0.40464625997627507 -0.23084037397844295
vn 0.49504763537377683 -0.1897289635426444 -0.8478978470923642
vn 0.11617719430940936 0.16040025253003817 0.9801911132583758
vn 0.743704305950352 0.326517639209375 0.5833439265099464
vn 0.9235586805829166 0.28471158886239495 -0.2568631438867653
vn 0.5095742158027718 0.0689965420574539 -0.8576558725812494
vn -0.05257792914689758 0.3519468001483363 0.9345421398909581
vn 0.29409823465062584 0.8368587647533899 0.46170730580186375
vn 0.47392329060073735 0.7950832138948104 -0.37846981069679586
vn 0.34081909234646485 0.26054308967575196 -0.903304845948667
vn -0.30574774454531156 0.3640947758069553 0.8797461627853445
vn -0.46143959621437836 0.840796437001869 0.2830809964841756
vn -0.20062837915510637 0.8274402263991841 -0.5244911107102408
vn 0.08764927694805083 0.2726910653343711 -0.9581008230542805
vn -0.08764927694805086 -0.27269106533437115 0.9581008230542805
vn 0.20064768298067404 -0.8274351393555945 0.5244917515786829
vn 0.38047847764047105 -0.869227442448809 -0.3157210498941942
vn 0.30574774454531156 -0.3640947758069553 -0.8797461627853445
vn -0.34081909234646485 -0.26054308967575196 0.903304845948667
vn -0.5513359546729911 -0.7603016953148403 0.3434676071861823
vn -0.2940733304600672 -0.836860080911703 -0.46172078282072404
vn 0.05257792914689761 -0.35194680014833635 -0.9345421398909581
vn -0.5095742158027718 -0.0689965420574539 0.8576558725812494
vn -0.9467297952430016 -0.3207540031294058 0.028628033037663057
vn -0.8588033042791128 -0.3411655789294814 -0.38218180531389684
vn -0.11617719430940936 -0.16040025253003817 -0.9801911132583758
vn -0.49504763537377683 0.1897289635426444 0.8478978470923642
vn -0.9048131090708723 0.42580863884556025 0.0004906505814624482
vn -0.8168774548297388 0.40535581901448003 -0.4103631121116862
vn -0.10165061388041441 0.09832525307006017 -0.989949138747261
usemtl m_b9306b6b-3402-fb8c-6949-e2c979050137
f 1670/6741/1810 1673/6742/1810 1669/6743/1810
f 1670/6744/1811 1671/6745/1811 1674/6746/1811 1673/6747/1811
f 1671/6748/1812 1672/6749/1812 1675/6750/1812 1674/6751/1812
f 1675/6752/1813 1672/6753/1813 1668/6754/1813
f 1673/6755/1814 1676/6756/1814 1669/6757/1814
f 1673/6758/1815 1674/6759/1815 1677/6760/1815 1676/6761/1815
f 1674/6762/1816 1675/6763/1816 1678/6764/1816 1677/6765/1816
f 1678/6766/1817 1675/6767/1817 1668/6768/1817
f 1676/6769/1818 1679/6770/1818 1669/6771/1818
f 1676/6772/1819 1677/6773/1819 1680/6774/1819 1679/6775/1819
f 1677/6776/1820 1678/6777/1820 1681/6778/1820 1680/6779/1820
f 1681/6780/1821 1678/6781/1821 1668/6782/1821
f 1679/6783/1822 1691/6784/1822 1669/6785/1822
f 1679/6786/1823 1680/6787/1823 1692/6788/1823 1691/6789/1823
f 1680/6790/1824 1681/6791/1824 1693/6792/1824 1692/6793/1824
f 1693/6794/1825 1681/6795/1825 1668/6796/1825
f 1682/6797/1826 1670/6798/1826 1669/6799/1826
f 1682/6800/1827 1683/6801/1827 1671/6802/1827 1670/6803/1827
f 1683/6804/1828 1684/6805/1828 1672/6806/1828 1671/6807/1828
f 1672/6808/1829 1684/6809/1829 1668/6810/1829
f 1685/6811/1830 1682/6812/1830 1669/6813/1830
f 1686/6814/1831 1683/6815/1831 1682/6816/1831 1685/6817/1831
f 1687/6818/1832 1684/6819/1832 1683/6820/1832 1686/6821/1832
f 1684/6822/1833 1687/6823/1833 1668/6824/1833
f 1688/6825/1834 1685/6826/1834 1669/6827/1834
f 1689/6828/1835 1686/6829/1835 1685/6830/1835 1688/6831/1835
f 1690/6832/1836 1687/6833/1836 1686/6834/1836 1689/6835/1836
f 1687/6836/1837 1690/6837/1837 1668/6838/1837
f 1691/6839/1838 1688/6840/1838 1669/6841/1838
f 1692/6842/1839 1689/6843/1839 1688/6844/1839 1691/6845/1839
f 1693/6846/1840 1690/6847/1840 1689/6848/1840 1692/6849/1840
f 1690/6850/1841 1693/6851/1841 1668/6852/1841
o sphere
v 0.08698137807955604 0.17496727135933055 -0.17807269931958558
v 0.08073508485549069 0.22299311114437673 -0.13856633864310625
v 0.09690716852019828 0.20263272318873077 -0.12573878415933346
v 0.10543513721236758 0.18013313188784505 -0.13199663031788622
v 0.10132392245893489 0.16867365187672462 -0.15367373179367197
v 0.10850836783902888 0.21467096123972929 -0.13853879890572654
v 0.12184224799453328 0.19715758492155097 -0.15009827310842136
v 0.11292512177776548 0.18071188992772313 -0.16647374654006505
v 0.10437655700312176 0.22746412429668 -0.1547440602960953
v 0.11599835240442678 0.21524971927960737 -0.17301591512790537
v 0.10879331094185836 0.19350505298467385 -0.18267900793043385
v 0.08693146209418466 0.23351802060373789 -0.16486168756918623
v 0.09132761995044684 0.22381159235980289 -0.1873247951181078
v 0.09134821603292127 0.19955894929173174 -0.19279663520352475
v 0.07636824690212546 0.19840143321197554 -0.12384240275916707
v 0.07638884298459989 0.1741487901439044 -0.12931424284458407
v 0.08078500084086207 0.16444236189996939 -0.1517773503935056
v 0.05892315199318837 0.20445532951903342 -0.13396003003225798
v 0.05781996057511953 0.18241787505858942 -0.14230244076684676
v 0.06333990593192497 0.17049625820702724 -0.16189497766659652
v 0.05479134115728125 0.2172484925759841 -0.15016529142262677
v 0.051976064985013046 0.20051000941664582 -0.16522008278633077
v 0.05920809509601785 0.18328942126397796 -0.1781002390569653
v 0.06639254047611184 0.22928673062698265 -0.16296530616901986
v 0.06838317576717873 0.21753446245035174 -0.18332172557686593
v 0.07080929441484846 0.1953276593149765 -0.1909002538033584
vt 0.09375 0.62083828125
vt 0.09419296875 0.61559296875
vt 0.100700625 0.618783125
vt 0.1577078125 0.578125
vt 0.15661875 0.5625
vt 0.1640625 0.5625
vt 0.162971875 0.578125
vt 0.42224375 0.9375
vt 0.4233328125 0.921875
vt 0.428596875 0.921875
vt 0.4296875 0.9375
vt 0.37544296875 0.65198515625
vt 0.375 0.64673984375
vt 0.381950625 0.648795
vt 0.09419296875 0.61559296875
vt 0.09806859375 0.61203078125
vt 0.10070125 0.61878328125
vt 0.2510890625 0.578125
vt 0.25 0.5625
vt 0.25744375 0.5625
vt 0.256353125 0.578125
vt 0.125 0.578125
vt 0.1260890625 0.5625
vt 0.131353125 0.5625
vt 0.13244375 0.578125
vt 0.37931859375 0.65554734375
vt 0.37544296875 0.65198515625
vt 0.38195125 0.64879484375
vt 0.09806859375 0.61203078125
vt 0.10333265625 0.61203078125
vt 0.10070140625 0.61878390625
vt 0.2823390625 0.578125
vt 0.28125 0.5625
vt 0.28869375 0.5625
vt 0.287603125 0.578125
vt 0.3125 0.609375
vt 0.313590625 0.59375
vt 0.3188546875 0.59375
vt 0.3199453125 0.609375
vt 0.38458265625 0.65554734375
vt 0.37931859375 0.65554734375
vt 0.38195140625 0.64879421875
vt 0.37518296875 0.89328078125
vt 0.38044703125 0.89328078125
vt 0.37781421875 0.90003390625
vt 0.4390984375 0.875
vt 0.437753125 0.859375
vt 0.4437828125 0.859375
vt 0.4443359375 0.8747828125
vt 0.43798125 0.78125
vt 0.439071875 0.765625
vt 0.4443359375 0.765625
vt 0.4439828125 0.7809937499999999
vt 0.38044703125 0.62429734375
vt 0.37518296875 0.62429734375
vt 0.37781421875 0.61754421875
vt 0.0969734375 0.625
vt 0.09375 0.62083828125
vt 0.10070015625 0.61878328125
vt 0.3920828125 0.6875
vt 0.3909921875 0.671875
vt 0.3984375 0.671875
vt 0.397346875 0.6875
vt 0.42224375 0.75
vt 0.4233328125 0.734375
vt 0.428596875 0.734375
vt 0.4296875 0.75
vt 0.375 0.64673984375
vt 0.3782234375 0.642578125
vt 0.38195015625 0.64879484375
vt 0.384765625 0.90208828125
vt 0.3815421875 0.90625
vt 0.37781546875 0.90003328125
vt 0.438053125 0.828125
vt 0.4440828125 0.828125
vt 0.4427375 0.84375
vt 0.4375 0.843534375
vt 0.40625 0.546875
vt 0.4115140625 0.546875
vt 0.412603125 0.5625
vt 0.406603125 0.5622437499999999
vt 0.3815421875 0.611328125
vt 0.384765625 0.61548984375
vt 0.37781546875 0.61754484375
vt 0.38432265625 0.89684296875
vt 0.384765625 0.90208828125
vt 0.377815 0.900033125
vt 0.21875 0.5251828125
vt 0.22619375 0.5251828125
vt 0.22450625 0.530834375
vt 0.2192421875 0.530834375
vt 0.2192421875 0.51953125
vt 0.22450625 0.51953125
vt 0.22619375 0.5251828125
vt 0.21875 0.5251828125
vt 0.384765625 0.61548984375
vt 0.38432265625 0.62073515625
vt 0.377815 0.617545
vt 0.38044703125 0.89328078125
vt 0.38432265625 0.89684296875
vt 0.377814375 0.90003328125
vt 0.4691171875 0.8689328125
vt 0.4765625 0.8689328125
vt 0.4760703125 0.874584375
vt 0.47080625 0.874584375
vt 0.47080625 0.86328125
vt 0.4760703125 0.86328125
vt 0.4765625 0.8689328125
vt 0.4691171875 0.8689328125
vt 0.38432265625 0.62073515625
vt 0.38044703125 0.62429734375
vt 0.377814375 0.61754484375
vn 0.18669082085882777 0.6255449641012553 0.7575223001962494
vn 0.704968085859296 0.07092964189269062 0.7056833452908288
vn 0.7909512307999058 -0.5900647743891424 0.16192502129444036
vn 0.3747492868211945 -0.8203791115943136 -0.43190402323517546
vn 0.23647554286199177 0.7910504005817073 0.564197289401187
vn 0.8376153517090982 0.511944100190579 0.19056169830609243
vn 0.9235924873217037 -0.14910170407205403 -0.35319343029807077
vn 0.42453400882435843 -0.6548736751138614 -0.6252290340302378
vn 0.09265300144578043 0.9166769388818816 0.3887400301554133
vn 0.454436123090999 0.8466418847715593 -0.2769211602252238
vn 0.5403917239373333 0.18564317469203018 -0.8206786194304696
vn 0.2807114674081471 -0.5292471368136872 -0.8006862932760115
vn -0.16051681395263365 0.9288249145405005 0.33394405304979974
vn -0.3071887167234494 0.8502210097875469 -0.4275035986206952
vn -0.13416359497418415 0.21798805880043975 -0.9666857483194936
vn 0.027541652009733103 -0.5170991611550682 -0.855482270381625
vn -0.027541652009733145 0.5170991611550682 0.855482270381625
vn 0.13418338750938608 -0.21798745300431932 0.9666831377701774
vn 0.22013865776430463 -0.879024043335965 0.4229133511666687
vn 0.1605168139526336 -0.9288249145405005 -0.33394405304979974
vn -0.28071146740814706 0.5292471368136872 0.8006862932760115
vn -0.6152767238655723 -0.17399360957317 0.7688698049064924
vn -0.4544131503362334 -0.846656681798859 0.27691361824013894
vn -0.09265300144578041 -0.9166769388818816 -0.3887400301554133
vn -0.42453400882435843 0.6548736751138614 0.6252290340302378
vn -0.9746496073814195 -0.03487106155070935 0.2210026060877378
vn -0.9326190784208813 -0.35806044917572466 -0.044881725696150405
vn -0.23647554286199177 -0.7910504005817073 -0.564197289401187
vn -0.3747492868211945 0.8203791115943136 0.43190402323517546
vn -0.8309921517709802 0.4427156319317338 -0.33683068883093437
vn -0.7889628691549029 0.11946531161959445 -0.6027152150182514
vn -0.18669082085882777 -0.6255449641012553 -0.7575223001962494
usemtl m_b9306b6b-3402-fb8c-6949-e2c979050137
f 1696/6853/1842 1699/6854/1842 1695/6855/1842
f 1696/6856/1843 1697/6857/1843 1700/6858/1843 1699/6859/1843
f 1697/6860/1844 1698/6861/1844 1701/6862/1844 1700/6863/1844
f 1701/6864/1845 1698/6865/1845 1694/6866/1845
f 1699/6867/1846 1702/6868/1846 1695/6869/1846
f 1699/6870/1847 1700/6871/1847 1703/6872/1847 1702/6873/1847
f 1700/6874/1848 1701/6875/1848 1704/6876/1848 1703/6877/1848
f 1704/6878/1849 1701/6879/1849 1694/6880/1849
f 1702/6881/1850 1705/6882/1850 1695/6883/1850
f 1702/6884/1851 1703/6885/1851 1706/6886/1851 1705/6887/1851
f 1703/6888/1852 1704/6889/1852 1707/6890/1852 1706/6891/1852
f 1707/6892/1853 1704/6893/1853 1694/6894/1853
f 1705/6895/1854 1717/6896/1854 1695/6897/1854
f 1705/6898/1855 1706/6899/1855 1718/6900/1855 1717/6901/1855
f 1706/6902/1856 1707/6903/1856 1719/6904/1856 1718/6905/1856
f 1719/6906/1857 1707/6907/1857 1694/6908/1857
f 1708/6909/1858 1696/6910/1858 1695/6911/1858
f 1708/6912/1859 1709/6913/1859 1697/6914/1859 1696/6915/1859
f 1709/6916/1860 1710/6917/1860 1698/6918/1860 1697/6919/1860
f 1698/6920/1861 1710/6921/1861 1694/6922/1861
f 1711/6923/1862 1708/6924/1862 1695/6925/1862
f 1712/6926/1863 1709/6927/1863 1708/6928/1863 1711/6929/1863
f 1713/6930/1864 1710/6931/1864 1709/6932/1864 1712/6933/1864
f 1710/6934/1865 1713/6935/1865 1694/6936/1865
f 1714/6937/1866 1711/6938/1866 1695/6939/1866
f 1715/6940/1867 1712/6941/1867 1711/6942/1867 1714/6943/1867
f 1716/6944/1868 1713/6945/1868 1712/6946/1868 1715/6947/1868
f 1713/6948/1869 1716/6949/1869 1694/6950/1869
f 1717/6951/1870 1714/6952/1870 1695/6953/1870
f 1718/6954/1871 1715/6955/1871 1714/6956/1871 1717/6957/1871
f 1719/6958/1872 1716/6959/1872 1715/6960/1872 1718/6961/1872
f 1716/6962/1873 1719/6963/1873 1694/6964/1873
o Right Lower Leg
v 0.05775935603510627 0.1823871966655526 -0.14227472872649494
v 0.06834248959645327 0.21757000112693614 -0.18337136093954548
v 0.07902519636554722 0.040250954261038904 -0.26275418668643835
v 0.0871852483040162 0.06737841231320271 -0.29444146072590227
v 0.10547582338309301 0.18009759321126076 -0.13194699495520662
v 0.11605895694444002 0.21528039767264429 -0.17304362716825714
v 0.11680907221109754 0.038437951382565005 -0.25457625918534227
v 0.12496912414956651 0.06556540943472881 -0.28626353322480613
v 0.05182351873390054 0.20051732912078363 -0.16525309983802924
v 0.12199479424564574 0.19715026521741325 -0.15006525605672286
v 0.12877146806781659 0.05162345665644048 -0.2687138391097097
v 0.07522285244729715 0.05419290703932722 -0.2803038808015348
v 0.09135761749455495 0.22391131686224447 -0.1874412821708658
v 0.10777948685983932 0.07213107693851958 -0.2969629042452697
v 0.10199716025755687 0.052908181847883845 -0.27450885995562224
v 0.09621483365527442 0.033685286757248106 -0.25205481566597476
v 0.07635884544049176 0.17404906564146283 -0.12919775579182596
v 0.08385823146752336 0.19898019125185368 -0.15831951898134589
v 0.08196379117152536 0.12389111599421604 -0.1662136232803375
v 0.10681976450832799 0.12929189690137005 -0.1688491315617137
v 0.12226028963720072 0.1483997661900417 -0.18963630121087321
v 0.1173911390323846 0.16443560935779647 -0.20990010085008307
v 0.09644540556516445 0.17203411679290515 -0.2224489128698281
v 0.0776912822728614 0.16634054772024065 -0.21849272252051224
v 0.06345126909331819 0.151221629250415 -0.20236490291346912
v 0.06711990774880479 0.13119683526381423 -0.1774417532321429
vt 0.225578125 0.9208984375
vt 0.227609375 0.9521484375
vt 0.2195640625 0.9521484375
vt 0.219903125 0.9209
vt 0.32466171875 0.9034671875
vt 0.31982421875 0.905684375
vt 0.31982421875 0.8981546875
vt 0.32668046875 0.8981546875
vt 0.256246875 0.8749046875
vt 0.2564078125 0.90623125
vt 0.2500140625 0.90623125
vt 0.2509265625 0.8749109375
vt 0.2718890625 0.6709031249999999
vt 0.2724890625 0.7021843750000001
vt 0.266096875 0.7021843750000001
vt 0.26656875 0.6708984375
vt 0.0081359375 0.7490359375
vt 0.00895 0.7803125
vt 0.0009046875 0.7803125
vt 0.0024609375 0.7490234375
vt 0.29663671875 0.95025
vt 0.28974609375 0.953125
vt 0.28974609375 0.943359375
vt 0.29951171875 0.943359375
vt 0.006040625 0.6709031249999999
vt 0.006753125 0.7021843750000001
vt 0.000178125 0.7021843750000001
vt 0.0003578125 0.6708984375
vt 0.32668046875 0.8981546875
vt 0.31982421875 0.8981546875
vt 0.31982421875 0.890625
vt 0.32466171875 0.8928421875
vt 0.1953125 0.7021484375
vt 0.1949109375 0.7333984375
vt 0.1883359375 0.7333984375
vt 0.18963125 0.7021484375
vt 0.28154296875 0.943359375
vt 0.28974609375 0.943359375
vt 0.28974609375 0.953125
vt 0.28441796875 0.95025
vt 0.0693359375 0.6552859375
vt 0.068275 0.6865453125000001
vt 0.0632765625 0.6865453125000001
vt 0.06404375 0.6552734375
vt 0.31498671875 0.8928421875
vt 0.31982421875 0.890625
vt 0.31982421875 0.8981546875
vt 0.31296796875 0.8981546875
vt 0.31296796875 0.8981546875
vt 0.31982421875 0.8981546875
vt 0.31982421875 0.905684375
vt 0.31498671875 0.9034671875
vt 0.302184375 0.6717984375
vt 0.30335 0.7031109375
vt 0.2983515625 0.7031109375
vt 0.2968921875 0.671834375
vt 0.28441796875 0.93646875
vt 0.28974609375 0.93359375
vt 0.28974609375 0.943359375
vt 0.28154296875 0.943359375
vt 0.29951171875 0.943359375
vt 0.28974609375 0.943359375
vt 0.28974609375 0.93359375
vt 0.29663671875 0.93646875
vt 0.250346875 0.921875
vt 0.2500140625 0.90623125
vt 0.2564078125 0.90623125
vt 0.2578125 0.9218703125
vt 0.0023265625 0.7959499999999999
vt 0.0009046875 0.7803125
vt 0.00895 0.7803125
vt 0.009765625 0.7959765625
vt 0 0.71788125
vt 0.000178125 0.7021843750000001
vt 0.006753125 0.7021843750000001
vt 0.007465625 0.7178703125
vt 0.265625 0.7178796875
vt 0.266096875 0.7021843750000001
vt 0.2724890625 0.7021843750000001
vt 0.273090625 0.7178703125
vt 0.0625078125 0.7022234375
vt 0.0632765625 0.6865453125000001
vt 0.068275 0.6865453125000001
vt 0.0685578125 0.70224375
vt 0.1876234375 0.749084375
vt 0.1883359375 0.7333984375
vt 0.1949109375 0.7333984375
vt 0.1950890625 0.74909375
vt 0.21875 0.967825
vt 0.2195640625 0.9521484375
vt 0.227609375 0.9521484375
vt 0.2261875 0.967771875
vt 0.296875 0.7187421875
vt 0.2983515625 0.7031109375
vt 0.30335 0.7031109375
vt 0.302925 0.71875
vn -0.9881633951775128 -0.15156672684628408 0.023677663405722693
vn 0.09994069158504562 -0.7684134365607389 -0.6321017708236693
vn 0.21920555574558656 -0.6567382143594535 0.7215565411873315
vn 0.5687685953951329 0.5322395434704207 -0.6270752373189727
vn 0.8750005714442519 -0.26966297562602715 0.40206452162401657
vn -0.09994069158504562 0.7684134365607389 0.6321017708236693
vn 0.9810903601729374 0.159678731973679 -0.10938193512191119
vn 0.09994069158504562 -0.7684134365607389 -0.6321017708236693
vn -0.8345720832836128 0.2798935300920913 -0.4744987351049929
vn -0.09994069158504562 0.7684134365607389 0.6321017708236693
vn -0.3295685707238704 0.5547094160623889 -0.7639908513344572
vn 0.09994069158504562 -0.7684134365607389 -0.6321017708236693
vn 0.09994069158504562 -0.7684134365607389 -0.6321017708236693
vn -0.6548651759416857 -0.5727081767567659 0.4931094661581809
vn -0.09994069158504562 0.7684134365607389 0.6321017708236693
vn -0.09994069158504562 0.7684134365607389 0.6321017708236693
vn 0.20754335890156542 -0.565745579280414 0.7980336419603655
vn 0.8749598208407297 -0.2691863037110084 0.4024724162085686
vn 0.982686603974325 0.11996131023380857 -0.14119604249551893
vn 0.5718387131826337 0.49124608828969374 -0.657021892211899
vn -0.3226187260586099 0.5075151639551583 -0.798965278314326
vn -0.8225604351330988 0.21173039685110842 -0.5277921651587104
vn -0.9771281783855482 -0.21108433050252676 -0.025766808518723074
vn -0.6652199062102202 -0.5015922894657592 0.5530711089273821
usemtl m_b9306b6b-3402-fb8c-6949-e2c979050137
f 1722/6965/1874 1745/6966/1874 1744/6967/1874 1731/6968/1874
f 1726/6969/1875 1735/6970/1875 1734/6971/1875 1730/6972/1875
f 1726/6973/1876 1739/6974/1876 1738/6975/1876 1735/6976/1876
f 1733/6977/1877 1742/6978/1877 1741/6979/1877 1727/6980/1877
f 1730/6981/1878 1740/6982/1878 1739/6983/1878 1726/6984/1878
f 1725/6985/1879 1732/6986/1879 1737/6987/1879 1729/6988/1879
f 1727/6989/1880 1741/6990/1880 1740/6991/1880 1730/6992/1880
f 1730/6993/1881 1734/6994/1881 1733/6995/1881 1727/6996/1881
f 1731/6997/1882 1744/6998/1882 1743/6999/1882 1723/7000/1882
f 1728/7001/1883 1737/7002/1883 1732/7003/1883 1721/7004/1883
f 1723/7005/1884 1743/7006/1884 1742/7007/1884 1733/7008/1884
f 1723/7009/1885 1733/7010/1885 1734/7011/1885 1731/7012/1885
f 1731/7013/1886 1734/7014/1886 1735/7015/1886 1722/7016/1886
f 1735/7017/1887 1738/7018/1887 1745/7019/1887 1722/7020/1887
f 1720/7021/1888 1736/7022/1888 1737/7023/1888 1728/7024/1888
f 1729/7025/1889 1737/7026/1889 1736/7027/1889 1724/7028/1889
f 1736/7029/1890 1738/7030/1890 1739/7031/1890 1724/7032/1890
f 1724/7033/1891 1739/7034/1891 1740/7035/1891 1729/7036/1891
f 1729/7037/1892 1740/7038/1892 1741/7039/1892 1725/7040/1892
f 1725/7041/1893 1741/7042/1893 1742/7043/1893 1732/7044/1893
f 1732/7045/1894 1742/7046/1894 1743/7047/1894 1721/7048/1894
f 1721/7049/1895 1743/7050/1895 1744/7051/1895 1728/7052/1895
f 1728/7053/1896 1744/7054/1896 1745/7055/1896 1720/7056/1896
f 1720/7057/1897 1745/7058/1897 1738/7059/1897 1736/7060/1897
o sphere
v 0.10512030686958955 0.02889526195536076 -0.2942620402938619
v 0.0988740136455242 0.07692110174040695 -0.2547556796173826
v 0.1096422133198328 0.060021645875961066 -0.24698980154843628
v 0.11593227208098321 0.038955493610047486 -0.25534403810223755
v 0.11405896725856941 0.026062574563954916 -0.2749247491827748
v 0.1176629326235412 0.06903005313065712 -0.25667271215683723
v 0.12727468425190086 0.0516952775934402 -0.2690378024209753
v 0.1220796865622778 0.03507098181865097 -0.2846076597911758
v 0.1152128772508883 0.07854088487736913 -0.2686219131938227
v 0.1238103471048358 0.0651455413392606 -0.2859363338457755
v 0.11962963118962491 0.044581813565362984 -0.29655686082816124
v 0.10372782080011486 0.08298274136849348 -0.27583753401022193
v 0.10756782418861238 0.07142742084929192 -0.29614097160100866
v 0.10814457473885147 0.049023670056487334 -0.3037724816445605
v 0.09584974577626228 0.05679269363928037 -0.245245238266684
v 0.09642649632650137 0.034388942846475784 -0.2528767483102358
v 0.10026649971499887 0.02283362232727422 -0.27318018590102255
v 0.08436468932548882 0.06123455013040472 -0.25246085908308324
v 0.08018397341027794 0.0406708223565071 -0.263081386065469
v 0.08878144326422543 0.02727547881839857 -0.28039580671742176
v 0.08191463395283594 0.07074538187711674 -0.2644100601200687
v 0.0767196362632129 0.054121086102327506 -0.2799799174902692
v 0.08633138789157255 0.03678631056511058 -0.29234500775440725
v 0.08993535325654434 0.07975378913181279 -0.27409297072846966
v 0.08806204843413054 0.06686087008572021 -0.29367368180900694
v 0.09435210719528093 0.04579471781980664 -0.3020279183628082
vt 0.0625 0.46875
vt 0.06340625 0.46499046875000005
vt 0.067764375 0.46767390625000005
vt 0.5013359375 0.625
vt 0.500390625 0.6191953125
vt 0.505859375 0.6191953125
vt 0.505203125 0.625
vt 0.500390625 0.6191953125
vt 0.5013359375 0.6133906250000001
vt 0.505203125 0.6133906250000001
vt 0.505859375 0.6191953125
vt 0.31340625 0.48129859374999995
vt 0.3125 0.4775390625
vt 0.317764375 0.47861515624999995
vt 0.06340625 0.46499046875000005
vt 0.06635515625 0.46248875
vt 0.067764375 0.46767390625000005
vt 0.50065625 0.5625
vt 0.5 0.556696875
vt 0.50546875 0.556696875
vt 0.5045234375 0.5625
vt 0.5 0.556696875
vt 0.50065625 0.55089375
vt 0.5045234375 0.55089375
vt 0.50546875 0.556696875
vt 0.31635515625 0.4838003125
vt 0.31340625 0.48129859374999995
vt 0.317764375 0.47861515624999995
vt 0.06635515625 0.46248875
vt 0.06992390625 0.46248875
vt 0.06776453125 0.46767468749999996
vt 0.1880828125 0.5
vt 0.1875 0.484375
vt 0.1925453125 0.484375
vt 0.1916515625 0.5
vt 0.09375 0.5
vt 0.0943328125 0.484375
vt 0.0979015625 0.484375
vt 0.0987953125 0.5
vt 0.31992390625 0.4838003125
vt 0.31635515625 0.4838003125
vt 0.31776453125 0.47861437500000004
vt 0.09413859375 0.46248875
vt 0.09770734375 0.46248875
vt 0.09629796875 0.46767468749999996
vt 0.5017078125 0.78125
vt 0.5008140625 0.765625
vt 0.505859375 0.765625
vt 0.5052765625 0.78125
vt 0.5008140625 0.90625
vt 0.5017078125 0.890625
vt 0.5052765625 0.890625
vt 0.505859375 0.90625
vt 0.51958234375 0.6869253125
vt 0.51601359375 0.6869253125
vt 0.51817296875 0.681739375
vt 0.4378375 0.46356406250000004
vt 0.44140625 0.46356406250000004
vt 0.4399984375 0.46875
vt 0.5017078125 0.8125
vt 0.5008140625 0.796875
vt 0.505859375 0.796875
vt 0.5052765625 0.8125
vt 0.5008140625 0.875
vt 0.5017078125 0.859375
vt 0.5052765625 0.859375
vt 0.505859375 0.875
vt 0.53515625 0.5618265625000001
vt 0.5315875 0.5618265625000001
vt 0.5337484375 0.556640625
vt 0.46875 0.46356406250000004
vt 0.47231875 0.46356406250000004
vt 0.4701578125 0.46875
vt 0.21875 0.484375
vt 0.2237953125 0.484375
vt 0.2229015625 0.5
vt 0.2193328125 0.5
vt 0.5005828125 0.828125
vt 0.5041515625 0.828125
vt 0.5050453125 0.84375
vt 0.5 0.84375
vt 0.53481875 0.5305765625000001
vt 0.53125 0.5305765625000001
vt 0.5326578125 0.525390625
vt 0.10065625 0.46499046875000005
vt 0.1015625 0.46875
vt 0.096298125 0.46767390625000005
vt 0.40625 0.49419531250000004
vt 0.41171875 0.49419531250000004
vt 0.4107734375 0.5
vt 0.40690625 0.5
vt 0.40690625 0.48839062499999997
vt 0.4107734375 0.48839062499999997
vt 0.41171875 0.49419531250000004
vt 0.40625 0.49419531250000004
vt 0.5234375 0.6806640625
vt 0.52253125 0.6844235937500001
vt 0.518173125 0.6817401562500001
vt 0.09770734375 0.46248875
vt 0.10065625 0.46499046875000005
vt 0.096298125 0.46767390625000005
vt 0.469140625 0.494196875
vt 0.474609375 0.494196875
vt 0.473953125 0.5
vt 0.4700859375 0.5
vt 0.4700859375 0.48839374999999996
vt 0.473953125 0.48839374999999996
vt 0.474609375 0.494196875
vt 0.469140625 0.494196875
vt 0.52253125 0.6844235937500001
vt 0.51958234375 0.6869253125
vt 0.518173125 0.6817401562500001
vn 0.31123063583933747 0.553356250851176 0.7726139727955819
vn 0.7777208348017723 -0.016981214587950294 0.6283804114279441
vn 0.8389571171427731 -0.4879204644893234 0.2410074188235923
vn 0.48762044650434144 -0.8028511001061088 -0.3430108033419906
vn 0.3738456321151356 0.7615149363247886 0.5294661888191616
vn 0.9044350777909792 0.40423989737179744 0.13633523181505294
vn 0.9656778766213988 -0.06664495873201398 -0.2510471829748236
vn 0.5502354427801395 -0.5946924146324963 -0.5861585873184108
vn 0.1685951150932777 0.9363173591524246 0.30803488457724054
vn 0.5196314350644307 0.7810800458906353 -0.34626165482819987
vn 0.5854666233792878 0.27487016296511185 -0.7626763575858297
vn 0.34795642027341767 -0.4427369050679535 -0.8263839074433619
vn -0.1942482223332762 0.9537278550443354 0.22950121270462437
vn -0.2566318838463828 0.8183291919253317 -0.5142736721204872
vn -0.19078895144404828 0.31211441795609013 -0.9306901558041816
vn -0.014886917153136215 -0.4253264091760427 -0.904917579315978
vn 0.01488691715313627 0.4253264091760427 0.904917579315978
vn 0.19079299187725887 -0.3121140713876252 0.9306894437417697
vn 0.25662796086182105 -0.8183304415205663 0.514273641347346
vn 0.19424822233327627 -0.9537278550443354 -0.22950121270462437
vn -0.3479564202734177 0.4427369050679535 0.8263839074433619
vn -0.5854696143552409 -0.27486626903658823 0.7626754649342218
vn -0.5196272685597888 -0.7810829931347878 0.3462612591738992
vn -0.16859511509327776 -0.9363173591524246 -0.30803488457724054
vn -0.5502354427801395 0.5946924146324963 0.5861585873184108
vn -0.9656778285016924 0.0666731677156845 0.25103987780233755
vn -0.9044238904288759 -0.4042669293696231 -0.13632929340223626
vn -0.3738456321151356 -0.7615149363247886 -0.5294661888191616
vn -0.48762044650434144 0.8028511001061088 0.3430108033419906
vn -0.8389721791812746 0.4878946920298005 -0.24100716182090864
vn -0.7777152839817095 0.01700915953275878 -0.6283865255980894
vn -0.31123063583933747 -0.553356250851176 -0.7726139727955819
usemtl m_b9306b6b-3402-fb8c-6949-e2c979050137
f 1748/7061/1898 1751/7062/1898 1747/7063/1898
f 1748/7064/1899 1749/7065/1899 1752/7066/1899 1751/7067/1899
f 1749/7068/1900 1750/7069/1900 1753/7070/1900 1752/7071/1900
f 1753/7072/1901 1750/7073/1901 1746/7074/1901
f 1751/7075/1902 1754/7076/1902 1747/7077/1902
f 1751/7078/1903 1752/7079/1903 1755/7080/1903 1754/7081/1903
f 1752/7082/1904 1753/7083/1904 1756/7084/1904 1755/7085/1904
f 1756/7086/1905 1753/7087/1905 1746/7088/1905
f 1754/7089/1906 1757/7090/1906 1747/7091/1906
f 1754/7092/1907 1755/7093/1907 1758/7094/1907 1757/7095/1907
f 1755/7096/1908 1756/7097/1908 1759/7098/1908 1758/7099/1908
f 1759/7100/1909 1756/7101/1909 1746/7102/1909
f 1757/7103/1910 1769/7104/1910 1747/7105/1910
f 1757/7106/1911 1758/7107/1911 1770/7108/1911 1769/7109/1911
f 1758/7110/1912 1759/7111/1912 1771/7112/1912 1770/7113/1912
f 1771/7114/1913 1759/7115/1913 1746/7116/1913
f 1760/7117/1914 1748/7118/1914 1747/7119/1914
f 1760/7120/1915 1761/7121/1915 1749/7122/1915 1748/7123/1915
f 1761/7124/1916 1762/7125/1916 1750/7126/1916 1749/7127/1916
f 1750/7128/1917 1762/7129/1917 1746/7130/1917
f 1763/7131/1918 1760/7132/1918 1747/7133/1918
f 1764/7134/1919 1761/7135/1919 1760/7136/1919 1763/7137/1919
f 1765/7138/1920 1762/7139/1920 1761/7140/1920 1764/7141/1920
f 1762/7142/1921 1765/7143/1921 1746/7144/1921
f 1766/7145/1922 1763/7146/1922 1747/7147/1922
f 1767/7148/1923 1764/7149/1923 1763/7150/1923 1766/7151/1923
f 1768/7152/1924 1765/7153/1924 1764/7154/1924 1767/7155/1924
f 1765/7156/1925 1768/7157/1925 1746/7158/1925
f 1769/7159/1926 1766/7160/1926 1747/7161/1926
f 1770/7162/1927 1767/7163/1927 1766/7164/1927 1769/7165/1927
f 1771/7166/1928 1768/7167/1928 1767/7168/1928 1770/7169/1928
f 1768/7170/1929 1771/7171/1929 1746/7172/1929
o sphere
v 0.10238589783015417 0.07663106604401825 -0.2710456787095203
v 0.1120773404131303 0.06395724835084031 -0.25616729045968484
v 0.11609184586758577 0.04083600316425808 -0.2539666565432086
v 0.12061029335806107 0.0668204362399185 -0.269082296418532
v 0.1281588920481115 0.04488513716803722 -0.2722311197265223
v 0.11846744946513538 0.0701958863033738 -0.28430796772344646
v 0.1251287408485364 0.049658687650922365 -0.29376321448233245
v 0.10690434532062949 0.07210624889718074 -0.2929250565204094
v 0.10877600688215924 0.05236045377405382 -0.30595009390884764
v 0.09786745033967885 0.06328356441051647 -0.2531284985812855
v 0.09599578877814911 0.03988317786898684 -0.24966873938132433
v 0.08630434619517297 0.06519392700432342 -0.26174558737824843
v 0.07964305481177195 0.0425849439921183 -0.26185561880783953
v 0.08416150230224727 0.06856937706777871 -0.2769712586831629
v 0.07661290361219684 0.04735849447500343 -0.2833877135636496
v 0.09269445524717804 0.0714325649568569 -0.2898862646420101
v 0.08867994979272259 0.05140762847878258 -0.3016521767469634
v 0.1069043453206295 0.02896006723252419 -0.3024903347088864
v 0.09269445524717805 0.02828638329220035 -0.29945154283048714
v 0.1023858978301542 0.015612565599022406 -0.2845731545806517
v 0.08416150230224728 0.025423195403122156 -0.28653653687163994
v 0.08630434619517299 0.022047745339666858 -0.2713108655667255
v 0.11207734041313033 0.020811066686183752 -0.26573256864816186
v 0.09786745033967888 0.020137382745859907 -0.2626937767697626
v 0.1206102933580611 0.02367425457526194 -0.278647574607009
v 0.11846744946513539 0.027049704638717243 -0.2938732459119235
vt 0.25 0.484375
vt 0.25090078125 0.48054515625000005
vt 0.25533765625 0.48325328125
vt 0.3137515625 0.546875
vt 0.31279375 0.53125
vt 0.318359375 0.53125
vt 0.3176875 0.546875
vt 0.25090078125 0.48054515625000005
vt 0.2538953125 0.477993125
vt 0.25533765625 0.48325328125
vt 0.453796875 0.96875
vt 0.453125 0.953125
vt 0.458690625 0.953125
vt 0.45773125 0.96875
vt 0.2538953125 0.477993125
vt 0.25753125 0.477993125
vt 0.2553375 0.4832525
vt 0.4380984375 0.53125
vt 0.4375 0.515625
vt 0.44264375 0.515625
vt 0.441734375 0.53125
vt 0.51590625 0.743618125
vt 0.5195421875 0.743618125
vt 0.5181 0.7488775
vt 0.470375 0.5625
vt 0.469465625 0.546875
vt 0.474609375 0.546875
vt 0.4740109375 0.5625
vt 0.53151875 0.8384906249999999
vt 0.53515625 0.8384906249999999
vt 0.5337125 0.84375
vt 0.157875 0.515625
vt 0.1569671875 0.5
vt 0.162109375 0.5
vt 0.1615125 0.515625
vt 0.1875 0.46349062500000004
vt 0.1911375 0.46349062500000004
vt 0.18894375 0.46875
vt 0.25 0.5
vt 0.2551421875 0.5
vt 0.254234375 0.515625
vt 0.250596875 0.515625
vt 0.52253671875 0.74617015625
vt 0.5234375 0.75
vt 0.51809984375 0.74887828125
vt 0.453125 0.671875
vt 0.458690625 0.671875
vt 0.4577328125 0.6875
vt 0.453796875 0.6875
vt 0.5195421875 0.743618125
vt 0.52253671875 0.74617015625
vt 0.51809984375 0.74887828125
vt 0.45341875 0.921875
vt 0.458984375 0.921875
vt 0.4583125 0.9375
vt 0.454378125 0.9375
vt 0.469465625 0.59375
vt 0.470375 0.578125
vt 0.4740109375 0.578125
vt 0.474609375 0.59375
vt 0.51652484375 0.93449421875
vt 0.515625 0.9306640625
vt 0.52096234375 0.9317871875
vt 0.51951859375 0.9370468750000001
vt 0.51652484375 0.93449421875
vt 0.52096234375 0.9317871875
vt 0.51954390625 0.9682968750000001
vt 0.51590640625 0.9682968750000001
vt 0.51810015625 0.9630375
vt 0.52315609375 0.9370468750000001
vt 0.51951859375 0.9370468750000001
vt 0.52096234375 0.9317875
vt 0.5234375 0.9619140625
vt 0.52253765625 0.96574421875
vt 0.51810015625 0.9630371875
vt 0.5348859375 0.7806500000000001
vt 0.53125 0.7806500000000001
vt 0.5326921875 0.775390625
vt 0.53515625 0.6556500000000001
vt 0.5315203125 0.6556500000000001
vt 0.5337140625 0.650390625
vt 0.52253765625 0.96574421875
vt 0.51954390625 0.9682968750000001
vt 0.51810015625 0.9630371875
vt 0.125596875 0.5
vt 0.129234375 0.5
vt 0.1301421875 0.515625
vt 0.125 0.515625
vt 0.344421875 0.53125
vt 0.34835625 0.53125
vt 0.349315625 0.546875
vt 0.34375 0.546875
vt 0.126253125 0.53125
vt 0.1301875 0.53125
vt 0.130859375 0.546875
vt 0.12529375 0.546875
vt 0.4850921875 0.9375
vt 0.486 0.921875
vt 0.4896375 0.921875
vt 0.490234375 0.9375
vt 0.40625 0.53125
vt 0.4068484375 0.515625
vt 0.410484375 0.515625
vt 0.41139375 0.53125
vt 0.15625 0.546875
vt 0.156921875 0.53125
vt 0.16085625 0.53125
vt 0.161815625 0.546875
vt 0.03154375 0.53125
vt 0.032503125 0.515625
vt 0.0364375 0.515625
vt 0.037109375 0.53125
vn 0.3893893409194151 0.8107961288226576 0.43701896831205866
vn 0.7984620520461908 0.19291570789640602 0.5702998168411199
vn 0.45905624305306164 0.878811647204152 0.13022079116766938
vn 0.9413143449036118 0.33237304383466737 -0.05878319326782756
vn 0.2639826773886648 0.953904278823684 -0.14275774192869364
vn 0.5717903815910744 0.4888074837017999 -0.6588801130684158
vn -0.09309274106233055 0.9710380097339335 -0.22004300764501372
vn -0.2016511804800701 0.5259287866671273 -0.8262782296332379
vn 0.09309274106232958 0.7870651163313032 0.6098050870695443
vn 0.20165118048006977 0.12745308566137334 0.9711295033961173
vn -0.2639826773886658 0.8041988472415524 0.5325198213532242
vn -0.5717882709604547 0.1645654231441381 0.803726567121832
vn -0.45905624305306264 0.8515075236054067 0.2533817336695673
vn -0.9413121202097059 0.2763961744077832 0.1937437666585709
vn -0.38938934091941607 0.919523041986901 -0.05341644347482202
vn -0.7984639391287257 0.415853707643499 -0.435340133401682
vn -0.20163462586037775 -0.1274548831060425 -0.9711327048486065
vn -0.3893893409194151 -0.8107961288226576 -0.43701896831205866
vn -0.45905624305306164 -0.878811647204152 -0.13022079116766938
vn 0.09309274106233059 -0.9710380097339335 0.22004300764501367
vn -0.2639826773886649 -0.953904278823684 0.14275774192869364
vn 0.45905624305306264 -0.8515075236054067 -0.2533817336695673
vn 0.2639826773886658 -0.8041988472415524 -0.5325198213532243
vn -0.09309274106232952 -0.7870651163313032 -0.6098050870695443
vn 0.38938934091941607 -0.919523041986901 0.05341644347482202
vn -0.5717744238860221 -0.4888208899946578 0.658884015358271
vn -0.9413101298700658 -0.3323835521768986 0.058791271854478716
vn -0.7984584932541254 -0.1929056429599233 -0.5703082039253605
vn 0.20163462586037809 -0.5259317686975139 0.826280371501617
vn 0.5717774087486828 -0.16455138979582332 -0.8037371678359195
vn 0.9413132760172367 -0.27638599416767473 -0.19375267384385653
vn 0.7984558245698593 -0.4158636243686439 0.43534554337611125
usemtl m_b9306b6b-3402-fb8c-6949-e2c979050137
f 1773/7173/1930 1775/7174/1930 1772/7175/1930
f 1773/7176/1931 1774/7177/1931 1776/7178/1931 1775/7179/1931
f 1775/7180/1932 1777/7181/1932 1772/7182/1932
f 1775/7183/1933 1776/7184/1933 1778/7185/1933 1777/7186/1933
f 1777/7187/1934 1779/7188/1934 1772/7189/1934
f 1777/7190/1935 1778/7191/1935 1780/7192/1935 1779/7193/1935
f 1779/7194/1936 1787/7195/1936 1772/7196/1936
f 1779/7197/1937 1780/7198/1937 1788/7199/1937 1787/7200/1937
f 1781/7201/1938 1773/7202/1938 1772/7203/1938
f 1781/7204/1939 1782/7205/1939 1774/7206/1939 1773/7207/1939
f 1783/7208/1940 1781/7209/1940 1772/7210/1940
f 1784/7211/1941 1782/7212/1941 1781/7213/1941 1783/7214/1941
f 1785/7215/1942 1783/7216/1942 1772/7217/1942
f 1786/7218/1943 1784/7219/1943 1783/7220/1943 1785/7221/1943
f 1787/7222/1944 1785/7223/1944 1772/7224/1944
f 1788/7225/1945 1786/7226/1945 1785/7227/1945 1787/7228/1945
f 1780/7229/1946 1789/7230/1946 1790/7231/1946 1788/7232/1946
f 1792/7233/1947 1790/7234/1947 1791/7235/1947
f 1793/7236/1948 1792/7237/1948 1791/7238/1948
f 1794/7239/1949 1795/7240/1949 1791/7241/1949
f 1795/7242/1950 1793/7243/1950 1791/7244/1950
f 1797/7245/1951 1796/7246/1951 1791/7247/1951
f 1789/7248/1952 1797/7249/1952 1791/7250/1952
f 1790/7251/1953 1789/7252/1953 1791/7253/1953
f 1796/7254/1954 1794/7255/1954 1791/7256/1954
f 1793/7257/1955 1795/7258/1955 1782/7259/1955 1784/7260/1955
f 1792/7261/1956 1793/7262/1956 1784/7263/1956 1786/7264/1956
f 1790/7265/1957 1792/7266/1957 1786/7267/1957 1788/7268/1957
f 1782/7269/1958 1795/7270/1958 1794/7271/1958 1774/7272/1958
f 1778/7273/1959 1797/7274/1959 1789/7275/1959 1780/7276/1959
f 1776/7277/1960 1796/7278/1960 1797/7279/1960 1778/7280/1960
f 1774/7281/1961 1794/7282/1961 1796/7283/1961 1776/7284/1961
o Right Foot
v 0.07710096481723551 0.04206123668071275 -0.2594933277848529
v 0.10276760331626524 0.053541838270057124 -0.3719194453899717
v 0.0703371543519628 0.0034304052635534717 -0.2584993948333859
v 0.09307298396556432 0.03020980493387178 -0.3792934606492555
v 0.11737317511093276 0.040128834788343684 -0.25077682613645097
v 0.1415485214590868 0.051680993805338804 -0.3635257184389742
v 0.11955955829093205 0.0010685416900136462 -0.24784571672773004
v 0.15124314080978774 0.027418596794427402 -0.3667031343591729
v 0.08650986538464227 0.05124710873606045 -0.3009281189784614
v 0.12678207567833952 0.04931470684369138 -0.29221161733005946
v 0.13776544604986207 0.014260377215130723 -0.3073502414097868
v 0.07959528920563866 0.017051585354575093 -0.3199405676998694
v 0.1308994403967106 0.04416822357809355 -0.26899733149997285
v 0.07272928355248716 0.04695943171753793 -0.2815876577900555
v 0.07272928355248719 0.01034833145054042 -0.28970414331273436
v 0.13089944039671061 0.007557123311096051 -0.27711381702265175
v 0.10181436197459888 0.04556382764781574 -0.2752924946450142
v 0.09520267286782468 0.03910886197255373 -0.24617602608276315
v 0.09393122541069705 0.0012564526298997104 -0.2486933282022053
v 0.1018143619745989 0.008952727380818235 -0.28340898016769306
v 0.10969749853850073 0.016649002131736756 -0.31812463213318076
v 0.12215806238767603 0.02881420086414959 -0.3729982975042142
v 0.12215806238767601 0.052611416037697964 -0.36772258191447293
v 0.10842605108137307 0.05201879332307775 -0.30440896320726524
v 0.09405838368388568 0.01968614687778479 -0.24519506335330787
v 0.06667652390978913 0.022172096512816396 -0.2564084575117206
v 0.06825418672985117 0.028868612424624546 -0.2866144887800219
v 0.07989990212333753 0.03508202786334042 -0.3146413946362227
v 0.09307298396556431 0.04485424504067079 -0.376046866440184
v 0.15124314080978774 0.04206303690122641 -0.36345654015010137
v 0.13695220003940864 0.03234445851581757 -0.3022930173009866
v 0.1353745372193466 0.02564794260400942 -0.27208698603268533
v 0.12372882182586024 0.019434527165293543 -0.24406008017648456
v 0.14249033121308868 0.050374925114250374 -0.3857889273968502
v 0.12673535439819075 0.04426632285753636 -0.3907207695317728
v 0.14854946830727678 0.04321960516583644 -0.3859993311388884
v 0.12673535439819075 0.051130904157598384 -0.38919892849627047
v 0.10492124048910476 0.04531304054923627 -0.3954422079246572
v 0.11098037758329284 0.05188688320094642 -0.39260892959569077
v 0.12673535439819078 0.03328299277743711 -0.39315571518857645
v 0.14854946830727678 0.03223627508573719 -0.3884342767956921
v 0.10492124048910476 0.03432971046913702 -0.3978771535814608
vt 0.0553978125 0.8125
vt 0.05289171875 0.8075475
vt 0.06053265625 0.80629015625
vt 0.06110359375 0.8109340625
vt 0.00030484375 0.90813
vt 0.00775328125 0.9081284375
vt 0.00775328125 0.9157659375
vt 0.00259703125 0.9137096875
vt 0.0316140625 0.98276875
vt 0.0390625 0.98159375
vt 0.0390625 0.9907
vt 0.0316140625 0.9906984375
vt 0.3311653125 0.703125
vt 0.32894640625 0.6979101562500001
vt 0.33633390625 0.69718015625
vt 0.3365625 0.70189296875
vt 0.505859375 0.5
vt 0.505859375 0.49824218750000004
vt 0.5114453125 0.49824218750000004
vt 0.50989375 0.5
vt 0.1954521875 0.88956171875
vt 0.1952921875 0.88473875
vt 0.20303578125 0.8847878125
vt 0.20133453125 0.8899115625
vt 0.0025965625 0.91370953125
vt 0.00775328125 0.9157659375
vt 0.00761875 0.93196375
vt 0.00266921875 0.93192265625
vt 0.2012859375 0.89005765625
vt 0.20303578125 0.8847878125
vt 0.21881671875 0.88294359375
vt 0.2190259375 0.88611046875
vt 0.0316140625 0.9672015625
vt 0.0390625 0.9672015625
vt 0.0390625 0.98159375
vt 0.0316140625 0.98276875
vt 0.03731703125 0.81129078125
vt 0.0371459375 0.8078815625
vt 0.05303578125 0.8078321875
vt 0.0553978125 0.8125
vt 0.00259703125 0.9028425
vt 0.00775328125 0.9004925
vt 0.00775328125 0.9081284375
vt 0.00030484375 0.90813
vt 0.06110359375 0.8109340625
vt 0.0605146875 0.80614453125
vt 0.06823203125 0.80550390625
vt 0.066705 0.81079359375
vt 0.0316140625 0.9906984375
vt 0.0390625 0.9907
vt 0.0390625 0.9998046875
vt 0.0327609375 0.9986296875
vt 0.189921875 0.890625
vt 0.18757484375 0.8854671875
vt 0.19529734375 0.8848946875
vt 0.1954521875 0.88956171875
vt 0.01520171875 0.9081284375
vt 0.00775328125 0.9081284375
vt 0.00775328125 0.9004925
vt 0.01290953125 0.9028425
vt 0.3365625 0.70189296875
vt 0.3363265625 0.69702890625
vt 0.34375 0.69702890625
vt 0.3420546875 0.7022664062499999
vt 0.0453640625 0.9986296875
vt 0.0390625 0.9998046875
vt 0.0390625 0.9907
vt 0.0465109375 0.9907
vt 0.0465109375 0.9907
vt 0.0390625 0.9907
vt 0.0390625 0.98159375
vt 0.0465109375 0.98276875
vt 0.0465109375 0.98276875
vt 0.0390625 0.98159375
vt 0.0390625 0.9672015625
vt 0.0465109375 0.9672015625
vt 0.501825 0.5
vt 0.5002734375 0.49824218750000004
vt 0.505859375 0.49824218750000004
vt 0.505859375 0.5
vt 0.01258421875 0.93200484375
vt 0.00761875 0.93196375
vt 0.007753125 0.91576734375
vt 0.0129259375 0.9137978125
vt 0.0129409375 0.91379203125
vt 0.007753125 0.91576734375
vt 0.00787265625 0.90813078125
vt 0.01532015625 0.90824734375
vt 0.3358975 0.69250984375
vt 0.33633390625 0.69718015625
vt 0.32894640625 0.6979101562500001
vt 0.3295178125 0.69314171875
vt 0.06829265625 0.80070109375
vt 0.06823203125 0.80550390625
vt 0.0605146875 0.80614453125
vt 0.06030609375 0.8013264062500001
vt 0.06030609375 0.8013264062500001
vt 0.06051484375 0.8061476562500001
vt 0.05277125 0.80617671875
vt 0.05248859375 0.8016653125
vt 0.05248859375 0.8016653125
vt 0.05278234375 0.806354375
vt 0.03692140625 0.805416875
vt 0.03692140625 0.8016684375
vt 0.5114453125 0.49542968750000005
vt 0.5114453125 0.49824218750000004
vt 0.505859375 0.49824218750000004
vt 0.505859375 0.49542968750000005
vt 0.505859375 0.49542968750000005
vt 0.505859375 0.49824218750000004
vt 0.5002734375 0.49824218750000004
vt 0.5002734375 0.49542968750000005
vt 0.21889828125 0.8801003125
vt 0.21889828125 0.8838503125
vt 0.20303578125 0.8847878125
vt 0.20333109375 0.8801003125
vt 0.20333125 0.8800990625
vt 0.20303578125 0.8847878125
vt 0.1952921875 0.88473875
vt 0.1955121875 0.8801025
vt 0.1955209375 0.8799184375
vt 0.1952921875 0.88473875
vt 0.18757765625 0.88406625
vt 0.18753640625 0.87926796875
vt 0.3427125 0.69233984375
vt 0.34375 0.69702890625
vt 0.3363265625 0.69702890625
vt 0.3363015625 0.6923382812500001
vt 0.22448328125 0.88325828125
vt 0.22457296875 0.8856009375
vt 0.2190409375 0.8863371875
vt 0.21881671875 0.88294359375
vt 0.01160734375 0.9375
vt 0.007573125 0.9374665625
vt 0.00761875 0.93196375
vt 0.01258421875 0.93200484375
vt 0.031744375 0.8112225
vt 0.03155140625 0.8088865625
vt 0.0371465625 0.8078928125
vt 0.03731703125 0.81129078125
vt 0.007573125 0.9374665625
vt 0.00353890625 0.93743328125
vt 0.00265328125 0.93192265625
vt 0.00761875 0.93196375
vt 0.22450296875 0.8801003125
vt 0.22450296875 0.8829128125
vt 0.21889828125 0.8838503125
vt 0.21889828125 0.8801003125
vt 0.0390625 0.9619140625
vt 0.0446484375 0.9619140625
vt 0.0465109375 0.9672015625
vt 0.0390625 0.9672015625
vt 0.03131671875 0.804479375
vt 0.03131671875 0.801666875
vt 0.03692140625 0.801666875
vt 0.03692140625 0.805416875
vt 0.0334765625 0.9619140625
vt 0.0390625 0.9619140625
vt 0.0390625 0.9672015625
vt 0.0316140625 0.9672015625
vn -0.8204755685941947 0.5258194093052555 -0.22435193366205938
vn -5.48172618408671e-16 0.9762960071199334 0.2164396139381029
vn 5.48172618408671e-16 -0.9762960071199334 -0.2164396139381029
vn -0.3353436945776213 0.31355421780021747 0.8883852537085052
vn 0.21643961393810288 0.21130913087034986 -0.9531538935183251
vn 0.9708922597540532 0.2180738709641289 0.09905557406016485
vn -0.0349059062907302 0.9993890114115022 0.0017836972734965048
vn 0.8882826290895157 0.37376245703410776 0.2669374394303742
vn 5.48172618408671e-16 -0.9762960071199334 -0.2164396139381029
vn -0.6618128354402479 0.7493245367929784 -0.022726843303190174
vn -5.48172618408671e-16 0.9762960071199334 0.2164396139381029
vn -0.9708922597540535 0.23950474192904858 0.0023871621578125672
vn 5.48172618408671e-16 -0.9762960071199334 -0.2164396139381029
vn 0.8169416898584748 0.389072186615233 0.42571012317493795
vn -5.48172618408671e-16 0.9762960071199334 0.2164396139381029
vn -0.037726460802605145 0.05262262452516657 0.9979015850991485
vn 5.48172618408671e-16 -0.9762960071199334 -0.2164396139381029
vn 5.48172618408671e-16 -0.9762960071199334 -0.2164396139381029
vn 5.48172618408671e-16 -0.9762960071199334 -0.2164396139381029
vn 0.21643961393810288 0.21130913087034986 -0.9531538935183251
vn 0.043846907629197455 0.9988602373340619 0.018859346868286612
vn -5.48172618408671e-16 0.9762960071199334 0.2164396139381029
vn -0.3866269920272204 -0.16940944639861968 0.9065428883990526
vn -0.9792228532267686 -0.18107725343120834 -0.09128872881268844
vn -0.9008500891408628 -0.14969197946445809 -0.40750635354422626
vn -0.9773965606068343 0.07464557843372176 -0.19779787899324444
vn 0.21643961393810288 0.21130913087034986 -0.9531538935183251
vn 0.21643961393810288 0.21130913087034986 -0.9531538935183251
vn 0.974303285102789 -0.04875088316531349 0.21990102325481728
vn 0.99788286200927 0.028530980720658676 0.0584446477216332
vn 0.9008500891408631 -0.3078866334287196 0.3060636173262488
vn -0.03914083364613449 -0.19319264128775 0.9803798235856083
vn 0.7630485705470684 0.6463165698891106 -0.005636530213719183
vn 0.059927979576539746 0.9966344445449591 -0.05593229130327855
vn -0.6067803663834194 0.7117717822083381 -0.353834024683282
vn 0.059927979576539746 0.9966344445449591 -0.05593229130327855
vn 0.9927569903858879 0.026002999766356928 -0.11729195216682628
vn 5.48172618408671e-16 -0.9762960071199334 -0.2164396139381029
vn -0.8489701413317303 0.1143755268415739 -0.5159146615351172
vn 5.48172618408671e-16 -0.9762960071199334 -0.2164396139381029
usemtl m_b9306b6b-3402-fb8c-6949-e2c979050137
f 1806/7285/1962 1825/7286/1962 1824/7287/1962 1811/7288/1962
f 1811/7289/1963 1814/7290/1963 1821/7291/1963 1806/7292/1963
f 1809/7293/1964 1818/7294/1964 1817/7295/1964 1812/7296/1964
f 1798/7297/1965 1823/7298/1965 1822/7299/1965 1815/7300/1965
f 1834/7301/1966 1832/7302/1966 1835/7303/1966 1836/7304/1966
f 1810/7305/1967 1829/7306/1967 1828/7307/1967 1807/7308/1967
f 1806/7309/1968 1821/7310/1968 1820/7311/1968 1799/7312/1968
f 1807/7313/1969 1828/7314/1969 1827/7315/1969 1803/7316/1969
f 1801/7317/1970 1819/7318/1970 1818/7319/1970 1809/7320/1970
f 1799/7321/1971 1826/7322/1971 1825/7323/1971 1806/7324/1971
f 1798/7325/1972 1815/7326/1972 1814/7327/1972 1811/7328/1972
f 1811/7329/1973 1824/7330/1973 1823/7331/1973 1798/7332/1973
f 1812/7333/1974 1817/7334/1974 1816/7335/1974 1800/7336/1974
f 1802/7337/1975 1830/7338/1975 1829/7339/1975 1810/7340/1975
f 1810/7341/1976 1814/7342/1976 1815/7343/1976 1802/7344/1976
f 1815/7345/1977 1822/7346/1977 1830/7347/1977 1802/7348/1977
f 1804/7349/1978 1816/7350/1978 1817/7351/1978 1813/7352/1978
f 1813/7353/1979 1817/7354/1979 1818/7355/1979 1808/7356/1979
f 1808/7357/1980 1818/7358/1980 1819/7359/1980 1805/7360/1980
f 1831/7361/1981 1833/7362/1981 1832/7363/1981 1834/7364/1981
f 1803/7365/1982 1820/7366/1982 1821/7367/1982 1807/7368/1982
f 1807/7369/1983 1821/7370/1983 1814/7371/1983 1810/7372/1983
f 1816/7373/1984 1822/7374/1984 1823/7375/1984 1800/7376/1984
f 1800/7377/1985 1823/7378/1985 1824/7379/1985 1812/7380/1985
f 1812/7381/1986 1824/7382/1986 1825/7383/1986 1809/7384/1986
f 1809/7385/1987 1825/7386/1987 1826/7387/1987 1801/7388/1987
f 1839/7389/1988 1835/7390/1988 1832/7391/1988 1837/7392/1988
f 1837/7393/1989 1832/7394/1989 1833/7395/1989 1838/7396/1989
f 1805/7397/1990 1827/7398/1990 1828/7399/1990 1808/7400/1990
f 1808/7401/1991 1828/7402/1991 1829/7403/1991 1813/7404/1991
f 1813/7405/1992 1829/7406/1992 1830/7407/1992 1804/7408/1992
f 1804/7409/1993 1830/7410/1993 1822/7411/1993 1816/7412/1993
f 1833/7413/1994 1831/7414/1994 1803/7415/1994 1827/7416/1994
f 1831/7417/1995 1834/7418/1995 1820/7419/1995 1803/7420/1995
f 1836/7421/1996 1835/7422/1996 1826/7423/1996 1799/7424/1996
f 1834/7425/1997 1836/7426/1997 1799/7427/1997 1820/7428/1997
f 1838/7429/1998 1833/7430/1998 1827/7431/1998 1805/7432/1998
f 1837/7433/1999 1838/7434/1999 1805/7435/1999 1819/7436/1999
f 1835/7437/2000 1839/7438/2000 1801/7439/2000 1826/7440/2000
f 1839/7441/2001 1837/7442/2001 1819/7443/2001 1801/7444/2001
o sphere
v -0.05116678236810834 0.21184139700474217 0.003071992099147852
v -0.032215482345594494 0.2123814108071409 0.07563614724857327
v -0.05549408578153359 0.18677496832747262 0.0705538360296027
v -0.07068728678777882 0.17601049134792668 0.04719554198217109
v -0.06889455002745314 0.18639312456779647 0.01924372192344399
v -0.06591199704432901 0.21050906234932779 0.07309801535904939
v -0.0854198019202404 0.2095753675960575 0.0507933902224503
v -0.07931246129024856 0.21012721858965164 0.021787901252890686
v -0.05821638424963868 0.23529364693420254 0.07090373797286688
v -0.07453717154679876 0.24462578959105274 0.047690374629769
v -0.07161684849555823 0.2349118031745264 0.01959362386670816
v -0.03691584261340161 0.24660997490734263 0.06525654305073889
v -0.04441343082495651 0.26063008251267145 0.03970397161712474
v -0.05031630685932116 0.24622813114766648 0.013946428944580164
v -0.03306595785438168 0.1779946766642166 0.06476171040314097
v -0.03929654324982696 0.16943338728134746 0.039046288807183485
v -0.04646642210030122 0.17761283290454044 0.013451596296982248
v -0.011766019921786039 0.1893109696256728 0.059114673408513146
v -0.014109388920179503 0.1792917163374304 0.03239489251958814
v -0.02516648416770558 0.18892912586599664 0.007804559302354436
v -0.004070407127095707 0.21409555421054755 0.05692039602233063
v -0.0032267585467378596 0.21434213833242566 0.02929187692690683
v -0.01747087137301525 0.2137137104508714 0.005610281916171918
v -0.01448831838989113 0.2378296482324027 0.05946457535177732
v -0.017959273679199438 0.24790701458055647 0.03288972516718605
v -0.027888782635810672 0.23744780447272656 0.00815446124561861
vt 0.33995421875 0.94159203125
vt 0.3408203125 0.94804515625
vt 0.3324534375 0.94550578125
vt 0.34375 0.828125
vt 0.3529578125 0.828125
vt 0.3514546875 0.84375
vt 0.34494375 0.84375
vt 0.34494375 0.796875
vt 0.3514546875 0.796875
vt 0.3529578125 0.8125
vt 0.34375 0.8125
vt 0.3251953125 0.76972890625
vt 0.3243284375 0.776181875
vt 0.31682671875 0.77226703125
vt 0.3351565625 0.93719046875
vt 0.33995421875 0.94159203125
vt 0.3324534375 0.94550578125
vt 0.3286828125 0.65625
vt 0.337890625 0.65625
vt 0.3366984375 0.671875
vt 0.3301859375 0.671875
vt 0.0958125 0.640625
vt 0.1023234375 0.640625
vt 0.103515625 0.65625
vt 0.0943078125 0.65625
vt 0.3243284375 0.776181875
vt 0.31953046875 0.7805831249999999
vt 0.31682796875 0.7722676562499999
vt 0.328964375 0.93719046875
vt 0.3351565625 0.93719046875
vt 0.3324534375 0.9455060937499999
vt 0.3594046875 0.953125
vt 0.3681640625 0.953125
vt 0.36704375 0.96875
vt 0.3608515625 0.96875
vt 0.3608515625 0.984375
vt 0.36704375 0.984375
vt 0.3681640625 1
vt 0.3594046875 1
vt 0.31953046875 0.7805831249999999
vt 0.31333828125 0.7805831249999999
vt 0.31682734375 0.7722659375
vt 0.161914375 0.6715639062500001
vt 0.1681065625 0.6715639062500001
vt 0.1646175 0.67987953125
vt 0.0003234375 0.59375
vt 0.00785625 0.59375
vt 0.0061765625 0.609375
vt 0 0.6091796875
vt 0.390625 0.953125
vt 0.3968171875 0.953125
vt 0.3982640625 0.96875
vt 0.39075 0.96850625
vt 0.134154375 0.6708984375
vt 0.1376953125 0.6759782812499999
vt 0.12932640625 0.678516875
vt 0.3408203125 0.94804515625
vt 0.337279375 0.953125
vt 0.33245234375 0.9455053125
vt 0.09375 0.96059390625
vt 0.1020234375 0.96059390625
vt 0.1014921875 0.96752671875
vt 0.09538125 0.96781890625
vt 0.09519859375 0.9533803125
vt 0.10138453125 0.95366078125
vt 0.1019225 0.96059390625
vt 0.09375 0.96059390625
vt 0.32165515625 0.7646484375
vt 0.3251953125 0.76972890625
vt 0.31682828125 0.7722665625
vt 0.1597909375 0.6875
vt 0.15625 0.6824201562500001
vt 0.16461796875 0.6798803124999999
vt 0.1014921875 0.96752578125
vt 0.1020234375 0.96059390625
vt 0.10889015625 0.96175421875
vt 0.10752734375 0.96875
vt 0.42264375 0.7185328125
vt 0.4234953125 0.703125
vt 0.4296875 0.703125
vt 0.4295625 0.71875
vt 0.13202828125 0.6868331249999999
vt 0.12583609375 0.6868331249999999
vt 0.12932671875 0.6785175
vt 0.15625 0.6824201562500001
vt 0.1571159375 0.67596703125
vt 0.16461671875 0.679880625
vt 0.2525515625 0.640625
vt 0.2505578125 0.63375
vt 0.259765625 0.63375
vt 0.2590625 0.640625
vt 0.2505578125 0.63375
vt 0.2525515625 0.6268750000000001
vt 0.2590625 0.6268750000000001
vt 0.259765625 0.63375
vt 0.13682703125 0.68243265625
vt 0.13202828125 0.6868331249999999
vt 0.12932625 0.6785159375
vt 0.1571159375 0.67596703125
vt 0.161914375 0.6715639062500001
vt 0.16461796875 0.67988125
vt 0.156953125 0.640625
vt 0.15625 0.63375
vt 0.1654578125 0.63375
vt 0.1634640625 0.640625
vt 0.15625 0.63375
vt 0.1569515625 0.6268750000000001
vt 0.1634640625 0.6268750000000001
vt 0.1654578125 0.63375
vt 0.1376953125 0.6759782812499999
vt 0.13682703125 0.68243265625
vt 0.1293275 0.6785165625
vn -0.066938995330391 -0.13534845359320669 0.9885342518163373
vn -0.6915539171425019 -0.37003653666375447 0.6203435670809809
vn -0.9052115608092041 -0.37613596017740686 -0.19777201429622235
vn -0.5412469559949841 -0.14886377154195934 -0.8275816033168373
vn -0.08086131479153999 0.11278471450349214 0.9903237127043607
vn -0.7281119099572405 0.2814020099080656 0.6250327634597407
vn -0.9417664119155307 0.2753262316218977 -0.19305825951932898
vn -0.5551692754561328 0.09926939655473944 -0.8257921424288138
vn 0.09203057903618349 0.3005153977501625 0.949326534042595
vn -0.28702707277255124 0.8018054056035187 0.5241407740679959
vn -0.5095636028435446 0.7954695232758204 -0.32798349378657043
vn -0.38499274194317346 0.2869227061095409 -0.8771863823440577
vn 0.35119271805652086 0.31554531261164015 0.8815298239270726
vn 0.4758400989118373 0.8224666948859114 0.3116484174049635
vn 0.19510921791586172 0.8363288494133025 -0.5123343134353606
vn -0.12583036587884014 0.30195262772554354 -0.9449821848227811
vn 0.12583400636603828 -0.30195257026981503 0.9449817184206922
vn -0.1082892019973404 -0.9350609156209654 0.3375418978569346
vn -0.39797172618128873 -0.9003112354915033 -0.1762333237729139
vn -0.35118931461331865 -0.3155452619104367 -0.8815311979659607
vn 0.38499612858866555 -0.28692235602797556 0.8771850104642096
vn 0.40245049256973964 -0.8933479466639559 0.1999075967082491
vn 0.35606610014625617 -0.8565772574980522 -0.3734867256861375
vn -0.09202695534669551 -0.3005150409140721 -0.9493269982856438
vn 0.5551741930542176 -0.0992712357415232 0.8257886152769057
vn 0.955352782286055 -0.29427148871559095 0.02655846959829357
vn 0.8214347398332663 -0.29809985459052346 -0.4861907494884731
vn 0.08086733572998497 -0.1127865222507956 -0.9903230151877238
vn 0.5412516341552142 0.14886619978156215 0.8275781069403096
vn 0.9164613203151221 0.3988779160342134 0.031544515632144686
vn 0.7825506709107469 0.3950747632325827 -0.4811760373437757
vn 0.06694477683098136 0.13535091327228974 -0.9885335235243201
usemtl m_b9306b6b-3402-fb8c-6949-e2c979050137
f 1845/7445/2002 1842/7446/2002 1841/7447/2002
f 1846/7448/2003 1843/7449/2003 1842/7450/2003 1845/7451/2003
f 1847/7452/2004 1844/7453/2004 1843/7454/2004 1846/7455/2004
f 1844/7456/2005 1847/7457/2005 1840/7458/2005
f 1848/7459/2006 1845/7460/2006 1841/7461/2006
f 1849/7462/2007 1846/7463/2007 1845/7464/2007 1848/7465/2007
f 1850/7466/2008 1847/7467/2008 1846/7468/2008 1849/7469/2008
f 1847/7470/2009 1850/7471/2009 1840/7472/2009
f 1851/7473/2010 1848/7474/2010 1841/7475/2010
f 1852/7476/2011 1849/7477/2011 1848/7478/2011 1851/7479/2011
f 1853/7480/2012 1850/7481/2012 1849/7482/2012 1852/7483/2012
f 1850/7484/2013 1853/7485/2013 1840/7486/2013
f 1863/7487/2014 1851/7488/2014 1841/7489/2014
f 1864/7490/2015 1852/7491/2015 1851/7492/2015 1863/7493/2015
f 1865/7494/2016 1853/7495/2016 1852/7496/2016 1864/7497/2016
f 1853/7498/2017 1865/7499/2017 1840/7500/2017
f 1842/7501/2018 1854/7502/2018 1841/7503/2018
f 1843/7504/2019 1855/7505/2019 1854/7506/2019 1842/7507/2019
f 1844/7508/2020 1856/7509/2020 1855/7510/2020 1843/7511/2020
f 1856/7512/2021 1844/7513/2021 1840/7514/2021
f 1854/7515/2022 1857/7516/2022 1841/7517/2022
f 1854/7518/2023 1855/7519/2023 1858/7520/2023 1857/7521/2023
f 1855/7522/2024 1856/7523/2024 1859/7524/2024 1858/7525/2024
f 1859/7526/2025 1856/7527/2025 1840/7528/2025
f 1857/7529/2026 1860/7530/2026 1841/7531/2026
f 1857/7532/2027 1858/7533/2027 1861/7534/2027 1860/7535/2027
f 1858/7536/2028 1859/7537/2028 1862/7538/2028 1861/7539/2028
f 1862/7540/2029 1859/7541/2029 1840/7542/2029
f 1860/7543/2030 1863/7544/2030 1841/7545/2030
f 1860/7546/2031 1861/7547/2031 1864/7548/2031 1863/7549/2031
f 1861/7550/2032 1862/7551/2032 1865/7552/2032 1864/7553/2032
f 1865/7554/2033 1862/7555/2033 1840/7556/2033
o Left Upper Leg
v -0.013988173055106704 0.17918230412054237 0.03236404927315877
v -0.017850977125476925 0.24802785923027185 0.03286054246319906
v -0.06778138129240022 0.18739501267378258 -0.15390193452645193
v -0.07088828310788467 0.24276835707899141 -0.1535025988196932
v -0.07079547830644967 0.1758877746911657 0.04722471118581301
v -0.0746582823768199 0.24473332980089518 0.0477212043758533
v -0.11602333927912488 0.18459722901524053 -0.14128194798645957
v -0.11913024109460932 0.23997057342044936 -0.14088261227970084
v -0.002969510772120626 0.21435580530505985 0.029224590811596875
v -0.08567690964812211 0.2095592046140292 0.050860658337300184
v -0.1289004418833402 0.211626875062206 -0.1381200362621186
v -0.058011145491985466 0.21573808702967742 -0.1566645150441492
v -0.04442653469136345 0.26089601254819206 0.03970541488362269
v -0.09263891519769257 0.25309667914722944 -0.14789893242127003
v -0.09043727548050949 0.2138575394653224 -0.14818191315407198
v -0.0882356707750103 0.17461902378576388 -0.14846488938675886
v -0.039279817161571424 0.16916766731593008 0.03904389797568441
v -0.04168925122255937 0.2121102609362961 0.039353586891129964
v -0.05110843460485168 0.25758725383903075 -0.0005135820665599575
v -0.02506453609381111 0.24609871904941627 -0.007229870102702846
v -0.010239816700860993 0.21580207335792903 -0.01087612075608324
v -0.021579648139199895 0.1839886452895986 -0.007677789051217382
v -0.046333471134456475 0.17248456554334127 -0.0011273167532160067
v -0.07825051636757953 0.18070202850077796 0.007147181246394463
v -0.09307520074884576 0.21099805018991666 0.010793427399659848
v -0.08173540432219074 0.24281210226059563 0.007595100194908999
v -0.08517495775253742 0.25337787481421453 -0.12239620383923824
v -0.11216324883332565 0.23998755933151608 -0.11524812700325804
v -0.12211433775329997 0.21106806273983586 -0.11243402410947281
v -0.10899308090507703 0.1834866426825338 -0.11565559441785789
v -0.08076092973122129 0.17470802672940522 -0.12296354684015323
v -0.05973086376433454 0.18634359608682652 -0.12854247843316732
v -0.049779774844360226 0.21526309267850674 -0.13135658132695252
v -0.06290103169258317 0.2428445127358088 -0.12813501101856745
vt 0.03374375 0.8484515625
vt 0.041421875 0.8484515625
vt 0.0419921875 0.8801484375
vt 0.0335109375 0.8801421875
vt 0.22880859375 0.7393171875
vt 0.22880859375 0.7491421875
vt 0.22178359375 0.7462500000000001
vt 0.21885390625 0.7393171875
vt 0.187940625 0.9265687499999999
vt 0.1955546875 0.9265687499999999
vt 0.196384375 0.9582140625
vt 0.1879 0.958221875
vt 0.1262971875 0.95814671875
vt 0.134039375 0.95814671875
vt 0.1341925 0.98979359375
vt 0.1254534375 0.98979203125
vt 0.093928125 0.8484375
vt 0.10160625 0.8484375
vt 0.10229375 0.8800859375
vt 0.0938140625 0.8800875
vt 0.0426734375 0.925284375
vt 0.0426734375 0.9375
vt 0.034640625 0.9339031250000001
vt 0.0312890625 0.925284375
vt 0.1259378125 0.8019140625
vt 0.1336159375 0.8019140625
vt 0.1341034375 0.8335609374999999
vt 0.1256221875 0.833559375
vt 0.22880859375 0.7294921875
vt 0.22880859375 0.7393171875
vt 0.21885390625 0.7393171875
vt 0.22178515625 0.732384375
vt 0.157225625 0.9578187499999999
vt 0.16490375 0.9578187499999999
vt 0.1647646875 0.9895015625
vt 0.1562834375 0.98950625
vt 0.0426734375 0.9375
vt 0.0426734375 0.925284375
vt 0.0526953125 0.925284375
vt 0.04934375 0.9339031250000001
vt 0.06366296875 0.73906375
vt 0.06998796875 0.73906921875
vt 0.0698125 0.7707253125
vt 0.062503125 0.7707253125
vt 0.22880859375 0.7393171875
vt 0.22880859375 0.7294921875
vt 0.23427109375 0.732384375
vt 0.23720078125 0.7393171875
vt 0.22880859375 0.7491421875
vt 0.22880859375 0.7393171875
vt 0.23720078125 0.7393171875
vt 0.23427109375 0.7462500000000001
vt 0.12650265625 0.7234640625
vt 0.13266984375 0.7234448437500001
vt 0.1337890625 0.75511640625
vt 0.1267875 0.75511640625
vt 0.0426734375 0.925284375
vt 0.0426734375 0.91453125
vt 0.04934375 0.9166640625
vt 0.0526953125 0.925284375
vt 0.0426734375 0.91453125
vt 0.0426734375 0.925284375
vt 0.0312890625 0.925284375
vt 0.034640625 0.9166640625
vt 0.0625 0.7707253125
vt 0.0698125 0.7707253125
vt 0.0709578125 0.78088625
vt 0.0633859375 0.7808784375
vt 0.1562834375 0.98950625
vt 0.1647646875 0.9895015625
vt 0.165490625 0.99967140625
vt 0.15625 0.9996953125
vt 0.0335109375 0.8801421875
vt 0.0419921875 0.8801484375
vt 0.041308125 0.89032140625
vt 0.0320675 0.89029265625
vt 0.126771875 0.75511640625
vt 0.1337890625 0.75511640625
vt 0.132634375 0.76531171875
vt 0.12564375 0.76527734375
vt 0.1878890625 0.958221875
vt 0.196384375 0.9582140625
vt 0.1958046875 0.96842703125
vt 0.1875 0.968470625
vt 0.0938125 0.8800875
vt 0.10229375 0.8800859375
vt 0.103108125 0.89031546875
vt 0.0938675 0.8902734375
vt 0.1256221875 0.833559375
vt 0.1341034375 0.8335609374999999
vt 0.134765625 0.84373140625
vt 0.1255234375 0.84375
vt 0.1254534375 0.98979203125
vt 0.1341925 0.98979359375
vt 0.134765625 0.999975
vt 0.1259703125 1
vt 0.134039375 0.95814671875
vt 0.1262971875 0.95814671875
vt 0.126483125 0.95150453125
vt 0.13408 0.95150453125
vt 0.1336159375 0.8019140625
vt 0.1259378125 0.8019140625
vt 0.1259190625 0.7952734375
vt 0.133445625 0.7952734375
vt 0.10160625 0.8484375
vt 0.093928125 0.8484375
vt 0.09375 0.841796875
vt 0.101278125 0.841796875
vt 0.1955546875 0.9265687499999999
vt 0.187940625 0.9265687499999999
vt 0.18776875 0.919921875
vt 0.195359375 0.9199359375
vt 0.13266984375 0.7234448437500001
vt 0.12650265625 0.7234640625
vt 0.126319375 0.71682234375
vt 0.13249125 0.716796875
vt 0.041421875 0.8484515625
vt 0.03374375 0.8484515625
vt 0.0339203125 0.841796875
vt 0.041446875 0.8417984375
vt 0.16490375 0.9578187499999999
vt 0.157225625 0.9578187499999999
vt 0.1575475 0.951171875
vt 0.1650740625 0.951171875
vt 0.06998796875 0.73906921875
vt 0.06366296875 0.73906375
vt 0.0639796875 0.732421875
vt 0.0701609375 0.7324271875
vn 0.8951860877955213 -0.3364715538071167 -0.29228199003013183
vn -0.2526840003001848 -0.007200184031983192 -0.9675220686590059
vn -0.28165205349428457 -0.9575041091333863 0.062112814741670214
vn -0.4248153863487694 0.9013276125560564 0.08450101990713248
vn -0.8734604091291606 -0.4399048686554504 0.20868785354483546
vn 0.2526840003001848 0.007200184031983192 0.9675220686590059
vn -0.9165616154461186 0.33642176446358013 0.21618325903273097
vn -0.2526840003001848 -0.007200184031983192 -0.9675220686590059
vn 0.8540860699228677 0.4389115751943877 -0.2790942749754851
vn 0.2526840003001848 0.007200184031983192 0.9675220686590059
vn 0.39323631210971177 0.9085169543120004 -0.14128746075289256
vn -0.2526840003001848 -0.007200184031983192 -0.9675220686590059
vn -0.2526840003001848 -0.007200184031983192 -0.9675220686590059
vn 0.4456649060527844 -0.8811742319115805 -0.1578441146447949
vn 0.2526840003001848 0.007200184031983192 0.9675220686590059
vn 0.2526840003001848 0.007200184031983192 0.9675220686590059
vn 0.36998760557777294 0.918870434974979 -0.13706310753707399
vn 0.8750302493551292 0.44972215787029435 -0.1790866925094841
vn 0.9208179027847566 -0.34626284496765003 -0.17943364262587985
vn 0.3749238404295333 -0.9093664667684451 -0.18023524348651795
vn -0.25756387303729816 -0.9656449311221476 -0.03450678634891283
vn -0.8872960192434484 -0.4475723746668945 0.11128676322801144
vn -0.9202173993695815 0.3463344049990235 0.18235245490932342
vn -0.4273692496707508 0.9035065393621827 0.032116316190251126
vn -0.4176202234357774 0.9016571255122008 0.11228435772861169
vn -0.9087093519258839 0.336694006211265 0.24674776575249638
vn -0.8705724156357847 -0.4399024977338218 0.22043017402710416
vn -0.28784918205367976 -0.9569414253974141 0.03749608978804331
vn 0.45343387878464003 -0.8817834713286068 -0.12982922345138148
vn 0.8934662677562675 -0.33639565856847886 -0.2975835836835848
vn 0.8567455633310783 0.43916276135560983 -0.2704128487166047
vn 0.39692742017483773 0.9089224095208396 -0.1277054289534292
usemtl m_b9306b6b-3402-fb8c-6949-e2c979050137
f 1897/7557/2034 1898/7558/2034 1886/7559/2034 1887/7560/2034
f 1880/7561/2035 1881/7562/2035 1872/7563/2035 1876/7564/2035
f 1895/7565/2036 1896/7566/2036 1888/7567/2036 1889/7568/2036
f 1892/7569/2037 1893/7570/2037 1891/7571/2037 1884/7572/2037
f 1894/7573/2038 1895/7574/2038 1889/7575/2038 1890/7576/2038
f 1883/7577/2039 1878/7578/2039 1871/7579/2039 1875/7580/2039
f 1893/7581/2040 1894/7582/2040 1890/7583/2040 1891/7584/2040
f 1879/7585/2041 1880/7586/2041 1876/7587/2041 1873/7588/2041
f 1898/7589/2042 1899/7590/2042 1885/7591/2042 1886/7592/2042
f 1878/7593/2043 1883/7594/2043 1874/7595/2043 1867/7596/2043
f 1899/7597/2044 1892/7598/2044 1884/7599/2044 1885/7600/2044
f 1880/7601/2045 1879/7602/2045 1869/7603/2045 1877/7604/2045
f 1881/7605/2046 1880/7606/2046 1877/7607/2046 1868/7608/2046
f 1896/7609/2047 1897/7610/2047 1887/7611/2047 1888/7612/2047
f 1883/7613/2048 1882/7614/2048 1866/7615/2048 1874/7616/2048
f 1882/7617/2049 1883/7618/2049 1875/7619/2049 1870/7620/2049
f 1885/7621/2050 1884/7622/2050 1878/7623/2050 1867/7624/2050
f 1886/7625/2051 1885/7626/2051 1867/7627/2051 1874/7628/2051
f 1887/7629/2052 1886/7630/2052 1874/7631/2052 1866/7632/2052
f 1888/7633/2053 1887/7634/2053 1866/7635/2053 1882/7636/2053
f 1889/7637/2054 1888/7638/2054 1882/7639/2054 1870/7640/2054
f 1890/7641/2055 1889/7642/2055 1870/7643/2055 1875/7644/2055
f 1891/7645/2056 1890/7646/2056 1875/7647/2056 1871/7648/2056
f 1884/7649/2057 1891/7650/2057 1871/7651/2057 1878/7652/2057
f 1893/7653/2058 1892/7654/2058 1879/7655/2058 1873/7656/2058
f 1894/7657/2059 1893/7658/2059 1873/7659/2059 1876/7660/2059
f 1895/7661/2060 1894/7662/2060 1876/7663/2060 1872/7664/2060
f 1896/7665/2061 1895/7666/2061 1872/7667/2061 1881/7668/2061
f 1897/7669/2062 1896/7670/2062 1881/7671/2062 1868/7672/2062
f 1898/7673/2063 1897/7674/2063 1868/7675/2063 1877/7676/2063
f 1899/7677/2064 1898/7678/2064 1877/7679/2064 1869/7680/2064
f 1892/7681/2065 1899/7682/2065 1869/7683/2065 1879/7684/2065
o sphere
v -0.09832251677441767 0.21343410096749396 -0.1784184088362423
v -0.08252976675565613 0.2138841124694929 -0.11794827954505444
v -0.10254315217478854 0.19330639652673312 -0.1220287026164065
v -0.11545825566071471 0.18465128605456602 -0.1414299309777249
v -0.11371020571305483 0.19298819339366965 -0.16478713103820544
v -0.11141583818075745 0.2122770989958493 -0.11985263520399063
v -0.12800669344409596 0.21147962939720397 -0.1383523573039693
v -0.12258289171902374 0.21195889586278582 -0.16261106362578956
v -0.10472262949607802 0.23215054272202773 -0.12174857045641223
v -0.11854047423906648 0.2395847088040691 -0.14103376785205526
v -0.11588968303434431 0.2318323395889643 -0.16450699887821116
v -0.08638372428507964 0.24128491965977672 -0.12660604841691409
v -0.09260561908632638 0.25250325291378806 -0.1479032120306541
v -0.09755077782334592 0.24096671652671325 -0.169364476838713
v -0.08330150570672787 0.18635149691027364 -0.12700221154258373
v -0.08824666444374742 0.1748149605231988 -0.14846347635064264
v -0.09446855924499416 0.18603329377721017 -0.16976063996438265
v -0.06496260049572948 0.1954858738480226 -0.13185968950308558
v -0.06834884570531399 0.18738338779415642 -0.1537536455273653
v -0.07612965403399577 0.19516767071495913 -0.1746181179248845
v -0.05826939181105005 0.21535931757420104 -0.13375562475550717
v -0.05888262650028451 0.21548846720102155 -0.15643505607545127
v -0.06943644534931634 0.2150411144411376 -0.17651405317730612
v -0.06714207781701896 0.2343300200433172 -0.1315795573430913
v -0.07143106428366576 0.2423168105436595 -0.15335748240169567
v -0.07830913135528524 0.23401181691025374 -0.17433798576489024
vt 0.36869765625 0.70934296875
vt 0.369140625 0.71458828125
vt 0.36219 0.712533125
vt 0.0625 0.578125
vt 0.06994375 0.578125
vt 0.0688546875 0.59375
vt 0.063590625 0.59375
vt 0.344840625 0.59375
vt 0.3501046875 0.59375
vt 0.35119375 0.609375
vt 0.34375 0.609375
vt 0.384765625 0.86548984375
vt 0.38432265625 0.87073515625
vt 0.377815 0.867545
vt 0.36482203125 0.70578078125
vt 0.36869765625 0.70934296875
vt 0.362189375 0.71253328125
vt 0.09411875 0.578125
vt 0.1015625 0.578125
vt 0.1004734375 0.59375
vt 0.095209375 0.59375
vt 0.032709375 0.578125
vt 0.0379734375 0.578125
vt 0.0390625 0.59375
vt 0.03161875 0.59375
vt 0.38432265625 0.87073515625
vt 0.38044703125 0.87429734375
vt 0.377814375 0.86754484375
vt 0.35955796875 0.70578078125
vt 0.36482203125 0.70578078125
vt 0.36218921875 0.71253390625
vt 0.40661875 0.859375
vt 0.4140625 0.859375
vt 0.4129734375 0.875
vt 0.407709375 0.875
vt 0.1264578125 0.59375
vt 0.131721875 0.59375
vt 0.1328125 0.609375
vt 0.1253671875 0.609375
vt 0.38044703125 0.87429734375
vt 0.37518296875 0.87429734375
vt 0.37781421875 0.86754421875
vt 0.31681859375 0.62765578125
vt 0.32208265625 0.62765578125
vt 0.31945140625 0.63440890625
vt 0.422428125 0.671875
vt 0.4284578125 0.671875
vt 0.4271125 0.6875
vt 0.421875 0.6872828125
vt 0.1875 0.546875
vt 0.1927640625 0.546875
vt 0.1938546875 0.5625
vt 0.187853125 0.5622437499999999
vt 0.38458265625 0.84304734375
vt 0.37931859375 0.84304734375
vt 0.38195140625 0.83629421875
vt 0.369140625 0.71458828125
vt 0.3659171875 0.71875
vt 0.36219046875 0.71253328125
vt 0.15625 0.59375
vt 0.1636953125 0.59375
vt 0.1626046875 0.609375
vt 0.157340625 0.609375
vt 0.407340625 0.890625
vt 0.4126046875 0.890625
vt 0.41369375 0.90625
vt 0.40625 0.90625
vt 0.3815421875 0.861328125
vt 0.384765625 0.86548984375
vt 0.37781546875 0.86754484375
vt 0.3157234375 0.640625
vt 0.3125 0.63646328125
vt 0.31945015625 0.63440828125
vt 0.3453484375 0.578125
vt 0.344003125 0.5625
vt 0.3500328125 0.5625
vt 0.3505859375 0.577909375
vt 0.4379828125 0.65625
vt 0.439071875 0.640625
vt 0.4443359375 0.640625
vt 0.4439828125 0.6559937499999999
vt 0.375 0.83423984375
vt 0.3782234375 0.830078125
vt 0.38195015625 0.83629484375
vt 0.3125 0.63646328125
vt 0.31294296875 0.63121796875
vt 0.319450625 0.634408125
vt 0.47080625 0.843334375
vt 0.46911875 0.8376828125
vt 0.4765625 0.8376828125
vt 0.4760703125 0.843334375
vt 0.46911875 0.8376828125
vt 0.47080625 0.83203125
vt 0.4760703125 0.83203125
vt 0.4765625 0.8376828125
vt 0.37544296875 0.83948515625
vt 0.375 0.83423984375
vt 0.381950625 0.836295
vt 0.31294296875 0.63121796875
vt 0.31681859375 0.62765578125
vt 0.31945125 0.63440828125
vt 0.0629921875 0.530834375
vt 0.0625 0.5251828125
vt 0.0699453125 0.5251828125
vt 0.06825625 0.530834375
vt 0.0625 0.5251828125
vt 0.0629921875 0.51953125
vt 0.06825625 0.51953125
vt 0.0699453125 0.5251828125
vt 0.37931859375 0.84304734375
vt 0.37544296875 0.83948515625
vt 0.38195125 0.83629484375
vn -0.057365094739751224 -0.14021274001603337 0.9884582102662185
vn -0.6775963389776805 -0.3885604701914651 0.6244068885019062
vn -0.8949699718244495 -0.3947371556419177 -0.20787334482389172
vn -0.5328407465091795 -0.15376133110767337 -0.8321287111472222
vn -0.0718916751687463 0.11868998330651999 0.9903253379087751
vn -0.7162932173788783 0.3013069303681063 0.6293950750118434
vn -0.933671441054318 0.29509385982469133 -0.20292179294821602
vn -0.5473673269381745 0.10514139221487999 -0.8302615835046654
vn 0.09496182459021252 0.3120438653768731 0.9453099375078831
vn -0.27175425772412315 0.8164639274445117 0.5094470321738013
vn -0.48910180062018316 0.8102800675335641 -0.3228399615721347
vn -0.3805138271792156 0.2984952742852331 -0.8752769839055574
vn 0.34544247937806216 0.32657044580586814 0.8797847676376842
vn 0.4750292042289805 0.8281688979358987 0.29746181540026423
vn 0.17828382141897678 0.8489756155428331 -0.49744877448227187
vn -0.13003317239136608 0.31302185471422816 -0.9408021537757565
vn 0.13003317239136616 -0.31302185471422816 0.9408021537757565
vn -0.17830306882800145 -0.8489705653765188 0.4974504947939957
vn -0.3956579704999898 -0.8551696518701024 -0.33487256815122585
vn -0.3454424793780621 -0.3265704458058682 -0.8797847676376842
vn 0.38051382717921556 -0.29849527428523315 0.8752769839055574
vn 0.564925562687594 -0.7740259293656292 0.28590727393996057
vn 0.27172877272393847 -0.8164646779834017 -0.5094594229959858
vn -0.0949618245902126 -0.3120438653768731 -0.9453099375078831
vn 0.5473673269381745 -0.10514139221487999 0.8302615835046654
vn 0.9465368141494903 -0.3214263485826691 -0.027443795228535305
vn 0.8402634934398305 -0.32443515853906535 -0.4343950845670604
vn 0.0718916751687463 -0.11868998330651999 -0.9903253379087751
vn 0.5328407465091795 0.15376133110767337 0.8321287111472222
vn 0.904621013876763 0.42564682383797314 -0.022036392836013267
vn 0.7983365041949032 0.42259866572800003 -0.42903285864229057
vn 0.057365094739751224 0.14021274001603337 -0.9884582102662185
usemtl m_b9306b6b-3402-fb8c-6949-e2c979050137
f 1905/7685/2066 1902/7686/2066 1901/7687/2066
f 1906/7688/2067 1903/7689/2067 1902/7690/2067 1905/7691/2067
f 1907/7692/2068 1904/7693/2068 1903/7694/2068 1906/7695/2068
f 1904/7696/2069 1907/7697/2069 1900/7698/2069
f 1908/7699/2070 1905/7700/2070 1901/7701/2070
f 1909/7702/2071 1906/7703/2071 1905/7704/2071 1908/7705/2071
f 1910/7706/2072 1907/7707/2072 1906/7708/2072 1909/7709/2072
f 1907/7710/2073 1910/7711/2073 1900/7712/2073
f 1911/7713/2074 1908/7714/2074 1901/7715/2074
f 1912/7716/2075 1909/7717/2075 1908/7718/2075 1911/7719/2075
f 1913/7720/2076 1910/7721/2076 1909/7722/2076 1912/7723/2076
f 1910/7724/2077 1913/7725/2077 1900/7726/2077
f 1923/7727/2078 1911/7728/2078 1901/7729/2078
f 1924/7730/2079 1912/7731/2079 1911/7732/2079 1923/7733/2079
f 1925/7734/2080 1913/7735/2080 1912/7736/2080 1924/7737/2080
f 1913/7738/2081 1925/7739/2081 1900/7740/2081
f 1902/7741/2082 1914/7742/2082 1901/7743/2082
f 1903/7744/2083 1915/7745/2083 1914/7746/2083 1902/7747/2083
f 1904/7748/2084 1916/7749/2084 1915/7750/2084 1903/7751/2084
f 1916/7752/2085 1904/7753/2085 1900/7754/2085
f 1914/7755/2086 1917/7756/2086 1901/7757/2086
f 1914/7758/2087 1915/7759/2087 1918/7760/2087 1917/7761/2087
f 1915/7762/2088 1916/7763/2088 1919/7764/2088 1918/7765/2088
f 1919/7766/2089 1916/7767/2089 1900/7768/2089
f 1917/7769/2090 1920/7770/2090 1901/7771/2090
f 1917/7772/2091 1918/7773/2091 1921/7774/2091 1920/7775/2091
f 1918/7776/2092 1919/7777/2092 1922/7778/2092 1921/7779/2092
f 1922/7780/2093 1919/7781/2093 1900/7782/2093
f 1920/7783/2094 1923/7784/2094 1901/7785/2094
f 1920/7786/2095 1921/7787/2095 1924/7788/2095 1923/7789/2095
f 1921/7790/2096 1922/7791/2096 1925/7792/2096 1924/7793/2096
f 1925/7794/2097 1922/7795/2097 1900/7796/2097
o sphere
v -0.09564389771183486 0.18131443639453473 -0.1752997085512017
v -0.08880754427767143 0.23109382079425766 -0.13813080810327583
v -0.10403589007088097 0.21100160420746517 -0.12381200372481141
v -0.11234578468610464 0.18809949350808164 -0.12876755356944877
v -0.10886987558417795 0.17580260149842108 -0.15009413323153978
v -0.11638195142295837 0.22226252065974236 -0.1366226987981163
v -0.12980627267381223 0.20402465127310673 -0.1468842714405597
v -0.12121593693625533 0.18706351795069828 -0.16290482830484468
v -0.11316211808438742 0.23442617836908186 -0.1535053965362587
v -0.12525210367310907 0.221226545102359 -0.17075997353351222
v -0.11799610359768439 0.19922717566003778 -0.17978752604298706
v -0.09626188773160689 0.2403671557460569 -0.1645704035559063
v -0.1013519490082596 0.2296287027560129 -0.18640865113868604
v -0.10109587324490385 0.20516815303701283 -0.19085253306263467
v -0.08335556874460245 0.20724010415177957 -0.12257798359184285
v -0.0830994929812467 0.1827795544327795 -0.12702186551579148
v -0.08818955425789941 0.1720411014427355 -0.14886011309857122
v -0.06645533839182191 0.21318108152875462 -0.13364299061149046
v -0.06523637473070391 0.19083159524767204 -0.14109126811908915
v -0.07128932390511887 0.17798207881971054 -0.15992512011821886
v -0.06323550505325097 0.22534473923809412 -0.15052568834963284
v -0.06068220573000076 0.20803348907692432 -0.16496697021204168
v -0.06806949056654793 0.19014573652905004 -0.17680781785636124
v -0.07558156640532836 0.23660565569037134 -0.16333638342293774
v -0.07814269371770835 0.22395864684194938 -0.18308368808315262
v -0.08041555191862532 0.20140665298132726 -0.18961851292966614
vt 0.36869765625 0.67809296875
vt 0.369140625 0.68333828125
vt 0.36219 0.681283125
vt 0.40625 0.796875
vt 0.41369375 0.796875
vt 0.4126046875 0.8125
vt 0.407340625 0.8125
vt 0.407340625 0.828125
vt 0.4126046875 0.828125
vt 0.41369375 0.84375
vt 0.40625 0.84375
vt 0.197265625 0.61548984375
vt 0.19682265625 0.62073515625
vt 0.190315 0.617545
vt 0.36482203125 0.67453078125
vt 0.36869765625 0.67809296875
vt 0.362189375 0.68128328125
vt 0.21911875 0.578125
vt 0.2265625 0.578125
vt 0.2254734375 0.59375
vt 0.220209375 0.59375
vt 0.188959375 0.578125
vt 0.1942234375 0.578125
vt 0.1953125 0.59375
vt 0.18786875 0.59375
vt 0.19682265625 0.62073515625
vt 0.19294703125 0.62429734375
vt 0.190314375 0.61754484375
vt 0.35955796875 0.67453078125
vt 0.36482203125 0.67453078125
vt 0.36218921875 0.68128390625
vt 0.40661875 0.640625
vt 0.4140625 0.640625
vt 0.4129734375 0.65625
vt 0.407709375 0.65625
vt 0.2514578125 0.59375
vt 0.256721875 0.59375
vt 0.2578125 0.609375
vt 0.2503671875 0.609375
vt 0.19294703125 0.62429734375
vt 0.18768296875 0.62429734375
vt 0.19031421875 0.61754421875
vt 0.34806859375 0.62765578125
vt 0.35333265625 0.62765578125
vt 0.35070140625 0.63440890625
vt 0.031803125 0.546875
vt 0.0378328125 0.546875
vt 0.0364875 0.5625
vt 0.03125 0.5622828125
vt 0.4375 0.796875
vt 0.4427640625 0.796875
vt 0.4438546875 0.8125
vt 0.437853125 0.8122437499999999
vt 0.38458265625 0.81179734375
vt 0.37931859375 0.81179734375
vt 0.38195140625 0.80504421875
vt 0.369140625 0.68333828125
vt 0.3659171875 0.6875
vt 0.36219046875 0.68128328125
vt 0.390625 0.734375
vt 0.3980703125 0.734375
vt 0.3969796875 0.75
vt 0.391715625 0.75
vt 0.407340625 0.765625
vt 0.4126046875 0.765625
vt 0.41369375 0.78125
vt 0.40625 0.78125
vt 0.1940421875 0.611328125
vt 0.197265625 0.61548984375
vt 0.19031546875 0.61754484375
vt 0.3469734375 0.640625
vt 0.34375 0.63646328125
vt 0.35070015625 0.63440828125
vt 0.0640984375 0.5625
vt 0.062753125 0.546875
vt 0.0687828125 0.546875
vt 0.0693359375 0.562284375
vt 0.3754828125 0.5625
vt 0.376571875 0.546875
vt 0.3818359375 0.546875
vt 0.3814828125 0.5622437499999999
vt 0.375 0.80298984375
vt 0.3782234375 0.798828125
vt 0.38195015625 0.80504484375
vt 0.34375 0.63646328125
vt 0.34419296875 0.63121796875
vt 0.350700625 0.634408125
vt 0.18955625 0.530834375
vt 0.18786875 0.5251828125
vt 0.1953125 0.5251828125
vt 0.1948203125 0.530834375
vt 0.18786875 0.5251828125
vt 0.18955625 0.51953125
vt 0.1948203125 0.51953125
vt 0.1953125 0.5251828125
vt 0.37544296875 0.80823515625
vt 0.375 0.80298984375
vt 0.381950625 0.805045
vt 0.34419296875 0.63121796875
vt 0.34806859375 0.62765578125
vt 0.35070125 0.63440828125
vt 0.0942421875 0.530834375
vt 0.09375 0.5251828125
vt 0.1011953125 0.5251828125
vt 0.09950625 0.530834375
vt 0.09375 0.5251828125
vt 0.0942421875 0.51953125
vt 0.09950625 0.51953125
vt 0.1011953125 0.5251828125
vt 0.37931859375 0.81179734375
vt 0.37544296875 0.80823515625
vt 0.38195125 0.80504484375
vn -0.16904052720790086 0.6537591825720314 0.7375799830282982
vn -0.6775454583671089 0.08783933570491531 0.7302166821903096
vn -0.7716505730319616 -0.5972907673952998 0.2186301267524207
vn -0.3748640602197867 -0.8449592302452988 -0.38147193288472525
vn -0.2298683614581389 0.8098878824441456 0.5396685596462782
vn -0.8396179013287458 0.5038692230567378 0.20287332457598234
vn -0.9337158363152015 -0.18131196304456446 -0.3087081292598734
vn -0.43569189447002465 -0.6888305303731846 -0.5793833562667451
vn -0.09575651392236985 0.9305657340470823 0.35338096250201395
vn -0.4823111656718397 0.8253815808337408 -0.29346411277814927
vn -0.5763886417755543 0.14024774069451232 -0.8050507467621011
vn -0.3015800469342556 -0.5681526787702477 -0.7656709534110092
vn 0.1547241408654797 0.9450923144760774 0.28785579263181515
vn 0.27246580171851265 0.8367621225203505 -0.47496477470347864
vn 0.09100177236198458 0.17893001108975562 -0.9796441846703311
vn -0.051099392146406075 -0.5536260983412528 -0.8311961232812081
vn 0.05109939214640616 0.5536260983412528 0.8311961232812081
vn -0.09102166154813666 -0.17892988770905102 0.9796423594421807
vn -0.18509852617642056 -0.8641020876952574 0.46804499532418303
vn -0.15472414086547964 -0.9450923144760774 -0.28785579263181504
vn 0.30158004693425555 0.5681526787702477 0.7656709534110093
vn 0.6488930564842655 -0.12942545603503988 0.7497912059877935
vn 0.4822882170475075 -0.8253971138085567 0.2934581404794231
vn 0.09575651392236977 -0.9305657340470823 -0.35338096250201395
vn 0.43569189447002465 0.6888305303731846 0.5793833562667451
vn 0.9832013191615575 -0.007157225169230811 0.1823840457026053
vn 0.9371989172017425 -0.3421481423363955 -0.06777048245095295
vn 0.2298683614581389 -0.8098878824441456 -0.5396685596462782
vn 0.3748640602197867 0.8449592302452988 0.38147193288472525
vn 0.8076787835530425 0.44337306167806745 -0.3886840757948474
vn 0.7616788626136943 0.10832129320104453 -0.6388362917733795
vn 0.16904052720790086 -0.6537591825720314 -0.7375799830282982
usemtl m_b9306b6b-3402-fb8c-6949-e2c979050137
f 1931/7797/2098 1928/7798/2098 1927/7799/2098
f 1932/7800/2099 1929/7801/2099 1928/7802/2099 1931/7803/2099
f 1933/7804/2100 1930/7805/2100 1929/7806/2100 1932/7807/2100
f 1930/7808/2101 1933/7809/2101 1926/7810/2101
f 1934/7811/2102 1931/7812/2102 1927/7813/2102
f 1935/7814/2103 1932/7815/2103 1931/7816/2103 1934/7817/2103
f 1936/7818/2104 1933/7819/2104 1932/7820/2104 1935/7821/2104
f 1933/7822/2105 1936/7823/2105 1926/7824/2105
f 1937/7825/2106 1934/7826/2106 1927/7827/2106
f 1938/7828/2107 1935/7829/2107 1934/7830/2107 1937/7831/2107
f 1939/7832/2108 1936/7833/2108 1935/7834/2108 1938/7835/2108
f 1936/7836/2109 1939/7837/2109 1926/7838/2109
f 1949/7839/2110 1937/7840/2110 1927/7841/2110
f 1950/7842/2111 1938/7843/2111 1937/7844/2111 1949/7845/2111
f 1951/7846/2112 1939/7847/2112 1938/7848/2112 1950/7849/2112
f 1939/7850/2113 1951/7851/2113 1926/7852/2113
f 1928/7853/2114 1940/7854/2114 1927/7855/2114
f 1929/7856/2115 1941/7857/2115 1940/7858/2115 1928/7859/2115
f 1930/7860/2116 1942/7861/2116 1941/7862/2116 1929/7863/2116
f 1942/7864/2117 1930/7865/2117 1926/7866/2117
f 1940/7867/2118 1943/7868/2118 1927/7869/2118
f 1940/7870/2119 1941/7871/2119 1944/7872/2119 1943/7873/2119
f 1941/7874/2120 1942/7875/2120 1945/7876/2120 1944/7877/2120
f 1945/7878/2121 1942/7879/2121 1926/7880/2121
f 1943/7881/2122 1946/7882/2122 1927/7883/2122
f 1943/7884/2123 1944/7885/2123 1947/7886/2123 1946/7887/2123
f 1944/7888/2124 1945/7889/2124 1948/7890/2124 1947/7891/2124
f 1948/7892/2125 1945/7893/2125 1926/7894/2125
f 1946/7895/2126 1949/7896/2126 1927/7897/2126
f 1946/7898/2127 1947/7899/2127 1950/7900/2127 1949/7901/2127
f 1947/7902/2128 1948/7903/2128 1951/7904/2128 1950/7905/2128
f 1951/7906/2129 1948/7907/2129 1926/7908/2129
o Left Lower Leg
v -0.06517409902444715 0.19080326845188494 -0.14106478491118946
v -0.07810475461948761 0.22399278557725993 -0.18313638725608344
v -0.08832543620895206 0.04327320642043077 -0.25450703252521056
v -0.09829552877580376 0.06886375405793929 -0.28694605054184164
v -0.11238372378432536 0.18806535477277112 -0.12871485439651792
v -0.12531437937936582 0.2212548718981461 -0.1707864567414119
v -0.12570797309362186 0.04110521293145268 -0.24472784585859306
v -0.13567806566047358 0.0666957605689612 -0.27716686387522416
v -0.06053127981964309 0.20804224199789334 -0.16500645208708858
v -0.12995719858416988 0.2040158983521377 -0.1468447895655128
v -0.13849166301704907 0.053448205817895014 -0.258907247419485
v -0.08551183885237654 0.05652076117149697 -0.27276664898094977
v -0.10138860052638612 0.22972277735103946 -0.186527901712226
v -0.1190666975687831 0.07311830243201822 -0.2888236887557779
v -0.1120017509347128 0.05498448349469599 -0.26583694820021736
v -0.10493680430064252 0.03685066455737375 -0.2428502076446568
v -0.08306284146312017 0.18268547983775293 -0.12690261494225152
v -0.09222572099475315 0.2062041285943962 -0.15671525832723876
v -0.08911558543973835 0.1308947805963619 -0.16152193812789328
v -0.11416198615168759 0.13571216289425855 -0.1633670364993916
v -0.13080655593534848 0.15362172677903588 -0.18429148930478587
v -0.12707827435162244 0.16886480277838312 -0.20539189261945792
v -0.10680947233050289 0.1763102320913903 -0.21909134501003902
v -0.08780010803286034 0.17114273295473229 -0.21566697163666457
v -0.07262220267790215 0.156996117859334 -0.19951238384536807
v -0.07488381983292547 0.13799009307060772 -0.17364211551659825
vt 0.0402015625 0.7646484375
vt 0.03215625 0.7646484375
vt 0.0341875 0.7333984375
vt 0.0398625 0.7334
vt 0.28857421875 0.7887796874999999
vt 0.28857421875 0.796309375
vt 0.28373671875 0.7940921875
vt 0.28171796875 0.7887796874999999
vt 0.2577984375 0.98435625
vt 0.2514046875 0.98435625
vt 0.251565625 0.9530296875
vt 0.2568859375 0.9530359375
vt 0.288590625 0.889684375
vt 0.2821984375 0.889684375
vt 0.2827984375 0.8584031249999999
vt 0.28811875 0.8583984375
vt 0.1963609375 0.8428125
vt 0.188315625 0.8428125
vt 0.1891296875 0.8115359375
vt 0.1948046875 0.8115234375
vt 0.29130859375 0.990234375
vt 0.29130859375 1
vt 0.28441796875 0.997125
vt 0.28154296875 0.990234375
vt 0.101384375 0.7178093750000001
vt 0.094809375 0.7178093750000001
vt 0.095521875 0.6865281249999999
vt 0.1012046875 0.6865234375
vt 0.28857421875 0.78125
vt 0.28857421875 0.7887796874999999
vt 0.28171796875 0.7887796874999999
vt 0.28373671875 0.7834671875
vt 0.2569765625 0.8271484375
vt 0.2504015625 0.8271484375
vt 0.25 0.7958984375
vt 0.25568125 0.7958984375
vt 0.29130859375 1
vt 0.29130859375 0.990234375
vt 0.29951171875 0.990234375
vt 0.29663671875 0.997125
vt 0.037309375 0.6865453125000001
vt 0.0323109375 0.6865453125000001
vt 0.03125 0.6552859375
vt 0.0365421875 0.6552734375
vt 0.28857421875 0.7887796874999999
vt 0.28857421875 0.78125
vt 0.29341171875 0.7834671875
vt 0.29543046875 0.7887796874999999
vt 0.28857421875 0.796309375
vt 0.28857421875 0.7887796874999999
vt 0.29543046875 0.7887796874999999
vt 0.29341171875 0.7940921875
vt 0.224109375 0.6874859375
vt 0.2191109375 0.6874859375
vt 0.2202765625 0.6561734375
vt 0.22556875 0.656209375
vt 0.29130859375 0.990234375
vt 0.29130859375 0.98046875
vt 0.29663671875 0.98334375
vt 0.29951171875 0.990234375
vt 0.29130859375 0.98046875
vt 0.29130859375 0.990234375
vt 0.28154296875 0.990234375
vt 0.28441796875 0.98334375
vt 0.2514046875 0.98435625
vt 0.2577984375 0.98435625
vt 0.257465625 1
vt 0.25 0.9999953125
vt 0.188315625 0.8428125
vt 0.1963609375 0.8428125
vt 0.1949390625 0.8584499999999999
vt 0.1875 0.8584765625
vt 0.094809375 0.7178093750000001
vt 0.101384375 0.7178093750000001
vt 0.1015625 0.73350625
vt 0.094096875 0.7334953125
vt 0.2821984375 0.889684375
vt 0.288590625 0.889684375
vt 0.2890625 0.9053796875
vt 0.281596875 0.9053703125
vt 0.0323109375 0.6865453125000001
vt 0.037309375 0.6865453125000001
vt 0.038078125 0.7022234375
vt 0.032028125 0.70224375
vt 0.2504015625 0.8271484375
vt 0.2569765625 0.8271484375
vt 0.2576890625 0.842834375
vt 0.2502234375 0.84284375
vt 0.03215625 0.7646484375
vt 0.0402015625 0.7646484375
vt 0.041015625 0.7803249999999999
vt 0.033578125 0.780271875
vt 0.2191109375 0.6874859375
vt 0.224109375 0.6874859375
vt 0.2255859375 0.7031171875
vt 0.2195359375 0.703125
vn 0.9912087068507184 -0.13190944884393757 -0.010256547616784795
vn -0.10938165494661492 -0.7964701503955668 -0.5947024071668139
vn -0.17678540666174355 -0.6292728062553719 0.7568108451250757
vn -0.6040851555496932 0.4942131430849175 -0.6251675727727964
vn -0.8525718237679141 -0.26854293995985745 0.4483368986763965
vn 0.10938165494661492 0.7964701503955668 0.5947024071668139
vn -0.9877285655641054 0.1364806986807185 -0.07592957036819034
vn -0.10938165494661492 -0.7964701503955668 -0.5947024071668139
vn 0.809084514113061 0.27490944220426883 -0.5194295405628853
vn 0.10938165494661492 0.7964701503955668 0.5947024071668139
vn 0.287426557096486 0.5276048480863884 -0.7993867015102262
vn -0.10938165494661492 -0.7964701503955668 -0.5947024071668139
vn -0.10938165494661492 -0.7964701503955668 -0.5947024071668139
vn 0.6855750092144528 -0.5387551394205049 0.4896221058005809
vn 0.10938165494661492 0.7964701503955668 0.5947024071668139
vn 0.10938165494661492 0.7964701503955668 0.5947024071668139
vn -0.16394018482455885 -0.5348915075458381 0.8288634935591205
vn -0.8525245654886724 -0.26804858616387345 0.44872243168121106
vn -0.9897821492532717 0.09541651645807586 -0.10595746980076526
vn -0.6075105622605995 0.4519265952086116 -0.6532176278124787
vn 0.28005124244834323 0.47883674602709514 -0.8320376627637254
vn 0.796349416954095 0.20431743195695565 -0.5692819978845173
vn 0.9794261980877245 -0.19368252959170285 -0.05666921766166147
vn 0.696860694948212 -0.46495948611082877 0.5460749473395103
usemtl m_b9306b6b-3402-fb8c-6949-e2c979050137
f 1976/7909/2130 1977/7910/2130 1954/7911/2130 1963/7912/2130
f 1966/7913/2131 1967/7914/2131 1958/7915/2131 1962/7916/2131
f 1970/7917/2132 1971/7918/2132 1958/7919/2132 1967/7920/2132
f 1973/7921/2133 1974/7922/2133 1965/7923/2133 1959/7924/2133
f 1971/7925/2134 1972/7926/2134 1962/7927/2134 1958/7928/2134
f 1969/7929/2135 1964/7930/2135 1957/7931/2135 1961/7932/2135
f 1972/7933/2136 1973/7934/2136 1959/7935/2136 1962/7936/2136
f 1965/7937/2137 1966/7938/2137 1962/7939/2137 1959/7940/2137
f 1975/7941/2138 1976/7942/2138 1963/7943/2138 1955/7944/2138
f 1964/7945/2139 1969/7946/2139 1960/7947/2139 1953/7948/2139
f 1974/7949/2140 1975/7950/2140 1955/7951/2140 1965/7952/2140
f 1966/7953/2141 1965/7954/2141 1955/7955/2141 1963/7956/2141
f 1967/7957/2142 1966/7958/2142 1963/7959/2142 1954/7960/2142
f 1977/7961/2143 1970/7962/2143 1967/7963/2143 1954/7964/2143
f 1969/7965/2144 1968/7966/2144 1952/7967/2144 1960/7968/2144
f 1968/7969/2145 1969/7970/2145 1961/7971/2145 1956/7972/2145
f 1971/7973/2146 1970/7974/2146 1968/7975/2146 1956/7976/2146
f 1972/7977/2147 1971/7978/2147 1956/7979/2147 1961/7980/2147
f 1973/7981/2148 1972/7982/2148 1961/7983/2148 1957/7984/2148
f 1974/7985/2149 1973/7986/2149 1957/7987/2149 1964/7988/2149
f 1975/7989/2150 1974/7990/2150 1964/7991/2150 1953/7992/2150
f 1976/7993/2151 1975/7994/2151 1953/7995/2151 1960/7996/2151
f 1977/7997/2152 1976/7998/2152 1960/7999/2152 1952/8000/2152
f 1970/8001/2153 1977/8002/2153 1952/8003/2153 1968/8004/2153
o sphere
v -0.11541992765179451 0.03009479129483451 -0.28442139842418024
v -0.10858357421763108 0.07987417569455743 -0.2472524979762544
v -0.118686104941933 0.06312377354368424 -0.23835207688113574
v -0.12487325755491019 0.041605763016782954 -0.24555174662454374
v -0.12352009045522996 0.027924770834640164 -0.2646342063878641
v -0.12726904894649288 0.07155838759343436 -0.24806971318385732
v -0.13701077798461964 0.05353408947844316 -0.2592946435774452
v -0.13210303445978983 0.03635938488439028 -0.2743518426905857
v -0.1254924384641025 0.08059380213849897 -0.2604973853897984
v -0.13449882585137252 0.06631200946104168 -0.2768698092498993
v -0.13032642397739944 0.04539479942945489 -0.28677951489652675
v -0.11439754232629548 0.08493710807134738 -0.26835491475953094
v -0.11880808445688229 0.0724545120895107 -0.28798225670888
v -0.11923152783959244 0.0497381053623033 -0.2946370442662593
v -0.10477197402983317 0.06023086162708865 -0.23703685213417536
v -0.10519541741254332 0.03751445489988124 -0.24369163969155466
v -0.10960595954313013 0.025031858918044568 -0.2633189816409037
v -0.09367707789202616 0.06457416755993706 -0.24489438150390788
v -0.08950467601805309 0.04365695752835026 -0.2548040871505354
v -0.09851106340532312 0.029375164850892976 -0.2711765110106363
v -0.09190046740963577 0.07360958210500167 -0.25732205370984895
v -0.08699272388480596 0.056434877510948785 -0.27237925282298947
v -0.09673445292293273 0.038410579395957586 -0.2836041832165773
v -0.10048341141419564 0.08204419615475178 -0.26703969001257055
v -0.0991302443145154 0.06836320397260899 -0.28612214977589095
v -0.1053173969274926 0.0468451934457077 -0.2933218195192989
vt 0.35065625 0.48061546875000005
vt 0.3515625 0.484375
vt 0.346298125 0.48329890625000005
vt 0.375 0.49419531250000004
vt 0.38046875 0.49419531250000004
vt 0.3795234375 0.5
vt 0.37565625 0.5
vt 0.37565625 0.48839062499999997
vt 0.3795234375 0.48839062499999997
vt 0.38046875 0.49419531250000004
vt 0.375 0.49419531250000004
vt 0.2890625 0.4775390625
vt 0.28815625 0.48129859374999995
vt 0.283798125 0.47861515624999995
vt 0.34770734375 0.47811375
vt 0.35065625 0.48061546875000005
vt 0.346298125 0.48329890625000005
vt 0.500390625 0.587946875
vt 0.505859375 0.587946875
vt 0.505203125 0.59375
vt 0.5013359375 0.59375
vt 0.5013359375 0.58214375
vt 0.505203125 0.58214375
vt 0.505859375 0.587946875
vt 0.500390625 0.587946875
vt 0.28815625 0.48129859374999995
vt 0.28520734375 0.4838003125
vt 0.283798125 0.47861515624999995
vt 0.34413859375 0.47811375
vt 0.34770734375 0.47811375
vt 0.34629796875 0.48329968749999996
vt 0.4851890625 0.671875
vt 0.490234375 0.671875
vt 0.4896515625 0.6875
vt 0.4860828125 0.6875
vt 0.4860828125 0.734375
vt 0.4896515625 0.734375
vt 0.490234375 0.75
vt 0.4851890625 0.75
vt 0.28520734375 0.4838003125
vt 0.28163859375 0.4838003125
vt 0.28379796875 0.47861437500000004
vt 0.03510515625 0.46248875
vt 0.03867390625 0.46248875
vt 0.03651453125 0.46767468749999996
vt 0.0625 0.484375
vt 0.0675453125 0.484375
vt 0.0666515625 0.5
vt 0.0630828125 0.5
vt 0.2818328125 0.5
vt 0.2854015625 0.5
vt 0.2862953125 0.515625
vt 0.28125 0.515625
vt 0.52304890625 0.7181753125
vt 0.51948015625 0.7181753125
vt 0.52088953125 0.712989375
vt 0.375 0.46356406250000004
vt 0.37856875 0.46356406250000004
vt 0.3764078125 0.46875
vt 0.34375 0.5
vt 0.3487953125 0.5
vt 0.3479015625 0.515625
vt 0.3443328125 0.515625
vt 0.4849578125 0.703125
vt 0.4885265625 0.703125
vt 0.4894203125 0.71875
vt 0.484375 0.71875
vt 0.53481875 0.6243265625000001
vt 0.53125 0.6243265625000001
vt 0.5326578125 0.619140625
vt 0.4065875 0.46356406250000004
vt 0.41015625 0.46356406250000004
vt 0.4087484375 0.46875
vt 0.0329578125 0.5
vt 0.0320640625 0.484375
vt 0.037109375 0.484375
vt 0.0365265625 0.5
vt 0.3133140625 0.515625
vt 0.3142078125 0.5
vt 0.3177765625 0.5
vt 0.318359375 0.515625
vt 0.53515625 0.5930765625000001
vt 0.5315875 0.5930765625000001
vt 0.5337484375 0.587890625
vt 0.03125 0.46875
vt 0.03215625 0.46499046875000005
vt 0.036514375 0.46767390625000005
vt 0.5013359375 0.65625
vt 0.500390625 0.6504453125
vt 0.505859375 0.6504453125
vt 0.505203125 0.65625
vt 0.500390625 0.6504453125
vt 0.5013359375 0.6446406250000001
vt 0.505203125 0.6446406250000001
vt 0.505859375 0.6504453125
vt 0.51653125 0.7156735937500001
vt 0.515625 0.7119140625
vt 0.520889375 0.7129901562500001
vt 0.03215625 0.46499046875000005
vt 0.03510515625 0.46248875
vt 0.036514375 0.46767390625000005
vt 0.43815625 0.5
vt 0.4375 0.494196875
vt 0.44296875 0.494196875
vt 0.4420234375 0.5
vt 0.4375 0.494196875
vt 0.43815625 0.48839374999999996
vt 0.4420234375 0.48839374999999996
vt 0.44296875 0.494196875
vt 0.51948015625 0.7181753125
vt 0.51653125 0.7156735937500001
vt 0.520889375 0.7129901562500001
vn -0.291379470705655 0.5799652955620206 0.7607484866859417
vn -0.7515156887396921 -0.004641316315245503 0.659698891738472
vn -0.8185371072657002 -0.49277442110946246 0.29524629367586286
vn -0.4844320611996874 -0.8257606084762803 -0.28886847451860476
vn -0.36788355593086647 0.7763307178780539 0.5118323023751105
vn -0.9063361577675818 0.3927143515256029 0.1559814323210381
vn -0.97336557246835 -0.09536494342958865 -0.2084825889565666
vn -0.5609361464248988 -0.6293951861602468 -0.5377846588294359
vn -0.1752438868470431 0.945314088630265 0.27508335820233154
vn -0.5488699589149133 0.7557073577457989 -0.3572788233993232
vn -0.6209247295648853 0.23101439247549965 -0.7490559596478422
vn -0.3715486760458822 -0.4840929271337442 -0.7922156393480475
vn 0.18374534178981272 0.9661336042425707 0.18117259208777922
vn 0.2191479768414529 0.8002498146770519 -0.5581884971545386
vn 0.14708549864616494 0.27555174272606325 -0.9499668905644232
vn -0.01255944740902635 -0.4632734115214384 -0.8861264054625997
vn 0.012559447409026295 0.4632734115214384 0.8861264054625997
vn -0.14708957050847365 -0.2755515025395757 0.9499663297695425
vn -0.219144033522657 -0.8002509908620953 0.5581883590649801
vn -0.18374534178981278 -0.9661336042425707 -0.18117259208777917
vn 0.3715486760458822 0.4840929271337442 0.7922156393480475
vn 0.6209276024331362 -0.23101048501854177 0.7490547832756529
vn 0.5488658409642809 -0.7557103966136246 0.35727872183024106
vn 0.17524388684704315 -0.945314088630265 -0.27508335820233154
vn 0.5609361464248988 0.6293951861602468 0.5377846588294359
vn 0.9733646570997081 0.09539280845758791 0.20847411446925845
vn 0.9063257703804284 -0.3927413094013496 -0.15597391395370142
vn 0.36788355593086647 -0.7763307178780539 -0.5118323023751105
vn 0.4844320611996874 0.8257606084762803 0.28886847451860476
vn 0.818552690458969 0.4927489693928465 -0.2952455691533253
vn 0.751509329120178 0.004668865604896545 -0.6597059420221284
vn 0.291379470705655 -0.5799652955620206 -0.7607484866859417
usemtl m_b9306b6b-3402-fb8c-6949-e2c979050137
f 1983/8005/2154 1980/8006/2154 1979/8007/2154
f 1984/8008/2155 1981/8009/2155 1980/8010/2155 1983/8011/2155
f 1985/8012/2156 1982/8013/2156 1981/8014/2156 1984/8015/2156
f 1982/8016/2157 1985/8017/2157 1978/8018/2157
f 1986/8019/2158 1983/8020/2158 1979/8021/2158
f 1987/8022/2159 1984/8023/2159 1983/8024/2159 1986/8025/2159
f 1988/8026/2160 1985/8027/2160 1984/8028/2160 1987/8029/2160
f 1985/8030/2161 1988/8031/2161 1978/8032/2161
f 1989/8033/2162 1986/8034/2162 1979/8035/2162
f 1990/8036/2163 1987/8037/2163 1986/8038/2163 1989/8039/2163
f 1991/8040/2164 1988/8041/2164 1987/8042/2164 1990/8043/2164
f 1988/8044/2165 1991/8045/2165 1978/8046/2165
f 2001/8047/2166 1989/8048/2166 1979/8049/2166
f 2002/8050/2167 1990/8051/2167 1989/8052/2167 2001/8053/2167
f 2003/8054/2168 1991/8055/2168 1990/8056/2168 2002/8057/2168
f 1991/8058/2169 2003/8059/2169 1978/8060/2169
f 1980/8061/2170 1992/8062/2170 1979/8063/2170
f 1981/8064/2171 1993/8065/2171 1992/8066/2171 1980/8067/2171
f 1982/8068/2172 1994/8069/2172 1993/8070/2172 1981/8071/2172
f 1994/8072/2173 1982/8073/2173 1978/8074/2173
f 1992/8075/2174 1995/8076/2174 1979/8077/2174
f 1992/8078/2175 1993/8079/2175 1996/8080/2175 1995/8081/2175
f 1993/8082/2176 1994/8083/2176 1997/8084/2176 1996/8085/2176
f 1997/8086/2177 1994/8087/2177 1978/8088/2177
f 1995/8089/2178 1998/8090/2178 1979/8091/2178
f 1995/8092/2179 1996/8093/2179 1999/8094/2179 1998/8095/2179
f 1996/8096/2180 1997/8097/2180 2000/8098/2180 1999/8099/2180
f 2000/8100/2181 1997/8101/2181 1978/8102/2181
f 1998/8103/2182 2001/8104/2182 1979/8105/2182
f 1998/8106/2183 1999/8107/2183 2002/8108/2183 2001/8109/2183
f 1999/8110/2184 2000/8111/2184 2003/8112/2184 2002/8113/2184
f 2003/8114/2185 2000/8115/2185 1978/8116/2185
o sphere
v -0.11210105997216692 0.0785755184282343 -0.26098656667099734
v -0.1211369936631875 0.06528003318372433 -0.24623874901493817
v -0.1250866459178964 0.04208523422363974 -0.24484140477518118
v -0.13023521109345282 0.06868564014067885 -0.2586254673298101
v -0.13795309213472337 0.04690145994609128 -0.2623587743442124
v -0.12877102961324716 0.07270381151873026 -0.27377528518796457
v -0.1358827028552728 0.05258394475100619 -0.2837835861228855
v -0.11760242290353126 0.07498068936669063 -0.2828133786517658
v -0.1200878936780345 0.05580406178465745 -0.2965658522701633
v -0.10680636596615486 0.06448197883932419 -0.24387119730406145
v -0.10481982177791517 0.04095650511464559 -0.24149277992411045
v -0.09563775925643896 0.06675885668728457 -0.25290929076786267
v -0.08902501260067688 0.04417662214829685 -0.25427504607138823
v -0.09417357777623331 0.07077702806533596 -0.2680591086260171
v -0.0869546233212263 0.04985910695321175 -0.2756998578500614
v -0.10327179520649862 0.0741826350222905 -0.2804458269408891
v -0.09982106953805328 0.054675332675663296 -0.29321722741909256
v -0.11810134948979481 0.03227858805997885 -0.29418743489021226
v -0.10377072179276217 0.03148053371557872 -0.2918198831793356
v -0.11280665548378276 0.018185048471068735 -0.2770720655232764
v -0.09467250436249686 0.02807492675862419 -0.2794331648644636
v -0.09613668584270252 0.024056755380572788 -0.2642833470063092
v -0.12163592024945105 0.02257793187701255 -0.25761280525338465
v -0.10730529255241841 0.02177987753261241 -0.25524525354250793
v -0.13073413767971637 0.025983538833967076 -0.2699995235682566
v -0.1292699561995107 0.03000171021201848 -0.2851493414264111
vt 0.13191171875 0.48054515625000005
vt 0.1328125 0.484375
vt 0.12747484375 0.48325328125
vt 0.25 0.53125
vt 0.255565625 0.53125
vt 0.2546078125 0.546875
vt 0.250671875 0.546875
vt 0.1289171875 0.477993125
vt 0.13191171875 0.48054515625000005
vt 0.12747484375 0.48325328125
vt 0.43779375 0.578125
vt 0.443359375 0.578125
vt 0.4426875 0.59375
vt 0.438753125 0.59375
vt 0.12528125 0.477993125
vt 0.1289171875 0.477993125
vt 0.127475 0.4832525
vt 0.375715625 0.515625
vt 0.380859375 0.515625
vt 0.3802609375 0.53125
vt 0.376625 0.53125
vt 0.1601453125 0.477993125
vt 0.16378125 0.477993125
vt 0.1615875 0.4832525
vt 0.46875 0.609375
vt 0.47389375 0.609375
vt 0.472984375 0.625
vt 0.4693484375 0.625
vt 0.53125 0.900990625
vt 0.5348875 0.900990625
vt 0.53269375 0.90625
vt 0.484375 0.984375
vt 0.4895171875 0.984375
vt 0.488609375 1
vt 0.484971875 1
vt 0.53151875 0.8697406249999999
vt 0.53515625 0.8697406249999999
vt 0.5337125 0.875
vt 0.486 0.96875
vt 0.4850921875 0.953125
vt 0.490234375 0.953125
vt 0.4896375 0.96875
vt 0.15625 0.484375
vt 0.15715078125 0.48054515625000005
vt 0.16158765625 0.48325328125
vt 0.4543765625 0.75
vt 0.45341875 0.734375
vt 0.458984375 0.734375
vt 0.4583125 0.75
vt 0.15715078125 0.48054515625000005
vt 0.1601453125 0.477993125
vt 0.16158765625 0.48325328125
vt 0.438171875 0.5625
vt 0.4375 0.546875
vt 0.443065625 0.546875
vt 0.44210625 0.5625
vt 0.4693484375 0.640625
vt 0.472984375 0.640625
vt 0.47389375 0.65625
vt 0.46875 0.65625
vt 0.5234375 0.9931640625
vt 0.52253765625 0.99699421875
vt 0.51810015625 0.9942871875
vt 0.52253765625 0.99699421875
vt 0.51954390625 0.999546875
vt 0.51810015625 0.9942871875
vt 0.00753109375 0.48392187499999995
vt 0.00389359375 0.48392187499999995
vt 0.00533734375 0.4786625
vt 0.51954390625 0.999546875
vt 0.51590640625 0.999546875
vt 0.51810015625 0.9942875
vt 0.00089984375 0.48136921875000005
vt 0 0.4775390625
vt 0.00533734375 0.4786621875
vt 0.53515625 0.8119000000000001
vt 0.5315203125 0.8119000000000001
vt 0.5337140625 0.806640625
vt 0.2223859375 0.46814999999999996
vt 0.21875 0.46814999999999996
vt 0.2201921875 0.462890625
vt 0.00389359375 0.48392187499999995
vt 0.00089984375 0.48136921875000005
vt 0.00533734375 0.4786621875
vt 0.4694671875 0.53125
vt 0.470375 0.515625
vt 0.4740125 0.515625
vt 0.474609375 0.53125
vt 0.28154375 0.546875
vt 0.282503125 0.53125
vt 0.2864375 0.53125
vt 0.287109375 0.546875
vt 0 0.546875
vt 0.000671875 0.53125
vt 0.00460625 0.53125
vt 0.005565625 0.546875
vt 0.000596875 0.5
vt 0.004234375 0.5
vt 0.0051421875 0.515625
vt 0 0.515625
vt 0.470375 0.765625
vt 0.4740109375 0.765625
vt 0.474609375 0.78125
vt 0.469465625 0.78125
vt 0.454378125 0.984375
vt 0.4583125 0.984375
vt 0.458984375 1
vt 0.45341875 1
vt 0.453796875 0.703125
vt 0.45773125 0.703125
vt 0.458690625 0.71875
vt 0.453125 0.71875
vn -0.3680980406439282 0.7914454309931416 0.48797332123199233
vn -0.7717983998096722 0.16836313210684023 0.613172965645424
vn -0.45132661015490827 0.8723817083739576 0.18776167303423485
vn -0.9424586071917712 0.33431421003056894 -0.002404724887302423
vn -0.26855432264331386 0.9590262964460449 -0.09026150073300349
vn -0.5999314149381089 0.5161355997588359 -0.6112988958209767
vn 0.08472825364445553 0.9795148557839047 -0.18267941956607303
vn 0.16529492970417828 0.5605233818026367 -0.8114746605203557
vn -0.06439819529063512 0.760493063813353 0.6461448539879342
vn -0.15773946188500898 0.086133583603777 0.983717067016629
vn 0.2888843809971343 0.7809816231512127 0.5537269351548646
vn 0.6074845437125848 0.1305126118881217 0.7835362067501751
vn 0.47133538506222694 0.8401282212215342 0.2683794453667853
vn 0.9494959541948056 0.2681892879295291 0.1628862756881247
vn 0.38810681555124693 0.92106449860235 -0.03183220283097225
vn 0.7788398149140069 0.4341406017820596 -0.4526924790506537
vn 0.15772277756274825 -0.08613524819140227 -0.9837195964587151
vn 0.3680980406439282 -0.7914454309931416 -0.48797332123199233
vn 0.45132661015490827 -0.8723817083739576 -0.18776167303423485
vn -0.08472825364445559 -0.9795148557839047 0.18267941956607306
vn 0.26855432264331386 -0.9590262964460449 0.09026150073300343
vn -0.47133538506222694 -0.8401282212215342 -0.2683794453667853
vn -0.28888438099713426 -0.7809816231512127 -0.5537269351548646
vn 0.06439819529063508 -0.760493063813353 -0.6461448539879342
vn -0.38810681555124693 -0.92106449860235 0.03183220283097225
vn 0.5999156261791528 -0.5161491636259194 0.6113029382837439
vn 0.942454741107807 -0.3343250523853085 0.0024125320676515187
vn 0.7717944853384946 -0.1683527217616021 -0.6131807510649279
vn -0.16527830065001053 -0.5605264474975103 0.811475930012755
vn -0.6074741443515909 -0.13049813904566868 -0.7835466799431416
vn -0.9494974912058634 -0.2681787397039199 -0.1628946830457912
vn -0.7788314823700431 -0.4341507366795712 0.45269709509766826
usemtl m_b9306b6b-3402-fb8c-6949-e2c979050137
f 2007/8117/2186 2005/8118/2186 2004/8119/2186
f 2008/8120/2187 2006/8121/2187 2005/8122/2187 2007/8123/2187
f 2009/8124/2188 2007/8125/2188 2004/8126/2188
f 2010/8127/2189 2008/8128/2189 2007/8129/2189 2009/8130/2189
f 2011/8131/2190 2009/8132/2190 2004/8133/2190
f 2012/8134/2191 2010/8135/2191 2009/8136/2191 2011/8137/2191
f 2019/8138/2192 2011/8139/2192 2004/8140/2192
f 2020/8141/2193 2012/8142/2193 2011/8143/2193 2019/8144/2193
f 2005/8145/2194 2013/8146/2194 2004/8147/2194
f 2006/8148/2195 2014/8149/2195 2013/8150/2195 2005/8151/2195
f 2013/8152/2196 2015/8153/2196 2004/8154/2196
f 2013/8155/2197 2014/8156/2197 2016/8157/2197 2015/8158/2197
f 2015/8159/2198 2017/8160/2198 2004/8161/2198
f 2015/8162/2199 2016/8163/2199 2018/8164/2199 2017/8165/2199
f 2017/8166/2200 2019/8167/2200 2004/8168/2200
f 2017/8169/2201 2018/8170/2201 2020/8171/2201 2019/8172/2201
f 2022/8173/2202 2021/8174/2202 2012/8175/2202 2020/8176/2202
f 2022/8177/2203 2024/8178/2203 2023/8179/2203
f 2024/8180/2204 2025/8181/2204 2023/8182/2204
f 2027/8183/2205 2026/8184/2205 2023/8185/2205
f 2025/8186/2206 2027/8187/2206 2023/8188/2206
f 2028/8189/2207 2029/8190/2207 2023/8191/2207
f 2029/8192/2208 2021/8193/2208 2023/8194/2208
f 2021/8195/2209 2022/8196/2209 2023/8197/2209
f 2026/8198/2210 2028/8199/2210 2023/8200/2210
f 2014/8201/2211 2027/8202/2211 2025/8203/2211 2016/8204/2211
f 2016/8205/2212 2025/8206/2212 2024/8207/2212 2018/8208/2212
f 2018/8209/2213 2024/8210/2213 2022/8211/2213 2020/8212/2213
f 2026/8213/2214 2027/8214/2214 2014/8215/2214 2006/8216/2214
f 2021/8217/2215 2029/8218/2215 2010/8219/2215 2012/8220/2215
f 2029/8221/2216 2028/8222/2216 2008/8223/2216 2010/8224/2216
f 2028/8225/2217 2026/8226/2217 2006/8227/2217 2008/8228/2217
o Left Foot
v -0.08638051608374914 0.04355396253153582 -0.252053370366152
v -0.117038640050836 0.059781412167230624 -0.3626289634126867
v -0.07964206611883126 0.004917518407545195 -0.2530002854770112
v -0.10772217884531572 0.036785394517360084 -0.3714114600880563
v -0.12622495641817322 0.04124319139571084 -0.2416301553537694
v -0.1554076286856035 0.05755620958679891 -0.3525917232107626
v -0.12834163146576036 0.0020931958926250493 -0.24026058989187665
v -0.16527445439018412 0.03344766067008029 -0.35635591564017055
v -0.09762099486080257 0.05448485457423455 -0.29259861438534585
v -0.13746543519522664 0.05217408343840957 -0.28217539937296326
v -0.14917313194265577 0.01778980294804906 -0.29827724651804494
v -0.09162085639778736 0.02112753679532886 -0.3133327909659307
v -0.1405472019467234 0.04604742856154648 -0.2590386566779056
v -0.08299492640185499 0.04938516240882629 -0.27409420112579136
v -0.0834182837088245 0.013150880434526946 -0.2837455004371588
v -0.1409705592536929 0.009813146587247142 -0.26868995598927303
v -0.1117710641742892 0.04771629548518638 -0.26656642890184845
v -0.10387231441572371 0.04003509412395708 -0.23807505030849482
v -0.10277671867864793 0.002323694308709332 -0.24224737287465126
v -0.11219442148125869 0.011482013510887044 -0.2762177282132159
v -0.12161212428386946 0.020640332713064757 -0.3101880835517805
v -0.13649831661774992 0.035116527593720186 -0.3638836878641134
v -0.13622313436821976 0.058668810877014754 -0.3576103433117246
v -0.11966981393285468 0.05539749684641569 -0.2950578074952021
v -0.10271695149036189 0.02058856279564531 -0.23796967918667672
v -0.07586084783232475 0.02355474935801677 -0.2502838105979496
v -0.07877904254908721 0.0315247971112242 -0.28007809106785103
v -0.09165834734945572 0.03891715208047538 -0.3072665677846569
v -0.10755283592252793 0.051279107307079824 -0.3675509403635093
v -0.16510511146739634 0.04794137345980002 -0.3524953959156236
v -0.14810463782322314 0.03564355963805666 -0.2925003465171148
v -0.14518644310646067 0.027673511884849226 -0.26270606604721336
v -0.13230713830609217 0.02028115691559805 -0.2355175893304075
v -0.15734788587567017 0.05719445690007234 -0.37482565743686536
v -0.1418396373489871 0.05130453070757304 -0.380712964112591
v -0.16342204253013348 0.05005286300900118 -0.37506705598088375
v -0.14176025785393032 0.05809845857775417 -0.3789033454917096
v -0.12025723216784073 0.05255619840614491 -0.38635887224429827
v -0.12617262983219046 0.05900246025543601 -0.38298103354655383
v -0.14196664454107794 0.04043424611528325 -0.38360835390600123
v -0.1635490497222243 0.03918257841671138 -0.37796244577429394
v -0.12038423935993157 0.04168591381385511 -0.38925426203770847
vt 0.19532109375 0.99379015625
vt 0.20296203125 0.9950475
vt 0.2004559375 1
vt 0.19475015625 0.9984340625
vt 0.0703125 0.978299375
vt 0.0703125 0.970661875
vt 0.0777609375 0.970661875
vt 0.07546875 0.976243125
vt 0.0078125 0.9907
vt 0.0078125 0.98159375
vt 0.0152609375 0.98276875
vt 0.0152609375 0.9907
vt 0.33554109375 0.72843015625
vt 0.34292859375 0.7291601562500001
vt 0.3407096875 0.734375
vt 0.3353125 0.73314296875
vt 0.5002734375 0.5294921875
vt 0.505859375 0.5294921875
vt 0.505859375 0.53125
vt 0.501825 0.53125
vt 0.20909578125 0.7761734375
vt 0.21682390625 0.7756809375
vt 0.2169403125 0.78050515625
vt 0.2110878125 0.78119125
vt 0.07044703125 0.99449703125
vt 0.0703125 0.978299375
vt 0.07546921875 0.97624296875
vt 0.07539640625 0.99445609375
vt 0.19317828125 0.7750928125000001
vt 0.20903890625 0.7760303125
vt 0.2110878125 0.78119125
vt 0.19315078125 0.7782665625
vt 0.0078125 0.98159375
vt 0.0078125 0.9672015625
vt 0.0152609375 0.9672015625
vt 0.0152609375 0.98276875
vt 0.20281796875 0.9953321875
vt 0.2187078125 0.9953815625
vt 0.21853671875 0.99879078125
vt 0.2004559375 1
vt 0.0703125 0.970661875
vt 0.0703125 0.9630259375
vt 0.07546875 0.9653759375
vt 0.0777609375 0.970661875
vt 0.18762171875 0.99300390625
vt 0.1953390625 0.99364453125
vt 0.19475015625 0.9984340625
vt 0.18914875 0.99829359375
vt 0.0078125 0.9998046875
vt 0.0078125 0.9907
vt 0.0152609375 0.9907
vt 0.0141140625 0.9986296875
vt 0.21682765625 0.77583703125
vt 0.2245703125 0.77596625
vt 0.22252234375 0.78125
vt 0.2169403125 0.78050515625
vt 0.0703125 0.9630259375
vt 0.0703125 0.970661875
vt 0.0628640625 0.9706634375
vt 0.06515625 0.9653759375
vt 0.328125 0.72827890625
vt 0.3355484375 0.72827890625
vt 0.3353125 0.73314296875
vt 0.3298203125 0.7335164062499999
vt 0.0078125 0.9907
vt 0.0078125 0.9998046875
vt 0.0015109375 0.9986296875
vt 0.0003640625 0.9906984375
vt 0.0078125 0.98159375
vt 0.0078125 0.9907
vt 0.0003640625 0.9906984375
vt 0.0003640625 0.98276875
vt 0.0078125 0.9672015625
vt 0.0078125 0.98159375
vt 0.0003640625 0.98276875
vt 0.0003640625 0.9672015625
vt 0.505859375 0.5294921875
vt 0.5114453125 0.5294921875
vt 0.50989375 0.53125
vt 0.505859375 0.53125
vt 0.0703125 0.978299375
vt 0.07019359375 0.99449578125
vt 0.065228125 0.994459375
vt 0.06517109375 0.9762490625
vt 0.0703125 0.970661875
vt 0.0703125 0.978299375
vt 0.06515625 0.976243125
vt 0.0628640625 0.9706634375
vt 0.34292859375 0.7291601562500001
vt 0.33554109375 0.72843015625
vt 0.3359775 0.72375984375
vt 0.3423571875 0.72439171875
vt 0.1953390625 0.99364453125
vt 0.18762171875 0.99300390625
vt 0.18756109375 0.98820109375
vt 0.19554765625 0.98882640625
vt 0.20308265625 0.99367359375
vt 0.1953390625 0.99364453125
vt 0.1955478125 0.98882328125
vt 0.2033653125 0.9891621875
vt 0.21894359375 0.99273609375
vt 0.20308265625 0.99367359375
vt 0.20337640625 0.98898453125
vt 0.21894359375 0.98898765625
vt 0.505859375 0.5294921875
vt 0.5002734375 0.5294921875
vt 0.5002734375 0.5266796874999999
vt 0.505859375 0.5266796874999999
vt 0.5114453125 0.5294921875
vt 0.505859375 0.5294921875
vt 0.505859375 0.5266796874999999
vt 0.5114453125 0.5266796874999999
vt 0.20904078125 0.7760303125
vt 0.19317828125 0.7750928125000001
vt 0.19317828125 0.7713428125
vt 0.20874546875 0.7713428125
vt 0.216784375 0.7759812500000001
vt 0.20904078125 0.7760303125
vt 0.2087453125 0.7713415625
vt 0.21656421875 0.771345
vt 0.22449890625 0.77530875
vt 0.216784375 0.7759812500000001
vt 0.21655546875 0.7711609375
vt 0.22454015625 0.77051046875
vt 0.3355484375 0.72827890625
vt 0.328125 0.72827890625
vt 0.3291625 0.72358984375
vt 0.3355734375 0.7235882812500001
vt 0.19314875 0.7784935937499999
vt 0.18758359375 0.77807546875
vt 0.1875390625 0.7757315625
vt 0.19317828125 0.7750928125000001
vt 0.07019359375 0.99449578125
vt 0.070153125 0.99999875
vt 0.06611890625 0.99996921875
vt 0.065228125 0.994459375
vt 0.2187071875 0.9953928125
vt 0.22430234375 0.9963865625
vt 0.224109375 0.9987225
vt 0.21853671875 0.99879078125
vt 0.0754125 0.9944559375
vt 0.074526875 0.9999665625
vt 0.0704925 1
vt 0.07044703125 0.99449703125
vt 0.109375 1
vt 0.09375 0.9990625
vt 0.09375 0.984375
vt 0.109375 0.984375
vt 0.0003640625 0.9672015625
vt 0.0022265625 0.9619140625
vt 0.0078125 0.9619140625
vt 0.0078125 0.9672015625
vt 0.21894359375 0.98898609375
vt 0.22454828125 0.98898609375
vt 0.22454828125 0.99179859375
vt 0.21894359375 0.99273609375
vt 0.0078125 0.9672015625
vt 0.0078125 0.9619140625
vt 0.0133984375 0.9619140625
vt 0.0152609375 0.9672015625
vn 0.8104599300451012 0.5350728649091027 -0.2384360103450296
vn 0.011289528185853223 0.9662475193146493 0.2573679816364644
vn -0.011289528185853223 -0.9662475193146493 -0.2573679816364644
vn 0.375313129951548 0.27571710543511924 0.8849407507039394
vn -0.25857270672118776 0.2514510634660546 -0.9326910088666389
vn -0.9651231939841577 0.21342146063562997 0.1516195916561324
vn 0.03658273541632871 0.9984250500519608 0.042533785373496
vn -0.8748222294793055 0.36187832182407925 0.3220716488650396
vn -0.011289528185853223 -0.9662475193146493 -0.2573679816364644
vn 0.6613532763865658 0.7497911117636614 -0.020618742274143204
vn 0.011289528185853223 0.9662475193146493 0.2573679816364644
vn 0.9704144648792833 0.23944754259195036 -0.03099420429258131
vn -0.011289528185853223 -0.9662475193146493 -0.2573679816364644
vn -0.7964159085020912 0.3704654112930643 0.4779927611588376
vn 0.011289528185853223 0.9662475193146493 0.2573679816364644
vn 0.08247461521424988 0.010299761987039939 0.9965399403678068
vn -0.011289528185853223 -0.9662475193146493 -0.2573679816364644
vn -0.011289528185853223 -0.9662475193146493 -0.2573679816364644
vn -0.011289528185853223 -0.9662475193146493 -0.2573679816364644
vn -0.25857270672118776 0.2514510634660546 -0.9326910088666389
vn -0.041326898897080806 0.9971521617422051 0.06308449698933659
vn 0.011289528185853223 0.9662475193146493 0.2573679816364644
vn 0.4265695531331375 -0.20756847760324854 0.8803145707332494
vn 0.9738537394392358 -0.17678496875069452 -0.14267434599125692
vn 0.8814463045712092 -0.13204921103813144 -0.45344836312634973
vn 0.9676758953312823 0.08322095555442835 -0.23807064949591938
vn -0.25857270672118776 0.2514510634660546 -0.9326910088666389
vn -0.25857270672118776 0.2514510634660546 -0.9326910088666389
vn -0.9635533512707896 -0.05828530601107277 0.2610895676928243
vn -0.9942153251895248 0.025762494105675632 0.10426975139388509
vn -0.886737575466335 -0.32081979218944906 0.3328229757627987
vn 0.08270127515095173 -0.2345518475757992 0.9685793358766156
vn -0.7614786747584512 0.6457712426877245 0.05594398989762095
vn -0.06074566941745435 0.998093341298996 -0.010938267761926801
vn 0.5914831358909427 0.7262879311720181 -0.3502192755838643
vn -0.06074566941745435 0.998093341298996 -0.010938267761926801
vn -0.9969707030152272 0.03068491667148146 -0.07146924666028182
vn -0.011289528185853223 -0.9662475193146493 -0.2573679816364644
vn 0.8251936698078174 0.13636101105522705 -0.5481433042308398
vn -0.011289528185853223 -0.9662475193146493 -0.2573679816364644
usemtl m_b9306b6b-3402-fb8c-6949-e2c979050137
f 2056/8229/2218 2057/8230/2218 2038/8231/2218 2043/8232/2218
f 2053/8233/2219 2046/8234/2219 2043/8235/2219 2038/8236/2219
f 2049/8237/2220 2050/8238/2220 2041/8239/2220 2044/8240/2220
f 2054/8241/2221 2055/8242/2221 2030/8243/2221 2047/8244/2221
f 2067/8245/2222 2064/8246/2222 2066/8247/2222 2068/8248/2222
f 2060/8249/2223 2061/8250/2223 2042/8251/2223 2039/8252/2223
f 2052/8253/2224 2053/8254/2224 2038/8255/2224 2031/8256/2224
f 2059/8257/2225 2060/8258/2225 2039/8259/2225 2035/8260/2225
f 2050/8261/2226 2051/8262/2226 2033/8263/2226 2041/8264/2226
f 2057/8265/2227 2058/8266/2227 2031/8267/2227 2038/8268/2227
f 2046/8269/2228 2047/8270/2228 2030/8271/2228 2043/8272/2228
f 2055/8273/2229 2056/8274/2229 2043/8275/2229 2030/8276/2229
f 2048/8277/2230 2049/8278/2230 2044/8279/2230 2032/8280/2230
f 2061/8281/2231 2062/8282/2231 2034/8283/2231 2042/8284/2231
f 2047/8285/2232 2046/8286/2232 2042/8287/2232 2034/8288/2232
f 2062/8289/2233 2054/8290/2233 2047/8291/2233 2034/8292/2233
f 2049/8293/2234 2048/8294/2234 2036/8295/2234 2045/8296/2234
f 2050/8297/2235 2049/8298/2235 2045/8299/2235 2040/8300/2235
f 2051/8301/2236 2050/8302/2236 2040/8303/2236 2037/8304/2236
f 2064/8305/2237 2065/8306/2237 2063/8307/2237 2066/8308/2237
f 2053/8309/2238 2052/8310/2238 2035/8311/2238 2039/8312/2238
f 2046/8313/2239 2053/8314/2239 2039/8315/2239 2042/8316/2239
f 2055/8317/2240 2054/8318/2240 2048/8319/2240 2032/8320/2240
f 2056/8321/2241 2055/8322/2241 2032/8323/2241 2044/8324/2241
f 2057/8325/2242 2056/8326/2242 2044/8327/2242 2041/8328/2242
f 2058/8329/2243 2057/8330/2243 2041/8331/2243 2033/8332/2243
f 2064/8333/2244 2067/8334/2244 2071/8335/2244 2069/8336/2244
f 2065/8337/2245 2064/8338/2245 2069/8339/2245 2070/8340/2245
f 2060/8341/2246 2059/8342/2246 2037/8343/2246 2040/8344/2246
f 2061/8345/2247 2060/8346/2247 2040/8347/2247 2045/8348/2247
f 2062/8349/2248 2061/8350/2248 2045/8351/2248 2036/8352/2248
f 2054/8353/2249 2062/8354/2249 2036/8355/2249 2048/8356/2249
f 2035/8357/2250 2063/8358/2250 2065/8359/2250 2059/8360/2250
f 2052/8361/2251 2066/8362/2251 2063/8363/2251 2035/8364/2251
f 2058/8365/2252 2067/8366/2252 2068/8367/2252 2031/8368/2252
f 2031/8369/2253 2068/8370/2253 2066/8371/2253 2052/8372/2253
f 2059/8373/2254 2065/8374/2254 2070/8375/2254 2037/8376/2254
f 2037/8377/2255 2070/8378/2255 2069/8379/2255 2051/8380/2255
f 2033/8381/2256 2071/8382/2256 2067/8383/2256 2058/8384/2256
f 2051/8385/2257 2069/8386/2257 2071/8387/2257 2033/8388/2257